"rule_id","rule_type","source_type","record_scope","rule_name","rule_index","rule_kind","criterion_text","review_label","explanation","criterion_text_category","join_operator","value_count","report_catalog_index","report_title","report_path","report_column_index","definition_catalog_index","definition_name","definition_path"
"RC3-C2-FORMULA","Column","inline","report_inline","""Location"".""Library Name""",1,"formula","""Location"".""Library Name""","Calculated value","","""Location"".""Library Name""",,,3,"test2 UCB physical holdings and titles report (no SLF)","/shared/University of California System 01UCS_NETWORK/Reports/Local Requests/Annual Statistic Reports/Annual Stats FY 2025-2026/Final stats reports (for July 1)/test2 UCB physical holdings and titles report (no SLF)",2,,,
"RC3-C3-FORMULA","Column","inline","report_inline","""Location"".""Library Code""",1,"formula","""Location"".""Library Code""","Calculated value","","""Location"".""Library Code""",,,3,"test2 UCB physical holdings and titles report (no SLF)","/shared/University of California System 01UCS_NETWORK/Reports/Local Requests/Annual Statistic Reports/Annual Stats FY 2025-2026/Final stats reports (for July 1)/test2 UCB physical holdings and titles report (no SLF)",3,,,
"RC3-C4-FORMULA","Column","inline","report_inline","""Location"".""Location Name""",1,"formula","""Location"".""Location Name""","Calculated value","","""Location"".""Location Name""",,,3,"test2 UCB physical holdings and titles report (no SLF)","/shared/University of California System 01UCS_NETWORK/Reports/Local Requests/Annual Statistic Reports/Annual Stats FY 2025-2026/Final stats reports (for July 1)/test2 UCB physical holdings and titles report (no SLF)",4,,,
"RC3-C5-FORMULA","Column","inline","report_inline","""Location"".""Location Code""",1,"formula","""Location"".""Location Code""","Calculated value","","""Location"".""Location Code""",,,3,"test2 UCB physical holdings and titles report (no SLF)","/shared/University of California System 01UCS_NETWORK/Reports/Local Requests/Annual Statistic Reports/Annual Stats FY 2025-2026/Final stats reports (for July 1)/test2 UCB physical holdings and titles report (no SLF)",5,,,
"RC3-C6-FORMULA","Column","inline","report_inline","""Bibliographic Details"".""Resource Type""",1,"formula","""Bibliographic Details"".""Resource Type""","Calculated value","","""Bibliographic Details"".""Resource Type""",,,3,"test2 UCB physical holdings and titles report (no SLF)","/shared/University of California System 01UCS_NETWORK/Reports/Local Requests/Annual Statistic Reports/Annual Stats FY 2025-2026/Final stats reports (for July 1)/test2 UCB physical holdings and titles report (no SLF)",6,,,
"RC3-C7-R1","Column","inline","report_inline","Item Creation Date",1,"when","""Item Creation Date"".""Item Creation Date"" BETWEEN date '2025-07-01' AND date '2026-06-30'","Added FY 2025-26","","""Item Creation Date"".""Item Creation Date""",,,3,"test2 UCB physical holdings and titles report (no SLF)","/shared/University of California System 01UCS_NETWORK/Reports/Local Requests/Annual Statistic Reports/Annual Stats FY 2025-2026/Final stats reports (for July 1)/test2 UCB physical holdings and titles report (no SLF)",7,,,
"RC3-C7-R2","Column","inline","report_inline","Item Creation Date",2,"when","""Item Creation Date"".""Item Creation Date"" >= date '2026-07-01'","Added FY 2026-27","","""Item Creation Date"".""Item Creation Date""",,,3,"test2 UCB physical holdings and titles report (no SLF)","/shared/University of California System 01UCS_NETWORK/Reports/Local Requests/Annual Statistic Reports/Annual Stats FY 2025-2026/Final stats reports (for July 1)/test2 UCB physical holdings and titles report (no SLF)",7,,,
"RC3-C7-OTHER","Column","inline","report_inline","Item Creation Date",3,"otherwise","All other values","Added prior to FY 2025-26","","""Item Creation Date"".""Item Creation Date""",,,3,"test2 UCB physical holdings and titles report (no SLF)","/shared/University of California System 01UCS_NETWORK/Reports/Local Requests/Annual Statistic Reports/Annual Stats FY 2025-2026/Final stats reports (for July 1)/test2 UCB physical holdings and titles report (no SLF)",7,,,
"RC3-C8-FORMULA","Column","inline","report_inline","Holdings",1,"formula","COUNT(DISTINCT ""Physical Item Details"".""Physical Item Id"")","Holdings","","COUNT(DISTINCT ""Physical Item Details"".""Physical Item Id"")",,,3,"test2 UCB physical holdings and titles report (no SLF)","/shared/University of California System 01UCS_NETWORK/Reports/Local Requests/Annual Statistic Reports/Annual Stats FY 2025-2026/Final stats reports (for July 1)/test2 UCB physical holdings and titles report (no SLF)",8,,,
"RC3-C9-FORMULA","Column","inline","report_inline","Titles",1,"formula","COUNT(DISTINCT ""Bibliographic Details"".""MMS ID"")","Titles","","COUNT(DISTINCT ""Bibliographic Details"".""MMS ID"")",,,3,"test2 UCB physical holdings and titles report (no SLF)","/shared/University of California System 01UCS_NETWORK/Reports/Local Requests/Annual Statistic Reports/Annual Stats FY 2025-2026/Final stats reports (for July 1)/test2 UCB physical holdings and titles report (no SLF)",9,,,
"RC10-C3-FORMULA","Column","inline","report_inline","""Item Location at Time of Loan"".""Library Name""",1,"formula","""Item Location at Time of Loan"".""Library Name""","Calculated value","","""Item Location at Time of Loan"".""Library Name""",,,10,"UCB Physical Collection Usage","/shared/University of California System 01UCS_NETWORK/Reports/Local Requests/Annual Statistic Reports/Annual Stats FY 2025-2026/Final stats reports (for July 1)/Physical Collection Usage/UCB Physical Collection Usage",3,,,
"RC10-C4-FORMULA","Column","inline","report_inline","""Item Location at Time of Loan"".""Library Code""",1,"formula","""Item Location at Time of Loan"".""Library Code""","Calculated value","","""Item Location at Time of Loan"".""Library Code""",,,10,"UCB Physical Collection Usage","/shared/University of California System 01UCS_NETWORK/Reports/Local Requests/Annual Statistic Reports/Annual Stats FY 2025-2026/Final stats reports (for July 1)/Physical Collection Usage/UCB Physical Collection Usage",4,,,
"RC10-C5-FORMULA","Column","inline","report_inline","""Item Location at Time of Loan"".""Location Name""",1,"formula","""Item Location at Time of Loan"".""Location Name""","Calculated value","","""Item Location at Time of Loan"".""Location Name""",,,10,"UCB Physical Collection Usage","/shared/University of California System 01UCS_NETWORK/Reports/Local Requests/Annual Statistic Reports/Annual Stats FY 2025-2026/Final stats reports (for July 1)/Physical Collection Usage/UCB Physical Collection Usage",5,,,
"RC10-C6-FORMULA","Column","inline","report_inline","""Item Location at Time of Loan"".""Location Code""",1,"formula","""Item Location at Time of Loan"".""Location Code""","Calculated value","","""Item Location at Time of Loan"".""Location Code""",,,10,"UCB Physical Collection Usage","/shared/University of California System 01UCS_NETWORK/Reports/Local Requests/Annual Statistic Reports/Annual Stats FY 2025-2026/Final stats reports (for July 1)/Physical Collection Usage/UCB Physical Collection Usage",6,,,
"RC16-C3-FORMULA","Column","inline","report_inline","""Location"".""Library Name""",1,"formula","""Location"".""Library Name""","Calculated value","","""Location"".""Library Name""",,,16,"UCB Risk Management Report","/shared/University of California System 01UCS_NETWORK/Reports/Local Requests/Annual Statistic Reports/Annual Stats FY 2025-2026/Final stats reports (for July 1)/Risk Management/UCB Risk Management Report",3,,,
"RC16-C4-FORMULA","Column","inline","report_inline","""Location"".""Library Code""",1,"formula","""Location"".""Library Code""","Calculated value","","""Location"".""Library Code""",,,16,"UCB Risk Management Report","/shared/University of California System 01UCS_NETWORK/Reports/Local Requests/Annual Statistic Reports/Annual Stats FY 2025-2026/Final stats reports (for July 1)/Risk Management/UCB Risk Management Report",4,,,
"RC16-C5-FORMULA","Column","inline","report_inline","""Location"".""Location Name""",1,"formula","""Location"".""Location Name""","Calculated value","","""Location"".""Location Name""",,,16,"UCB Risk Management Report","/shared/University of California System 01UCS_NETWORK/Reports/Local Requests/Annual Statistic Reports/Annual Stats FY 2025-2026/Final stats reports (for July 1)/Risk Management/UCB Risk Management Report",5,,,
"RC16-C6-FORMULA","Column","inline","report_inline","""Location"".""Location Code""",1,"formula","""Location"".""Location Code""","Calculated value","","""Location"".""Location Code""",,,16,"UCB Risk Management Report","/shared/University of California System 01UCS_NETWORK/Reports/Local Requests/Annual Statistic Reports/Annual Stats FY 2025-2026/Final stats reports (for July 1)/Risk Management/UCB Risk Management Report",6,,,
"RC16-C7-FORMULA","Column","inline","report_inline","""Bibliographic Details"".""Resource Type""",1,"formula","""Bibliographic Details"".""Resource Type""","Calculated value","","""Bibliographic Details"".""Resource Type""",,,16,"UCB Risk Management Report","/shared/University of California System 01UCS_NETWORK/Reports/Local Requests/Annual Statistic Reports/Annual Stats FY 2025-2026/Final stats reports (for July 1)/Risk Management/UCB Risk Management Report",7,,,
"RC17-C3-FORMULA","Column","inline","report_inline","""Location"".""Library Name""",1,"formula","""Location"".""Library Name""","Calculated value","","""Location"".""Library Name""",,,17,"SLF Physical Holdings and Titles Report","/shared/University of California System 01UCS_NETWORK/Reports/Local Requests/Annual Statistic Reports/Annual Stats FY 2025-2026/Final stats reports (for July 1)/Physical/SLF Physical Holdings and Titles Report",3,,,
"RC17-C4-FORMULA","Column","inline","report_inline","""Location"".""Library Code""",1,"formula","""Location"".""Library Code""","Calculated value","","""Location"".""Library Code""",,,17,"SLF Physical Holdings and Titles Report","/shared/University of California System 01UCS_NETWORK/Reports/Local Requests/Annual Statistic Reports/Annual Stats FY 2025-2026/Final stats reports (for July 1)/Physical/SLF Physical Holdings and Titles Report",4,,,
"RC17-C5-FORMULA","Column","inline","report_inline","""Location"".""Location Name""",1,"formula","""Location"".""Location Name""","Calculated value","","""Location"".""Location Name""",,,17,"SLF Physical Holdings and Titles Report","/shared/University of California System 01UCS_NETWORK/Reports/Local Requests/Annual Statistic Reports/Annual Stats FY 2025-2026/Final stats reports (for July 1)/Physical/SLF Physical Holdings and Titles Report",5,,,
"RC17-C6-FORMULA","Column","inline","report_inline","""Location"".""Location Code""",1,"formula","""Location"".""Location Code""","Calculated value","","""Location"".""Location Code""",,,17,"SLF Physical Holdings and Titles Report","/shared/University of California System 01UCS_NETWORK/Reports/Local Requests/Annual Statistic Reports/Annual Stats FY 2025-2026/Final stats reports (for July 1)/Physical/SLF Physical Holdings and Titles Report",6,,,
"RC17-C7-FORMULA","Column","inline","report_inline","""Bibliographic Details"".""Resource Type""",1,"formula","""Bibliographic Details"".""Resource Type""","Calculated value","","""Bibliographic Details"".""Resource Type""",,,17,"SLF Physical Holdings and Titles Report","/shared/University of California System 01UCS_NETWORK/Reports/Local Requests/Annual Statistic Reports/Annual Stats FY 2025-2026/Final stats reports (for July 1)/Physical/SLF Physical Holdings and Titles Report",7,,,
"RC17-C8-FORMULA","Column","inline","report_inline","""Bibliographic Details"".""Material Type""",1,"formula","""Bibliographic Details"".""Material Type""","Calculated value","","""Bibliographic Details"".""Material Type""",,,17,"SLF Physical Holdings and Titles Report","/shared/University of California System 01UCS_NETWORK/Reports/Local Requests/Annual Statistic Reports/Annual Stats FY 2025-2026/Final stats reports (for July 1)/Physical/SLF Physical Holdings and Titles Report",8,,,
"RC23-C3-FORMULA","Column","inline","report_inline","""Location"".""Library Name""",1,"formula","""Location"".""Library Name""","Calculated value","","""Location"".""Library Name""",,,23,"UCB Library categorization report","/shared/University of California System 01UCS_NETWORK/Reports/Local Requests/Annual Statistic Reports/Annual Stats FY 2025-2026/Preparation review reports/Physical preparation review reports/UCB Library categorization report",3,,,
"RC23-C4-FORMULA","Column","inline","report_inline","""Location"".""Library Code""",1,"formula","""Location"".""Library Code""","Calculated value","","""Location"".""Library Code""",,,23,"UCB Library categorization report","/shared/University of California System 01UCS_NETWORK/Reports/Local Requests/Annual Statistic Reports/Annual Stats FY 2025-2026/Preparation review reports/Physical preparation review reports/UCB Library categorization report",4,,,
"RC23-C5-FORMULA","Column","inline","report_inline","""Location"".""Location Name""",1,"formula","""Location"".""Location Name""","Calculated value","","""Location"".""Location Name""",,,23,"UCB Library categorization report","/shared/University of California System 01UCS_NETWORK/Reports/Local Requests/Annual Statistic Reports/Annual Stats FY 2025-2026/Preparation review reports/Physical preparation review reports/UCB Library categorization report",5,,,
"RC23-C6-FORMULA","Column","inline","report_inline","""Location"".""Location Code""",1,"formula","""Location"".""Location Code""","Calculated value","","""Location"".""Location Code""",,,23,"UCB Library categorization report","/shared/University of California System 01UCS_NETWORK/Reports/Local Requests/Annual Statistic Reports/Annual Stats FY 2025-2026/Preparation review reports/Physical preparation review reports/UCB Library categorization report",6,,,
"RC25-C1-FORMULA","Column","inline","report_inline","""Institution"".""Institution Name""",1,"formula","""Institution"".""Institution Name""","Calculated value","","""Institution"".""Institution Name""",,,25,"UCB eResources Library Categorization Report","/shared/University of California System 01UCS_NETWORK/Reports/Local Requests/Annual Statistic Reports/Annual Stats FY 2025-2026/Preparation review reports/Electronic preparation review reports/UCB eResources Library Categorization Report",1,,,
"RC25-C3-FORMULA","Column","inline","report_inline","""Portfolio Library Unit"".""Library Name""",1,"formula","""Portfolio Library Unit"".""Library Name""","Calculated value","","""Portfolio Library Unit"".""Library Name""",,,25,"UCB eResources Library Categorization Report","/shared/University of California System 01UCS_NETWORK/Reports/Local Requests/Annual Statistic Reports/Annual Stats FY 2025-2026/Preparation review reports/Electronic preparation review reports/UCB eResources Library Categorization Report",3,,,
"RC25-C4-FORMULA","Column","inline","report_inline","""Portfolio Library Unit"".""Library Code""",1,"formula","""Portfolio Library Unit"".""Library Code""","Calculated value","","""Portfolio Library Unit"".""Library Code""",,,25,"UCB eResources Library Categorization Report","/shared/University of California System 01UCS_NETWORK/Reports/Local Requests/Annual Statistic Reports/Annual Stats FY 2025-2026/Preparation review reports/Electronic preparation review reports/UCB eResources Library Categorization Report",4,,,
"RC27-C4-FORMULA","Column","inline","report_inline","""Bibliographic Details"".""Resource Type""",1,"formula","""Bibliographic Details"".""Resource Type""","Calculated value","","""Bibliographic Details"".""Resource Type""",,,27,"UCB Electronic Holdings and Titles Report","/shared/University of California System 01UCS_NETWORK/Reports/Local Requests/Annual Statistic Reports/Annual Stats FY 2025-2026/Final stats reports (for July 1)/Electronic/UCB Electronic Holdings and Titles Report",4,,,
"RC33-C4-FORMULA","Column","inline","report_inline","""Electronic Collection"".""Electronic Collection Interface Name""",1,"formula","""Electronic Collection"".""Electronic Collection Interface Name""","Calculated value","","""Electronic Collection"".""Electronic Collection Interface Name""",,,33,"UCB eResources Comparison Report","/shared/University of California System 01UCS_NETWORK/Reports/Local Requests/Annual Statistic Reports/Annual Stats FY 2025-2026/Final stats reports (for July 1)/eResources Comparison/UCB eResources Comparison Report",4,,,
"RC35-C3-FORMULA","Column","inline","report_inline","""Location"".""Library Name""",1,"formula","""Location"".""Library Name""","Calculated value","","""Location"".""Library Name""",,,35,"SLF-N Added Physical Holdings and Titles Report","/shared/University of California System 01UCS_NETWORK/Reports/Local Requests/Annual Statistic Reports/Annual Stats FY 2025-2026/Final stats reports (for July 1)/Physical/SLF-N Added Physical Holdings and Titles Report",3,,,
"RC35-C4-FORMULA","Column","inline","report_inline","""Location"".""Library Code""",1,"formula","""Location"".""Library Code""","Calculated value","","""Location"".""Library Code""",,,35,"SLF-N Added Physical Holdings and Titles Report","/shared/University of California System 01UCS_NETWORK/Reports/Local Requests/Annual Statistic Reports/Annual Stats FY 2025-2026/Final stats reports (for July 1)/Physical/SLF-N Added Physical Holdings and Titles Report",4,,,
"RC35-C5-FORMULA","Column","inline","report_inline","""Location"".""Location Name""",1,"formula","""Location"".""Location Name""","Calculated value","","""Location"".""Location Name""",,,35,"SLF-N Added Physical Holdings and Titles Report","/shared/University of California System 01UCS_NETWORK/Reports/Local Requests/Annual Statistic Reports/Annual Stats FY 2025-2026/Final stats reports (for July 1)/Physical/SLF-N Added Physical Holdings and Titles Report",5,,,
"RC35-C6-FORMULA","Column","inline","report_inline","""Location"".""Location Code""",1,"formula","""Location"".""Location Code""","Calculated value","","""Location"".""Location Code""",,,35,"SLF-N Added Physical Holdings and Titles Report","/shared/University of California System 01UCS_NETWORK/Reports/Local Requests/Annual Statistic Reports/Annual Stats FY 2025-2026/Final stats reports (for July 1)/Physical/SLF-N Added Physical Holdings and Titles Report",6,,,
"RC35-C7-FORMULA","Column","inline","report_inline","""Bibliographic Details"".""Resource Type""",1,"formula","""Bibliographic Details"".""Resource Type""","Calculated value","","""Bibliographic Details"".""Resource Type""",,,35,"SLF-N Added Physical Holdings and Titles Report","/shared/University of California System 01UCS_NETWORK/Reports/Local Requests/Annual Statistic Reports/Annual Stats FY 2025-2026/Final stats reports (for July 1)/Physical/SLF-N Added Physical Holdings and Titles Report",7,,,
"RC35-C8-FORMULA","Column","inline","report_inline","""Bibliographic Details"".""Material Type""",1,"formula","""Bibliographic Details"".""Material Type""","Calculated value","","""Bibliographic Details"".""Material Type""",,,35,"SLF-N Added Physical Holdings and Titles Report","/shared/University of California System 01UCS_NETWORK/Reports/Local Requests/Annual Statistic Reports/Annual Stats FY 2025-2026/Final stats reports (for July 1)/Physical/SLF-N Added Physical Holdings and Titles Report",8,,,
"RC37-C3-FORMULA","Column","inline","report_inline","""Item Location at Time of Loan"".""Library Name""",1,"formula","""Item Location at Time of Loan"".""Library Name""","Calculated value","","""Item Location at Time of Loan"".""Library Name""",,,37,"UCD Physical Collection Usage","/shared/University of California System 01UCS_NETWORK/Reports/Local Requests/Annual Statistic Reports/Annual Stats FY 2025-2026/Final stats reports (for July 1)/Physical Collection Usage/UCD Physical Collection Usage",3,,,
"RC37-C4-FORMULA","Column","inline","report_inline","""Item Location at Time of Loan"".""Library Code""",1,"formula","""Item Location at Time of Loan"".""Library Code""","Calculated value","","""Item Location at Time of Loan"".""Library Code""",,,37,"UCD Physical Collection Usage","/shared/University of California System 01UCS_NETWORK/Reports/Local Requests/Annual Statistic Reports/Annual Stats FY 2025-2026/Final stats reports (for July 1)/Physical Collection Usage/UCD Physical Collection Usage",4,,,
"RC37-C5-FORMULA","Column","inline","report_inline","""Item Location at Time of Loan"".""Location Name""",1,"formula","""Item Location at Time of Loan"".""Location Name""","Calculated value","","""Item Location at Time of Loan"".""Location Name""",,,37,"UCD Physical Collection Usage","/shared/University of California System 01UCS_NETWORK/Reports/Local Requests/Annual Statistic Reports/Annual Stats FY 2025-2026/Final stats reports (for July 1)/Physical Collection Usage/UCD Physical Collection Usage",5,,,
"RC37-C6-FORMULA","Column","inline","report_inline","""Item Location at Time of Loan"".""Location Code""",1,"formula","""Item Location at Time of Loan"".""Location Code""","Calculated value","","""Item Location at Time of Loan"".""Location Code""",,,37,"UCD Physical Collection Usage","/shared/University of California System 01UCS_NETWORK/Reports/Local Requests/Annual Statistic Reports/Annual Stats FY 2025-2026/Final stats reports (for July 1)/Physical Collection Usage/UCD Physical Collection Usage",6,,,
"RC47-C2-FORMULA","Column","inline","report_inline","""Location"".""Library Name""",1,"formula","""Location"".""Library Name""","Calculated value","","""Location"".""Library Name""",,,47,"UCD Risk Management Report","/shared/University of California System 01UCS_NETWORK/Reports/Local Requests/Annual Statistic Reports/Annual Stats FY 2025-2026/Final stats reports (for July 1)/Risk Management/UCD Risk Management Report",2,,,
"RC47-C3-FORMULA","Column","inline","report_inline","""Location"".""Library Code""",1,"formula","""Location"".""Library Code""","Calculated value","","""Location"".""Library Code""",,,47,"UCD Risk Management Report","/shared/University of California System 01UCS_NETWORK/Reports/Local Requests/Annual Statistic Reports/Annual Stats FY 2025-2026/Final stats reports (for July 1)/Risk Management/UCD Risk Management Report",3,,,
"RC47-C4-FORMULA","Column","inline","report_inline","""Location"".""Location Name""",1,"formula","""Location"".""Location Name""","Calculated value","","""Location"".""Location Name""",,,47,"UCD Risk Management Report","/shared/University of California System 01UCS_NETWORK/Reports/Local Requests/Annual Statistic Reports/Annual Stats FY 2025-2026/Final stats reports (for July 1)/Risk Management/UCD Risk Management Report",4,,,
"RC47-C5-FORMULA","Column","inline","report_inline","""Location"".""Location Code""",1,"formula","""Location"".""Location Code""","Calculated value","","""Location"".""Location Code""",,,47,"UCD Risk Management Report","/shared/University of California System 01UCS_NETWORK/Reports/Local Requests/Annual Statistic Reports/Annual Stats FY 2025-2026/Final stats reports (for July 1)/Risk Management/UCD Risk Management Report",5,,,
"RC47-C6-FORMULA","Column","inline","report_inline","""Bibliographic Details"".""Resource Type""",1,"formula","""Bibliographic Details"".""Resource Type""","Calculated value","","""Bibliographic Details"".""Resource Type""",,,47,"UCD Risk Management Report","/shared/University of California System 01UCS_NETWORK/Reports/Local Requests/Annual Statistic Reports/Annual Stats FY 2025-2026/Final stats reports (for July 1)/Risk Management/UCD Risk Management Report",6,,,
"RC51-C1-FORMULA","Column","inline","report_inline","""Institution"".""Institution Name""",1,"formula","""Institution"".""Institution Name""","Calculated value","","""Institution"".""Institution Name""",,,51,"UCB Check-Out Type Categorization Report","/shared/University of California System 01UCS_NETWORK/Reports/Local Requests/Annual Statistic Reports/Annual Stats FY 2025-2026/Preparation review reports/Fulfillment preparation review reports/UCB Check-Out Type Categorization Report",1,,,
"RC51-C3-FORMULA","Column","inline","report_inline","""Item Location at Time of Loan"".""Library Name""",1,"formula","""Item Location at Time of Loan"".""Library Name""","Calculated value","","""Item Location at Time of Loan"".""Library Name""",,,51,"UCB Check-Out Type Categorization Report","/shared/University of California System 01UCS_NETWORK/Reports/Local Requests/Annual Statistic Reports/Annual Stats FY 2025-2026/Preparation review reports/Fulfillment preparation review reports/UCB Check-Out Type Categorization Report",3,,,
"RC51-C4-FORMULA","Column","inline","report_inline","""Item Location at Time of Loan"".""Library Code""",1,"formula","""Item Location at Time of Loan"".""Library Code""","Calculated value","","""Item Location at Time of Loan"".""Library Code""",,,51,"UCB Check-Out Type Categorization Report","/shared/University of California System 01UCS_NETWORK/Reports/Local Requests/Annual Statistic Reports/Annual Stats FY 2025-2026/Preparation review reports/Fulfillment preparation review reports/UCB Check-Out Type Categorization Report",4,,,
"RC51-C5-FORMULA","Column","inline","report_inline","""Item Location at Time of Loan"".""Location Name""",1,"formula","""Item Location at Time of Loan"".""Location Name""","Calculated value","","""Item Location at Time of Loan"".""Location Name""",,,51,"UCB Check-Out Type Categorization Report","/shared/University of California System 01UCS_NETWORK/Reports/Local Requests/Annual Statistic Reports/Annual Stats FY 2025-2026/Preparation review reports/Fulfillment preparation review reports/UCB Check-Out Type Categorization Report",5,,,
"RC51-C6-FORMULA","Column","inline","report_inline","""Item Location at Time of Loan"".""Location Code""",1,"formula","""Item Location at Time of Loan"".""Location Code""","Calculated value","","""Item Location at Time of Loan"".""Location Code""",,,51,"UCB Check-Out Type Categorization Report","/shared/University of California System 01UCS_NETWORK/Reports/Local Requests/Annual Statistic Reports/Annual Stats FY 2025-2026/Preparation review reports/Fulfillment preparation review reports/UCB Check-Out Type Categorization Report",6,,,
"RC52-C1-FORMULA","Column","inline","report_inline","""Institution"".""Institution Name""",1,"formula","""Institution"".""Institution Name""","Calculated value","","""Institution"".""Institution Name""",,,52,"UCD eResources Library Categorization Report","/shared/University of California System 01UCS_NETWORK/Reports/Local Requests/Annual Statistic Reports/Annual Stats FY 2025-2026/Preparation review reports/Electronic preparation review reports/UCD eResources Library Categorization Report",1,,,
"RC52-C3-FORMULA","Column","inline","report_inline","""Portfolio Library Unit"".""Library Name""",1,"formula","""Portfolio Library Unit"".""Library Name""","Calculated value","","""Portfolio Library Unit"".""Library Name""",,,52,"UCD eResources Library Categorization Report","/shared/University of California System 01UCS_NETWORK/Reports/Local Requests/Annual Statistic Reports/Annual Stats FY 2025-2026/Preparation review reports/Electronic preparation review reports/UCD eResources Library Categorization Report",3,,,
"RC52-C4-FORMULA","Column","inline","report_inline","""Portfolio Library Unit"".""Library Code""",1,"formula","""Portfolio Library Unit"".""Library Code""","Calculated value","","""Portfolio Library Unit"".""Library Code""",,,52,"UCD eResources Library Categorization Report","/shared/University of California System 01UCS_NETWORK/Reports/Local Requests/Annual Statistic Reports/Annual Stats FY 2025-2026/Preparation review reports/Electronic preparation review reports/UCD eResources Library Categorization Report",4,,,
"RC55-C3-FORMULA","Column","inline","report_inline","""Location"".""Library Name""",1,"formula","""Location"".""Library Name""","Calculated value","","""Location"".""Library Name""",,,55,"UCD Library categorization report","/shared/University of California System 01UCS_NETWORK/Reports/Local Requests/Annual Statistic Reports/Annual Stats FY 2025-2026/Preparation review reports/Physical preparation review reports/UCD Library categorization report",3,,,
"RC55-C4-FORMULA","Column","inline","report_inline","""Location"".""Library Code""",1,"formula","""Location"".""Library Code""","Calculated value","","""Location"".""Library Code""",,,55,"UCD Library categorization report","/shared/University of California System 01UCS_NETWORK/Reports/Local Requests/Annual Statistic Reports/Annual Stats FY 2025-2026/Preparation review reports/Physical preparation review reports/UCD Library categorization report",4,,,
"RC55-C5-FORMULA","Column","inline","report_inline","""Location"".""Location Name""",1,"formula","""Location"".""Location Name""","Calculated value","","""Location"".""Location Name""",,,55,"UCD Library categorization report","/shared/University of California System 01UCS_NETWORK/Reports/Local Requests/Annual Statistic Reports/Annual Stats FY 2025-2026/Preparation review reports/Physical preparation review reports/UCD Library categorization report",5,,,
"RC55-C6-FORMULA","Column","inline","report_inline","""Location"".""Location Code""",1,"formula","""Location"".""Location Code""","Calculated value","","""Location"".""Location Code""",,,55,"UCD Library categorization report","/shared/University of California System 01UCS_NETWORK/Reports/Local Requests/Annual Statistic Reports/Annual Stats FY 2025-2026/Preparation review reports/Physical preparation review reports/UCD Library categorization report",6,,,
"RC56-C4-FORMULA","Column","inline","report_inline","""Electronic Collection"".""Electronic Collection Interface Name""",1,"formula","""Electronic Collection"".""Electronic Collection Interface Name""","Calculated value","","""Electronic Collection"".""Electronic Collection Interface Name""",,,56,"UCD eResources Comparison Report","/shared/University of California System 01UCS_NETWORK/Reports/Local Requests/Annual Statistic Reports/Annual Stats FY 2025-2026/Final stats reports (for July 1)/eResources Comparison/UCD eResources Comparison Report",4,,,
"RC60-C1-FORMULA","Column","inline","report_inline","""Institution"".""Institution Name""",1,"formula","""Institution"".""Institution Name""","Calculated value","","""Institution"".""Institution Name""",,,60,"UCB User Group Categorization Report","/shared/University of California System 01UCS_NETWORK/Reports/Local Requests/Annual Statistic Reports/Annual Stats FY 2025-2026/Preparation review reports/Fulfillment preparation review reports/UCB User Group Categorization Report",1,,,
"RC60-C3-FORMULA","Column","inline","report_inline","""Borrower Details"".""User Group""",1,"formula","""Borrower Details"".""User Group""","Calculated value","","""Borrower Details"".""User Group""",,,60,"UCB User Group Categorization Report","/shared/University of California System 01UCS_NETWORK/Reports/Local Requests/Annual Statistic Reports/Annual Stats FY 2025-2026/Preparation review reports/Fulfillment preparation review reports/UCB User Group Categorization Report",3,,,
"RC65-C4-FORMULA","Column","inline","report_inline","""Bibliographic Details"".""Resource Type""",1,"formula","""Bibliographic Details"".""Resource Type""","Calculated value","","""Bibliographic Details"".""Resource Type""",,,65,"UCD Electronic Holdings and Titles Report","/shared/University of California System 01UCS_NETWORK/Reports/Local Requests/Annual Statistic Reports/Annual Stats FY 2025-2026/Final stats reports (for July 1)/Electronic/UCD Electronic Holdings and Titles Report",4,,,
"RC66-C3-FORMULA","Column","inline","report_inline","""Item Location at Time of Loan"".""Library Name""",1,"formula","""Item Location at Time of Loan"".""Library Name""","Calculated value","","""Item Location at Time of Loan"".""Library Name""",,,66,"UCI Physical Collection Usage","/shared/University of California System 01UCS_NETWORK/Reports/Local Requests/Annual Statistic Reports/Annual Stats FY 2025-2026/Final stats reports (for July 1)/Physical Collection Usage/UCI Physical Collection Usage",3,,,
"RC66-C4-FORMULA","Column","inline","report_inline","""Item Location at Time of Loan"".""Library Code""",1,"formula","""Item Location at Time of Loan"".""Library Code""","Calculated value","","""Item Location at Time of Loan"".""Library Code""",,,66,"UCI Physical Collection Usage","/shared/University of California System 01UCS_NETWORK/Reports/Local Requests/Annual Statistic Reports/Annual Stats FY 2025-2026/Final stats reports (for July 1)/Physical Collection Usage/UCI Physical Collection Usage",4,,,
"RC66-C5-FORMULA","Column","inline","report_inline","""Item Location at Time of Loan"".""Location Name""",1,"formula","""Item Location at Time of Loan"".""Location Name""","Calculated value","","""Item Location at Time of Loan"".""Location Name""",,,66,"UCI Physical Collection Usage","/shared/University of California System 01UCS_NETWORK/Reports/Local Requests/Annual Statistic Reports/Annual Stats FY 2025-2026/Final stats reports (for July 1)/Physical Collection Usage/UCI Physical Collection Usage",5,,,
"RC66-C6-FORMULA","Column","inline","report_inline","""Item Location at Time of Loan"".""Location Code""",1,"formula","""Item Location at Time of Loan"".""Location Code""","Calculated value","","""Item Location at Time of Loan"".""Location Code""",,,66,"UCI Physical Collection Usage","/shared/University of California System 01UCS_NETWORK/Reports/Local Requests/Annual Statistic Reports/Annual Stats FY 2025-2026/Final stats reports (for July 1)/Physical Collection Usage/UCI Physical Collection Usage",6,,,
"RC67-C2-FORMULA","Column","inline","report_inline","""Location"".""Library Name""",1,"formula","""Location"".""Library Name""","Calculated value","","""Location"".""Library Name""",,,67,"UCI Risk Management Report","/shared/University of California System 01UCS_NETWORK/Reports/Local Requests/Annual Statistic Reports/Annual Stats FY 2025-2026/Final stats reports (for July 1)/Risk Management/UCI Risk Management Report",2,,,
"RC67-C3-FORMULA","Column","inline","report_inline","""Location"".""Library Code""",1,"formula","""Location"".""Library Code""","Calculated value","","""Location"".""Library Code""",,,67,"UCI Risk Management Report","/shared/University of California System 01UCS_NETWORK/Reports/Local Requests/Annual Statistic Reports/Annual Stats FY 2025-2026/Final stats reports (for July 1)/Risk Management/UCI Risk Management Report",3,,,
"RC67-C4-FORMULA","Column","inline","report_inline","""Location"".""Location Name""",1,"formula","""Location"".""Location Name""","Calculated value","","""Location"".""Location Name""",,,67,"UCI Risk Management Report","/shared/University of California System 01UCS_NETWORK/Reports/Local Requests/Annual Statistic Reports/Annual Stats FY 2025-2026/Final stats reports (for July 1)/Risk Management/UCI Risk Management Report",4,,,
"RC67-C5-FORMULA","Column","inline","report_inline","""Location"".""Location Code""",1,"formula","""Location"".""Location Code""","Calculated value","","""Location"".""Location Code""",,,67,"UCI Risk Management Report","/shared/University of California System 01UCS_NETWORK/Reports/Local Requests/Annual Statistic Reports/Annual Stats FY 2025-2026/Final stats reports (for July 1)/Risk Management/UCI Risk Management Report",5,,,
"RC67-C6-FORMULA","Column","inline","report_inline","""Bibliographic Details"".""Resource Type""",1,"formula","""Bibliographic Details"".""Resource Type""","Calculated value","","""Bibliographic Details"".""Resource Type""",,,67,"UCI Risk Management Report","/shared/University of California System 01UCS_NETWORK/Reports/Local Requests/Annual Statistic Reports/Annual Stats FY 2025-2026/Final stats reports (for July 1)/Risk Management/UCI Risk Management Report",6,,,
"RC74-C3-FORMULA","Column","inline","report_inline","""Location"".""Library Name""",1,"formula","""Location"".""Library Name""","Calculated value","","""Location"".""Library Name""",,,74,"SLF-S Added Physical Holdings and Titles Report","/shared/University of California System 01UCS_NETWORK/Reports/Local Requests/Annual Statistic Reports/Annual Stats FY 2025-2026/Final stats reports (for July 1)/Physical/SLF-S Added Physical Holdings and Titles Report",3,,,
"RC74-C4-FORMULA","Column","inline","report_inline","""Location"".""Library Code""",1,"formula","""Location"".""Library Code""","Calculated value","","""Location"".""Library Code""",,,74,"SLF-S Added Physical Holdings and Titles Report","/shared/University of California System 01UCS_NETWORK/Reports/Local Requests/Annual Statistic Reports/Annual Stats FY 2025-2026/Final stats reports (for July 1)/Physical/SLF-S Added Physical Holdings and Titles Report",4,,,
"RC74-C5-FORMULA","Column","inline","report_inline","""Location"".""Location Name""",1,"formula","""Location"".""Location Name""","Calculated value","","""Location"".""Location Name""",,,74,"SLF-S Added Physical Holdings and Titles Report","/shared/University of California System 01UCS_NETWORK/Reports/Local Requests/Annual Statistic Reports/Annual Stats FY 2025-2026/Final stats reports (for July 1)/Physical/SLF-S Added Physical Holdings and Titles Report",5,,,
"RC74-C6-FORMULA","Column","inline","report_inline","""Location"".""Location Code""",1,"formula","""Location"".""Location Code""","Calculated value","","""Location"".""Location Code""",,,74,"SLF-S Added Physical Holdings and Titles Report","/shared/University of California System 01UCS_NETWORK/Reports/Local Requests/Annual Statistic Reports/Annual Stats FY 2025-2026/Final stats reports (for July 1)/Physical/SLF-S Added Physical Holdings and Titles Report",6,,,
"RC74-C7-FORMULA","Column","inline","report_inline","""Bibliographic Details"".""Resource Type""",1,"formula","""Bibliographic Details"".""Resource Type""","Calculated value","","""Bibliographic Details"".""Resource Type""",,,74,"SLF-S Added Physical Holdings and Titles Report","/shared/University of California System 01UCS_NETWORK/Reports/Local Requests/Annual Statistic Reports/Annual Stats FY 2025-2026/Final stats reports (for July 1)/Physical/SLF-S Added Physical Holdings and Titles Report",7,,,
"RC74-C8-FORMULA","Column","inline","report_inline","""Bibliographic Details"".""Material Type""",1,"formula","""Bibliographic Details"".""Material Type""","Calculated value","","""Bibliographic Details"".""Material Type""",,,74,"SLF-S Added Physical Holdings and Titles Report","/shared/University of California System 01UCS_NETWORK/Reports/Local Requests/Annual Statistic Reports/Annual Stats FY 2025-2026/Final stats reports (for July 1)/Physical/SLF-S Added Physical Holdings and Titles Report",8,,,
"RC83-C3-FORMULA","Column","inline","report_inline","""Location"".""Library Name""",1,"formula","""Location"".""Library Name""","Calculated value","","""Location"".""Library Name""",,,83,"UCI Library Categorization Report","/shared/University of California System 01UCS_NETWORK/Reports/Local Requests/Annual Statistic Reports/Annual Stats FY 2025-2026/Preparation review reports/Physical preparation review reports/UCI Library Categorization Report",3,,,
"RC83-C4-FORMULA","Column","inline","report_inline","""Location"".""Library Code""",1,"formula","""Location"".""Library Code""","Calculated value","","""Location"".""Library Code""",,,83,"UCI Library Categorization Report","/shared/University of California System 01UCS_NETWORK/Reports/Local Requests/Annual Statistic Reports/Annual Stats FY 2025-2026/Preparation review reports/Physical preparation review reports/UCI Library Categorization Report",4,,,
"RC83-C5-FORMULA","Column","inline","report_inline","""Location"".""Location Name""",1,"formula","""Location"".""Location Name""","Calculated value","","""Location"".""Location Name""",,,83,"UCI Library Categorization Report","/shared/University of California System 01UCS_NETWORK/Reports/Local Requests/Annual Statistic Reports/Annual Stats FY 2025-2026/Preparation review reports/Physical preparation review reports/UCI Library Categorization Report",5,,,
"RC83-C6-FORMULA","Column","inline","report_inline","""Location"".""Location Code""",1,"formula","""Location"".""Location Code""","Calculated value","","""Location"".""Location Code""",,,83,"UCI Library Categorization Report","/shared/University of California System 01UCS_NETWORK/Reports/Local Requests/Annual Statistic Reports/Annual Stats FY 2025-2026/Preparation review reports/Physical preparation review reports/UCI Library Categorization Report",6,,,
"RC85-C1-FORMULA","Column","inline","report_inline","""Institution"".""Institution Name""",1,"formula","""Institution"".""Institution Name""","Calculated value","","""Institution"".""Institution Name""",,,85,"UCI eResources Library Categorization Report","/shared/University of California System 01UCS_NETWORK/Reports/Local Requests/Annual Statistic Reports/Annual Stats FY 2025-2026/Preparation review reports/Electronic preparation review reports/UCI eResources Library Categorization Report",1,,,
"RC85-C3-FORMULA","Column","inline","report_inline","""Portfolio Library Unit"".""Library Name""",1,"formula","""Portfolio Library Unit"".""Library Name""","Calculated value","","""Portfolio Library Unit"".""Library Name""",,,85,"UCI eResources Library Categorization Report","/shared/University of California System 01UCS_NETWORK/Reports/Local Requests/Annual Statistic Reports/Annual Stats FY 2025-2026/Preparation review reports/Electronic preparation review reports/UCI eResources Library Categorization Report",3,,,
"RC85-C4-FORMULA","Column","inline","report_inline","""Portfolio Library Unit"".""Library Code""",1,"formula","""Portfolio Library Unit"".""Library Code""","Calculated value","","""Portfolio Library Unit"".""Library Code""",,,85,"UCI eResources Library Categorization Report","/shared/University of California System 01UCS_NETWORK/Reports/Local Requests/Annual Statistic Reports/Annual Stats FY 2025-2026/Preparation review reports/Electronic preparation review reports/UCI eResources Library Categorization Report",4,,,
"RC89-C1-FORMULA","Column","inline","report_inline","""Institution"".""Institution Name""",1,"formula","""Institution"".""Institution Name""","Calculated value","","""Institution"".""Institution Name""",,,89,"UCD Check-Out Type Categorization Report","/shared/University of California System 01UCS_NETWORK/Reports/Local Requests/Annual Statistic Reports/Annual Stats FY 2025-2026/Preparation review reports/Fulfillment preparation review reports/UCD Check-Out Type Categorization Report",1,,,
"RC89-C3-FORMULA","Column","inline","report_inline","""Item Location at Time of Loan"".""Library Name""",1,"formula","""Item Location at Time of Loan"".""Library Name""","Calculated value","","""Item Location at Time of Loan"".""Library Name""",,,89,"UCD Check-Out Type Categorization Report","/shared/University of California System 01UCS_NETWORK/Reports/Local Requests/Annual Statistic Reports/Annual Stats FY 2025-2026/Preparation review reports/Fulfillment preparation review reports/UCD Check-Out Type Categorization Report",3,,,
"RC89-C4-FORMULA","Column","inline","report_inline","""Item Location at Time of Loan"".""Library Code""",1,"formula","""Item Location at Time of Loan"".""Library Code""","Calculated value","","""Item Location at Time of Loan"".""Library Code""",,,89,"UCD Check-Out Type Categorization Report","/shared/University of California System 01UCS_NETWORK/Reports/Local Requests/Annual Statistic Reports/Annual Stats FY 2025-2026/Preparation review reports/Fulfillment preparation review reports/UCD Check-Out Type Categorization Report",4,,,
"RC89-C5-FORMULA","Column","inline","report_inline","""Item Location at Time of Loan"".""Location Name""",1,"formula","""Item Location at Time of Loan"".""Location Name""","Calculated value","","""Item Location at Time of Loan"".""Location Name""",,,89,"UCD Check-Out Type Categorization Report","/shared/University of California System 01UCS_NETWORK/Reports/Local Requests/Annual Statistic Reports/Annual Stats FY 2025-2026/Preparation review reports/Fulfillment preparation review reports/UCD Check-Out Type Categorization Report",5,,,
"RC89-C6-FORMULA","Column","inline","report_inline","""Item Location at Time of Loan"".""Location Code""",1,"formula","""Item Location at Time of Loan"".""Location Code""","Calculated value","","""Item Location at Time of Loan"".""Location Code""",,,89,"UCD Check-Out Type Categorization Report","/shared/University of California System 01UCS_NETWORK/Reports/Local Requests/Annual Statistic Reports/Annual Stats FY 2025-2026/Preparation review reports/Fulfillment preparation review reports/UCD Check-Out Type Categorization Report",6,,,
"RC92-C4-FORMULA","Column","inline","report_inline","""Bibliographic Details"".""Resource Type""",1,"formula","""Bibliographic Details"".""Resource Type""","Calculated value","","""Bibliographic Details"".""Resource Type""",,,92,"UCI Electronic Holdings and Titles Report","/shared/University of California System 01UCS_NETWORK/Reports/Local Requests/Annual Statistic Reports/Annual Stats FY 2025-2026/Final stats reports (for July 1)/Electronic/UCI Electronic Holdings and Titles Report",4,,,
"RC95-C2-FORMULA","Column","inline","report_inline","""Location"".""Library Name""",1,"formula","""Location"".""Library Name""","Calculated value","","""Location"".""Library Name""",,,95,"UCLA Risk Management Report","/shared/University of California System 01UCS_NETWORK/Reports/Local Requests/Annual Statistic Reports/Annual Stats FY 2025-2026/Final stats reports (for July 1)/Risk Management/UCLA Risk Management Report",2,,,
"RC95-C3-FORMULA","Column","inline","report_inline","""Location"".""Library Code""",1,"formula","""Location"".""Library Code""","Calculated value","","""Location"".""Library Code""",,,95,"UCLA Risk Management Report","/shared/University of California System 01UCS_NETWORK/Reports/Local Requests/Annual Statistic Reports/Annual Stats FY 2025-2026/Final stats reports (for July 1)/Risk Management/UCLA Risk Management Report",3,,,
"RC95-C4-FORMULA","Column","inline","report_inline","""Location"".""Location Name""",1,"formula","""Location"".""Location Name""","Calculated value","","""Location"".""Location Name""",,,95,"UCLA Risk Management Report","/shared/University of California System 01UCS_NETWORK/Reports/Local Requests/Annual Statistic Reports/Annual Stats FY 2025-2026/Final stats reports (for July 1)/Risk Management/UCLA Risk Management Report",4,,,
"RC95-C5-FORMULA","Column","inline","report_inline","""Location"".""Location Code""",1,"formula","""Location"".""Location Code""","Calculated value","","""Location"".""Location Code""",,,95,"UCLA Risk Management Report","/shared/University of California System 01UCS_NETWORK/Reports/Local Requests/Annual Statistic Reports/Annual Stats FY 2025-2026/Final stats reports (for July 1)/Risk Management/UCLA Risk Management Report",5,,,
"RC95-C6-FORMULA","Column","inline","report_inline","""Bibliographic Details"".""Resource Type""",1,"formula","""Bibliographic Details"".""Resource Type""","Calculated value","","""Bibliographic Details"".""Resource Type""",,,95,"UCLA Risk Management Report","/shared/University of California System 01UCS_NETWORK/Reports/Local Requests/Annual Statistic Reports/Annual Stats FY 2025-2026/Final stats reports (for July 1)/Risk Management/UCLA Risk Management Report",6,,,
"RC96-C3-FORMULA","Column","inline","report_inline","""Item Location at Time of Loan"".""Library Name""",1,"formula","""Item Location at Time of Loan"".""Library Name""","Calculated value","","""Item Location at Time of Loan"".""Library Name""",,,96,"UCLA Physical Collection Usage","/shared/University of California System 01UCS_NETWORK/Reports/Local Requests/Annual Statistic Reports/Annual Stats FY 2025-2026/Final stats reports (for July 1)/Physical Collection Usage/UCLA Physical Collection Usage",3,,,
"RC96-C4-FORMULA","Column","inline","report_inline","""Item Location at Time of Loan"".""Library Code""",1,"formula","""Item Location at Time of Loan"".""Library Code""","Calculated value","","""Item Location at Time of Loan"".""Library Code""",,,96,"UCLA Physical Collection Usage","/shared/University of California System 01UCS_NETWORK/Reports/Local Requests/Annual Statistic Reports/Annual Stats FY 2025-2026/Final stats reports (for July 1)/Physical Collection Usage/UCLA Physical Collection Usage",4,,,
"RC96-C5-FORMULA","Column","inline","report_inline","""Item Location at Time of Loan"".""Location Name""",1,"formula","""Item Location at Time of Loan"".""Location Name""","Calculated value","","""Item Location at Time of Loan"".""Location Name""",,,96,"UCLA Physical Collection Usage","/shared/University of California System 01UCS_NETWORK/Reports/Local Requests/Annual Statistic Reports/Annual Stats FY 2025-2026/Final stats reports (for July 1)/Physical Collection Usage/UCLA Physical Collection Usage",5,,,
"RC96-C6-FORMULA","Column","inline","report_inline","""Item Location at Time of Loan"".""Location Code""",1,"formula","""Item Location at Time of Loan"".""Location Code""","Calculated value","","""Item Location at Time of Loan"".""Location Code""",,,96,"UCLA Physical Collection Usage","/shared/University of California System 01UCS_NETWORK/Reports/Local Requests/Annual Statistic Reports/Annual Stats FY 2025-2026/Final stats reports (for July 1)/Physical Collection Usage/UCLA Physical Collection Usage",6,,,
"RC105-C4-FORMULA","Column","inline","report_inline","""Electronic Collection"".""Electronic Collection Interface Name""",1,"formula","""Electronic Collection"".""Electronic Collection Interface Name""","Calculated value","","""Electronic Collection"".""Electronic Collection Interface Name""",,,105,"UCI eResources Comparison Report","/shared/University of California System 01UCS_NETWORK/Reports/Local Requests/Annual Statistic Reports/Annual Stats FY 2025-2026/Final stats reports (for July 1)/eResources Comparison/UCI eResources Comparison Report",4,,,
"RC113-C3-FORMULA","Column","inline","report_inline","""Location"".""Library Name""",1,"formula","""Location"".""Library Name""","Calculated value","","""Location"".""Library Name""",,,113,"UCLA Library Categorization Report","/shared/University of California System 01UCS_NETWORK/Reports/Local Requests/Annual Statistic Reports/Annual Stats FY 2025-2026/Preparation review reports/Physical preparation review reports/UCLA Library Categorization Report",3,,,
"RC113-C4-FORMULA","Column","inline","report_inline","""Location"".""Library Code""",1,"formula","""Location"".""Library Code""","Calculated value","","""Location"".""Library Code""",,,113,"UCLA Library Categorization Report","/shared/University of California System 01UCS_NETWORK/Reports/Local Requests/Annual Statistic Reports/Annual Stats FY 2025-2026/Preparation review reports/Physical preparation review reports/UCLA Library Categorization Report",4,,,
"RC113-C5-FORMULA","Column","inline","report_inline","""Location"".""Location Name""",1,"formula","""Location"".""Location Name""","Calculated value","","""Location"".""Location Name""",,,113,"UCLA Library Categorization Report","/shared/University of California System 01UCS_NETWORK/Reports/Local Requests/Annual Statistic Reports/Annual Stats FY 2025-2026/Preparation review reports/Physical preparation review reports/UCLA Library Categorization Report",5,,,
"RC113-C6-FORMULA","Column","inline","report_inline","""Location"".""Location Code""",1,"formula","""Location"".""Location Code""","Calculated value","","""Location"".""Location Code""",,,113,"UCLA Library Categorization Report","/shared/University of California System 01UCS_NETWORK/Reports/Local Requests/Annual Statistic Reports/Annual Stats FY 2025-2026/Preparation review reports/Physical preparation review reports/UCLA Library Categorization Report",6,,,
"RC116-C1-FORMULA","Column","inline","report_inline","""Institution"".""Institution Name""",1,"formula","""Institution"".""Institution Name""","Calculated value","","""Institution"".""Institution Name""",,,116,"UCD User Group Categorization Report","/shared/University of California System 01UCS_NETWORK/Reports/Local Requests/Annual Statistic Reports/Annual Stats FY 2025-2026/Preparation review reports/Fulfillment preparation review reports/UCD User Group Categorization Report",1,,,
"RC116-C3-FORMULA","Column","inline","report_inline","""Borrower Details"".""User Group""",1,"formula","""Borrower Details"".""User Group""","Calculated value","","""Borrower Details"".""User Group""",,,116,"UCD User Group Categorization Report","/shared/University of California System 01UCS_NETWORK/Reports/Local Requests/Annual Statistic Reports/Annual Stats FY 2025-2026/Preparation review reports/Fulfillment preparation review reports/UCD User Group Categorization Report",3,,,
"RC119-C4-FORMULA","Column","inline","report_inline","""Bibliographic Details"".""Resource Type""",1,"formula","""Bibliographic Details"".""Resource Type""","Calculated value","","""Bibliographic Details"".""Resource Type""",,,119,"UCLA Electronic Holdings and Titles Report","/shared/University of California System 01UCS_NETWORK/Reports/Local Requests/Annual Statistic Reports/Annual Stats FY 2025-2026/Final stats reports (for July 1)/Electronic/UCLA Electronic Holdings and Titles Report",4,,,
"RC123-C1-FORMULA","Column","inline","report_inline","""Institution"".""Institution Name""",1,"formula","""Institution"".""Institution Name""","Calculated value","","""Institution"".""Institution Name""",,,123,"UCLA eResources Library Categorization Report","/shared/University of California System 01UCS_NETWORK/Reports/Local Requests/Annual Statistic Reports/Annual Stats FY 2025-2026/Preparation review reports/Electronic preparation review reports/UCLA eResources Library Categorization Report",1,,,
"RC123-C3-FORMULA","Column","inline","report_inline","""Portfolio Library Unit"".""Library Name""",1,"formula","""Portfolio Library Unit"".""Library Name""","Calculated value","","""Portfolio Library Unit"".""Library Name""",,,123,"UCLA eResources Library Categorization Report","/shared/University of California System 01UCS_NETWORK/Reports/Local Requests/Annual Statistic Reports/Annual Stats FY 2025-2026/Preparation review reports/Electronic preparation review reports/UCLA eResources Library Categorization Report",3,,,
"RC123-C4-FORMULA","Column","inline","report_inline","""Portfolio Library Unit"".""Library Code""",1,"formula","""Portfolio Library Unit"".""Library Code""","Calculated value","","""Portfolio Library Unit"".""Library Code""",,,123,"UCLA eResources Library Categorization Report","/shared/University of California System 01UCS_NETWORK/Reports/Local Requests/Annual Statistic Reports/Annual Stats FY 2025-2026/Preparation review reports/Electronic preparation review reports/UCLA eResources Library Categorization Report",4,,,
"RC124-C4-FORMULA","Column","inline","report_inline","""Electronic Collection"".""Electronic Collection Interface Name""",1,"formula","""Electronic Collection"".""Electronic Collection Interface Name""","Calculated value","","""Electronic Collection"".""Electronic Collection Interface Name""",,,124,"UCLA eResources Comparison Report","/shared/University of California System 01UCS_NETWORK/Reports/Local Requests/Annual Statistic Reports/Annual Stats FY 2025-2026/Final stats reports (for July 1)/eResources Comparison/UCLA eResources Comparison Report",4,,,
"RC125-C2-FORMULA","Column","inline","report_inline","""Location"".""Library Name""",1,"formula","""Location"".""Library Name""","Calculated value","","""Location"".""Library Name""",,,125,"UCM Risk Management Report","/shared/University of California System 01UCS_NETWORK/Reports/Local Requests/Annual Statistic Reports/Annual Stats FY 2025-2026/Final stats reports (for July 1)/Risk Management/UCM Risk Management Report",2,,,
"RC125-C3-FORMULA","Column","inline","report_inline","""Location"".""Library Code""",1,"formula","""Location"".""Library Code""","Calculated value","","""Location"".""Library Code""",,,125,"UCM Risk Management Report","/shared/University of California System 01UCS_NETWORK/Reports/Local Requests/Annual Statistic Reports/Annual Stats FY 2025-2026/Final stats reports (for July 1)/Risk Management/UCM Risk Management Report",3,,,
"RC125-C4-FORMULA","Column","inline","report_inline","""Location"".""Location Name""",1,"formula","""Location"".""Location Name""","Calculated value","","""Location"".""Location Name""",,,125,"UCM Risk Management Report","/shared/University of California System 01UCS_NETWORK/Reports/Local Requests/Annual Statistic Reports/Annual Stats FY 2025-2026/Final stats reports (for July 1)/Risk Management/UCM Risk Management Report",4,,,
"RC125-C5-FORMULA","Column","inline","report_inline","""Location"".""Location Code""",1,"formula","""Location"".""Location Code""","Calculated value","","""Location"".""Location Code""",,,125,"UCM Risk Management Report","/shared/University of California System 01UCS_NETWORK/Reports/Local Requests/Annual Statistic Reports/Annual Stats FY 2025-2026/Final stats reports (for July 1)/Risk Management/UCM Risk Management Report",5,,,
"RC125-C6-FORMULA","Column","inline","report_inline","""Bibliographic Details"".""Resource Type""",1,"formula","""Bibliographic Details"".""Resource Type""","Calculated value","","""Bibliographic Details"".""Resource Type""",,,125,"UCM Risk Management Report","/shared/University of California System 01UCS_NETWORK/Reports/Local Requests/Annual Statistic Reports/Annual Stats FY 2025-2026/Final stats reports (for July 1)/Risk Management/UCM Risk Management Report",6,,,
"RC130-C3-FORMULA","Column","inline","report_inline","""Item Location at Time of Loan"".""Library Name""",1,"formula","""Item Location at Time of Loan"".""Library Name""","Calculated value","","""Item Location at Time of Loan"".""Library Name""",,,130,"UCM Physical Collection Usage","/shared/University of California System 01UCS_NETWORK/Reports/Local Requests/Annual Statistic Reports/Annual Stats FY 2025-2026/Final stats reports (for July 1)/Physical Collection Usage/UCM Physical Collection Usage",3,,,
"RC130-C4-FORMULA","Column","inline","report_inline","""Item Location at Time of Loan"".""Library Code""",1,"formula","""Item Location at Time of Loan"".""Library Code""","Calculated value","","""Item Location at Time of Loan"".""Library Code""",,,130,"UCM Physical Collection Usage","/shared/University of California System 01UCS_NETWORK/Reports/Local Requests/Annual Statistic Reports/Annual Stats FY 2025-2026/Final stats reports (for July 1)/Physical Collection Usage/UCM Physical Collection Usage",4,,,
"RC130-C5-FORMULA","Column","inline","report_inline","""Item Location at Time of Loan"".""Location Name""",1,"formula","""Item Location at Time of Loan"".""Location Name""","Calculated value","","""Item Location at Time of Loan"".""Location Name""",,,130,"UCM Physical Collection Usage","/shared/University of California System 01UCS_NETWORK/Reports/Local Requests/Annual Statistic Reports/Annual Stats FY 2025-2026/Final stats reports (for July 1)/Physical Collection Usage/UCM Physical Collection Usage",5,,,
"RC130-C6-FORMULA","Column","inline","report_inline","""Item Location at Time of Loan"".""Location Code""",1,"formula","""Item Location at Time of Loan"".""Location Code""","Calculated value","","""Item Location at Time of Loan"".""Location Code""",,,130,"UCM Physical Collection Usage","/shared/University of California System 01UCS_NETWORK/Reports/Local Requests/Annual Statistic Reports/Annual Stats FY 2025-2026/Final stats reports (for July 1)/Physical Collection Usage/UCM Physical Collection Usage",6,,,
"RC142-C3-FORMULA","Column","inline","report_inline","""Location"".""Library Name""",1,"formula","""Location"".""Library Name""","Calculated value","","""Location"".""Library Name""",,,142,"SLF-S Added Physical Holdings and Titles Report part 1","/shared/University of California System 01UCS_NETWORK/Reports/Local Requests/Annual Statistic Reports/Annual Stats FY 2025-2026/Final stats reports (for July 1)/Physical/SLF-S Added Physical Holdings and Titles Report part 1",3,,,
"RC142-C4-FORMULA","Column","inline","report_inline","""Location"".""Library Code""",1,"formula","""Location"".""Library Code""","Calculated value","","""Location"".""Library Code""",,,142,"SLF-S Added Physical Holdings and Titles Report part 1","/shared/University of California System 01UCS_NETWORK/Reports/Local Requests/Annual Statistic Reports/Annual Stats FY 2025-2026/Final stats reports (for July 1)/Physical/SLF-S Added Physical Holdings and Titles Report part 1",4,,,
"RC142-C5-FORMULA","Column","inline","report_inline","""Location"".""Location Name""",1,"formula","""Location"".""Location Name""","Calculated value","","""Location"".""Location Name""",,,142,"SLF-S Added Physical Holdings and Titles Report part 1","/shared/University of California System 01UCS_NETWORK/Reports/Local Requests/Annual Statistic Reports/Annual Stats FY 2025-2026/Final stats reports (for July 1)/Physical/SLF-S Added Physical Holdings and Titles Report part 1",5,,,
"RC142-C6-FORMULA","Column","inline","report_inline","""Location"".""Location Code""",1,"formula","""Location"".""Location Code""","Calculated value","","""Location"".""Location Code""",,,142,"SLF-S Added Physical Holdings and Titles Report part 1","/shared/University of California System 01UCS_NETWORK/Reports/Local Requests/Annual Statistic Reports/Annual Stats FY 2025-2026/Final stats reports (for July 1)/Physical/SLF-S Added Physical Holdings and Titles Report part 1",6,,,
"RC142-C7-FORMULA","Column","inline","report_inline","""Bibliographic Details"".""Resource Type""",1,"formula","""Bibliographic Details"".""Resource Type""","Calculated value","","""Bibliographic Details"".""Resource Type""",,,142,"SLF-S Added Physical Holdings and Titles Report part 1","/shared/University of California System 01UCS_NETWORK/Reports/Local Requests/Annual Statistic Reports/Annual Stats FY 2025-2026/Final stats reports (for July 1)/Physical/SLF-S Added Physical Holdings and Titles Report part 1",7,,,
"RC142-C8-FORMULA","Column","inline","report_inline","""Bibliographic Details"".""Material Type""",1,"formula","""Bibliographic Details"".""Material Type""","Calculated value","","""Bibliographic Details"".""Material Type""",,,142,"SLF-S Added Physical Holdings and Titles Report part 1","/shared/University of California System 01UCS_NETWORK/Reports/Local Requests/Annual Statistic Reports/Annual Stats FY 2025-2026/Final stats reports (for July 1)/Physical/SLF-S Added Physical Holdings and Titles Report part 1",8,,,
"RC144-C3-FORMULA","Column","inline","report_inline","""Item Location at Time of Loan"".""Library Name""",1,"formula","""Item Location at Time of Loan"".""Library Name""","Calculated value","","""Item Location at Time of Loan"".""Library Name""",,,144,"UCR Physical Collection Usage","/shared/University of California System 01UCS_NETWORK/Reports/Local Requests/Annual Statistic Reports/Annual Stats FY 2025-2026/Final stats reports (for July 1)/Physical Collection Usage/UCR Physical Collection Usage",3,,,
"RC144-C4-FORMULA","Column","inline","report_inline","""Item Location at Time of Loan"".""Library Code""",1,"formula","""Item Location at Time of Loan"".""Library Code""","Calculated value","","""Item Location at Time of Loan"".""Library Code""",,,144,"UCR Physical Collection Usage","/shared/University of California System 01UCS_NETWORK/Reports/Local Requests/Annual Statistic Reports/Annual Stats FY 2025-2026/Final stats reports (for July 1)/Physical Collection Usage/UCR Physical Collection Usage",4,,,
"RC144-C5-FORMULA","Column","inline","report_inline","""Item Location at Time of Loan"".""Location Name""",1,"formula","""Item Location at Time of Loan"".""Location Name""","Calculated value","","""Item Location at Time of Loan"".""Location Name""",,,144,"UCR Physical Collection Usage","/shared/University of California System 01UCS_NETWORK/Reports/Local Requests/Annual Statistic Reports/Annual Stats FY 2025-2026/Final stats reports (for July 1)/Physical Collection Usage/UCR Physical Collection Usage",5,,,
"RC144-C6-FORMULA","Column","inline","report_inline","""Item Location at Time of Loan"".""Location Code""",1,"formula","""Item Location at Time of Loan"".""Location Code""","Calculated value","","""Item Location at Time of Loan"".""Location Code""",,,144,"UCR Physical Collection Usage","/shared/University of California System 01UCS_NETWORK/Reports/Local Requests/Annual Statistic Reports/Annual Stats FY 2025-2026/Final stats reports (for July 1)/Physical Collection Usage/UCR Physical Collection Usage",6,,,
"RC145-C4-FORMULA","Column","inline","report_inline","""Electronic Collection"".""Electronic Collection Interface Name""",1,"formula","""Electronic Collection"".""Electronic Collection Interface Name""","Calculated value","","""Electronic Collection"".""Electronic Collection Interface Name""",,,145,"UCM eResources Comparison Report","/shared/University of California System 01UCS_NETWORK/Reports/Local Requests/Annual Statistic Reports/Annual Stats FY 2025-2026/Final stats reports (for July 1)/eResources Comparison/UCM eResources Comparison Report",4,,,
"RC148-C3-FORMULA","Column","inline","report_inline","""Location"".""Library Name""",1,"formula","""Location"".""Library Name""","Calculated value","","""Location"".""Library Name""",,,148,"UCM Library Categorization Report","/shared/University of California System 01UCS_NETWORK/Reports/Local Requests/Annual Statistic Reports/Annual Stats FY 2025-2026/Preparation review reports/Physical preparation review reports/UCM Library Categorization Report",3,,,
"RC148-C4-FORMULA","Column","inline","report_inline","""Location"".""Library Code""",1,"formula","""Location"".""Library Code""","Calculated value","","""Location"".""Library Code""",,,148,"UCM Library Categorization Report","/shared/University of California System 01UCS_NETWORK/Reports/Local Requests/Annual Statistic Reports/Annual Stats FY 2025-2026/Preparation review reports/Physical preparation review reports/UCM Library Categorization Report",4,,,
"RC148-C5-FORMULA","Column","inline","report_inline","""Location"".""Location Name""",1,"formula","""Location"".""Location Name""","Calculated value","","""Location"".""Location Name""",,,148,"UCM Library Categorization Report","/shared/University of California System 01UCS_NETWORK/Reports/Local Requests/Annual Statistic Reports/Annual Stats FY 2025-2026/Preparation review reports/Physical preparation review reports/UCM Library Categorization Report",5,,,
"RC148-C6-FORMULA","Column","inline","report_inline","""Location"".""Location Code""",1,"formula","""Location"".""Location Code""","Calculated value","","""Location"".""Location Code""",,,148,"UCM Library Categorization Report","/shared/University of California System 01UCS_NETWORK/Reports/Local Requests/Annual Statistic Reports/Annual Stats FY 2025-2026/Preparation review reports/Physical preparation review reports/UCM Library Categorization Report",6,,,
"RC151-C2-FORMULA","Column","inline","report_inline","""Location"".""Library Name""",1,"formula","""Location"".""Library Name""","Calculated value","","""Location"".""Library Name""",,,151,"UCR Risk Management Report","/shared/University of California System 01UCS_NETWORK/Reports/Local Requests/Annual Statistic Reports/Annual Stats FY 2025-2026/Final stats reports (for July 1)/Risk Management/UCR Risk Management Report",2,,,
"RC151-C3-FORMULA","Column","inline","report_inline","""Location"".""Library Code""",1,"formula","""Location"".""Library Code""","Calculated value","","""Location"".""Library Code""",,,151,"UCR Risk Management Report","/shared/University of California System 01UCS_NETWORK/Reports/Local Requests/Annual Statistic Reports/Annual Stats FY 2025-2026/Final stats reports (for July 1)/Risk Management/UCR Risk Management Report",3,,,
"RC151-C4-FORMULA","Column","inline","report_inline","""Location"".""Location Name""",1,"formula","""Location"".""Location Name""","Calculated value","","""Location"".""Location Name""",,,151,"UCR Risk Management Report","/shared/University of California System 01UCS_NETWORK/Reports/Local Requests/Annual Statistic Reports/Annual Stats FY 2025-2026/Final stats reports (for July 1)/Risk Management/UCR Risk Management Report",4,,,
"RC151-C5-FORMULA","Column","inline","report_inline","""Location"".""Location Code""",1,"formula","""Location"".""Location Code""","Calculated value","","""Location"".""Location Code""",,,151,"UCR Risk Management Report","/shared/University of California System 01UCS_NETWORK/Reports/Local Requests/Annual Statistic Reports/Annual Stats FY 2025-2026/Final stats reports (for July 1)/Risk Management/UCR Risk Management Report",5,,,
"RC151-C6-FORMULA","Column","inline","report_inline","""Bibliographic Details"".""Resource Type""",1,"formula","""Bibliographic Details"".""Resource Type""","Calculated value","","""Bibliographic Details"".""Resource Type""",,,151,"UCR Risk Management Report","/shared/University of California System 01UCS_NETWORK/Reports/Local Requests/Annual Statistic Reports/Annual Stats FY 2025-2026/Final stats reports (for July 1)/Risk Management/UCR Risk Management Report",6,,,
"RC154-C1-FORMULA","Column","inline","report_inline","""Institution"".""Institution Name""",1,"formula","""Institution"".""Institution Name""","Calculated value","","""Institution"".""Institution Name""",,,154,"UCM eResources Library Categorization Report","/shared/University of California System 01UCS_NETWORK/Reports/Local Requests/Annual Statistic Reports/Annual Stats FY 2025-2026/Preparation review reports/Electronic preparation review reports/UCM eResources Library Categorization Report",1,,,
"RC154-C3-FORMULA","Column","inline","report_inline","""Portfolio Library Unit"".""Library Name""",1,"formula","""Portfolio Library Unit"".""Library Name""","Calculated value","","""Portfolio Library Unit"".""Library Name""",,,154,"UCM eResources Library Categorization Report","/shared/University of California System 01UCS_NETWORK/Reports/Local Requests/Annual Statistic Reports/Annual Stats FY 2025-2026/Preparation review reports/Electronic preparation review reports/UCM eResources Library Categorization Report",3,,,
"RC154-C4-FORMULA","Column","inline","report_inline","""Portfolio Library Unit"".""Library Code""",1,"formula","""Portfolio Library Unit"".""Library Code""","Calculated value","","""Portfolio Library Unit"".""Library Code""",,,154,"UCM eResources Library Categorization Report","/shared/University of California System 01UCS_NETWORK/Reports/Local Requests/Annual Statistic Reports/Annual Stats FY 2025-2026/Preparation review reports/Electronic preparation review reports/UCM eResources Library Categorization Report",4,,,
"RC162-C4-FORMULA","Column","inline","report_inline","""Bibliographic Details"".""Resource Type""",1,"formula","""Bibliographic Details"".""Resource Type""","Calculated value","","""Bibliographic Details"".""Resource Type""",,,162,"UCM Electronic Holdings and Titles Report","/shared/University of California System 01UCS_NETWORK/Reports/Local Requests/Annual Statistic Reports/Annual Stats FY 2025-2026/Final stats reports (for July 1)/Electronic/UCM Electronic Holdings and Titles Report",4,,,
"RC164-C1-FORMULA","Column","inline","report_inline","""Institution"".""Institution Name""",1,"formula","""Institution"".""Institution Name""","Calculated value","","""Institution"".""Institution Name""",,,164,"UCI Check-Out Type Categorization Report","/shared/University of California System 01UCS_NETWORK/Reports/Local Requests/Annual Statistic Reports/Annual Stats FY 2025-2026/Preparation review reports/Fulfillment preparation review reports/UCI Check-Out Type Categorization Report",1,,,
"RC164-C3-FORMULA","Column","inline","report_inline","""Item Location at Time of Loan"".""Library Name""",1,"formula","""Item Location at Time of Loan"".""Library Name""","Calculated value","","""Item Location at Time of Loan"".""Library Name""",,,164,"UCI Check-Out Type Categorization Report","/shared/University of California System 01UCS_NETWORK/Reports/Local Requests/Annual Statistic Reports/Annual Stats FY 2025-2026/Preparation review reports/Fulfillment preparation review reports/UCI Check-Out Type Categorization Report",3,,,
"RC164-C4-FORMULA","Column","inline","report_inline","""Item Location at Time of Loan"".""Library Code""",1,"formula","""Item Location at Time of Loan"".""Library Code""","Calculated value","","""Item Location at Time of Loan"".""Library Code""",,,164,"UCI Check-Out Type Categorization Report","/shared/University of California System 01UCS_NETWORK/Reports/Local Requests/Annual Statistic Reports/Annual Stats FY 2025-2026/Preparation review reports/Fulfillment preparation review reports/UCI Check-Out Type Categorization Report",4,,,
"RC164-C5-FORMULA","Column","inline","report_inline","""Item Location at Time of Loan"".""Location Name""",1,"formula","""Item Location at Time of Loan"".""Location Name""","Calculated value","","""Item Location at Time of Loan"".""Location Name""",,,164,"UCI Check-Out Type Categorization Report","/shared/University of California System 01UCS_NETWORK/Reports/Local Requests/Annual Statistic Reports/Annual Stats FY 2025-2026/Preparation review reports/Fulfillment preparation review reports/UCI Check-Out Type Categorization Report",5,,,
"RC164-C6-FORMULA","Column","inline","report_inline","""Item Location at Time of Loan"".""Location Code""",1,"formula","""Item Location at Time of Loan"".""Location Code""","Calculated value","","""Item Location at Time of Loan"".""Location Code""",,,164,"UCI Check-Out Type Categorization Report","/shared/University of California System 01UCS_NETWORK/Reports/Local Requests/Annual Statistic Reports/Annual Stats FY 2025-2026/Preparation review reports/Fulfillment preparation review reports/UCI Check-Out Type Categorization Report",6,,,
"RC166-C3-FORMULA","Column","inline","report_inline","""Item Location at Time of Loan"".""Library Name""",1,"formula","""Item Location at Time of Loan"".""Library Name""","Calculated value","","""Item Location at Time of Loan"".""Library Name""",,,166,"UCSB Physical Collection Usage","/shared/University of California System 01UCS_NETWORK/Reports/Local Requests/Annual Statistic Reports/Annual Stats FY 2025-2026/Final stats reports (for July 1)/Physical Collection Usage/UCSB Physical Collection Usage",3,,,
"RC166-C4-FORMULA","Column","inline","report_inline","""Item Location at Time of Loan"".""Library Code""",1,"formula","""Item Location at Time of Loan"".""Library Code""","Calculated value","","""Item Location at Time of Loan"".""Library Code""",,,166,"UCSB Physical Collection Usage","/shared/University of California System 01UCS_NETWORK/Reports/Local Requests/Annual Statistic Reports/Annual Stats FY 2025-2026/Final stats reports (for July 1)/Physical Collection Usage/UCSB Physical Collection Usage",4,,,
"RC166-C5-FORMULA","Column","inline","report_inline","""Item Location at Time of Loan"".""Location Name""",1,"formula","""Item Location at Time of Loan"".""Location Name""","Calculated value","","""Item Location at Time of Loan"".""Location Name""",,,166,"UCSB Physical Collection Usage","/shared/University of California System 01UCS_NETWORK/Reports/Local Requests/Annual Statistic Reports/Annual Stats FY 2025-2026/Final stats reports (for July 1)/Physical Collection Usage/UCSB Physical Collection Usage",5,,,
"RC166-C6-FORMULA","Column","inline","report_inline","""Item Location at Time of Loan"".""Location Code""",1,"formula","""Item Location at Time of Loan"".""Location Code""","Calculated value","","""Item Location at Time of Loan"".""Location Code""",,,166,"UCSB Physical Collection Usage","/shared/University of California System 01UCS_NETWORK/Reports/Local Requests/Annual Statistic Reports/Annual Stats FY 2025-2026/Final stats reports (for July 1)/Physical Collection Usage/UCSB Physical Collection Usage",6,,,
"RC170-C2-FORMULA","Column","inline","report_inline","""Location"".""Library Name""",1,"formula","""Location"".""Library Name""","Calculated value","","""Location"".""Library Name""",,,170,"UCSB Risk Management Report","/shared/University of California System 01UCS_NETWORK/Reports/Local Requests/Annual Statistic Reports/Annual Stats FY 2025-2026/Final stats reports (for July 1)/Risk Management/UCSB Risk Management Report",2,,,
"RC170-C3-FORMULA","Column","inline","report_inline","""Location"".""Library Code""",1,"formula","""Location"".""Library Code""","Calculated value","","""Location"".""Library Code""",,,170,"UCSB Risk Management Report","/shared/University of California System 01UCS_NETWORK/Reports/Local Requests/Annual Statistic Reports/Annual Stats FY 2025-2026/Final stats reports (for July 1)/Risk Management/UCSB Risk Management Report",3,,,
"RC170-C4-FORMULA","Column","inline","report_inline","""Location"".""Location Name""",1,"formula","""Location"".""Location Name""","Calculated value","","""Location"".""Location Name""",,,170,"UCSB Risk Management Report","/shared/University of California System 01UCS_NETWORK/Reports/Local Requests/Annual Statistic Reports/Annual Stats FY 2025-2026/Final stats reports (for July 1)/Risk Management/UCSB Risk Management Report",4,,,
"RC170-C5-FORMULA","Column","inline","report_inline","""Location"".""Location Code""",1,"formula","""Location"".""Location Code""","Calculated value","","""Location"".""Location Code""",,,170,"UCSB Risk Management Report","/shared/University of California System 01UCS_NETWORK/Reports/Local Requests/Annual Statistic Reports/Annual Stats FY 2025-2026/Final stats reports (for July 1)/Risk Management/UCSB Risk Management Report",5,,,
"RC170-C6-FORMULA","Column","inline","report_inline","""Bibliographic Details"".""Resource Type""",1,"formula","""Bibliographic Details"".""Resource Type""","Calculated value","","""Bibliographic Details"".""Resource Type""",,,170,"UCSB Risk Management Report","/shared/University of California System 01UCS_NETWORK/Reports/Local Requests/Annual Statistic Reports/Annual Stats FY 2025-2026/Final stats reports (for July 1)/Risk Management/UCSB Risk Management Report",6,,,
"RC171-C1-FORMULA","Column","inline","report_inline","""Institution"".""Institution Name""",1,"formula","""Institution"".""Institution Name""","Calculated value","","""Institution"".""Institution Name""",,,171,"UCI User Group Categorization Report","/shared/University of California System 01UCS_NETWORK/Reports/Local Requests/Annual Statistic Reports/Annual Stats FY 2025-2026/Preparation review reports/Fulfillment preparation review reports/UCI User Group Categorization Report",1,,,
"RC171-C3-FORMULA","Column","inline","report_inline","""Borrower Details"".""User Group""",1,"formula","""Borrower Details"".""User Group""","Calculated value","","""Borrower Details"".""User Group""",,,171,"UCI User Group Categorization Report","/shared/University of California System 01UCS_NETWORK/Reports/Local Requests/Annual Statistic Reports/Annual Stats FY 2025-2026/Preparation review reports/Fulfillment preparation review reports/UCI User Group Categorization Report",3,,,
"RC174-C4-FORMULA","Column","inline","report_inline","""Electronic Collection"".""Electronic Collection Interface Name""",1,"formula","""Electronic Collection"".""Electronic Collection Interface Name""","Calculated value","","""Electronic Collection"".""Electronic Collection Interface Name""",,,174,"UCR eResources Comparison Report","/shared/University of California System 01UCS_NETWORK/Reports/Local Requests/Annual Statistic Reports/Annual Stats FY 2025-2026/Final stats reports (for July 1)/eResources Comparison/UCR eResources Comparison Report",4,,,
"RC175-C1-FORMULA","Column","inline","report_inline","""Institution"".""Institution Name""",1,"formula","""Institution"".""Institution Name""","Calculated value","","""Institution"".""Institution Name""",,,175,"UCR eResources Library Categorization Report","/shared/University of California System 01UCS_NETWORK/Reports/Local Requests/Annual Statistic Reports/Annual Stats FY 2025-2026/Preparation review reports/Electronic preparation review reports/UCR eResources Library Categorization Report",1,,,
"RC175-C3-FORMULA","Column","inline","report_inline","""Portfolio Library Unit"".""Library Name""",1,"formula","""Portfolio Library Unit"".""Library Name""","Calculated value","","""Portfolio Library Unit"".""Library Name""",,,175,"UCR eResources Library Categorization Report","/shared/University of California System 01UCS_NETWORK/Reports/Local Requests/Annual Statistic Reports/Annual Stats FY 2025-2026/Preparation review reports/Electronic preparation review reports/UCR eResources Library Categorization Report",3,,,
"RC175-C4-FORMULA","Column","inline","report_inline","""Portfolio Library Unit"".""Library Code""",1,"formula","""Portfolio Library Unit"".""Library Code""","Calculated value","","""Portfolio Library Unit"".""Library Code""",,,175,"UCR eResources Library Categorization Report","/shared/University of California System 01UCS_NETWORK/Reports/Local Requests/Annual Statistic Reports/Annual Stats FY 2025-2026/Preparation review reports/Electronic preparation review reports/UCR eResources Library Categorization Report",4,,,
"RC177-C3-FORMULA","Column","inline","report_inline","""Location"".""Library Name""",1,"formula","""Location"".""Library Name""","Calculated value","","""Location"".""Library Name""",,,177,"UCR Library Categorization Report","/shared/University of California System 01UCS_NETWORK/Reports/Local Requests/Annual Statistic Reports/Annual Stats FY 2025-2026/Preparation review reports/Physical preparation review reports/UCR Library Categorization Report",3,,,
"RC177-C4-FORMULA","Column","inline","report_inline","""Location"".""Library Code""",1,"formula","""Location"".""Library Code""","Calculated value","","""Location"".""Library Code""",,,177,"UCR Library Categorization Report","/shared/University of California System 01UCS_NETWORK/Reports/Local Requests/Annual Statistic Reports/Annual Stats FY 2025-2026/Preparation review reports/Physical preparation review reports/UCR Library Categorization Report",4,,,
"RC177-C5-FORMULA","Column","inline","report_inline","""Location"".""Location Name""",1,"formula","""Location"".""Location Name""","Calculated value","","""Location"".""Location Name""",,,177,"UCR Library Categorization Report","/shared/University of California System 01UCS_NETWORK/Reports/Local Requests/Annual Statistic Reports/Annual Stats FY 2025-2026/Preparation review reports/Physical preparation review reports/UCR Library Categorization Report",5,,,
"RC177-C6-FORMULA","Column","inline","report_inline","""Location"".""Location Code""",1,"formula","""Location"".""Location Code""","Calculated value","","""Location"".""Location Code""",,,177,"UCR Library Categorization Report","/shared/University of California System 01UCS_NETWORK/Reports/Local Requests/Annual Statistic Reports/Annual Stats FY 2025-2026/Preparation review reports/Physical preparation review reports/UCR Library Categorization Report",6,,,
"RC178-C4-FORMULA","Column","inline","report_inline","""Bibliographic Details"".""Resource Type""",1,"formula","""Bibliographic Details"".""Resource Type""","Calculated value","","""Bibliographic Details"".""Resource Type""",,,178,"UCR Electronic Holdings and Titles Report","/shared/University of California System 01UCS_NETWORK/Reports/Local Requests/Annual Statistic Reports/Annual Stats FY 2025-2026/Final stats reports (for July 1)/Electronic/UCR Electronic Holdings and Titles Report",4,,,
"RC181-C1-FORMULA","Column","inline","report_inline","""Institution"".""Institution Name""",1,"formula","""Institution"".""Institution Name""","Calculated value","","""Institution"".""Institution Name""",,,181,"UCLA Check-Out Type Categorization Report","/shared/University of California System 01UCS_NETWORK/Reports/Local Requests/Annual Statistic Reports/Annual Stats FY 2025-2026/Preparation review reports/Fulfillment preparation review reports/UCLA Check-Out Type Categorization Report",1,,,
"RC181-C3-FORMULA","Column","inline","report_inline","""Item Location at Time of Loan"".""Library Name""",1,"formula","""Item Location at Time of Loan"".""Library Name""","Calculated value","","""Item Location at Time of Loan"".""Library Name""",,,181,"UCLA Check-Out Type Categorization Report","/shared/University of California System 01UCS_NETWORK/Reports/Local Requests/Annual Statistic Reports/Annual Stats FY 2025-2026/Preparation review reports/Fulfillment preparation review reports/UCLA Check-Out Type Categorization Report",3,,,
"RC181-C4-FORMULA","Column","inline","report_inline","""Item Location at Time of Loan"".""Library Code""",1,"formula","""Item Location at Time of Loan"".""Library Code""","Calculated value","","""Item Location at Time of Loan"".""Library Code""",,,181,"UCLA Check-Out Type Categorization Report","/shared/University of California System 01UCS_NETWORK/Reports/Local Requests/Annual Statistic Reports/Annual Stats FY 2025-2026/Preparation review reports/Fulfillment preparation review reports/UCLA Check-Out Type Categorization Report",4,,,
"RC181-C5-FORMULA","Column","inline","report_inline","""Item Location at Time of Loan"".""Location Name""",1,"formula","""Item Location at Time of Loan"".""Location Name""","Calculated value","","""Item Location at Time of Loan"".""Location Name""",,,181,"UCLA Check-Out Type Categorization Report","/shared/University of California System 01UCS_NETWORK/Reports/Local Requests/Annual Statistic Reports/Annual Stats FY 2025-2026/Preparation review reports/Fulfillment preparation review reports/UCLA Check-Out Type Categorization Report",5,,,
"RC181-C6-FORMULA","Column","inline","report_inline","""Item Location at Time of Loan"".""Location Code""",1,"formula","""Item Location at Time of Loan"".""Location Code""","Calculated value","","""Item Location at Time of Loan"".""Location Code""",,,181,"UCLA Check-Out Type Categorization Report","/shared/University of California System 01UCS_NETWORK/Reports/Local Requests/Annual Statistic Reports/Annual Stats FY 2025-2026/Preparation review reports/Fulfillment preparation review reports/UCLA Check-Out Type Categorization Report",6,,,
"RC182-C3-FORMULA","Column","inline","report_inline","""Item Location at Time of Loan"".""Library Name""",1,"formula","""Item Location at Time of Loan"".""Library Name""","Calculated value","","""Item Location at Time of Loan"".""Library Name""",,,182,"UCSC Physical Collection Usage","/shared/University of California System 01UCS_NETWORK/Reports/Local Requests/Annual Statistic Reports/Annual Stats FY 2025-2026/Final stats reports (for July 1)/Physical Collection Usage/UCSC Physical Collection Usage",3,,,
"RC182-C4-FORMULA","Column","inline","report_inline","""Item Location at Time of Loan"".""Library Code""",1,"formula","""Item Location at Time of Loan"".""Library Code""","Calculated value","","""Item Location at Time of Loan"".""Library Code""",,,182,"UCSC Physical Collection Usage","/shared/University of California System 01UCS_NETWORK/Reports/Local Requests/Annual Statistic Reports/Annual Stats FY 2025-2026/Final stats reports (for July 1)/Physical Collection Usage/UCSC Physical Collection Usage",4,,,
"RC182-C5-FORMULA","Column","inline","report_inline","""Item Location at Time of Loan"".""Location Name""",1,"formula","""Item Location at Time of Loan"".""Location Name""","Calculated value","","""Item Location at Time of Loan"".""Location Name""",,,182,"UCSC Physical Collection Usage","/shared/University of California System 01UCS_NETWORK/Reports/Local Requests/Annual Statistic Reports/Annual Stats FY 2025-2026/Final stats reports (for July 1)/Physical Collection Usage/UCSC Physical Collection Usage",5,,,
"RC182-C6-FORMULA","Column","inline","report_inline","""Item Location at Time of Loan"".""Location Code""",1,"formula","""Item Location at Time of Loan"".""Location Code""","Calculated value","","""Item Location at Time of Loan"".""Location Code""",,,182,"UCSC Physical Collection Usage","/shared/University of California System 01UCS_NETWORK/Reports/Local Requests/Annual Statistic Reports/Annual Stats FY 2025-2026/Final stats reports (for July 1)/Physical Collection Usage/UCSC Physical Collection Usage",6,,,
"RC183-C4-FORMULA","Column","inline","report_inline","""Electronic Collection"".""Electronic Collection Interface Name""",1,"formula","""Electronic Collection"".""Electronic Collection Interface Name""","Calculated value","","""Electronic Collection"".""Electronic Collection Interface Name""",,,183,"UCSB eResources Comparison Report","/shared/University of California System 01UCS_NETWORK/Reports/Local Requests/Annual Statistic Reports/Annual Stats FY 2025-2026/Final stats reports (for July 1)/eResources Comparison/UCSB eResources Comparison Report",4,,,
"RC184-C2-FORMULA","Column","inline","report_inline","""Location"".""Library Name""",1,"formula","""Location"".""Library Name""","Calculated value","","""Location"".""Library Name""",,,184,"UCSC Risk Management Report","/shared/University of California System 01UCS_NETWORK/Reports/Local Requests/Annual Statistic Reports/Annual Stats FY 2025-2026/Final stats reports (for July 1)/Risk Management/UCSC Risk Management Report",2,,,
"RC184-C3-FORMULA","Column","inline","report_inline","""Location"".""Library Code""",1,"formula","""Location"".""Library Code""","Calculated value","","""Location"".""Library Code""",,,184,"UCSC Risk Management Report","/shared/University of California System 01UCS_NETWORK/Reports/Local Requests/Annual Statistic Reports/Annual Stats FY 2025-2026/Final stats reports (for July 1)/Risk Management/UCSC Risk Management Report",3,,,
"RC184-C4-FORMULA","Column","inline","report_inline","""Location"".""Location Name""",1,"formula","""Location"".""Location Name""","Calculated value","","""Location"".""Location Name""",,,184,"UCSC Risk Management Report","/shared/University of California System 01UCS_NETWORK/Reports/Local Requests/Annual Statistic Reports/Annual Stats FY 2025-2026/Final stats reports (for July 1)/Risk Management/UCSC Risk Management Report",4,,,
"RC184-C5-FORMULA","Column","inline","report_inline","""Location"".""Location Code""",1,"formula","""Location"".""Location Code""","Calculated value","","""Location"".""Location Code""",,,184,"UCSC Risk Management Report","/shared/University of California System 01UCS_NETWORK/Reports/Local Requests/Annual Statistic Reports/Annual Stats FY 2025-2026/Final stats reports (for July 1)/Risk Management/UCSC Risk Management Report",5,,,
"RC184-C6-FORMULA","Column","inline","report_inline","""Bibliographic Details"".""Resource Type""",1,"formula","""Bibliographic Details"".""Resource Type""","Calculated value","","""Bibliographic Details"".""Resource Type""",,,184,"UCSC Risk Management Report","/shared/University of California System 01UCS_NETWORK/Reports/Local Requests/Annual Statistic Reports/Annual Stats FY 2025-2026/Final stats reports (for July 1)/Risk Management/UCSC Risk Management Report",6,,,
"RC185-C4-FORMULA","Column","inline","report_inline","""Bibliographic Details"".""Resource Type""",1,"formula","""Bibliographic Details"".""Resource Type""","Calculated value","","""Bibliographic Details"".""Resource Type""",,,185,"UCSB Electronic Holdings and Titles Report","/shared/University of California System 01UCS_NETWORK/Reports/Local Requests/Annual Statistic Reports/Annual Stats FY 2025-2026/Final stats reports (for July 1)/Electronic/UCSB Electronic Holdings and Titles Report",4,,,
"RC186-C1-FORMULA","Column","inline","report_inline","""Institution"".""Institution Name""",1,"formula","""Institution"".""Institution Name""","Calculated value","","""Institution"".""Institution Name""",,,186,"UCSB eResources Library Categorization Report","/shared/University of California System 01UCS_NETWORK/Reports/Local Requests/Annual Statistic Reports/Annual Stats FY 2025-2026/Preparation review reports/Electronic preparation review reports/UCSB eResources Library Categorization Report",1,,,
"RC186-C3-FORMULA","Column","inline","report_inline","""Portfolio Library Unit"".""Library Name""",1,"formula","""Portfolio Library Unit"".""Library Name""","Calculated value","","""Portfolio Library Unit"".""Library Name""",,,186,"UCSB eResources Library Categorization Report","/shared/University of California System 01UCS_NETWORK/Reports/Local Requests/Annual Statistic Reports/Annual Stats FY 2025-2026/Preparation review reports/Electronic preparation review reports/UCSB eResources Library Categorization Report",3,,,
"RC186-C4-FORMULA","Column","inline","report_inline","""Portfolio Library Unit"".""Library Code""",1,"formula","""Portfolio Library Unit"".""Library Code""","Calculated value","","""Portfolio Library Unit"".""Library Code""",,,186,"UCSB eResources Library Categorization Report","/shared/University of California System 01UCS_NETWORK/Reports/Local Requests/Annual Statistic Reports/Annual Stats FY 2025-2026/Preparation review reports/Electronic preparation review reports/UCSB eResources Library Categorization Report",4,,,
"RC187-C3-FORMULA","Column","inline","report_inline","""Location"".""Library Name""",1,"formula","""Location"".""Library Name""","Calculated value","","""Location"".""Library Name""",,,187,"UCSB Library Categorization Report","/shared/University of California System 01UCS_NETWORK/Reports/Local Requests/Annual Statistic Reports/Annual Stats FY 2025-2026/Preparation review reports/Physical preparation review reports/UCSB Library Categorization Report",3,,,
"RC187-C4-FORMULA","Column","inline","report_inline","""Location"".""Library Code""",1,"formula","""Location"".""Library Code""","Calculated value","","""Location"".""Library Code""",,,187,"UCSB Library Categorization Report","/shared/University of California System 01UCS_NETWORK/Reports/Local Requests/Annual Statistic Reports/Annual Stats FY 2025-2026/Preparation review reports/Physical preparation review reports/UCSB Library Categorization Report",4,,,
"RC187-C5-FORMULA","Column","inline","report_inline","""Location"".""Location Name""",1,"formula","""Location"".""Location Name""","Calculated value","","""Location"".""Location Name""",,,187,"UCSB Library Categorization Report","/shared/University of California System 01UCS_NETWORK/Reports/Local Requests/Annual Statistic Reports/Annual Stats FY 2025-2026/Preparation review reports/Physical preparation review reports/UCSB Library Categorization Report",5,,,
"RC187-C6-FORMULA","Column","inline","report_inline","""Location"".""Location Code""",1,"formula","""Location"".""Location Code""","Calculated value","","""Location"".""Location Code""",,,187,"UCSB Library Categorization Report","/shared/University of California System 01UCS_NETWORK/Reports/Local Requests/Annual Statistic Reports/Annual Stats FY 2025-2026/Preparation review reports/Physical preparation review reports/UCSB Library Categorization Report",6,,,
"RC188-C3-FORMULA","Column","inline","report_inline","""Location"".""Library Name""",1,"formula","""Location"".""Library Name""","Calculated value","","""Location"".""Library Name""",,,188,"SLF-S Added Physical Holdings and Titles Report part 2","/shared/University of California System 01UCS_NETWORK/Reports/Local Requests/Annual Statistic Reports/Annual Stats FY 2025-2026/Final stats reports (for July 1)/Physical/SLF-S Added Physical Holdings and Titles Report part 2",3,,,
"RC188-C4-FORMULA","Column","inline","report_inline","""Location"".""Library Code""",1,"formula","""Location"".""Library Code""","Calculated value","","""Location"".""Library Code""",,,188,"SLF-S Added Physical Holdings and Titles Report part 2","/shared/University of California System 01UCS_NETWORK/Reports/Local Requests/Annual Statistic Reports/Annual Stats FY 2025-2026/Final stats reports (for July 1)/Physical/SLF-S Added Physical Holdings and Titles Report part 2",4,,,
"RC188-C5-FORMULA","Column","inline","report_inline","""Location"".""Location Name""",1,"formula","""Location"".""Location Name""","Calculated value","","""Location"".""Location Name""",,,188,"SLF-S Added Physical Holdings and Titles Report part 2","/shared/University of California System 01UCS_NETWORK/Reports/Local Requests/Annual Statistic Reports/Annual Stats FY 2025-2026/Final stats reports (for July 1)/Physical/SLF-S Added Physical Holdings and Titles Report part 2",5,,,
"RC188-C6-FORMULA","Column","inline","report_inline","""Location"".""Location Code""",1,"formula","""Location"".""Location Code""","Calculated value","","""Location"".""Location Code""",,,188,"SLF-S Added Physical Holdings and Titles Report part 2","/shared/University of California System 01UCS_NETWORK/Reports/Local Requests/Annual Statistic Reports/Annual Stats FY 2025-2026/Final stats reports (for July 1)/Physical/SLF-S Added Physical Holdings and Titles Report part 2",6,,,
"RC188-C7-FORMULA","Column","inline","report_inline","""Bibliographic Details"".""Resource Type""",1,"formula","""Bibliographic Details"".""Resource Type""","Calculated value","","""Bibliographic Details"".""Resource Type""",,,188,"SLF-S Added Physical Holdings and Titles Report part 2","/shared/University of California System 01UCS_NETWORK/Reports/Local Requests/Annual Statistic Reports/Annual Stats FY 2025-2026/Final stats reports (for July 1)/Physical/SLF-S Added Physical Holdings and Titles Report part 2",7,,,
"RC188-C8-FORMULA","Column","inline","report_inline","""Bibliographic Details"".""Material Type""",1,"formula","""Bibliographic Details"".""Material Type""","Calculated value","","""Bibliographic Details"".""Material Type""",,,188,"SLF-S Added Physical Holdings and Titles Report part 2","/shared/University of California System 01UCS_NETWORK/Reports/Local Requests/Annual Statistic Reports/Annual Stats FY 2025-2026/Final stats reports (for July 1)/Physical/SLF-S Added Physical Holdings and Titles Report part 2",8,,,
"RC189-C3-FORMULA","Column","inline","report_inline","""Location"".""Library Name""",1,"formula","""Location"".""Library Name""","Calculated value","","""Location"".""Library Name""",,,189,"UCB physical holdings and titles report","/shared/University of California System 01UCS_NETWORK/Reports/Local Requests/Annual Statistic Reports/Annual Stats FY 2025-2026/Final stats reports (for July 1)/Physical/UCB physical holdings and titles report",3,,,
"RC189-C4-FORMULA","Column","inline","report_inline","""Location"".""Library Code""",1,"formula","""Location"".""Library Code""","Calculated value","","""Location"".""Library Code""",,,189,"UCB physical holdings and titles report","/shared/University of California System 01UCS_NETWORK/Reports/Local Requests/Annual Statistic Reports/Annual Stats FY 2025-2026/Final stats reports (for July 1)/Physical/UCB physical holdings and titles report",4,,,
"RC189-C5-FORMULA","Column","inline","report_inline","""Location"".""Location Name""",1,"formula","""Location"".""Location Name""","Calculated value","","""Location"".""Location Name""",,,189,"UCB physical holdings and titles report","/shared/University of California System 01UCS_NETWORK/Reports/Local Requests/Annual Statistic Reports/Annual Stats FY 2025-2026/Final stats reports (for July 1)/Physical/UCB physical holdings and titles report",5,,,
"RC189-C6-FORMULA","Column","inline","report_inline","""Location"".""Location Code""",1,"formula","""Location"".""Location Code""","Calculated value","","""Location"".""Location Code""",,,189,"UCB physical holdings and titles report","/shared/University of California System 01UCS_NETWORK/Reports/Local Requests/Annual Statistic Reports/Annual Stats FY 2025-2026/Final stats reports (for July 1)/Physical/UCB physical holdings and titles report",6,,,
"RC189-C7-FORMULA","Column","inline","report_inline","""Bibliographic Details"".""Resource Type""",1,"formula","""Bibliographic Details"".""Resource Type""","Calculated value","","""Bibliographic Details"".""Resource Type""",,,189,"UCB physical holdings and titles report","/shared/University of California System 01UCS_NETWORK/Reports/Local Requests/Annual Statistic Reports/Annual Stats FY 2025-2026/Final stats reports (for July 1)/Physical/UCB physical holdings and titles report",7,,,
"RC190-C1-FORMULA","Column","inline","report_inline","""Institution"".""Institution Name""",1,"formula","""Institution"".""Institution Name""","Calculated value","","""Institution"".""Institution Name""",,,190,"UCLA User Group Categorization Report","/shared/University of California System 01UCS_NETWORK/Reports/Local Requests/Annual Statistic Reports/Annual Stats FY 2025-2026/Preparation review reports/Fulfillment preparation review reports/UCLA User Group Categorization Report",1,,,
"RC190-C3-FORMULA","Column","inline","report_inline","""Borrower Details"".""User Group""",1,"formula","""Borrower Details"".""User Group""","Calculated value","","""Borrower Details"".""User Group""",,,190,"UCLA User Group Categorization Report","/shared/University of California System 01UCS_NETWORK/Reports/Local Requests/Annual Statistic Reports/Annual Stats FY 2025-2026/Preparation review reports/Fulfillment preparation review reports/UCLA User Group Categorization Report",3,,,
"RC191-C2-FORMULA","Column","inline","report_inline","""Location"".""Library Name""",1,"formula","""Location"".""Library Name""","Calculated value","","""Location"".""Library Name""",,,191,"UCSD Risk Management Report","/shared/University of California System 01UCS_NETWORK/Reports/Local Requests/Annual Statistic Reports/Annual Stats FY 2025-2026/Final stats reports (for July 1)/Risk Management/UCSD Risk Management Report",2,,,
"RC191-C3-FORMULA","Column","inline","report_inline","""Location"".""Library Code""",1,"formula","""Location"".""Library Code""","Calculated value","","""Location"".""Library Code""",,,191,"UCSD Risk Management Report","/shared/University of California System 01UCS_NETWORK/Reports/Local Requests/Annual Statistic Reports/Annual Stats FY 2025-2026/Final stats reports (for July 1)/Risk Management/UCSD Risk Management Report",3,,,
"RC191-C4-FORMULA","Column","inline","report_inline","""Location"".""Location Name""",1,"formula","""Location"".""Location Name""","Calculated value","","""Location"".""Location Name""",,,191,"UCSD Risk Management Report","/shared/University of California System 01UCS_NETWORK/Reports/Local Requests/Annual Statistic Reports/Annual Stats FY 2025-2026/Final stats reports (for July 1)/Risk Management/UCSD Risk Management Report",4,,,
"RC191-C5-FORMULA","Column","inline","report_inline","""Location"".""Location Code""",1,"formula","""Location"".""Location Code""","Calculated value","","""Location"".""Location Code""",,,191,"UCSD Risk Management Report","/shared/University of California System 01UCS_NETWORK/Reports/Local Requests/Annual Statistic Reports/Annual Stats FY 2025-2026/Final stats reports (for July 1)/Risk Management/UCSD Risk Management Report",5,,,
"RC191-C6-FORMULA","Column","inline","report_inline","""Bibliographic Details"".""Resource Type""",1,"formula","""Bibliographic Details"".""Resource Type""","Calculated value","","""Bibliographic Details"".""Resource Type""",,,191,"UCSD Risk Management Report","/shared/University of California System 01UCS_NETWORK/Reports/Local Requests/Annual Statistic Reports/Annual Stats FY 2025-2026/Final stats reports (for July 1)/Risk Management/UCSD Risk Management Report",6,,,
"RC193-C3-FORMULA","Column","inline","report_inline","""Location"".""Library Name""",1,"formula","""Location"".""Library Name""","Calculated value","","""Location"".""Library Name""",,,193,"UCSC Library Categorization Report","/shared/University of California System 01UCS_NETWORK/Reports/Local Requests/Annual Statistic Reports/Annual Stats FY 2025-2026/Preparation review reports/Physical preparation review reports/UCSC Library Categorization Report",3,,,
"RC193-C4-FORMULA","Column","inline","report_inline","""Location"".""Library Code""",1,"formula","""Location"".""Library Code""","Calculated value","","""Location"".""Library Code""",,,193,"UCSC Library Categorization Report","/shared/University of California System 01UCS_NETWORK/Reports/Local Requests/Annual Statistic Reports/Annual Stats FY 2025-2026/Preparation review reports/Physical preparation review reports/UCSC Library Categorization Report",4,,,
"RC193-C5-FORMULA","Column","inline","report_inline","""Location"".""Location Name""",1,"formula","""Location"".""Location Name""","Calculated value","","""Location"".""Location Name""",,,193,"UCSC Library Categorization Report","/shared/University of California System 01UCS_NETWORK/Reports/Local Requests/Annual Statistic Reports/Annual Stats FY 2025-2026/Preparation review reports/Physical preparation review reports/UCSC Library Categorization Report",5,,,
"RC193-C6-FORMULA","Column","inline","report_inline","""Location"".""Location Code""",1,"formula","""Location"".""Location Code""","Calculated value","","""Location"".""Location Code""",,,193,"UCSC Library Categorization Report","/shared/University of California System 01UCS_NETWORK/Reports/Local Requests/Annual Statistic Reports/Annual Stats FY 2025-2026/Preparation review reports/Physical preparation review reports/UCSC Library Categorization Report",6,,,
"RC194-C3-FORMULA","Column","inline","report_inline","""Item Location at Time of Loan"".""Library Name""",1,"formula","""Item Location at Time of Loan"".""Library Name""","Calculated value","","""Item Location at Time of Loan"".""Library Name""",,,194,"UCSD Physical Collection Usage","/shared/University of California System 01UCS_NETWORK/Reports/Local Requests/Annual Statistic Reports/Annual Stats FY 2025-2026/Final stats reports (for July 1)/Physical Collection Usage/UCSD Physical Collection Usage",3,,,
"RC194-C4-FORMULA","Column","inline","report_inline","""Item Location at Time of Loan"".""Library Code""",1,"formula","""Item Location at Time of Loan"".""Library Code""","Calculated value","","""Item Location at Time of Loan"".""Library Code""",,,194,"UCSD Physical Collection Usage","/shared/University of California System 01UCS_NETWORK/Reports/Local Requests/Annual Statistic Reports/Annual Stats FY 2025-2026/Final stats reports (for July 1)/Physical Collection Usage/UCSD Physical Collection Usage",4,,,
"RC194-C5-FORMULA","Column","inline","report_inline","""Item Location at Time of Loan"".""Location Name""",1,"formula","""Item Location at Time of Loan"".""Location Name""","Calculated value","","""Item Location at Time of Loan"".""Location Name""",,,194,"UCSD Physical Collection Usage","/shared/University of California System 01UCS_NETWORK/Reports/Local Requests/Annual Statistic Reports/Annual Stats FY 2025-2026/Final stats reports (for July 1)/Physical Collection Usage/UCSD Physical Collection Usage",5,,,
"RC194-C6-FORMULA","Column","inline","report_inline","""Item Location at Time of Loan"".""Location Code""",1,"formula","""Item Location at Time of Loan"".""Location Code""","Calculated value","","""Item Location at Time of Loan"".""Location Code""",,,194,"UCSD Physical Collection Usage","/shared/University of California System 01UCS_NETWORK/Reports/Local Requests/Annual Statistic Reports/Annual Stats FY 2025-2026/Final stats reports (for July 1)/Physical Collection Usage/UCSD Physical Collection Usage",6,,,
"RC196-C4-FORMULA","Column","inline","report_inline","""Electronic Collection"".""Electronic Collection Interface Name""",1,"formula","""Electronic Collection"".""Electronic Collection Interface Name""","Calculated value","","""Electronic Collection"".""Electronic Collection Interface Name""",,,196,"UCSC eResources Comparison Report","/shared/University of California System 01UCS_NETWORK/Reports/Local Requests/Annual Statistic Reports/Annual Stats FY 2025-2026/Final stats reports (for July 1)/eResources Comparison/UCSC eResources Comparison Report",4,,,
"RC197-C4-FORMULA","Column","inline","report_inline","""Bibliographic Details"".""Resource Type""",1,"formula","""Bibliographic Details"".""Resource Type""","Calculated value","","""Bibliographic Details"".""Resource Type""",,,197,"UCSC Electronic Holdings and Titles Report","/shared/University of California System 01UCS_NETWORK/Reports/Local Requests/Annual Statistic Reports/Annual Stats FY 2025-2026/Final stats reports (for July 1)/Electronic/UCSC Electronic Holdings and Titles Report",4,,,
"RC198-C1-FORMULA","Column","inline","report_inline","""Institution"".""Institution Name""",1,"formula","""Institution"".""Institution Name""","Calculated value","","""Institution"".""Institution Name""",,,198,"UCSC eResources Library Categorization Report","/shared/University of California System 01UCS_NETWORK/Reports/Local Requests/Annual Statistic Reports/Annual Stats FY 2025-2026/Preparation review reports/Electronic preparation review reports/UCSC eResources Library Categorization Report",1,,,
"RC198-C3-FORMULA","Column","inline","report_inline","""Portfolio Library Unit"".""Library Name""",1,"formula","""Portfolio Library Unit"".""Library Name""","Calculated value","","""Portfolio Library Unit"".""Library Name""",,,198,"UCSC eResources Library Categorization Report","/shared/University of California System 01UCS_NETWORK/Reports/Local Requests/Annual Statistic Reports/Annual Stats FY 2025-2026/Preparation review reports/Electronic preparation review reports/UCSC eResources Library Categorization Report",3,,,
"RC198-C4-FORMULA","Column","inline","report_inline","""Portfolio Library Unit"".""Library Code""",1,"formula","""Portfolio Library Unit"".""Library Code""","Calculated value","","""Portfolio Library Unit"".""Library Code""",,,198,"UCSC eResources Library Categorization Report","/shared/University of California System 01UCS_NETWORK/Reports/Local Requests/Annual Statistic Reports/Annual Stats FY 2025-2026/Preparation review reports/Electronic preparation review reports/UCSC eResources Library Categorization Report",4,,,
"RC199-C3-FORMULA","Column","inline","report_inline","""Location"".""Library Name""",1,"formula","""Location"".""Library Name""","Calculated value","","""Location"".""Library Name""",,,199,"UCD Physical Holdings and Titles Report","/shared/University of California System 01UCS_NETWORK/Reports/Local Requests/Annual Statistic Reports/Annual Stats FY 2025-2026/Final stats reports (for July 1)/Physical/UCD Physical Holdings and Titles Report",3,,,
"RC199-C4-FORMULA","Column","inline","report_inline","""Location"".""Library Code""",1,"formula","""Location"".""Library Code""","Calculated value","","""Location"".""Library Code""",,,199,"UCD Physical Holdings and Titles Report","/shared/University of California System 01UCS_NETWORK/Reports/Local Requests/Annual Statistic Reports/Annual Stats FY 2025-2026/Final stats reports (for July 1)/Physical/UCD Physical Holdings and Titles Report",4,,,
"RC199-C5-FORMULA","Column","inline","report_inline","""Location"".""Location Name""",1,"formula","""Location"".""Location Name""","Calculated value","","""Location"".""Location Name""",,,199,"UCD Physical Holdings and Titles Report","/shared/University of California System 01UCS_NETWORK/Reports/Local Requests/Annual Statistic Reports/Annual Stats FY 2025-2026/Final stats reports (for July 1)/Physical/UCD Physical Holdings and Titles Report",5,,,
"RC199-C6-FORMULA","Column","inline","report_inline","""Location"".""Location Code""",1,"formula","""Location"".""Location Code""","Calculated value","","""Location"".""Location Code""",,,199,"UCD Physical Holdings and Titles Report","/shared/University of California System 01UCS_NETWORK/Reports/Local Requests/Annual Statistic Reports/Annual Stats FY 2025-2026/Final stats reports (for July 1)/Physical/UCD Physical Holdings and Titles Report",6,,,
"RC199-C7-FORMULA","Column","inline","report_inline","""Bibliographic Details"".""Resource Type""",1,"formula","""Bibliographic Details"".""Resource Type""","Calculated value","","""Bibliographic Details"".""Resource Type""",,,199,"UCD Physical Holdings and Titles Report","/shared/University of California System 01UCS_NETWORK/Reports/Local Requests/Annual Statistic Reports/Annual Stats FY 2025-2026/Final stats reports (for July 1)/Physical/UCD Physical Holdings and Titles Report",7,,,
"RC201-C4-FORMULA","Column","inline","report_inline","""Electronic Collection"".""Electronic Collection Interface Name""",1,"formula","""Electronic Collection"".""Electronic Collection Interface Name""","Calculated value","","""Electronic Collection"".""Electronic Collection Interface Name""",,,201,"UCSD eResources Comparison Report","/shared/University of California System 01UCS_NETWORK/Reports/Local Requests/Annual Statistic Reports/Annual Stats FY 2025-2026/Final stats reports (for July 1)/eResources Comparison/UCSD eResources Comparison Report",4,,,
"RC202-C1-FORMULA","Column","inline","report_inline","""Institution"".""Institution Name""",1,"formula","""Institution"".""Institution Name""","Calculated value","","""Institution"".""Institution Name""",,,202,"UCM Check-Out Type Categorization Report","/shared/University of California System 01UCS_NETWORK/Reports/Local Requests/Annual Statistic Reports/Annual Stats FY 2025-2026/Preparation review reports/Fulfillment preparation review reports/UCM Check-Out Type Categorization Report",1,,,
"RC202-C3-FORMULA","Column","inline","report_inline","""Item Location at Time of Loan"".""Library Name""",1,"formula","""Item Location at Time of Loan"".""Library Name""","Calculated value","","""Item Location at Time of Loan"".""Library Name""",,,202,"UCM Check-Out Type Categorization Report","/shared/University of California System 01UCS_NETWORK/Reports/Local Requests/Annual Statistic Reports/Annual Stats FY 2025-2026/Preparation review reports/Fulfillment preparation review reports/UCM Check-Out Type Categorization Report",3,,,
"RC202-C4-FORMULA","Column","inline","report_inline","""Item Location at Time of Loan"".""Library Code""",1,"formula","""Item Location at Time of Loan"".""Library Code""","Calculated value","","""Item Location at Time of Loan"".""Library Code""",,,202,"UCM Check-Out Type Categorization Report","/shared/University of California System 01UCS_NETWORK/Reports/Local Requests/Annual Statistic Reports/Annual Stats FY 2025-2026/Preparation review reports/Fulfillment preparation review reports/UCM Check-Out Type Categorization Report",4,,,
"RC202-C5-FORMULA","Column","inline","report_inline","""Item Location at Time of Loan"".""Location Name""",1,"formula","""Item Location at Time of Loan"".""Location Name""","Calculated value","","""Item Location at Time of Loan"".""Location Name""",,,202,"UCM Check-Out Type Categorization Report","/shared/University of California System 01UCS_NETWORK/Reports/Local Requests/Annual Statistic Reports/Annual Stats FY 2025-2026/Preparation review reports/Fulfillment preparation review reports/UCM Check-Out Type Categorization Report",5,,,
"RC202-C6-FORMULA","Column","inline","report_inline","""Item Location at Time of Loan"".""Location Code""",1,"formula","""Item Location at Time of Loan"".""Location Code""","Calculated value","","""Item Location at Time of Loan"".""Location Code""",,,202,"UCM Check-Out Type Categorization Report","/shared/University of California System 01UCS_NETWORK/Reports/Local Requests/Annual Statistic Reports/Annual Stats FY 2025-2026/Preparation review reports/Fulfillment preparation review reports/UCM Check-Out Type Categorization Report",6,,,
"RC204-C3-FORMULA","Column","inline","report_inline","""Location"".""Library Name""",1,"formula","""Location"".""Library Name""","Calculated value","","""Location"".""Library Name""",,,204,"UCSD Library Categorization Report","/shared/University of California System 01UCS_NETWORK/Reports/Local Requests/Annual Statistic Reports/Annual Stats FY 2025-2026/Preparation review reports/Physical preparation review reports/UCSD Library Categorization Report",3,,,
"RC204-C4-FORMULA","Column","inline","report_inline","""Location"".""Library Code""",1,"formula","""Location"".""Library Code""","Calculated value","","""Location"".""Library Code""",,,204,"UCSD Library Categorization Report","/shared/University of California System 01UCS_NETWORK/Reports/Local Requests/Annual Statistic Reports/Annual Stats FY 2025-2026/Preparation review reports/Physical preparation review reports/UCSD Library Categorization Report",4,,,
"RC204-C5-FORMULA","Column","inline","report_inline","""Location"".""Location Name""",1,"formula","""Location"".""Location Name""","Calculated value","","""Location"".""Location Name""",,,204,"UCSD Library Categorization Report","/shared/University of California System 01UCS_NETWORK/Reports/Local Requests/Annual Statistic Reports/Annual Stats FY 2025-2026/Preparation review reports/Physical preparation review reports/UCSD Library Categorization Report",5,,,
"RC204-C6-FORMULA","Column","inline","report_inline","""Location"".""Location Code""",1,"formula","""Location"".""Location Code""","Calculated value","","""Location"".""Location Code""",,,204,"UCSD Library Categorization Report","/shared/University of California System 01UCS_NETWORK/Reports/Local Requests/Annual Statistic Reports/Annual Stats FY 2025-2026/Preparation review reports/Physical preparation review reports/UCSD Library Categorization Report",6,,,
"RC205-C2-FORMULA","Column","inline","report_inline","""Location"".""Library Name""",1,"formula","""Location"".""Library Name""","Calculated value","","""Location"".""Library Name""",,,205,"UCSF Risk Management Report","/shared/University of California System 01UCS_NETWORK/Reports/Local Requests/Annual Statistic Reports/Annual Stats FY 2025-2026/Final stats reports (for July 1)/Risk Management/UCSF Risk Management Report",2,,,
"RC205-C3-FORMULA","Column","inline","report_inline","""Location"".""Library Code""",1,"formula","""Location"".""Library Code""","Calculated value","","""Location"".""Library Code""",,,205,"UCSF Risk Management Report","/shared/University of California System 01UCS_NETWORK/Reports/Local Requests/Annual Statistic Reports/Annual Stats FY 2025-2026/Final stats reports (for July 1)/Risk Management/UCSF Risk Management Report",3,,,
"RC205-C4-FORMULA","Column","inline","report_inline","""Location"".""Location Name""",1,"formula","""Location"".""Location Name""","Calculated value","","""Location"".""Location Name""",,,205,"UCSF Risk Management Report","/shared/University of California System 01UCS_NETWORK/Reports/Local Requests/Annual Statistic Reports/Annual Stats FY 2025-2026/Final stats reports (for July 1)/Risk Management/UCSF Risk Management Report",4,,,
"RC205-C5-FORMULA","Column","inline","report_inline","""Location"".""Location Code""",1,"formula","""Location"".""Location Code""","Calculated value","","""Location"".""Location Code""",,,205,"UCSF Risk Management Report","/shared/University of California System 01UCS_NETWORK/Reports/Local Requests/Annual Statistic Reports/Annual Stats FY 2025-2026/Final stats reports (for July 1)/Risk Management/UCSF Risk Management Report",5,,,
"RC205-C6-FORMULA","Column","inline","report_inline","""Bibliographic Details"".""Resource Type""",1,"formula","""Bibliographic Details"".""Resource Type""","Calculated value","","""Bibliographic Details"".""Resource Type""",,,205,"UCSF Risk Management Report","/shared/University of California System 01UCS_NETWORK/Reports/Local Requests/Annual Statistic Reports/Annual Stats FY 2025-2026/Final stats reports (for July 1)/Risk Management/UCSF Risk Management Report",6,,,
"RC206-C1-FORMULA","Column","inline","report_inline","""Institution"".""Institution Name""",1,"formula","""Institution"".""Institution Name""","Calculated value","","""Institution"".""Institution Name""",,,206,"UCSD eResources Library Categorization Report","/shared/University of California System 01UCS_NETWORK/Reports/Local Requests/Annual Statistic Reports/Annual Stats FY 2025-2026/Preparation review reports/Electronic preparation review reports/UCSD eResources Library Categorization Report",1,,,
"RC206-C3-FORMULA","Column","inline","report_inline","""Portfolio Library Unit"".""Library Name""",1,"formula","""Portfolio Library Unit"".""Library Name""","Calculated value","","""Portfolio Library Unit"".""Library Name""",,,206,"UCSD eResources Library Categorization Report","/shared/University of California System 01UCS_NETWORK/Reports/Local Requests/Annual Statistic Reports/Annual Stats FY 2025-2026/Preparation review reports/Electronic preparation review reports/UCSD eResources Library Categorization Report",3,,,
"RC206-C4-FORMULA","Column","inline","report_inline","""Portfolio Library Unit"".""Library Code""",1,"formula","""Portfolio Library Unit"".""Library Code""","Calculated value","","""Portfolio Library Unit"".""Library Code""",,,206,"UCSD eResources Library Categorization Report","/shared/University of California System 01UCS_NETWORK/Reports/Local Requests/Annual Statistic Reports/Annual Stats FY 2025-2026/Preparation review reports/Electronic preparation review reports/UCSD eResources Library Categorization Report",4,,,
"RC207-C4-FORMULA","Column","inline","report_inline","""Bibliographic Details"".""Resource Type""",1,"formula","""Bibliographic Details"".""Resource Type""","Calculated value","","""Bibliographic Details"".""Resource Type""",,,207,"UCSD Electronic Holdings and Titles Report","/shared/University of California System 01UCS_NETWORK/Reports/Local Requests/Annual Statistic Reports/Annual Stats FY 2025-2026/Final stats reports (for July 1)/Electronic/UCSD Electronic Holdings and Titles Report",4,,,
"RC208-C3-FORMULA","Column","inline","report_inline","""Item Location at Time of Loan"".""Library Name""",1,"formula","""Item Location at Time of Loan"".""Library Name""","Calculated value","","""Item Location at Time of Loan"".""Library Name""",,,208,"UCSF Physical Collection Usage","/shared/University of California System 01UCS_NETWORK/Reports/Local Requests/Annual Statistic Reports/Annual Stats FY 2025-2026/Final stats reports (for July 1)/Physical Collection Usage/UCSF Physical Collection Usage",3,,,
"RC208-C4-FORMULA","Column","inline","report_inline","""Item Location at Time of Loan"".""Library Code""",1,"formula","""Item Location at Time of Loan"".""Library Code""","Calculated value","","""Item Location at Time of Loan"".""Library Code""",,,208,"UCSF Physical Collection Usage","/shared/University of California System 01UCS_NETWORK/Reports/Local Requests/Annual Statistic Reports/Annual Stats FY 2025-2026/Final stats reports (for July 1)/Physical Collection Usage/UCSF Physical Collection Usage",4,,,
"RC208-C5-FORMULA","Column","inline","report_inline","""Item Location at Time of Loan"".""Location Name""",1,"formula","""Item Location at Time of Loan"".""Location Name""","Calculated value","","""Item Location at Time of Loan"".""Location Name""",,,208,"UCSF Physical Collection Usage","/shared/University of California System 01UCS_NETWORK/Reports/Local Requests/Annual Statistic Reports/Annual Stats FY 2025-2026/Final stats reports (for July 1)/Physical Collection Usage/UCSF Physical Collection Usage",5,,,
"RC208-C6-FORMULA","Column","inline","report_inline","""Item Location at Time of Loan"".""Location Code""",1,"formula","""Item Location at Time of Loan"".""Location Code""","Calculated value","","""Item Location at Time of Loan"".""Location Code""",,,208,"UCSF Physical Collection Usage","/shared/University of California System 01UCS_NETWORK/Reports/Local Requests/Annual Statistic Reports/Annual Stats FY 2025-2026/Final stats reports (for July 1)/Physical Collection Usage/UCSF Physical Collection Usage",6,,,
"RC211-C1-FORMULA","Column","inline","report_inline","""Institution"".""Institution Name""",1,"formula","""Institution"".""Institution Name""","Calculated value","","""Institution"".""Institution Name""",,,211,"UCSF eResources Library Categorization Report","/shared/University of California System 01UCS_NETWORK/Reports/Local Requests/Annual Statistic Reports/Annual Stats FY 2025-2026/Preparation review reports/Electronic preparation review reports/UCSF eResources Library Categorization Report",1,,,
"RC211-C3-FORMULA","Column","inline","report_inline","""Portfolio Library Unit"".""Library Name""",1,"formula","""Portfolio Library Unit"".""Library Name""","Calculated value","","""Portfolio Library Unit"".""Library Name""",,,211,"UCSF eResources Library Categorization Report","/shared/University of California System 01UCS_NETWORK/Reports/Local Requests/Annual Statistic Reports/Annual Stats FY 2025-2026/Preparation review reports/Electronic preparation review reports/UCSF eResources Library Categorization Report",3,,,
"RC211-C4-FORMULA","Column","inline","report_inline","""Portfolio Library Unit"".""Library Code""",1,"formula","""Portfolio Library Unit"".""Library Code""","Calculated value","","""Portfolio Library Unit"".""Library Code""",,,211,"UCSF eResources Library Categorization Report","/shared/University of California System 01UCS_NETWORK/Reports/Local Requests/Annual Statistic Reports/Annual Stats FY 2025-2026/Preparation review reports/Electronic preparation review reports/UCSF eResources Library Categorization Report",4,,,
"RC212-C1-FORMULA","Column","inline","report_inline","""Institution"".""Institution Name""",1,"formula","""Institution"".""Institution Name""","Calculated value","","""Institution"".""Institution Name""",,,212,"UCM User Group categorization report","/shared/University of California System 01UCS_NETWORK/Reports/Local Requests/Annual Statistic Reports/Annual Stats FY 2025-2026/Preparation review reports/Fulfillment preparation review reports/UCM User Group categorization report",1,,,
"RC212-C3-FORMULA","Column","inline","report_inline","""Borrower Details"".""User Group""",1,"formula","""Borrower Details"".""User Group""","Calculated value","","""Borrower Details"".""User Group""",,,212,"UCM User Group categorization report","/shared/University of California System 01UCS_NETWORK/Reports/Local Requests/Annual Statistic Reports/Annual Stats FY 2025-2026/Preparation review reports/Fulfillment preparation review reports/UCM User Group categorization report",3,,,
"RC213-C3-FORMULA","Column","inline","report_inline","""Location"".""Library Name""",1,"formula","""Location"".""Library Name""","Calculated value","","""Location"".""Library Name""",,,213,"UCSF Library Categorization Report","/shared/University of California System 01UCS_NETWORK/Reports/Local Requests/Annual Statistic Reports/Annual Stats FY 2025-2026/Preparation review reports/Physical preparation review reports/UCSF Library Categorization Report",3,,,
"RC213-C4-FORMULA","Column","inline","report_inline","""Location"".""Library Code""",1,"formula","""Location"".""Library Code""","Calculated value","","""Location"".""Library Code""",,,213,"UCSF Library Categorization Report","/shared/University of California System 01UCS_NETWORK/Reports/Local Requests/Annual Statistic Reports/Annual Stats FY 2025-2026/Preparation review reports/Physical preparation review reports/UCSF Library Categorization Report",4,,,
"RC213-C5-FORMULA","Column","inline","report_inline","""Location"".""Location Name""",1,"formula","""Location"".""Location Name""","Calculated value","","""Location"".""Location Name""",,,213,"UCSF Library Categorization Report","/shared/University of California System 01UCS_NETWORK/Reports/Local Requests/Annual Statistic Reports/Annual Stats FY 2025-2026/Preparation review reports/Physical preparation review reports/UCSF Library Categorization Report",5,,,
"RC213-C6-FORMULA","Column","inline","report_inline","""Location"".""Location Code""",1,"formula","""Location"".""Location Code""","Calculated value","","""Location"".""Location Code""",,,213,"UCSF Library Categorization Report","/shared/University of California System 01UCS_NETWORK/Reports/Local Requests/Annual Statistic Reports/Annual Stats FY 2025-2026/Preparation review reports/Physical preparation review reports/UCSF Library Categorization Report",6,,,
"RC214-C4-FORMULA","Column","inline","report_inline","""Bibliographic Details"".""Resource Type""",1,"formula","""Bibliographic Details"".""Resource Type""","Calculated value","","""Bibliographic Details"".""Resource Type""",,,214,"UCSF Electronic Holdings and Titles Report","/shared/University of California System 01UCS_NETWORK/Reports/Local Requests/Annual Statistic Reports/Annual Stats FY 2025-2026/Final stats reports (for July 1)/Electronic/UCSF Electronic Holdings and Titles Report",4,,,
"RC215-C4-FORMULA","Column","inline","report_inline","""Electronic Collection"".""Electronic Collection Interface Name""",1,"formula","""Electronic Collection"".""Electronic Collection Interface Name""","Calculated value","","""Electronic Collection"".""Electronic Collection Interface Name""",,,215,"UCSF eResources Comparison Report","/shared/University of California System 01UCS_NETWORK/Reports/Local Requests/Annual Statistic Reports/Annual Stats FY 2025-2026/Final stats reports (for July 1)/eResources Comparison/UCSF eResources Comparison Report",4,,,
"RC216-C3-FORMULA","Column","inline","report_inline","""Location"".""Library Name""",1,"formula","""Location"".""Library Name""","Calculated value","","""Location"".""Library Name""",,,216,"UCI Physical Holdings and Titles Report","/shared/University of California System 01UCS_NETWORK/Reports/Local Requests/Annual Statistic Reports/Annual Stats FY 2025-2026/Final stats reports (for July 1)/Physical/UCI Physical Holdings and Titles Report",3,,,
"RC216-C4-FORMULA","Column","inline","report_inline","""Location"".""Library Code""",1,"formula","""Location"".""Library Code""","Calculated value","","""Location"".""Library Code""",,,216,"UCI Physical Holdings and Titles Report","/shared/University of California System 01UCS_NETWORK/Reports/Local Requests/Annual Statistic Reports/Annual Stats FY 2025-2026/Final stats reports (for July 1)/Physical/UCI Physical Holdings and Titles Report",4,,,
"RC216-C5-FORMULA","Column","inline","report_inline","""Location"".""Location Name""",1,"formula","""Location"".""Location Name""","Calculated value","","""Location"".""Location Name""",,,216,"UCI Physical Holdings and Titles Report","/shared/University of California System 01UCS_NETWORK/Reports/Local Requests/Annual Statistic Reports/Annual Stats FY 2025-2026/Final stats reports (for July 1)/Physical/UCI Physical Holdings and Titles Report",5,,,
"RC216-C6-FORMULA","Column","inline","report_inline","""Location"".""Location Code""",1,"formula","""Location"".""Location Code""","Calculated value","","""Location"".""Location Code""",,,216,"UCI Physical Holdings and Titles Report","/shared/University of California System 01UCS_NETWORK/Reports/Local Requests/Annual Statistic Reports/Annual Stats FY 2025-2026/Final stats reports (for July 1)/Physical/UCI Physical Holdings and Titles Report",6,,,
"RC216-C7-FORMULA","Column","inline","report_inline","""Bibliographic Details"".""Resource Type""",1,"formula","""Bibliographic Details"".""Resource Type""","Calculated value","","""Bibliographic Details"".""Resource Type""",,,216,"UCI Physical Holdings and Titles Report","/shared/University of California System 01UCS_NETWORK/Reports/Local Requests/Annual Statistic Reports/Annual Stats FY 2025-2026/Final stats reports (for July 1)/Physical/UCI Physical Holdings and Titles Report",7,,,
"RC219-C3-FORMULA","Column","inline","report_inline","""Location"".""Library Name""",1,"formula","""Location"".""Library Name""","Calculated value","","""Location"".""Library Name""",,,219,"UCI Physical Holdings and Titles Report - all data with all exclusions noted","/shared/University of California System 01UCS_NETWORK/Reports/Local Requests/Annual Statistic Reports/Annual Stats FY 2025-2026/Final stats reports (for July 1)/Physical/UCI Physical Holdings and Titles Report - all data with all exclusions noted",3,,,
"RC219-C4-FORMULA","Column","inline","report_inline","""Location"".""Library Code""",1,"formula","""Location"".""Library Code""","Calculated value","","""Location"".""Library Code""",,,219,"UCI Physical Holdings and Titles Report - all data with all exclusions noted","/shared/University of California System 01UCS_NETWORK/Reports/Local Requests/Annual Statistic Reports/Annual Stats FY 2025-2026/Final stats reports (for July 1)/Physical/UCI Physical Holdings and Titles Report - all data with all exclusions noted",4,,,
"RC219-C5-FORMULA","Column","inline","report_inline","""Location"".""Location Name""",1,"formula","""Location"".""Location Name""","Calculated value","","""Location"".""Location Name""",,,219,"UCI Physical Holdings and Titles Report - all data with all exclusions noted","/shared/University of California System 01UCS_NETWORK/Reports/Local Requests/Annual Statistic Reports/Annual Stats FY 2025-2026/Final stats reports (for July 1)/Physical/UCI Physical Holdings and Titles Report - all data with all exclusions noted",5,,,
"RC219-C6-FORMULA","Column","inline","report_inline","""Location"".""Location Code""",1,"formula","""Location"".""Location Code""","Calculated value","","""Location"".""Location Code""",,,219,"UCI Physical Holdings and Titles Report - all data with all exclusions noted","/shared/University of California System 01UCS_NETWORK/Reports/Local Requests/Annual Statistic Reports/Annual Stats FY 2025-2026/Final stats reports (for July 1)/Physical/UCI Physical Holdings and Titles Report - all data with all exclusions noted",6,,,
"RC219-C7-FORMULA","Column","inline","report_inline","""Bibliographic Details"".""Resource Type""",1,"formula","""Bibliographic Details"".""Resource Type""","Calculated value","","""Bibliographic Details"".""Resource Type""",,,219,"UCI Physical Holdings and Titles Report - all data with all exclusions noted","/shared/University of California System 01UCS_NETWORK/Reports/Local Requests/Annual Statistic Reports/Annual Stats FY 2025-2026/Final stats reports (for July 1)/Physical/UCI Physical Holdings and Titles Report - all data with all exclusions noted",7,,,
"RC219-C11-R1","Column","inline","report_inline","EXCLUSION category (for testing)",1,"when","""Physical Item Details"".""Lifecycle"" <> 'Active'","Not Active","","""Institution"".""Institution Name""",,,219,"UCI Physical Holdings and Titles Report - all data with all exclusions noted","/shared/University of California System 01UCS_NETWORK/Reports/Local Requests/Annual Statistic Reports/Annual Stats FY 2025-2026/Final stats reports (for July 1)/Physical/UCI Physical Holdings and Titles Report - all data with all exclusions noted",11,,,
"RC219-C11-R2","Column","inline","report_inline","EXCLUSION category (for testing)",2,"when","""Bibliographic Details"".""Resource Type"" IS NULL","Resource Type NULL","","""Institution"".""Institution Name""",,,219,"UCI Physical Holdings and Titles Report - all data with all exclusions noted","/shared/University of California System 01UCS_NETWORK/Reports/Local Requests/Annual Statistic Reports/Annual Stats FY 2025-2026/Final stats reports (for July 1)/Physical/UCI Physical Holdings and Titles Report - all data with all exclusions noted",11,,,
"RC219-C11-R3","Column","inline","report_inline","EXCLUSION category (for testing)",3,"when","""Location"".""Library Code (Active)"" IS NULL","Library Code (Active) NULL","","""Institution"".""Institution Name""",,,219,"UCI Physical Holdings and Titles Report - all data with all exclusions noted","/shared/University of California System 01UCS_NETWORK/Reports/Local Requests/Annual Statistic Reports/Annual Stats FY 2025-2026/Final stats reports (for July 1)/Physical/UCI Physical Holdings and Titles Report - all data with all exclusions noted",11,,,
"RC219-C11-R4","Column","inline","report_inline","EXCLUSION category (for testing)",4,"when","""Location"".""Library Code"" = 'RES_SHARE'","Resource Sharing Library","","""Institution"".""Institution Name""",,,219,"UCI Physical Holdings and Titles Report - all data with all exclusions noted","/shared/University of California System 01UCS_NETWORK/Reports/Local Requests/Annual Statistic Reports/Annual Stats FY 2025-2026/Final stats reports (for July 1)/Physical/UCI Physical Holdings and Titles Report - all data with all exclusions noted",11,,,
"RC219-C11-R5","Column","inline","report_inline","EXCLUSION category (for testing)",5,"when","""Location"".""Library Code"" LIKE '%equip%'","Library Code LIKE equip","","""Institution"".""Institution Name""",,,219,"UCI Physical Holdings and Titles Report - all data with all exclusions noted","/shared/University of California System 01UCS_NETWORK/Reports/Local Requests/Annual Statistic Reports/Annual Stats FY 2025-2026/Final stats reports (for July 1)/Physical/UCI Physical Holdings and Titles Report - all data with all exclusions noted",11,,,
"RC219-C11-R6","Column","inline","report_inline","EXCLUSION category (for testing)",6,"when","""Location"".""Library Name"" LIKE '%equip%'","Library Name LIKE equip","","""Institution"".""Institution Name""",,,219,"UCI Physical Holdings and Titles Report - all data with all exclusions noted","/shared/University of California System 01UCS_NETWORK/Reports/Local Requests/Annual Statistic Reports/Annual Stats FY 2025-2026/Final stats reports (for July 1)/Physical/UCI Physical Holdings and Titles Report - all data with all exclusions noted",11,,,
"RC219-C11-R7","Column","inline","report_inline","EXCLUSION category (for testing)",7,"when","""Location"".""Location Code"" = 'UNASSIGNED'","Location Code UNASSIGNED","","""Institution"".""Institution Name""",,,219,"UCI Physical Holdings and Titles Report - all data with all exclusions noted","/shared/University of California System 01UCS_NETWORK/Reports/Local Requests/Annual Statistic Reports/Annual Stats FY 2025-2026/Final stats reports (for July 1)/Physical/UCI Physical Holdings and Titles Report - all data with all exclusions noted",11,,,
"RC219-C11-R8","Column","inline","report_inline","EXCLUSION category (for testing)",8,"when","""Location"".""Location Code"" LIKE '%equip%'","Location Code LIKE equip","","""Institution"".""Institution Name""",,,219,"UCI Physical Holdings and Titles Report - all data with all exclusions noted","/shared/University of California System 01UCS_NETWORK/Reports/Local Requests/Annual Statistic Reports/Annual Stats FY 2025-2026/Final stats reports (for July 1)/Physical/UCI Physical Holdings and Titles Report - all data with all exclusions noted",11,,,
"RC219-C11-R9","Column","inline","report_inline","EXCLUSION category (for testing)",9,"when","""Location"".""Location Name"" LIKE '%equip%'","Location Name LIKE equip","","""Institution"".""Institution Name""",,,219,"UCI Physical Holdings and Titles Report - all data with all exclusions noted","/shared/University of California System 01UCS_NETWORK/Reports/Local Requests/Annual Statistic Reports/Annual Stats FY 2025-2026/Final stats reports (for July 1)/Physical/UCI Physical Holdings and Titles Report - all data with all exclusions noted",11,,,
"RC219-C11-R10","Column","inline","report_inline","EXCLUSION category (for testing)",10,"when","""Location"".""Location Name"" LIKE '%ithdraw%'","Location Name LIKE ithdraw","","""Institution"".""Institution Name""",,,219,"UCI Physical Holdings and Titles Report - all data with all exclusions noted","/shared/University of California System 01UCS_NETWORK/Reports/Local Requests/Annual Statistic Reports/Annual Stats FY 2025-2026/Final stats reports (for July 1)/Physical/UCI Physical Holdings and Titles Report - all data with all exclusions noted",11,,,
"RC219-C11-R11","Column","inline","report_inline","EXCLUSION category (for testing)",11,"when","""Physical Item Details"".""Physical Item Id"" IN ('-1', '0')","Physical Item ID -1, 0","","""Institution"".""Institution Name""",,,219,"UCI Physical Holdings and Titles Report - all data with all exclusions noted","/shared/University of California System 01UCS_NETWORK/Reports/Local Requests/Annual Statistic Reports/Annual Stats FY 2025-2026/Final stats reports (for July 1)/Physical/UCI Physical Holdings and Titles Report - all data with all exclusions noted",11,,,
"RC219-C11-R12","Column","inline","report_inline","EXCLUSION category (for testing)",12,"when","""Physical Item Details"".""Item Policy"" LIKE '%equip%'","Item Policy LIKE equip","","""Institution"".""Institution Name""",,,219,"UCI Physical Holdings and Titles Report - all data with all exclusions noted","/shared/University of California System 01UCS_NETWORK/Reports/Local Requests/Annual Statistic Reports/Annual Stats FY 2025-2026/Final stats reports (for July 1)/Physical/UCI Physical Holdings and Titles Report - all data with all exclusions noted",11,,,
"RC219-C11-R13","Column","inline","report_inline","EXCLUSION category (for testing)",13,"when","""Holdings Details"".""Suppressed from Discovery"" <> 0","Holdings suppressed from discovery","","""Institution"".""Institution Name""",,,219,"UCI Physical Holdings and Titles Report - all data with all exclusions noted","/shared/University of California System 01UCS_NETWORK/Reports/Local Requests/Annual Statistic Reports/Annual Stats FY 2025-2026/Final stats reports (for July 1)/Physical/UCI Physical Holdings and Titles Report - all data with all exclusions noted",11,,,
"RC219-C11-R14","Column","inline","report_inline","EXCLUSION category (for testing)",14,"when","""Holdings Details"".""Suppressed from Discovery by Suppressed Location"" <> 'No'","Holdings suppressed by suppressed location","","""Institution"".""Institution Name""",,,219,"UCI Physical Holdings and Titles Report - all data with all exclusions noted","/shared/University of California System 01UCS_NETWORK/Reports/Local Requests/Annual Statistic Reports/Annual Stats FY 2025-2026/Final stats reports (for July 1)/Physical/UCI Physical Holdings and Titles Report - all data with all exclusions noted",11,,,
"RC219-C11-R15","Column","inline","report_inline","EXCLUSION category (for testing)",15,"when","""Location"".""Suppressed from Discovery"" <> 'No'","Location suppressed","","""Institution"".""Institution Name""",,,219,"UCI Physical Holdings and Titles Report - all data with all exclusions noted","/shared/University of California System 01UCS_NETWORK/Reports/Local Requests/Annual Statistic Reports/Annual Stats FY 2025-2026/Final stats reports (for July 1)/Physical/UCI Physical Holdings and Titles Report - all data with all exclusions noted",11,,,
"RC219-C11-R16","Column","inline","report_inline","EXCLUSION category (for testing)",16,"when","""Bibliographic Details"".""Suppressed From Discovery"" <> 'No'","Bib suppressed","","""Institution"".""Institution Name""",,,219,"UCI Physical Holdings and Titles Report - all data with all exclusions noted","/shared/University of California System 01UCS_NETWORK/Reports/Local Requests/Annual Statistic Reports/Annual Stats FY 2025-2026/Final stats reports (for July 1)/Physical/UCI Physical Holdings and Titles Report - all data with all exclusions noted",11,,,
"RC219-C11-R17","Column","inline","report_inline","EXCLUSION category (for testing)",17,"when","""Location"".""Location Code"" IN ('gmlml', 'gmlill', 'xlle', 'xllck', 'xllhk', 'xmllk', 'nrlf', 'srlfm', 'srlf', 'srlfr', 'llill_rsl', 'lawill_rsl', 'slill')","UCI excluded locations","","""Institution"".""Institution Name""",,,219,"UCI Physical Holdings and Titles Report - all data with all exclusions noted","/shared/University of California System 01UCS_NETWORK/Reports/Local Requests/Annual Statistic Reports/Annual Stats FY 2025-2026/Final stats reports (for July 1)/Physical/UCI Physical Holdings and Titles Report - all data with all exclusions noted",11,,,
"RC219-C11-R18","Column","inline","report_inline","EXCLUSION category (for testing)",18,"when","""Location"".""Location Name"" IN ('zz', 'Problem from migration')","UCI excluded locations","","""Institution"".""Institution Name""",,,219,"UCI Physical Holdings and Titles Report - all data with all exclusions noted","/shared/University of California System 01UCS_NETWORK/Reports/Local Requests/Annual Statistic Reports/Annual Stats FY 2025-2026/Final stats reports (for July 1)/Physical/UCI Physical Holdings and Titles Report - all data with all exclusions noted",11,,,
"RC219-C11-R19","Column","inline","report_inline","EXCLUSION category (for testing)",19,"when","""Location"".""Library Code"" IN ('AYALA', 'OCSEAA')","UCI excluded libraries","","""Institution"".""Institution Name""",,,219,"UCI Physical Holdings and Titles Report - all data with all exclusions noted","/shared/University of California System 01UCS_NETWORK/Reports/Local Requests/Annual Statistic Reports/Annual Stats FY 2025-2026/Final stats reports (for July 1)/Physical/UCI Physical Holdings and Titles Report - all data with all exclusions noted",11,,,
"RC219-C11-R20","Column","inline","report_inline","EXCLUSION category (for testing)",20,"when","""Location"".""Library Name"" IN ('X_Do_Not_Use_Old_Orange County & Southeast Asian Archive Center', 'X_Do_Not_Use_Old_Science Library')","UCI excluded libraries","","""Institution"".""Institution Name""",,,219,"UCI Physical Holdings and Titles Report - all data with all exclusions noted","/shared/University of California System 01UCS_NETWORK/Reports/Local Requests/Annual Statistic Reports/Annual Stats FY 2025-2026/Final stats reports (for July 1)/Physical/UCI Physical Holdings and Titles Report - all data with all exclusions noted",11,,,
"RC219-C11-R21","Column","inline","report_inline","EXCLUSION category (for testing)",21,"when","DESCRIPTOR_IDOF(""Physical Items"".""Institution"".""Institution Name"") = 4701 AND ""Physical Item Details"".""Statistics Note 2"" = '-'","UCI excluded stats note 2","","""Institution"".""Institution Name""",,,219,"UCI Physical Holdings and Titles Report - all data with all exclusions noted","/shared/University of California System 01UCS_NETWORK/Reports/Local Requests/Annual Statistic Reports/Annual Stats FY 2025-2026/Final stats reports (for July 1)/Physical/UCI Physical Holdings and Titles Report - all data with all exclusions noted",11,,,
"RC219-C11-R22","Column","inline","report_inline","EXCLUSION category (for testing)",22,"when","DESCRIPTOR_IDOF(""Physical Items"".""Institution"".""Institution Name"") = 4701 AND ""Physical Item Details"".""Statistics Note 2"" LIKE 'from%'","UCI excluded stats note 2","","""Institution"".""Institution Name""",,,219,"UCI Physical Holdings and Titles Report - all data with all exclusions noted","/shared/University of California System 01UCS_NETWORK/Reports/Local Requests/Annual Statistic Reports/Annual Stats FY 2025-2026/Final stats reports (for July 1)/Physical/UCI Physical Holdings and Titles Report - all data with all exclusions noted",11,,,
"RC219-C11-R23","Column","inline","report_inline","EXCLUSION category (for testing)",23,"when","DESCRIPTOR_IDOF(""Physical Items"".""Institution"".""Institution Name"") = 4701 AND ""Physical Item Details"".""Statistics Note 2"" LIKE '%rlf-%'","UCI excluded stats note 2","","""Institution"".""Institution Name""",,,219,"UCI Physical Holdings and Titles Report - all data with all exclusions noted","/shared/University of California System 01UCS_NETWORK/Reports/Local Requests/Annual Statistic Reports/Annual Stats FY 2025-2026/Final stats reports (for July 1)/Physical/UCI Physical Holdings and Titles Report - all data with all exclusions noted",11,,,
"RC219-C11-R24","Column","inline","report_inline","EXCLUSION category (for testing)",24,"when","DESCRIPTOR_IDOF(""Physical Items"".""Institution"".""Institution Name"") = 4701 AND ""Physical Item Details"".""Statistics Note 2"" LIKE '%sp-%'","UCI excluded stats note 2","","""Institution"".""Institution Name""",,,219,"UCI Physical Holdings and Titles Report - all data with all exclusions noted","/shared/University of California System 01UCS_NETWORK/Reports/Local Requests/Annual Statistic Reports/Annual Stats FY 2025-2026/Final stats reports (for July 1)/Physical/UCI Physical Holdings and Titles Report - all data with all exclusions noted",11,,,
"RC219-C11-R25","Column","inline","report_inline","EXCLUSION category (for testing)",25,"when","DESCRIPTOR_IDOF(""Physical Items"".""Institution"".""Institution Name"") = 4701 AND ""Physical Item Details"".""Statistics Note 2"" LIKE '%wd%'","UCI excluded stats note 2","","""Institution"".""Institution Name""",,,219,"UCI Physical Holdings and Titles Report - all data with all exclusions noted","/shared/University of California System 01UCS_NETWORK/Reports/Local Requests/Annual Statistic Reports/Annual Stats FY 2025-2026/Final stats reports (for July 1)/Physical/UCI Physical Holdings and Titles Report - all data with all exclusions noted",11,,,
"RC219-C11-R26","Column","inline","report_inline","EXCLUSION category (for testing)",26,"when","DESCRIPTOR_IDOF(""Physical Items"".""Institution"".""Institution Name"") = 4701 AND ""Physical Item Details"".""Statistics Note 2"" LIKE '%ithd%'","UCI excluded stats note 2","","""Institution"".""Institution Name""",,,219,"UCI Physical Holdings and Titles Report - all data with all exclusions noted","/shared/University of California System 01UCS_NETWORK/Reports/Local Requests/Annual Statistic Reports/Annual Stats FY 2025-2026/Final stats reports (for July 1)/Physical/UCI Physical Holdings and Titles Report - all data with all exclusions noted",11,,,
"RC219-C11-R27","Column","inline","report_inline","EXCLUSION category (for testing)",27,"when","DESCRIPTOR_IDOF(""Physical Items"".""Institution"".""Institution Name"") = 4701 AND ""Location"".""Location Code"" IN ('gocrh', 'gseaa', 'spcol') AND ""Bibliographic Details"".""Uniform Resource Identifier"" LIKE '%findaid%'","UCI SCA exclusion","","""Institution"".""Institution Name""",,,219,"UCI Physical Holdings and Titles Report - all data with all exclusions noted","/shared/University of California System 01UCS_NETWORK/Reports/Local Requests/Annual Statistic Reports/Annual Stats FY 2025-2026/Final stats reports (for July 1)/Physical/UCI Physical Holdings and Titles Report - all data with all exclusions noted",11,,,
"RC219-C11-R28","Column","inline","report_inline","EXCLUSION category (for testing)",28,"when","DESCRIPTOR_IDOF(""Physical Items"".""Institution"".""Institution Name"") = 4701 AND ""Location"".""Location Code"" IN ('gocrh', 'gseaa', 'spcol') AND ""Bibliographic Details"".""Uniform Resource Identifier"" LIKE '%oac.cdlib%'","UCI SCA exclusion","","""Institution"".""Institution Name""",,,219,"UCI Physical Holdings and Titles Report - all data with all exclusions noted","/shared/University of California System 01UCS_NETWORK/Reports/Local Requests/Annual Statistic Reports/Annual Stats FY 2025-2026/Final stats reports (for July 1)/Physical/UCI Physical Holdings and Titles Report - all data with all exclusions noted",11,,,
"RC219-C11-OTHER","Column","inline","report_inline","EXCLUSION category (for testing)",29,"otherwise","All other values","Included","","""Institution"".""Institution Name""",,,219,"UCI Physical Holdings and Titles Report - all data with all exclusions noted","/shared/University of California System 01UCS_NETWORK/Reports/Local Requests/Annual Statistic Reports/Annual Stats FY 2025-2026/Final stats reports (for July 1)/Physical/UCI Physical Holdings and Titles Report - all data with all exclusions noted",11,,,
"RC219-C12-FORMULA","Column","inline","report_inline","""Physical Item Details"".""Lifecycle""",1,"formula","""Physical Item Details"".""Lifecycle""","Calculated value","","""Physical Item Details"".""Lifecycle""",,,219,"UCI Physical Holdings and Titles Report - all data with all exclusions noted","/shared/University of California System 01UCS_NETWORK/Reports/Local Requests/Annual Statistic Reports/Annual Stats FY 2025-2026/Final stats reports (for July 1)/Physical/UCI Physical Holdings and Titles Report - all data with all exclusions noted",12,,,
"RC219-C13-FORMULA","Column","inline","report_inline","Library Unit.Library Code",1,"formula","""Library Unit"".""Library Code""","Library Unit.Library Code","","""Library Unit"".""Library Code""",,,219,"UCI Physical Holdings and Titles Report - all data with all exclusions noted","/shared/University of California System 01UCS_NETWORK/Reports/Local Requests/Annual Statistic Reports/Annual Stats FY 2025-2026/Final stats reports (for July 1)/Physical/UCI Physical Holdings and Titles Report - all data with all exclusions noted",13,,,
"RC219-C14-FORMULA","Column","inline","report_inline","""Physical Item Details"".""Statistics Note 2""",1,"formula","""Physical Item Details"".""Statistics Note 2""","Calculated value","","""Physical Item Details"".""Statistics Note 2""",,,219,"UCI Physical Holdings and Titles Report - all data with all exclusions noted","/shared/University of California System 01UCS_NETWORK/Reports/Local Requests/Annual Statistic Reports/Annual Stats FY 2025-2026/Final stats reports (for July 1)/Physical/UCI Physical Holdings and Titles Report - all data with all exclusions noted",14,,,
"RC219-C15-FORMULA","Column","inline","report_inline","""Physical Item Details"".""Item Policy""",1,"formula","""Physical Item Details"".""Item Policy""","Calculated value","","""Physical Item Details"".""Item Policy""",,,219,"UCI Physical Holdings and Titles Report - all data with all exclusions noted","/shared/University of California System 01UCS_NETWORK/Reports/Local Requests/Annual Statistic Reports/Annual Stats FY 2025-2026/Final stats reports (for July 1)/Physical/UCI Physical Holdings and Titles Report - all data with all exclusions noted",15,,,
"RC219-C16-FORMULA","Column","inline","report_inline","""Physical Item Details"".""Physical Item Id""",1,"formula","""Physical Item Details"".""Physical Item Id""","Calculated value","","""Physical Item Details"".""Physical Item Id""",,,219,"UCI Physical Holdings and Titles Report - all data with all exclusions noted","/shared/University of California System 01UCS_NETWORK/Reports/Local Requests/Annual Statistic Reports/Annual Stats FY 2025-2026/Final stats reports (for July 1)/Physical/UCI Physical Holdings and Titles Report - all data with all exclusions noted",16,,,
"RC219-C17-FORMULA","Column","inline","report_inline","Bibliographic Details.Suppressed From Discovery",1,"formula","""Bibliographic Details"".""Suppressed From Discovery""","Bibliographic Details.Suppressed From Discovery","","""Bibliographic Details"".""Suppressed From Discovery""",,,219,"UCI Physical Holdings and Titles Report - all data with all exclusions noted","/shared/University of California System 01UCS_NETWORK/Reports/Local Requests/Annual Statistic Reports/Annual Stats FY 2025-2026/Final stats reports (for July 1)/Physical/UCI Physical Holdings and Titles Report - all data with all exclusions noted",17,,,
"RC219-C18-FORMULA","Column","inline","report_inline","Location.Suppressed from Discovery",1,"formula","""Location"".""Suppressed from Discovery""","Location.Suppressed from Discovery","","""Location"".""Suppressed from Discovery""",,,219,"UCI Physical Holdings and Titles Report - all data with all exclusions noted","/shared/University of California System 01UCS_NETWORK/Reports/Local Requests/Annual Statistic Reports/Annual Stats FY 2025-2026/Final stats reports (for July 1)/Physical/UCI Physical Holdings and Titles Report - all data with all exclusions noted",18,,,
"RC219-C19-FORMULA","Column","inline","report_inline","Holdings Details.Suppressed from Discovery",1,"formula","""Holdings Details"".""Suppressed from Discovery""","Holdings Details.Suppressed from Discovery","","""Holdings Details"".""Suppressed from Discovery""",,,219,"UCI Physical Holdings and Titles Report - all data with all exclusions noted","/shared/University of California System 01UCS_NETWORK/Reports/Local Requests/Annual Statistic Reports/Annual Stats FY 2025-2026/Final stats reports (for July 1)/Physical/UCI Physical Holdings and Titles Report - all data with all exclusions noted",19,,,
"RC219-C20-FORMULA","Column","inline","report_inline","Holdings Details.Suppressed from Discovery by Suppressed Location",1,"formula","""Holdings Details"".""Suppressed from Discovery by Suppressed Location""","Holdings Details.Suppressed from Discovery by Suppressed Location","","""Holdings Details"".""Suppressed from Discovery by Suppressed Location""",,,219,"UCI Physical Holdings and Titles Report - all data with all exclusions noted","/shared/University of California System 01UCS_NETWORK/Reports/Local Requests/Annual Statistic Reports/Annual Stats FY 2025-2026/Final stats reports (for July 1)/Physical/UCI Physical Holdings and Titles Report - all data with all exclusions noted",20,,,
"RC219-C21-FORMULA","Column","inline","report_inline","""Bibliographic Details"".""Uniform Resource Identifier""",1,"formula","""Bibliographic Details"".""Uniform Resource Identifier""","Calculated value","","""Bibliographic Details"".""Uniform Resource Identifier""",,,219,"UCI Physical Holdings and Titles Report - all data with all exclusions noted","/shared/University of California System 01UCS_NETWORK/Reports/Local Requests/Annual Statistic Reports/Annual Stats FY 2025-2026/Final stats reports (for July 1)/Physical/UCI Physical Holdings and Titles Report - all data with all exclusions noted",21,,,
"RC219-C22-FORMULA","Column","inline","report_inline","""Bibliographic Details"".""MMS Id""",1,"formula","""Bibliographic Details"".""MMS Id""","Calculated value","","""Bibliographic Details"".""MMS Id""",,,219,"UCI Physical Holdings and Titles Report - all data with all exclusions noted","/shared/University of California System 01UCS_NETWORK/Reports/Local Requests/Annual Statistic Reports/Annual Stats FY 2025-2026/Final stats reports (for July 1)/Physical/UCI Physical Holdings and Titles Report - all data with all exclusions noted",22,,,
"RC220-C1-FORMULA","Column","inline","report_inline","""Institution"".""Institution Name""",1,"formula","""Institution"".""Institution Name""","Calculated value","","""Institution"".""Institution Name""",,,220,"UCR Check-Out Type Categorization Report","/shared/University of California System 01UCS_NETWORK/Reports/Local Requests/Annual Statistic Reports/Annual Stats FY 2025-2026/Preparation review reports/Fulfillment preparation review reports/UCR Check-Out Type Categorization Report",1,,,
"RC220-C3-FORMULA","Column","inline","report_inline","""Item Location at Time of Loan"".""Library Name""",1,"formula","""Item Location at Time of Loan"".""Library Name""","Calculated value","","""Item Location at Time of Loan"".""Library Name""",,,220,"UCR Check-Out Type Categorization Report","/shared/University of California System 01UCS_NETWORK/Reports/Local Requests/Annual Statistic Reports/Annual Stats FY 2025-2026/Preparation review reports/Fulfillment preparation review reports/UCR Check-Out Type Categorization Report",3,,,
"RC220-C4-FORMULA","Column","inline","report_inline","""Item Location at Time of Loan"".""Library Code""",1,"formula","""Item Location at Time of Loan"".""Library Code""","Calculated value","","""Item Location at Time of Loan"".""Library Code""",,,220,"UCR Check-Out Type Categorization Report","/shared/University of California System 01UCS_NETWORK/Reports/Local Requests/Annual Statistic Reports/Annual Stats FY 2025-2026/Preparation review reports/Fulfillment preparation review reports/UCR Check-Out Type Categorization Report",4,,,
"RC220-C5-FORMULA","Column","inline","report_inline","""Item Location at Time of Loan"".""Location Name""",1,"formula","""Item Location at Time of Loan"".""Location Name""","Calculated value","","""Item Location at Time of Loan"".""Location Name""",,,220,"UCR Check-Out Type Categorization Report","/shared/University of California System 01UCS_NETWORK/Reports/Local Requests/Annual Statistic Reports/Annual Stats FY 2025-2026/Preparation review reports/Fulfillment preparation review reports/UCR Check-Out Type Categorization Report",5,,,
"RC220-C6-FORMULA","Column","inline","report_inline","""Item Location at Time of Loan"".""Location Code""",1,"formula","""Item Location at Time of Loan"".""Location Code""","Calculated value","","""Item Location at Time of Loan"".""Location Code""",,,220,"UCR Check-Out Type Categorization Report","/shared/University of California System 01UCS_NETWORK/Reports/Local Requests/Annual Statistic Reports/Annual Stats FY 2025-2026/Preparation review reports/Fulfillment preparation review reports/UCR Check-Out Type Categorization Report",6,,,
"RC221-C1-FORMULA","Column","inline","report_inline","""Institution"".""Institution Name""",1,"formula","""Institution"".""Institution Name""","Calculated value","","""Institution"".""Institution Name""",,,221,"UCR User Group categorization report","/shared/University of California System 01UCS_NETWORK/Reports/Local Requests/Annual Statistic Reports/Annual Stats FY 2025-2026/Preparation review reports/Fulfillment preparation review reports/UCR User Group categorization report",1,,,
"RC221-C3-FORMULA","Column","inline","report_inline","""Borrower Details"".""User Group""",1,"formula","""Borrower Details"".""User Group""","Calculated value","","""Borrower Details"".""User Group""",,,221,"UCR User Group categorization report","/shared/University of California System 01UCS_NETWORK/Reports/Local Requests/Annual Statistic Reports/Annual Stats FY 2025-2026/Preparation review reports/Fulfillment preparation review reports/UCR User Group categorization report",3,,,
"RC223-C3-FORMULA","Column","inline","report_inline","""Location"".""Library Name""",1,"formula","""Location"".""Library Name""","Calculated value","","""Location"".""Library Name""",,,223,"UCLA Physical Holdings and Titles Report","/shared/University of California System 01UCS_NETWORK/Reports/Local Requests/Annual Statistic Reports/Annual Stats FY 2025-2026/Final stats reports (for July 1)/Physical/UCLA Physical Holdings and Titles Report",3,,,
"RC223-C4-FORMULA","Column","inline","report_inline","""Location"".""Library Code""",1,"formula","""Location"".""Library Code""","Calculated value","","""Location"".""Library Code""",,,223,"UCLA Physical Holdings and Titles Report","/shared/University of California System 01UCS_NETWORK/Reports/Local Requests/Annual Statistic Reports/Annual Stats FY 2025-2026/Final stats reports (for July 1)/Physical/UCLA Physical Holdings and Titles Report",4,,,
"RC223-C5-FORMULA","Column","inline","report_inline","""Location"".""Location Name""",1,"formula","""Location"".""Location Name""","Calculated value","","""Location"".""Location Name""",,,223,"UCLA Physical Holdings and Titles Report","/shared/University of California System 01UCS_NETWORK/Reports/Local Requests/Annual Statistic Reports/Annual Stats FY 2025-2026/Final stats reports (for July 1)/Physical/UCLA Physical Holdings and Titles Report",5,,,
"RC223-C6-FORMULA","Column","inline","report_inline","""Location"".""Location Code""",1,"formula","""Location"".""Location Code""","Calculated value","","""Location"".""Location Code""",,,223,"UCLA Physical Holdings and Titles Report","/shared/University of California System 01UCS_NETWORK/Reports/Local Requests/Annual Statistic Reports/Annual Stats FY 2025-2026/Final stats reports (for July 1)/Physical/UCLA Physical Holdings and Titles Report",6,,,
"RC223-C7-FORMULA","Column","inline","report_inline","""Bibliographic Details"".""Resource Type""",1,"formula","""Bibliographic Details"".""Resource Type""","Calculated value","","""Bibliographic Details"".""Resource Type""",,,223,"UCLA Physical Holdings and Titles Report","/shared/University of California System 01UCS_NETWORK/Reports/Local Requests/Annual Statistic Reports/Annual Stats FY 2025-2026/Final stats reports (for July 1)/Physical/UCLA Physical Holdings and Titles Report",7,,,
"RC225-C3-FORMULA","Column","inline","report_inline","""Location"".""Library Name""",1,"formula","""Location"".""Library Name""","Calculated value","","""Location"".""Library Name""",,,225,"UCM Physical Holdings and Titles Report","/shared/University of California System 01UCS_NETWORK/Reports/Local Requests/Annual Statistic Reports/Annual Stats FY 2025-2026/Final stats reports (for July 1)/Physical/UCM Physical Holdings and Titles Report",3,,,
"RC225-C4-FORMULA","Column","inline","report_inline","""Location"".""Library Code""",1,"formula","""Location"".""Library Code""","Calculated value","","""Location"".""Library Code""",,,225,"UCM Physical Holdings and Titles Report","/shared/University of California System 01UCS_NETWORK/Reports/Local Requests/Annual Statistic Reports/Annual Stats FY 2025-2026/Final stats reports (for July 1)/Physical/UCM Physical Holdings and Titles Report",4,,,
"RC225-C5-FORMULA","Column","inline","report_inline","""Location"".""Location Name""",1,"formula","""Location"".""Location Name""","Calculated value","","""Location"".""Location Name""",,,225,"UCM Physical Holdings and Titles Report","/shared/University of California System 01UCS_NETWORK/Reports/Local Requests/Annual Statistic Reports/Annual Stats FY 2025-2026/Final stats reports (for July 1)/Physical/UCM Physical Holdings and Titles Report",5,,,
"RC225-C6-FORMULA","Column","inline","report_inline","""Location"".""Location Code""",1,"formula","""Location"".""Location Code""","Calculated value","","""Location"".""Location Code""",,,225,"UCM Physical Holdings and Titles Report","/shared/University of California System 01UCS_NETWORK/Reports/Local Requests/Annual Statistic Reports/Annual Stats FY 2025-2026/Final stats reports (for July 1)/Physical/UCM Physical Holdings and Titles Report",6,,,
"RC225-C7-FORMULA","Column","inline","report_inline","""Bibliographic Details"".""Resource Type""",1,"formula","""Bibliographic Details"".""Resource Type""","Calculated value","","""Bibliographic Details"".""Resource Type""",,,225,"UCM Physical Holdings and Titles Report","/shared/University of California System 01UCS_NETWORK/Reports/Local Requests/Annual Statistic Reports/Annual Stats FY 2025-2026/Final stats reports (for July 1)/Physical/UCM Physical Holdings and Titles Report",7,,,
"RC227-C3-FORMULA","Column","inline","report_inline","""Location"".""Library Name""",1,"formula","""Location"".""Library Name""","Calculated value","","""Location"".""Library Name""",,,227,"UCR Physical Holdings and Titles Report","/shared/University of California System 01UCS_NETWORK/Reports/Local Requests/Annual Statistic Reports/Annual Stats FY 2025-2026/Final stats reports (for July 1)/Physical/UCR Physical Holdings and Titles Report",3,,,
"RC227-C4-FORMULA","Column","inline","report_inline","""Location"".""Library Code""",1,"formula","""Location"".""Library Code""","Calculated value","","""Location"".""Library Code""",,,227,"UCR Physical Holdings and Titles Report","/shared/University of California System 01UCS_NETWORK/Reports/Local Requests/Annual Statistic Reports/Annual Stats FY 2025-2026/Final stats reports (for July 1)/Physical/UCR Physical Holdings and Titles Report",4,,,
"RC227-C5-FORMULA","Column","inline","report_inline","""Location"".""Location Name""",1,"formula","""Location"".""Location Name""","Calculated value","","""Location"".""Location Name""",,,227,"UCR Physical Holdings and Titles Report","/shared/University of California System 01UCS_NETWORK/Reports/Local Requests/Annual Statistic Reports/Annual Stats FY 2025-2026/Final stats reports (for July 1)/Physical/UCR Physical Holdings and Titles Report",5,,,
"RC227-C6-FORMULA","Column","inline","report_inline","""Location"".""Location Code""",1,"formula","""Location"".""Location Code""","Calculated value","","""Location"".""Location Code""",,,227,"UCR Physical Holdings and Titles Report","/shared/University of California System 01UCS_NETWORK/Reports/Local Requests/Annual Statistic Reports/Annual Stats FY 2025-2026/Final stats reports (for July 1)/Physical/UCR Physical Holdings and Titles Report",6,,,
"RC227-C7-FORMULA","Column","inline","report_inline","""Bibliographic Details"".""Resource Type""",1,"formula","""Bibliographic Details"".""Resource Type""","Calculated value","","""Bibliographic Details"".""Resource Type""",,,227,"UCR Physical Holdings and Titles Report","/shared/University of California System 01UCS_NETWORK/Reports/Local Requests/Annual Statistic Reports/Annual Stats FY 2025-2026/Final stats reports (for July 1)/Physical/UCR Physical Holdings and Titles Report",7,,,
"RC228-C1-FORMULA","Column","inline","report_inline","""Institution"".""Institution Name""",1,"formula","""Institution"".""Institution Name""","Calculated value","","""Institution"".""Institution Name""",,,228,"UCSB Check-Out Type Categorization Report","/shared/University of California System 01UCS_NETWORK/Reports/Local Requests/Annual Statistic Reports/Annual Stats FY 2025-2026/Preparation review reports/Fulfillment preparation review reports/UCSB Check-Out Type Categorization Report",1,,,
"RC228-C3-FORMULA","Column","inline","report_inline","""Item Location at Time of Loan"".""Library Name""",1,"formula","""Item Location at Time of Loan"".""Library Name""","Calculated value","","""Item Location at Time of Loan"".""Library Name""",,,228,"UCSB Check-Out Type Categorization Report","/shared/University of California System 01UCS_NETWORK/Reports/Local Requests/Annual Statistic Reports/Annual Stats FY 2025-2026/Preparation review reports/Fulfillment preparation review reports/UCSB Check-Out Type Categorization Report",3,,,
"RC228-C4-FORMULA","Column","inline","report_inline","""Item Location at Time of Loan"".""Library Code""",1,"formula","""Item Location at Time of Loan"".""Library Code""","Calculated value","","""Item Location at Time of Loan"".""Library Code""",,,228,"UCSB Check-Out Type Categorization Report","/shared/University of California System 01UCS_NETWORK/Reports/Local Requests/Annual Statistic Reports/Annual Stats FY 2025-2026/Preparation review reports/Fulfillment preparation review reports/UCSB Check-Out Type Categorization Report",4,,,
"RC228-C5-FORMULA","Column","inline","report_inline","""Item Location at Time of Loan"".""Location Name""",1,"formula","""Item Location at Time of Loan"".""Location Name""","Calculated value","","""Item Location at Time of Loan"".""Location Name""",,,228,"UCSB Check-Out Type Categorization Report","/shared/University of California System 01UCS_NETWORK/Reports/Local Requests/Annual Statistic Reports/Annual Stats FY 2025-2026/Preparation review reports/Fulfillment preparation review reports/UCSB Check-Out Type Categorization Report",5,,,
"RC228-C6-FORMULA","Column","inline","report_inline","""Item Location at Time of Loan"".""Location Code""",1,"formula","""Item Location at Time of Loan"".""Location Code""","Calculated value","","""Item Location at Time of Loan"".""Location Code""",,,228,"UCSB Check-Out Type Categorization Report","/shared/University of California System 01UCS_NETWORK/Reports/Local Requests/Annual Statistic Reports/Annual Stats FY 2025-2026/Preparation review reports/Fulfillment preparation review reports/UCSB Check-Out Type Categorization Report",6,,,
"RC230-C3-FORMULA","Column","inline","report_inline","""Location"".""Library Name""",1,"formula","""Location"".""Library Name""","Calculated value","","""Location"".""Library Name""",,,230,"UCSB Physical Holdings and Titles Report","/shared/University of California System 01UCS_NETWORK/Reports/Local Requests/Annual Statistic Reports/Annual Stats FY 2025-2026/Final stats reports (for July 1)/Physical/UCSB Physical Holdings and Titles Report",3,,,
"RC230-C4-FORMULA","Column","inline","report_inline","""Location"".""Library Code""",1,"formula","""Location"".""Library Code""","Calculated value","","""Location"".""Library Code""",,,230,"UCSB Physical Holdings and Titles Report","/shared/University of California System 01UCS_NETWORK/Reports/Local Requests/Annual Statistic Reports/Annual Stats FY 2025-2026/Final stats reports (for July 1)/Physical/UCSB Physical Holdings and Titles Report",4,,,
"RC230-C5-FORMULA","Column","inline","report_inline","""Location"".""Location Name""",1,"formula","""Location"".""Location Name""","Calculated value","","""Location"".""Location Name""",,,230,"UCSB Physical Holdings and Titles Report","/shared/University of California System 01UCS_NETWORK/Reports/Local Requests/Annual Statistic Reports/Annual Stats FY 2025-2026/Final stats reports (for July 1)/Physical/UCSB Physical Holdings and Titles Report",5,,,
"RC230-C6-FORMULA","Column","inline","report_inline","""Location"".""Location Code""",1,"formula","""Location"".""Location Code""","Calculated value","","""Location"".""Location Code""",,,230,"UCSB Physical Holdings and Titles Report","/shared/University of California System 01UCS_NETWORK/Reports/Local Requests/Annual Statistic Reports/Annual Stats FY 2025-2026/Final stats reports (for July 1)/Physical/UCSB Physical Holdings and Titles Report",6,,,
"RC230-C7-FORMULA","Column","inline","report_inline","""Bibliographic Details"".""Resource Type""",1,"formula","""Bibliographic Details"".""Resource Type""","Calculated value","","""Bibliographic Details"".""Resource Type""",,,230,"UCSB Physical Holdings and Titles Report","/shared/University of California System 01UCS_NETWORK/Reports/Local Requests/Annual Statistic Reports/Annual Stats FY 2025-2026/Final stats reports (for July 1)/Physical/UCSB Physical Holdings and Titles Report",7,,,
"RC231-C1-FORMULA","Column","inline","report_inline","""Institution"".""Institution Name""",1,"formula","""Institution"".""Institution Name""","Calculated value","","""Institution"".""Institution Name""",,,231,"UCSB User Group Categorization Report","/shared/University of California System 01UCS_NETWORK/Reports/Local Requests/Annual Statistic Reports/Annual Stats FY 2025-2026/Preparation review reports/Fulfillment preparation review reports/UCSB User Group Categorization Report",1,,,
"RC231-C3-FORMULA","Column","inline","report_inline","""Borrower Details"".""User Group""",1,"formula","""Borrower Details"".""User Group""","Calculated value","","""Borrower Details"".""User Group""",,,231,"UCSB User Group Categorization Report","/shared/University of California System 01UCS_NETWORK/Reports/Local Requests/Annual Statistic Reports/Annual Stats FY 2025-2026/Preparation review reports/Fulfillment preparation review reports/UCSB User Group Categorization Report",3,,,
"RC232-C3-FORMULA","Column","inline","report_inline","""Location"".""Library Name""",1,"formula","""Location"".""Library Name""","Calculated value","","""Location"".""Library Name""",,,232,"UCSC Physical Holdings and Titles Report","/shared/University of California System 01UCS_NETWORK/Reports/Local Requests/Annual Statistic Reports/Annual Stats FY 2025-2026/Final stats reports (for July 1)/Physical/UCSC Physical Holdings and Titles Report",3,,,
"RC232-C4-FORMULA","Column","inline","report_inline","""Location"".""Library Code""",1,"formula","""Location"".""Library Code""","Calculated value","","""Location"".""Library Code""",,,232,"UCSC Physical Holdings and Titles Report","/shared/University of California System 01UCS_NETWORK/Reports/Local Requests/Annual Statistic Reports/Annual Stats FY 2025-2026/Final stats reports (for July 1)/Physical/UCSC Physical Holdings and Titles Report",4,,,
"RC232-C5-FORMULA","Column","inline","report_inline","""Location"".""Location Name""",1,"formula","""Location"".""Location Name""","Calculated value","","""Location"".""Location Name""",,,232,"UCSC Physical Holdings and Titles Report","/shared/University of California System 01UCS_NETWORK/Reports/Local Requests/Annual Statistic Reports/Annual Stats FY 2025-2026/Final stats reports (for July 1)/Physical/UCSC Physical Holdings and Titles Report",5,,,
"RC232-C6-FORMULA","Column","inline","report_inline","""Location"".""Location Code""",1,"formula","""Location"".""Location Code""","Calculated value","","""Location"".""Location Code""",,,232,"UCSC Physical Holdings and Titles Report","/shared/University of California System 01UCS_NETWORK/Reports/Local Requests/Annual Statistic Reports/Annual Stats FY 2025-2026/Final stats reports (for July 1)/Physical/UCSC Physical Holdings and Titles Report",6,,,
"RC232-C7-FORMULA","Column","inline","report_inline","""Bibliographic Details"".""Resource Type""",1,"formula","""Bibliographic Details"".""Resource Type""","Calculated value","","""Bibliographic Details"".""Resource Type""",,,232,"UCSC Physical Holdings and Titles Report","/shared/University of California System 01UCS_NETWORK/Reports/Local Requests/Annual Statistic Reports/Annual Stats FY 2025-2026/Final stats reports (for July 1)/Physical/UCSC Physical Holdings and Titles Report",7,,,
"RC234-C3-FORMULA","Column","inline","report_inline","""Location"".""Library Name""",1,"formula","""Location"".""Library Name""","Calculated value","","""Location"".""Library Name""",,,234,"UCSD Physical Holdings and Titles Report","/shared/University of California System 01UCS_NETWORK/Reports/Local Requests/Annual Statistic Reports/Annual Stats FY 2025-2026/Final stats reports (for July 1)/Physical/UCSD Physical Holdings and Titles Report",3,,,
"RC234-C4-FORMULA","Column","inline","report_inline","""Location"".""Library Code""",1,"formula","""Location"".""Library Code""","Calculated value","","""Location"".""Library Code""",,,234,"UCSD Physical Holdings and Titles Report","/shared/University of California System 01UCS_NETWORK/Reports/Local Requests/Annual Statistic Reports/Annual Stats FY 2025-2026/Final stats reports (for July 1)/Physical/UCSD Physical Holdings and Titles Report",4,,,
"RC234-C5-FORMULA","Column","inline","report_inline","""Location"".""Location Name""",1,"formula","""Location"".""Location Name""","Calculated value","","""Location"".""Location Name""",,,234,"UCSD Physical Holdings and Titles Report","/shared/University of California System 01UCS_NETWORK/Reports/Local Requests/Annual Statistic Reports/Annual Stats FY 2025-2026/Final stats reports (for July 1)/Physical/UCSD Physical Holdings and Titles Report",5,,,
"RC234-C6-FORMULA","Column","inline","report_inline","""Location"".""Location Code""",1,"formula","""Location"".""Location Code""","Calculated value","","""Location"".""Location Code""",,,234,"UCSD Physical Holdings and Titles Report","/shared/University of California System 01UCS_NETWORK/Reports/Local Requests/Annual Statistic Reports/Annual Stats FY 2025-2026/Final stats reports (for July 1)/Physical/UCSD Physical Holdings and Titles Report",6,,,
"RC234-C7-FORMULA","Column","inline","report_inline","""Bibliographic Details"".""Resource Type""",1,"formula","""Bibliographic Details"".""Resource Type""","Calculated value","","""Bibliographic Details"".""Resource Type""",,,234,"UCSD Physical Holdings and Titles Report","/shared/University of California System 01UCS_NETWORK/Reports/Local Requests/Annual Statistic Reports/Annual Stats FY 2025-2026/Final stats reports (for July 1)/Physical/UCSD Physical Holdings and Titles Report",7,,,
"RC236-C1-FORMULA","Column","inline","report_inline","""Institution"".""Institution Name""",1,"formula","""Institution"".""Institution Name""","Calculated value","","""Institution"".""Institution Name""",,,236,"UCSC Check-Out Type Categorization Report","/shared/University of California System 01UCS_NETWORK/Reports/Local Requests/Annual Statistic Reports/Annual Stats FY 2025-2026/Preparation review reports/Fulfillment preparation review reports/UCSC Check-Out Type Categorization Report",1,,,
"RC236-C3-FORMULA","Column","inline","report_inline","""Item Location at Time of Loan"".""Library Name""",1,"formula","""Item Location at Time of Loan"".""Library Name""","Calculated value","","""Item Location at Time of Loan"".""Library Name""",,,236,"UCSC Check-Out Type Categorization Report","/shared/University of California System 01UCS_NETWORK/Reports/Local Requests/Annual Statistic Reports/Annual Stats FY 2025-2026/Preparation review reports/Fulfillment preparation review reports/UCSC Check-Out Type Categorization Report",3,,,
"RC236-C4-FORMULA","Column","inline","report_inline","""Item Location at Time of Loan"".""Library Code""",1,"formula","""Item Location at Time of Loan"".""Library Code""","Calculated value","","""Item Location at Time of Loan"".""Library Code""",,,236,"UCSC Check-Out Type Categorization Report","/shared/University of California System 01UCS_NETWORK/Reports/Local Requests/Annual Statistic Reports/Annual Stats FY 2025-2026/Preparation review reports/Fulfillment preparation review reports/UCSC Check-Out Type Categorization Report",4,,,
"RC236-C5-FORMULA","Column","inline","report_inline","""Item Location at Time of Loan"".""Location Name""",1,"formula","""Item Location at Time of Loan"".""Location Name""","Calculated value","","""Item Location at Time of Loan"".""Location Name""",,,236,"UCSC Check-Out Type Categorization Report","/shared/University of California System 01UCS_NETWORK/Reports/Local Requests/Annual Statistic Reports/Annual Stats FY 2025-2026/Preparation review reports/Fulfillment preparation review reports/UCSC Check-Out Type Categorization Report",5,,,
"RC236-C6-FORMULA","Column","inline","report_inline","""Item Location at Time of Loan"".""Location Code""",1,"formula","""Item Location at Time of Loan"".""Location Code""","Calculated value","","""Item Location at Time of Loan"".""Location Code""",,,236,"UCSC Check-Out Type Categorization Report","/shared/University of California System 01UCS_NETWORK/Reports/Local Requests/Annual Statistic Reports/Annual Stats FY 2025-2026/Preparation review reports/Fulfillment preparation review reports/UCSC Check-Out Type Categorization Report",6,,,
"RC237-C1-FORMULA","Column","inline","report_inline","""Institution"".""Institution Name""",1,"formula","""Institution"".""Institution Name""","Calculated value","","""Institution"".""Institution Name""",,,237,"UCSC User Group Categorization Report","/shared/University of California System 01UCS_NETWORK/Reports/Local Requests/Annual Statistic Reports/Annual Stats FY 2025-2026/Preparation review reports/Fulfillment preparation review reports/UCSC User Group Categorization Report",1,,,
"RC237-C3-FORMULA","Column","inline","report_inline","""Borrower Details"".""User Group""",1,"formula","""Borrower Details"".""User Group""","Calculated value","","""Borrower Details"".""User Group""",,,237,"UCSC User Group Categorization Report","/shared/University of California System 01UCS_NETWORK/Reports/Local Requests/Annual Statistic Reports/Annual Stats FY 2025-2026/Preparation review reports/Fulfillment preparation review reports/UCSC User Group Categorization Report",3,,,
"RC238-C3-FORMULA","Column","inline","report_inline","""Location"".""Library Name""",1,"formula","""Location"".""Library Name""","Calculated value","","""Location"".""Library Name""",,,238,"UCSF Physical Holdings and Titles Report","/shared/University of California System 01UCS_NETWORK/Reports/Local Requests/Annual Statistic Reports/Annual Stats FY 2025-2026/Final stats reports (for July 1)/Physical/UCSF Physical Holdings and Titles Report",3,,,
"RC238-C4-FORMULA","Column","inline","report_inline","""Location"".""Library Code""",1,"formula","""Location"".""Library Code""","Calculated value","","""Location"".""Library Code""",,,238,"UCSF Physical Holdings and Titles Report","/shared/University of California System 01UCS_NETWORK/Reports/Local Requests/Annual Statistic Reports/Annual Stats FY 2025-2026/Final stats reports (for July 1)/Physical/UCSF Physical Holdings and Titles Report",4,,,
"RC238-C5-FORMULA","Column","inline","report_inline","""Location"".""Location Name""",1,"formula","""Location"".""Location Name""","Calculated value","","""Location"".""Location Name""",,,238,"UCSF Physical Holdings and Titles Report","/shared/University of California System 01UCS_NETWORK/Reports/Local Requests/Annual Statistic Reports/Annual Stats FY 2025-2026/Final stats reports (for July 1)/Physical/UCSF Physical Holdings and Titles Report",5,,,
"RC238-C6-FORMULA","Column","inline","report_inline","""Location"".""Location Code""",1,"formula","""Location"".""Location Code""","Calculated value","","""Location"".""Location Code""",,,238,"UCSF Physical Holdings and Titles Report","/shared/University of California System 01UCS_NETWORK/Reports/Local Requests/Annual Statistic Reports/Annual Stats FY 2025-2026/Final stats reports (for July 1)/Physical/UCSF Physical Holdings and Titles Report",6,,,
"RC238-C7-FORMULA","Column","inline","report_inline","""Bibliographic Details"".""Resource Type""",1,"formula","""Bibliographic Details"".""Resource Type""","Calculated value","","""Bibliographic Details"".""Resource Type""",,,238,"UCSF Physical Holdings and Titles Report","/shared/University of California System 01UCS_NETWORK/Reports/Local Requests/Annual Statistic Reports/Annual Stats FY 2025-2026/Final stats reports (for July 1)/Physical/UCSF Physical Holdings and Titles Report",7,,,
"RC241-C2-FORMULA","Column","inline","report_inline","""Location"".""Library Name""",1,"formula","""Location"".""Library Name""","Calculated value","","""Location"".""Library Name""",,,241,"zz_old_UCI testing updated SCA exclusion filter","/shared/University of California System 01UCS_NETWORK/Reports/Local Requests/Annual Statistic Reports/Annual Stats FY 2025-2026/Final stats reports (for July 1)/Physical/zz_old_UCI testing updated SCA exclusion filter",2,,,
"RC241-C3-FORMULA","Column","inline","report_inline","""Location"".""Location Code""",1,"formula","""Location"".""Location Code""","Calculated value","","""Location"".""Location Code""",,,241,"zz_old_UCI testing updated SCA exclusion filter","/shared/University of California System 01UCS_NETWORK/Reports/Local Requests/Annual Statistic Reports/Annual Stats FY 2025-2026/Final stats reports (for July 1)/Physical/zz_old_UCI testing updated SCA exclusion filter",3,,,
"RC241-C4-R1","Column","inline","report_inline","Uniform Resource Identifier",1,"when","""Location"".""Location Code"" IN ('gocrh', 'gseaa', 'spcol') AND ""Bibliographic Details"".""Uniform Resource Identifier"" LIKE '%findaid%'","findaid exclusion","","""Bibliographic Details"".""Uniform Resource Identifier""",,,241,"zz_old_UCI testing updated SCA exclusion filter","/shared/University of California System 01UCS_NETWORK/Reports/Local Requests/Annual Statistic Reports/Annual Stats FY 2025-2026/Final stats reports (for July 1)/Physical/zz_old_UCI testing updated SCA exclusion filter",4,,,
"RC241-C4-R2","Column","inline","report_inline","Uniform Resource Identifier",2,"when","""Location"".""Location Code"" IN ('gocrh', 'gseaa', 'spcol') AND ""Bibliographic Details"".""Uniform Resource Identifier"" LIKE '%oac.cdlib%'","oac.cdlib exclusion","","""Bibliographic Details"".""Uniform Resource Identifier""",,,241,"zz_old_UCI testing updated SCA exclusion filter","/shared/University of California System 01UCS_NETWORK/Reports/Local Requests/Annual Statistic Reports/Annual Stats FY 2025-2026/Final stats reports (for July 1)/Physical/zz_old_UCI testing updated SCA exclusion filter",4,,,
"RC241-C4-R3","Column","inline","report_inline","Uniform Resource Identifier",3,"when","""Bibliographic Details"".""Uniform Resource Identifier"" IS NULL","is null inclusion","","""Bibliographic Details"".""Uniform Resource Identifier""",,,241,"zz_old_UCI testing updated SCA exclusion filter","/shared/University of California System 01UCS_NETWORK/Reports/Local Requests/Annual Statistic Reports/Annual Stats FY 2025-2026/Final stats reports (for July 1)/Physical/zz_old_UCI testing updated SCA exclusion filter",4,,,
"RC241-C4-R4","Column","inline","report_inline","Uniform Resource Identifier",4,"when","""Bibliographic Details"".""Uniform Resource Identifier"" IS NOT NULL","is not null inclusion","","""Bibliographic Details"".""Uniform Resource Identifier""",,,241,"zz_old_UCI testing updated SCA exclusion filter","/shared/University of California System 01UCS_NETWORK/Reports/Local Requests/Annual Statistic Reports/Annual Stats FY 2025-2026/Final stats reports (for July 1)/Physical/zz_old_UCI testing updated SCA exclusion filter",4,,,
"RC241-C4-OTHER","Column","inline","report_inline","Uniform Resource Identifier",5,"otherwise","All other values","included","","""Bibliographic Details"".""Uniform Resource Identifier""",,,241,"zz_old_UCI testing updated SCA exclusion filter","/shared/University of California System 01UCS_NETWORK/Reports/Local Requests/Annual Statistic Reports/Annual Stats FY 2025-2026/Final stats reports (for July 1)/Physical/zz_old_UCI testing updated SCA exclusion filter",4,,,
"RC243-C1-FORMULA","Column","inline","report_inline","""Institution"".""Institution Name""",1,"formula","""Institution"".""Institution Name""","Calculated value","","""Institution"".""Institution Name""",,,243,"UCSD Check-Out Type Categorization Report","/shared/University of California System 01UCS_NETWORK/Reports/Local Requests/Annual Statistic Reports/Annual Stats FY 2025-2026/Preparation review reports/Fulfillment preparation review reports/UCSD Check-Out Type Categorization Report",1,,,
"RC243-C3-FORMULA","Column","inline","report_inline","""Item Location at Time of Loan"".""Library Name""",1,"formula","""Item Location at Time of Loan"".""Library Name""","Calculated value","","""Item Location at Time of Loan"".""Library Name""",,,243,"UCSD Check-Out Type Categorization Report","/shared/University of California System 01UCS_NETWORK/Reports/Local Requests/Annual Statistic Reports/Annual Stats FY 2025-2026/Preparation review reports/Fulfillment preparation review reports/UCSD Check-Out Type Categorization Report",3,,,
"RC243-C4-FORMULA","Column","inline","report_inline","""Item Location at Time of Loan"".""Library Code""",1,"formula","""Item Location at Time of Loan"".""Library Code""","Calculated value","","""Item Location at Time of Loan"".""Library Code""",,,243,"UCSD Check-Out Type Categorization Report","/shared/University of California System 01UCS_NETWORK/Reports/Local Requests/Annual Statistic Reports/Annual Stats FY 2025-2026/Preparation review reports/Fulfillment preparation review reports/UCSD Check-Out Type Categorization Report",4,,,
"RC243-C5-FORMULA","Column","inline","report_inline","""Item Location at Time of Loan"".""Location Name""",1,"formula","""Item Location at Time of Loan"".""Location Name""","Calculated value","","""Item Location at Time of Loan"".""Location Name""",,,243,"UCSD Check-Out Type Categorization Report","/shared/University of California System 01UCS_NETWORK/Reports/Local Requests/Annual Statistic Reports/Annual Stats FY 2025-2026/Preparation review reports/Fulfillment preparation review reports/UCSD Check-Out Type Categorization Report",5,,,
"RC243-C6-FORMULA","Column","inline","report_inline","""Item Location at Time of Loan"".""Location Code""",1,"formula","""Item Location at Time of Loan"".""Location Code""","Calculated value","","""Item Location at Time of Loan"".""Location Code""",,,243,"UCSD Check-Out Type Categorization Report","/shared/University of California System 01UCS_NETWORK/Reports/Local Requests/Annual Statistic Reports/Annual Stats FY 2025-2026/Preparation review reports/Fulfillment preparation review reports/UCSD Check-Out Type Categorization Report",6,,,
"RC245-C1-FORMULA","Column","inline","report_inline","""Institution"".""Institution Name""",1,"formula","""Institution"".""Institution Name""","Calculated value","","""Institution"".""Institution Name""",,,245,"UCSD User Group Categorization Report","/shared/University of California System 01UCS_NETWORK/Reports/Local Requests/Annual Statistic Reports/Annual Stats FY 2025-2026/Preparation review reports/Fulfillment preparation review reports/UCSD User Group Categorization Report",1,,,
"RC245-C3-FORMULA","Column","inline","report_inline","""Borrower Details"".""User Group""",1,"formula","""Borrower Details"".""User Group""","Calculated value","","""Borrower Details"".""User Group""",,,245,"UCSD User Group Categorization Report","/shared/University of California System 01UCS_NETWORK/Reports/Local Requests/Annual Statistic Reports/Annual Stats FY 2025-2026/Preparation review reports/Fulfillment preparation review reports/UCSD User Group Categorization Report",3,,,
"RC247-C1-FORMULA","Column","inline","report_inline","""Institution"".""Institution Name""",1,"formula","""Institution"".""Institution Name""","Calculated value","","""Institution"".""Institution Name""",,,247,"UCSF Check-Out Type Categorization Report","/shared/University of California System 01UCS_NETWORK/Reports/Local Requests/Annual Statistic Reports/Annual Stats FY 2025-2026/Preparation review reports/Fulfillment preparation review reports/UCSF Check-Out Type Categorization Report",1,,,
"RC247-C3-FORMULA","Column","inline","report_inline","""Item Location at Time of Loan"".""Library Name""",1,"formula","""Item Location at Time of Loan"".""Library Name""","Calculated value","","""Item Location at Time of Loan"".""Library Name""",,,247,"UCSF Check-Out Type Categorization Report","/shared/University of California System 01UCS_NETWORK/Reports/Local Requests/Annual Statistic Reports/Annual Stats FY 2025-2026/Preparation review reports/Fulfillment preparation review reports/UCSF Check-Out Type Categorization Report",3,,,
"RC247-C4-FORMULA","Column","inline","report_inline","""Item Location at Time of Loan"".""Library Code""",1,"formula","""Item Location at Time of Loan"".""Library Code""","Calculated value","","""Item Location at Time of Loan"".""Library Code""",,,247,"UCSF Check-Out Type Categorization Report","/shared/University of California System 01UCS_NETWORK/Reports/Local Requests/Annual Statistic Reports/Annual Stats FY 2025-2026/Preparation review reports/Fulfillment preparation review reports/UCSF Check-Out Type Categorization Report",4,,,
"RC247-C5-FORMULA","Column","inline","report_inline","""Item Location at Time of Loan"".""Location Name""",1,"formula","""Item Location at Time of Loan"".""Location Name""","Calculated value","","""Item Location at Time of Loan"".""Location Name""",,,247,"UCSF Check-Out Type Categorization Report","/shared/University of California System 01UCS_NETWORK/Reports/Local Requests/Annual Statistic Reports/Annual Stats FY 2025-2026/Preparation review reports/Fulfillment preparation review reports/UCSF Check-Out Type Categorization Report",5,,,
"RC247-C6-FORMULA","Column","inline","report_inline","""Item Location at Time of Loan"".""Location Code""",1,"formula","""Item Location at Time of Loan"".""Location Code""","Calculated value","","""Item Location at Time of Loan"".""Location Code""",,,247,"UCSF Check-Out Type Categorization Report","/shared/University of California System 01UCS_NETWORK/Reports/Local Requests/Annual Statistic Reports/Annual Stats FY 2025-2026/Preparation review reports/Fulfillment preparation review reports/UCSF Check-Out Type Categorization Report",6,,,
"RC248-C1-FORMULA","Column","inline","report_inline","""Institution"".""Institution Name""",1,"formula","""Institution"".""Institution Name""","Calculated value","","""Institution"".""Institution Name""",,,248,"UCSF User Group Categorization Report","/shared/University of California System 01UCS_NETWORK/Reports/Local Requests/Annual Statistic Reports/Annual Stats FY 2025-2026/Preparation review reports/Fulfillment preparation review reports/UCSF User Group Categorization Report",1,,,
"RC248-C3-FORMULA","Column","inline","report_inline","""Borrower Details"".""User Group""",1,"formula","""Borrower Details"".""User Group""","Calculated value","","""Borrower Details"".""User Group""",,,248,"UCSF User Group Categorization Report","/shared/University of California System 01UCS_NETWORK/Reports/Local Requests/Annual Statistic Reports/Annual Stats FY 2025-2026/Preparation review reports/Fulfillment preparation review reports/UCSF User Group Categorization Report",3,,,
"SC1-FORMULA","Column","standalone_saved_object","standalone_saved_object","Electronic - Count of Electronic Holdings",1,"formula","COUNT(DISTINCT ""Portfolio"".""Portfolio Id"")","Holdings","","COUNT(DISTINCT ""Portfolio"".""Portfolio Id"")",,,,,,,1,"Electronic - Count of Electronic Holdings","/shared/University of California System 01UCS_NETWORK/Reports/Local Requests/Annual Statistic Reports/Annual Stats FY 2025-2026/Electronic - Count of Electronic Holdings"
"SC2-FORMULA","Column","standalone_saved_object","standalone_saved_object","Electronic - Count of Electronic Titles",1,"formula","COUNT(DISTINCT ""Bibliographic Details"".""MMS Id"")","Titles","","COUNT(DISTINCT ""Bibliographic Details"".""MMS Id"")",,,,,,,2,"Electronic - Count of Electronic Titles","/shared/University of California System 01UCS_NETWORK/Reports/Local Requests/Annual Statistic Reports/Annual Stats FY 2025-2026/Electronic - Count of Electronic Titles"
"SC3-R1","Column","standalone_saved_object","standalone_saved_object","Electronic - Global Stats Electronic included/excluded designator",1,"when","""Bibliographic Details"".""Title"" IS NULL","Excluded","","""Electronic Collection"".""Electronic Collection Interface Name""",,,,,,,7,"Electronic - Global Stats Electronic included/excluded designator","/shared/University of California System 01UCS_NETWORK/Reports/Local Requests/Annual Statistic Reports/Annual Stats FY 2025-2026/Electronic - Global Stats Electronic included/excluded designator"
"SC3-R2","Column","standalone_saved_object","standalone_saved_object","Electronic - Global Stats Electronic included/excluded designator",2,"when","""Bibliographic Details"".""Title"" = ' '","Excluded","","""Electronic Collection"".""Electronic Collection Interface Name""",,,,,,,7,"Electronic - Global Stats Electronic included/excluded designator","/shared/University of California System 01UCS_NETWORK/Reports/Local Requests/Annual Statistic Reports/Annual Stats FY 2025-2026/Electronic - Global Stats Electronic included/excluded designator"
"SC3-R3","Column","standalone_saved_object","standalone_saved_object","Electronic - Global Stats Electronic included/excluded designator",3,"when","""Bibliographic Details"".""Title"" = ''","Excluded","","""Electronic Collection"".""Electronic Collection Interface Name""",,,,,,,7,"Electronic - Global Stats Electronic included/excluded designator","/shared/University of California System 01UCS_NETWORK/Reports/Local Requests/Annual Statistic Reports/Annual Stats FY 2025-2026/Electronic - Global Stats Electronic included/excluded designator"
"SC3-R4","Column","standalone_saved_object","standalone_saved_object","Electronic - Global Stats Electronic included/excluded designator",4,"when","""Bibliographic Details"".""MMS Id"" <= '0'","Excluded","","""Electronic Collection"".""Electronic Collection Interface Name""",,,,,,,7,"Electronic - Global Stats Electronic included/excluded designator","/shared/University of California System 01UCS_NETWORK/Reports/Local Requests/Annual Statistic Reports/Annual Stats FY 2025-2026/Electronic - Global Stats Electronic included/excluded designator"
"SC3-R5","Column","standalone_saved_object","standalone_saved_object","Electronic - Global Stats Electronic included/excluded designator",5,"when","""Portfolio"".""Portfolio Id"" <= '0'","Excluded","","""Electronic Collection"".""Electronic Collection Interface Name""",,,,,,,7,"Electronic - Global Stats Electronic included/excluded designator","/shared/University of California System 01UCS_NETWORK/Reports/Local Requests/Annual Statistic Reports/Annual Stats FY 2025-2026/Electronic - Global Stats Electronic included/excluded designator"
"SC3-R6","Column","standalone_saved_object","standalone_saved_object","Electronic - Global Stats Electronic included/excluded designator",6,"when","""Bibliographic Details"".""Suppressed From Discovery"" NOT IN ('NULL', 'No')","Excluded","","""Electronic Collection"".""Electronic Collection Interface Name""",,,,,,,7,"Electronic - Global Stats Electronic included/excluded designator","/shared/University of California System 01UCS_NETWORK/Reports/Local Requests/Annual Statistic Reports/Annual Stats FY 2025-2026/Electronic - Global Stats Electronic included/excluded designator"
"SC3-R7","Column","standalone_saved_object","standalone_saved_object","Electronic - Global Stats Electronic included/excluded designator",7,"when","""Portfolio"".""Lifecycle"" <> 'In Repository'","Excluded","","""Electronic Collection"".""Electronic Collection Interface Name""",,,,,,,7,"Electronic - Global Stats Electronic included/excluded designator","/shared/University of California System 01UCS_NETWORK/Reports/Local Requests/Annual Statistic Reports/Annual Stats FY 2025-2026/Electronic - Global Stats Electronic included/excluded designator"
"SC3-R8","Column","standalone_saved_object","standalone_saved_object","Electronic - Global Stats Electronic included/excluded designator",8,"when","""Portfolio"".""Availability"" <> 'Available'","Excluded","","""Electronic Collection"".""Electronic Collection Interface Name""",,,,,,,7,"Electronic - Global Stats Electronic included/excluded designator","/shared/University of California System 01UCS_NETWORK/Reports/Local Requests/Annual Statistic Reports/Annual Stats FY 2025-2026/Electronic - Global Stats Electronic included/excluded designator"
"SC3-R9","Column","standalone_saved_object","standalone_saved_object","Electronic - Global Stats Electronic included/excluded designator",9,"when","""Bibliographic Details"".""Resource Type"" IN ('NULL', 'Unknown')","Excluded","","""Electronic Collection"".""Electronic Collection Interface Name""",,,,,,,7,"Electronic - Global Stats Electronic included/excluded designator","/shared/University of California System 01UCS_NETWORK/Reports/Local Requests/Annual Statistic Reports/Annual Stats FY 2025-2026/Electronic - Global Stats Electronic included/excluded designator"
"SC3-R10","Column","standalone_saved_object","standalone_saved_object","Electronic - Global Stats Electronic included/excluded designator",10,"when","""Electronic Collection"".""Electronic Collection Public Name (override)"" = 'JSTOR Books DDA' AND ""Bibliographic Details"".""Local Param 01"" LIKE '%CDL%' AND DESCRIPTOR_IDOF(""Physical Items"".""Institution"".""Institution Name"") = 6531","Excluded","","""Electronic Collection"".""Electronic Collection Interface Name""",,,,,,,7,"Electronic - Global Stats Electronic included/excluded designator","/shared/University of California System 01UCS_NETWORK/Reports/Local Requests/Annual Statistic Reports/Annual Stats FY 2025-2026/Electronic - Global Stats Electronic included/excluded designator"
"SC3-R11","Column","standalone_saved_object","standalone_saved_object","Electronic - Global Stats Electronic included/excluded designator",11,"when","""Electronic Collection"".""Electronic Collection Interface Name"" LIKE '%Airiti%' AND ""Bibliographic Details"".""Local Param 01"" LIKE '%CDL%' AND DESCRIPTOR_IDOF(""Physical Items"".""Institution"".""Institution Name"") = 6531","Excluded","","""Electronic Collection"".""Electronic Collection Interface Name""",,,,,,,7,"Electronic - Global Stats Electronic included/excluded designator","/shared/University of California System 01UCS_NETWORK/Reports/Local Requests/Annual Statistic Reports/Annual Stats FY 2025-2026/Electronic - Global Stats Electronic included/excluded designator"
"SC3-R12","Column","standalone_saved_object","standalone_saved_object","Electronic - Global Stats Electronic included/excluded designator",12,"when","""Electronic Collection"".""Electronic Collection Interface Name"" LIKE '%CNPeReading%' AND ""Bibliographic Details"".""Local Param 01"" LIKE '%CDL%' AND DESCRIPTOR_IDOF(""Physical Items"".""Institution"".""Institution Name"") = 6531","Excluded","","""Electronic Collection"".""Electronic Collection Interface Name""",,,,,,,7,"Electronic - Global Stats Electronic included/excluded designator","/shared/University of California System 01UCS_NETWORK/Reports/Local Requests/Annual Statistic Reports/Annual Stats FY 2025-2026/Electronic - Global Stats Electronic included/excluded designator"
"SC3-R13","Column","standalone_saved_object","standalone_saved_object","Electronic - Global Stats Electronic included/excluded designator",13,"when","""Electronic Collection"".""Electronic Collection Public Name"" = 'DOAB Directory of Open Access Books' AND DESCRIPTOR_IDOF(""Physical Items"".""Institution"".""Institution Name"") = 6531","Excluded","","""Electronic Collection"".""Electronic Collection Interface Name""",,,,,,,7,"Electronic - Global Stats Electronic included/excluded designator","/shared/University of California System 01UCS_NETWORK/Reports/Local Requests/Annual Statistic Reports/Annual Stats FY 2025-2026/Electronic - Global Stats Electronic included/excluded designator"
"SC3-R14","Column","standalone_saved_object","standalone_saved_object","Electronic - Global Stats Electronic included/excluded designator",14,"when","""Electronic Collection"".""Electronic Collection Public Name"" LIKE '%Kanopy%' AND DESCRIPTOR_IDOF(""Physical Items"".""Institution"".""Institution Name"") = 6531","Excluded","","""Electronic Collection"".""Electronic Collection Interface Name""",,,,,,,7,"Electronic - Global Stats Electronic included/excluded designator","/shared/University of California System 01UCS_NETWORK/Reports/Local Requests/Annual Statistic Reports/Annual Stats FY 2025-2026/Electronic - Global Stats Electronic included/excluded designator"
"SC3-R15","Column","standalone_saved_object","standalone_saved_object","Electronic - Global Stats Electronic included/excluded designator",15,"when","""Electronic Collection"".""Electronic Collection Public Name"" IN ('Swank Motion Pictures Trial', 'Trial Feedback Form') OR ""Electronic Collection"".""Electronic Collection Public Name (override)"" = 'Japan Times Digital Archive, 1897-2018 TRIAL'","Excluded","","""Electronic Collection"".""Electronic Collection Interface Name""",,,,,,,7,"Electronic - Global Stats Electronic included/excluded designator","/shared/University of California System 01UCS_NETWORK/Reports/Local Requests/Annual Statistic Reports/Annual Stats FY 2025-2026/Electronic - Global Stats Electronic included/excluded designator"
"SC3-R16","Column","standalone_saved_object","standalone_saved_object","Electronic - Global Stats Electronic included/excluded designator",16,"when","DESCRIPTOR_IDOF(""E-Inventory"".""Institution"".""Institution Name"") = 6534 AND ""Portfolio"".""Purchase Model"" LIKE ('%DDA%Candidate%')","Excluded","","""Electronic Collection"".""Electronic Collection Interface Name""",,,,,,,7,"Electronic - Global Stats Electronic included/excluded designator","/shared/University of California System 01UCS_NETWORK/Reports/Local Requests/Annual Statistic Reports/Annual Stats FY 2025-2026/Electronic - Global Stats Electronic included/excluded designator"
"SC3-R17","Column","standalone_saved_object","standalone_saved_object","Electronic - Global Stats Electronic included/excluded designator",17,"when","DESCRIPTOR_IDOF(""E-Inventory"".""Institution"".""Institution Name"") = 6535 AND ""Portfolio"".""Purchase Model"" LIKE ('%DDA%Candidate%')","Excluded","","""Electronic Collection"".""Electronic Collection Interface Name""",,,,,,,7,"Electronic - Global Stats Electronic included/excluded designator","/shared/University of California System 01UCS_NETWORK/Reports/Local Requests/Annual Statistic Reports/Annual Stats FY 2025-2026/Electronic - Global Stats Electronic included/excluded designator"
"SC3-R18","Column","standalone_saved_object","standalone_saved_object","Electronic - Global Stats Electronic included/excluded designator",18,"when","DESCRIPTOR_IDOF(""E-Inventory"".""Institution"".""Institution Name"") = 4876 AND ""E-inventory"".""Portfolio"".""Purchase Model"" = 'DDA Candidate' AND ""E-inventory"".""Electronic Collection"".""Electronic Collection Public Name"" = 'Ebook Central Perpetual, DDA and Subscription Titles'","Excluded","","""Electronic Collection"".""Electronic Collection Interface Name""",,,,,,,7,"Electronic - Global Stats Electronic included/excluded designator","/shared/University of California System 01UCS_NETWORK/Reports/Local Requests/Annual Statistic Reports/Annual Stats FY 2025-2026/Electronic - Global Stats Electronic included/excluded designator"
"SC3-R19","Column","standalone_saved_object","standalone_saved_object","Electronic - Global Stats Electronic included/excluded designator",19,"when","""Electronic Collection"".""Electronic Collection Public Name"" = 'Ebook Central Perpetual, DDA and Subscription Titles' AND ""Portfolio"".""Purchase Model"" LIKE ('%DDA%Candidate%')","Excluded","","""Electronic Collection"".""Electronic Collection Interface Name""",,,,,,,7,"Electronic - Global Stats Electronic included/excluded designator","/shared/University of California System 01UCS_NETWORK/Reports/Local Requests/Annual Statistic Reports/Annual Stats FY 2025-2026/Electronic - Global Stats Electronic included/excluded designator"
"SC3-R20","Column","standalone_saved_object","standalone_saved_object","Electronic - Global Stats Electronic included/excluded designator",20,"when","""Portfolio Library Unit"".""Library Name"" LIKE 'X_Do_Not_Use_%'","Excluded","","""Electronic Collection"".""Electronic Collection Interface Name""",,,,,,,7,"Electronic - Global Stats Electronic included/excluded designator","/shared/University of California System 01UCS_NETWORK/Reports/Local Requests/Annual Statistic Reports/Annual Stats FY 2025-2026/Electronic - Global Stats Electronic included/excluded designator"
"SC3-R21","Column","standalone_saved_object","standalone_saved_object","Electronic - Global Stats Electronic included/excluded designator",21,"when","""Electronic Collection"".""Electronic Collection Public Name"" IN ('R2 Digital Library PDA Discoverable Titles')","Excluded","","""Electronic Collection"".""Electronic Collection Interface Name""",,,,,,,7,"Electronic - Global Stats Electronic included/excluded designator","/shared/University of California System 01UCS_NETWORK/Reports/Local Requests/Annual Statistic Reports/Annual Stats FY 2025-2026/Electronic - Global Stats Electronic included/excluded designator"
"SC3-R22","Column","standalone_saved_object","standalone_saved_object","Electronic - Global Stats Electronic included/excluded designator",22,"when","DESCRIPTOR_IDOF(""Physical Items"".""Institution"".""Institution Name"") = 3126 AND ""Electronic Collection"".""Electronic Collection Public Name"" = 'Palace App (read this ebook on your phone or tablet)_LOCAL'","Excluded","","""Electronic Collection"".""Electronic Collection Interface Name""",,,,,,,7,"Electronic - Global Stats Electronic included/excluded designator","/shared/University of California System 01UCS_NETWORK/Reports/Local Requests/Annual Statistic Reports/Annual Stats FY 2025-2026/Electronic - Global Stats Electronic included/excluded designator"
"SC3-R23","Column","standalone_saved_object","standalone_saved_object","Electronic - Global Stats Electronic included/excluded designator",23,"when","DESCRIPTOR_IDOF(""Physical Items"".""Institution"".""Institution Name"") = 6531 AND ""Electronic Collection"".""Electronic Collection Public Name"" = 'Read via the Palace Project ebook pilot!'","Excluded","","""Electronic Collection"".""Electronic Collection Interface Name""",,,,,,,7,"Electronic - Global Stats Electronic included/excluded designator","/shared/University of California System 01UCS_NETWORK/Reports/Local Requests/Annual Statistic Reports/Annual Stats FY 2025-2026/Electronic - Global Stats Electronic included/excluded designator"
"SC3-R24","Column","standalone_saved_object","standalone_saved_object","Electronic - Global Stats Electronic included/excluded designator",24,"when","DESCRIPTOR_IDOF(""Physical Items"".""Institution"".""Institution Name"") = 4706 AND ""Electronic Collection"".""Electronic Collection Public Name"" = 'E-Book Discovery'","Excluded","","""Electronic Collection"".""Electronic Collection Interface Name""",,,,,,,7,"Electronic - Global Stats Electronic included/excluded designator","/shared/University of California System 01UCS_NETWORK/Reports/Local Requests/Annual Statistic Reports/Annual Stats FY 2025-2026/Electronic - Global Stats Electronic included/excluded designator"
"SC3-R25","Column","standalone_saved_object","standalone_saved_object","Electronic - Global Stats Electronic included/excluded designator",25,"when","DESCRIPTOR_IDOF(""E-Inventory"".""Institution"".""Institution Name"") = 6535 AND ""Electronic Collection"".""Electronic Collection Public Name"" IN ('EBSCO (UCSD). eBook Collection DDA online monographs.', 'JSTOR DDA online monographs (UCSD).')","Excluded","","""Electronic Collection"".""Electronic Collection Interface Name""",,,,,,,7,"Electronic - Global Stats Electronic included/excluded designator","/shared/University of California System 01UCS_NETWORK/Reports/Local Requests/Annual Statistic Reports/Annual Stats FY 2025-2026/Electronic - Global Stats Electronic included/excluded designator"
"SC3-R26","Column","standalone_saved_object","standalone_saved_object","Electronic - Global Stats Electronic included/excluded designator",26,"when","DESCRIPTOR_IDOF(""Physical Items"".""Institution"".""Institution Name"") = 4701 AND ""Electronic Collection"".""Electronic Collection Public Name"" IN ('R2 Digital Library DDA', 'EBL online monographs', 'Taylor & Francis online monographs (EBS)')","Excluded","","""Electronic Collection"".""Electronic Collection Interface Name""",,,,,,,7,"Electronic - Global Stats Electronic included/excluded designator","/shared/University of California System 01UCS_NETWORK/Reports/Local Requests/Annual Statistic Reports/Annual Stats FY 2025-2026/Electronic - Global Stats Electronic included/excluded designator"
"SC3-R27","Column","standalone_saved_object","standalone_saved_object","Electronic - Global Stats Electronic included/excluded designator",27,"when","DESCRIPTOR_IDOF(""Physical Items"".""Institution"".""Institution Name"") = 4701 AND (""Electronic Collection"".""Electronic Collection Public Name"" = 'Ebook Central Perpetual, DDA and Subscription Titles' AND ""Portfolio"".""Purchase Model"" = 'DDA Candidate')","Excluded","","""Electronic Collection"".""Electronic Collection Interface Name""",,,,,,,7,"Electronic - Global Stats Electronic included/excluded designator","/shared/University of California System 01UCS_NETWORK/Reports/Local Requests/Annual Statistic Reports/Annual Stats FY 2025-2026/Electronic - Global Stats Electronic included/excluded designator"
"SC3-R28","Column","standalone_saved_object","standalone_saved_object","Electronic - Global Stats Electronic included/excluded designator",28,"when","DESCRIPTOR_IDOF(""E-Inventory"".""Institution"".""Institution Name"") = 4876 AND ""Electronic Collection"".""Electronic Collection Id"" = '61459105900004876'","Excluded","","""Electronic Collection"".""Electronic Collection Interface Name""",,,,,,,7,"Electronic - Global Stats Electronic included/excluded designator","/shared/University of California System 01UCS_NETWORK/Reports/Local Requests/Annual Statistic Reports/Annual Stats FY 2025-2026/Electronic - Global Stats Electronic included/excluded designator"
"SC3-R29","Column","standalone_saved_object","standalone_saved_object","Electronic - Global Stats Electronic included/excluded designator",29,"when","DESCRIPTOR_IDOF(""E-Inventory"".""Institution"".""Institution Name"") = 4876 AND ""Electronic Collection"".""Electronic Collection Public Name"" = 'EBSCO DDA Titles'","Excluded","","""Electronic Collection"".""Electronic Collection Interface Name""",,,,,,,7,"Electronic - Global Stats Electronic included/excluded designator","/shared/University of California System 01UCS_NETWORK/Reports/Local Requests/Annual Statistic Reports/Annual Stats FY 2025-2026/Electronic - Global Stats Electronic included/excluded designator"
"SC3-R30","Column","standalone_saved_object","standalone_saved_object","Electronic - Global Stats Electronic included/excluded designator",30,"when","DESCRIPTOR_IDOF(""E-Inventory"".""Institution"".""Institution Name"") = 6535 AND ""Electronic Collection"".""Electronic Collection Public Name"" = 'Kanopy DDA online videos (UCSD).'","Excluded","","""Electronic Collection"".""Electronic Collection Interface Name""",,,,,,,7,"Electronic - Global Stats Electronic included/excluded designator","/shared/University of California System 01UCS_NETWORK/Reports/Local Requests/Annual Statistic Reports/Annual Stats FY 2025-2026/Electronic - Global Stats Electronic included/excluded designator"
"SC3-R31","Column","standalone_saved_object","standalone_saved_object","Electronic - Global Stats Electronic included/excluded designator",31,"when","DESCRIPTOR_IDOF(""E-Inventory"".""Institution"".""Institution Name"") = 6535 AND ""Electronic Collection"".""Electronic Collection Id"" = '61231639680006535'","Excluded","","""Electronic Collection"".""Electronic Collection Interface Name""",,,,,,,7,"Electronic - Global Stats Electronic included/excluded designator","/shared/University of California System 01UCS_NETWORK/Reports/Local Requests/Annual Statistic Reports/Annual Stats FY 2025-2026/Electronic - Global Stats Electronic included/excluded designator"
"SC3-R32","Column","standalone_saved_object","standalone_saved_object","Electronic - Global Stats Electronic included/excluded designator",32,"when","DESCRIPTOR_IDOF(""E-Inventory"".""Institution"".""Institution Name"") = 6532 AND ""Electronic Collection"".""Electronic Collection Id"" = '611126508330006532'","Excluded","","""Electronic Collection"".""Electronic Collection Interface Name""",,,,,,,7,"Electronic - Global Stats Electronic included/excluded designator","/shared/University of California System 01UCS_NETWORK/Reports/Local Requests/Annual Statistic Reports/Annual Stats FY 2025-2026/Electronic - Global Stats Electronic included/excluded designator"
"SC3-R33","Column","standalone_saved_object","standalone_saved_object","Electronic - Global Stats Electronic included/excluded designator",33,"when","DESCRIPTOR_IDOF(""E-Inventory"".""Institution"".""Institution Name"") = 4706 AND ""Electronic Collection"".""Electronic Collection Id"" = '61440950170004706'","Excluded","","""Electronic Collection"".""Electronic Collection Interface Name""",,,,,,,7,"Electronic - Global Stats Electronic included/excluded designator","/shared/University of California System 01UCS_NETWORK/Reports/Local Requests/Annual Statistic Reports/Annual Stats FY 2025-2026/Electronic - Global Stats Electronic included/excluded designator"
"SC3-OTHER","Column","standalone_saved_object","standalone_saved_object","Electronic - Global Stats Electronic included/excluded designator",34,"otherwise","All other values","Included","","""Electronic Collection"".""Electronic Collection Interface Name""",,,,,,,7,"Electronic - Global Stats Electronic included/excluded designator","/shared/University of California System 01UCS_NETWORK/Reports/Local Requests/Annual Statistic Reports/Annual Stats FY 2025-2026/Electronic - Global Stats Electronic included/excluded designator"
"SC4-R1","Column","standalone_saved_object","standalone_saved_object","Electronic - Global Stats Electronic Library Categories",1,"when","LOWER(""Portfolio Library Unit"".""Library Name"") LIKE '%law%'","Law","","""Portfolio Library Unit"".""Library Name""",,,,,,,24,"Electronic - Global Stats Electronic Library Categories","/shared/University of California System 01UCS_NETWORK/Reports/Local Requests/Annual Statistic Reports/Annual Stats FY 2025-2026/Electronic - Global Stats Electronic Library Categories"
"SC4-R2","Column","standalone_saved_object","standalone_saved_object","Electronic - Global Stats Electronic Library Categories",2,"when","LOWER(""Portfolio Library Unit"".""Library Name"") LIKE '%med%'","Health Sciences","","""Portfolio Library Unit"".""Library Name""",,,,,,,24,"Electronic - Global Stats Electronic Library Categories","/shared/University of California System 01UCS_NETWORK/Reports/Local Requests/Annual Statistic Reports/Annual Stats FY 2025-2026/Electronic - Global Stats Electronic Library Categories"
"SC4-R3","Column","standalone_saved_object","standalone_saved_object","Electronic - Global Stats Electronic Library Categories",3,"when","DESCRIPTOR_IDOF(""E-Inventory"".""Institution"".""Institution Name"") = 6536","Health Sciences","","""Portfolio Library Unit"".""Library Name""",,,,,,,24,"Electronic - Global Stats Electronic Library Categories","/shared/University of California System 01UCS_NETWORK/Reports/Local Requests/Annual Statistic Reports/Annual Stats FY 2025-2026/Electronic - Global Stats Electronic Library Categories"
"SC4-R4","Column","standalone_saved_object","standalone_saved_object","Electronic - Global Stats Electronic Library Categories",4,"when","""Portfolio Library Unit"".""Library Name"" LIKE 'X_Do_Not_Use_%'","Exclude","","""Portfolio Library Unit"".""Library Name""",,,,,,,24,"Electronic - Global Stats Electronic Library Categories","/shared/University of California System 01UCS_NETWORK/Reports/Local Requests/Annual Statistic Reports/Annual Stats FY 2025-2026/Electronic - Global Stats Electronic Library Categories"
"SC4-OTHER","Column","standalone_saved_object","standalone_saved_object","Electronic - Global Stats Electronic Library Categories",5,"otherwise","All other values","General","","""Portfolio Library Unit"".""Library Name""",,,,,,,24,"Electronic - Global Stats Electronic Library Categories","/shared/University of California System 01UCS_NETWORK/Reports/Local Requests/Annual Statistic Reports/Annual Stats FY 2025-2026/Electronic - Global Stats Electronic Library Categories"
"SC5-R1","Column","standalone_saved_object","standalone_saved_object","Electronic - UCB eResources Managed By designator",1,"when","""Institution"".""Institution Name"" = 6532","Managed by UCB","","""Institution"".""Institution Name""",,,,,,,57,"Electronic - UCB eResources Managed By designator","/shared/University of California System 01UCS_NETWORK/Reports/Local Requests/Annual Statistic Reports/Annual Stats FY 2025-2026/Electronic - UCB eResources Managed By designator"
"SC5-R2","Column","standalone_saved_object","standalone_saved_object","Electronic - UCB eResources Managed By designator",2,"when","""Portfolio"".""Available For Group"" LIKE '%UCB%'","Managed by CDL","","""Institution"".""Institution Name""",,,,,,,57,"Electronic - UCB eResources Managed By designator","/shared/University of California System 01UCS_NETWORK/Reports/Local Requests/Annual Statistic Reports/Annual Stats FY 2025-2026/Electronic - UCB eResources Managed By designator"
"SC5-R3","Column","standalone_saved_object","standalone_saved_object","Electronic - UCB eResources Managed By designator",3,"when","""Portfolio"".""Available For Group"" IS NULL AND DESCRIPTOR_IDOF(""E-Inventory"".""Institution"".""Institution Name"") = 6531","Managed by CDL","","""Institution"".""Institution Name""",,,,,,,57,"Electronic - UCB eResources Managed By designator","/shared/University of California System 01UCS_NETWORK/Reports/Local Requests/Annual Statistic Reports/Annual Stats FY 2025-2026/Electronic - UCB eResources Managed By designator"
"SC5-OTHER","Column","standalone_saved_object","standalone_saved_object","Electronic - UCB eResources Managed By designator",4,"otherwise","All other values","Available at a different campus","","""Institution"".""Institution Name""",,,,,,,57,"Electronic - UCB eResources Managed By designator","/shared/University of California System 01UCS_NETWORK/Reports/Local Requests/Annual Statistic Reports/Annual Stats FY 2025-2026/Electronic - UCB eResources Managed By designator"
"SC6-R1","Column","standalone_saved_object","standalone_saved_object","Electronic - UCD eResources Managed By designator",1,"when","""Institution"".""Institution Name"" = 3126","Managed by UCD","","""Institution"".""Institution Name""",,,,,,,100,"Electronic - UCD eResources Managed By designator","/shared/University of California System 01UCS_NETWORK/Reports/Local Requests/Annual Statistic Reports/Annual Stats FY 2025-2026/Electronic - UCD eResources Managed By designator"
"SC6-R2","Column","standalone_saved_object","standalone_saved_object","Electronic - UCD eResources Managed By designator",2,"when","""Portfolio"".""Available For Group"" LIKE '%UCD%'","Managed by CDL","","""Institution"".""Institution Name""",,,,,,,100,"Electronic - UCD eResources Managed By designator","/shared/University of California System 01UCS_NETWORK/Reports/Local Requests/Annual Statistic Reports/Annual Stats FY 2025-2026/Electronic - UCD eResources Managed By designator"
"SC6-R3","Column","standalone_saved_object","standalone_saved_object","Electronic - UCD eResources Managed By designator",3,"when","""Portfolio"".""Available For Group"" IS NULL AND DESCRIPTOR_IDOF(""E-Inventory"".""Institution"".""Institution Name"") = 6531","Managed by CDL","","""Institution"".""Institution Name""",,,,,,,100,"Electronic - UCD eResources Managed By designator","/shared/University of California System 01UCS_NETWORK/Reports/Local Requests/Annual Statistic Reports/Annual Stats FY 2025-2026/Electronic - UCD eResources Managed By designator"
"SC6-OTHER","Column","standalone_saved_object","standalone_saved_object","Electronic - UCD eResources Managed By designator",4,"otherwise","All other values","Available at a different campus","","""Institution"".""Institution Name""",,,,,,,100,"Electronic - UCD eResources Managed By designator","/shared/University of California System 01UCS_NETWORK/Reports/Local Requests/Annual Statistic Reports/Annual Stats FY 2025-2026/Electronic - UCD eResources Managed By designator"
"SC7-R1","Column","standalone_saved_object","standalone_saved_object","Electronic - UCI eResources Managed By designator",1,"when","""Institution"".""Institution Name"" = 4701","Managed by UCI","","""Institution"".""Institution Name""",,,,,,,114,"Electronic - UCI eResources Managed By designator","/shared/University of California System 01UCS_NETWORK/Reports/Local Requests/Annual Statistic Reports/Annual Stats FY 2025-2026/Electronic - UCI eResources Managed By designator"
"SC7-R2","Column","standalone_saved_object","standalone_saved_object","Electronic - UCI eResources Managed By designator",2,"when","""Portfolio"".""Available For Group"" LIKE '%UCI%'","Managed by CDL","","""Institution"".""Institution Name""",,,,,,,114,"Electronic - UCI eResources Managed By designator","/shared/University of California System 01UCS_NETWORK/Reports/Local Requests/Annual Statistic Reports/Annual Stats FY 2025-2026/Electronic - UCI eResources Managed By designator"
"SC7-R3","Column","standalone_saved_object","standalone_saved_object","Electronic - UCI eResources Managed By designator",3,"when","""Portfolio"".""Available For Group"" IS NULL AND DESCRIPTOR_IDOF(""E-Inventory"".""Institution"".""Institution Name"") = 6531","Managed by CDL","","""Institution"".""Institution Name""",,,,,,,114,"Electronic - UCI eResources Managed By designator","/shared/University of California System 01UCS_NETWORK/Reports/Local Requests/Annual Statistic Reports/Annual Stats FY 2025-2026/Electronic - UCI eResources Managed By designator"
"SC7-OTHER","Column","standalone_saved_object","standalone_saved_object","Electronic - UCI eResources Managed By designator",4,"otherwise","All other values","Available at a different campus","","""Institution"".""Institution Name""",,,,,,,114,"Electronic - UCI eResources Managed By designator","/shared/University of California System 01UCS_NETWORK/Reports/Local Requests/Annual Statistic Reports/Annual Stats FY 2025-2026/Electronic - UCI eResources Managed By designator"
"SC8-R1","Column","standalone_saved_object","standalone_saved_object","Electronic - UCLA eResources Managed By designator",1,"when","""Institution"".""Institution Name"" = 6533","Managed by UCLA","","""Institution"".""Institution Name""",,,,,,,143,"Electronic - UCLA eResources Managed By designator","/shared/University of California System 01UCS_NETWORK/Reports/Local Requests/Annual Statistic Reports/Annual Stats FY 2025-2026/Electronic - UCLA eResources Managed By designator"
"SC8-R2","Column","standalone_saved_object","standalone_saved_object","Electronic - UCLA eResources Managed By designator",2,"when","""Portfolio"".""Available For Group"" LIKE '%UCLA%'","Managed by CDL","","""Institution"".""Institution Name""",,,,,,,143,"Electronic - UCLA eResources Managed By designator","/shared/University of California System 01UCS_NETWORK/Reports/Local Requests/Annual Statistic Reports/Annual Stats FY 2025-2026/Electronic - UCLA eResources Managed By designator"
"SC8-R3","Column","standalone_saved_object","standalone_saved_object","Electronic - UCLA eResources Managed By designator",3,"when","""Portfolio"".""Available For Group"" IS NULL AND DESCRIPTOR_IDOF(""E-Inventory"".""Institution"".""Institution Name"") = 6531","Managed by CDL","","""Institution"".""Institution Name""",,,,,,,143,"Electronic - UCLA eResources Managed By designator","/shared/University of California System 01UCS_NETWORK/Reports/Local Requests/Annual Statistic Reports/Annual Stats FY 2025-2026/Electronic - UCLA eResources Managed By designator"
"SC8-OTHER","Column","standalone_saved_object","standalone_saved_object","Electronic - UCLA eResources Managed By designator",4,"otherwise","All other values","Available at a different campus","","""Institution"".""Institution Name""",,,,,,,143,"Electronic - UCLA eResources Managed By designator","/shared/University of California System 01UCS_NETWORK/Reports/Local Requests/Annual Statistic Reports/Annual Stats FY 2025-2026/Electronic - UCLA eResources Managed By designator"
"SC9-R1","Column","standalone_saved_object","standalone_saved_object","Electronic - UCM eResources Managed By designator",1,"when","""Institution"".""Institution Name"" = 6534","Managed by UCM","","""Institution"".""Institution Name""",,,,,,,165,"Electronic - UCM eResources Managed By designator","/shared/University of California System 01UCS_NETWORK/Reports/Local Requests/Annual Statistic Reports/Annual Stats FY 2025-2026/Electronic - UCM eResources Managed By designator"
"SC9-R2","Column","standalone_saved_object","standalone_saved_object","Electronic - UCM eResources Managed By designator",2,"when","""Portfolio"".""Available For Group"" LIKE '%UCM%'","Managed by CDL","","""Institution"".""Institution Name""",,,,,,,165,"Electronic - UCM eResources Managed By designator","/shared/University of California System 01UCS_NETWORK/Reports/Local Requests/Annual Statistic Reports/Annual Stats FY 2025-2026/Electronic - UCM eResources Managed By designator"
"SC9-R3","Column","standalone_saved_object","standalone_saved_object","Electronic - UCM eResources Managed By designator",3,"when","""Portfolio"".""Available For Group"" IS NULL AND DESCRIPTOR_IDOF(""E-Inventory"".""Institution"".""Institution Name"") = 6531","Managed by CDL","","""Institution"".""Institution Name""",,,,,,,165,"Electronic - UCM eResources Managed By designator","/shared/University of California System 01UCS_NETWORK/Reports/Local Requests/Annual Statistic Reports/Annual Stats FY 2025-2026/Electronic - UCM eResources Managed By designator"
"SC9-OTHER","Column","standalone_saved_object","standalone_saved_object","Electronic - UCM eResources Managed By designator",4,"otherwise","All other values","Available at a different campus","","""Institution"".""Institution Name""",,,,,,,165,"Electronic - UCM eResources Managed By designator","/shared/University of California System 01UCS_NETWORK/Reports/Local Requests/Annual Statistic Reports/Annual Stats FY 2025-2026/Electronic - UCM eResources Managed By designator"
"SC10-R1","Column","standalone_saved_object","standalone_saved_object","Electronic - UCR eResources Managed By designator",1,"when","""Institution"".""Institution Name"" = 4706","Managed by UCR","","""Institution"".""Institution Name""",,,,,,,179,"Electronic - UCR eResources Managed By designator","/shared/University of California System 01UCS_NETWORK/Reports/Local Requests/Annual Statistic Reports/Annual Stats FY 2025-2026/Electronic - UCR eResources Managed By designator"
"SC10-R2","Column","standalone_saved_object","standalone_saved_object","Electronic - UCR eResources Managed By designator",2,"when","""Portfolio"".""Available For Group"" LIKE '%UCR%'","Managed by CDL","","""Institution"".""Institution Name""",,,,,,,179,"Electronic - UCR eResources Managed By designator","/shared/University of California System 01UCS_NETWORK/Reports/Local Requests/Annual Statistic Reports/Annual Stats FY 2025-2026/Electronic - UCR eResources Managed By designator"
"SC10-R3","Column","standalone_saved_object","standalone_saved_object","Electronic - UCR eResources Managed By designator",3,"when","""Portfolio"".""Available For Group"" IS NULL AND DESCRIPTOR_IDOF(""E-Inventory"".""Institution"".""Institution Name"") = 6531","Managed by CDL","","""Institution"".""Institution Name""",,,,,,,179,"Electronic - UCR eResources Managed By designator","/shared/University of California System 01UCS_NETWORK/Reports/Local Requests/Annual Statistic Reports/Annual Stats FY 2025-2026/Electronic - UCR eResources Managed By designator"
"SC10-OTHER","Column","standalone_saved_object","standalone_saved_object","Electronic - UCR eResources Managed By designator",4,"otherwise","All other values","Available at a different campus","","""Institution"".""Institution Name""",,,,,,,179,"Electronic - UCR eResources Managed By designator","/shared/University of California System 01UCS_NETWORK/Reports/Local Requests/Annual Statistic Reports/Annual Stats FY 2025-2026/Electronic - UCR eResources Managed By designator"
"SC11-R1","Column","standalone_saved_object","standalone_saved_object","Electronic - UCSB eResources Managed By designator",1,"when","""Institution"".""Institution Name"" = 3776","Managed by UCSB","","""Institution"".""Institution Name""",,,,,,,195,"Electronic - UCSB eResources Managed By designator","/shared/University of California System 01UCS_NETWORK/Reports/Local Requests/Annual Statistic Reports/Annual Stats FY 2025-2026/Electronic - UCSB eResources Managed By designator"
"SC11-R2","Column","standalone_saved_object","standalone_saved_object","Electronic - UCSB eResources Managed By designator",2,"when","""Portfolio"".""Available For Group"" LIKE '%UCSB%'","Managed by CDL","","""Institution"".""Institution Name""",,,,,,,195,"Electronic - UCSB eResources Managed By designator","/shared/University of California System 01UCS_NETWORK/Reports/Local Requests/Annual Statistic Reports/Annual Stats FY 2025-2026/Electronic - UCSB eResources Managed By designator"
"SC11-R3","Column","standalone_saved_object","standalone_saved_object","Electronic - UCSB eResources Managed By designator",3,"when","""Portfolio"".""Available For Group"" IS NULL AND DESCRIPTOR_IDOF(""E-Inventory"".""Institution"".""Institution Name"") = 6531","Managed by CDL","","""Institution"".""Institution Name""",,,,,,,195,"Electronic - UCSB eResources Managed By designator","/shared/University of California System 01UCS_NETWORK/Reports/Local Requests/Annual Statistic Reports/Annual Stats FY 2025-2026/Electronic - UCSB eResources Managed By designator"
"SC11-OTHER","Column","standalone_saved_object","standalone_saved_object","Electronic - UCSB eResources Managed By designator",4,"otherwise","All other values","Available at a different campus","","""Institution"".""Institution Name""",,,,,,,195,"Electronic - UCSB eResources Managed By designator","/shared/University of California System 01UCS_NETWORK/Reports/Local Requests/Annual Statistic Reports/Annual Stats FY 2025-2026/Electronic - UCSB eResources Managed By designator"
"SC12-R1","Column","standalone_saved_object","standalone_saved_object","Electronic - UCSC eResources Managed By designator",1,"when","""Institution"".""Institution Name"" = 4876","Managed by UCSC","","""Institution"".""Institution Name""",,,,,,,200,"Electronic - UCSC eResources Managed By designator","/shared/University of California System 01UCS_NETWORK/Reports/Local Requests/Annual Statistic Reports/Annual Stats FY 2025-2026/Electronic - UCSC eResources Managed By designator"
"SC12-R2","Column","standalone_saved_object","standalone_saved_object","Electronic - UCSC eResources Managed By designator",2,"when","""Portfolio"".""Available For Group"" LIKE '%UCSC%'","Managed by CDL","","""Institution"".""Institution Name""",,,,,,,200,"Electronic - UCSC eResources Managed By designator","/shared/University of California System 01UCS_NETWORK/Reports/Local Requests/Annual Statistic Reports/Annual Stats FY 2025-2026/Electronic - UCSC eResources Managed By designator"
"SC12-R3","Column","standalone_saved_object","standalone_saved_object","Electronic - UCSC eResources Managed By designator",3,"when","""Portfolio"".""Available For Group"" IS NULL AND DESCRIPTOR_IDOF(""E-Inventory"".""Institution"".""Institution Name"") = 6531","Managed by CDL","","""Institution"".""Institution Name""",,,,,,,200,"Electronic - UCSC eResources Managed By designator","/shared/University of California System 01UCS_NETWORK/Reports/Local Requests/Annual Statistic Reports/Annual Stats FY 2025-2026/Electronic - UCSC eResources Managed By designator"
"SC12-OTHER","Column","standalone_saved_object","standalone_saved_object","Electronic - UCSC eResources Managed By designator",4,"otherwise","All other values","Available at a different campus","","""Institution"".""Institution Name""",,,,,,,200,"Electronic - UCSC eResources Managed By designator","/shared/University of California System 01UCS_NETWORK/Reports/Local Requests/Annual Statistic Reports/Annual Stats FY 2025-2026/Electronic - UCSC eResources Managed By designator"
"SC13-R1","Column","standalone_saved_object","standalone_saved_object","Electronic - UCSD eResources Managed By designator",1,"when","""Institution"".""Institution Name"" = 6535","Managed by UCSD","","""Institution"".""Institution Name""",,,,,,,209,"Electronic - UCSD eResources Managed By designator","/shared/University of California System 01UCS_NETWORK/Reports/Local Requests/Annual Statistic Reports/Annual Stats FY 2025-2026/Electronic - UCSD eResources Managed By designator"
"SC13-R2","Column","standalone_saved_object","standalone_saved_object","Electronic - UCSD eResources Managed By designator",2,"when","""Portfolio"".""Available For Group"" LIKE '%UCSD%'","Managed by CDL","","""Institution"".""Institution Name""",,,,,,,209,"Electronic - UCSD eResources Managed By designator","/shared/University of California System 01UCS_NETWORK/Reports/Local Requests/Annual Statistic Reports/Annual Stats FY 2025-2026/Electronic - UCSD eResources Managed By designator"
"SC13-R3","Column","standalone_saved_object","standalone_saved_object","Electronic - UCSD eResources Managed By designator",3,"when","""Portfolio"".""Available For Group"" IS NULL AND DESCRIPTOR_IDOF(""E-Inventory"".""Institution"".""Institution Name"") = 6531","Managed by CDL","","""Institution"".""Institution Name""",,,,,,,209,"Electronic - UCSD eResources Managed By designator","/shared/University of California System 01UCS_NETWORK/Reports/Local Requests/Annual Statistic Reports/Annual Stats FY 2025-2026/Electronic - UCSD eResources Managed By designator"
"SC13-OTHER","Column","standalone_saved_object","standalone_saved_object","Electronic - UCSD eResources Managed By designator",4,"otherwise","All other values","Available at a different campus","","""Institution"".""Institution Name""",,,,,,,209,"Electronic - UCSD eResources Managed By designator","/shared/University of California System 01UCS_NETWORK/Reports/Local Requests/Annual Statistic Reports/Annual Stats FY 2025-2026/Electronic - UCSD eResources Managed By designator"
"SC14-R1","Column","standalone_saved_object","standalone_saved_object","Electronic UCSF eResources Managed By designator",1,"when","""Institution"".""Institution Name"" = 6536","Managed by UCSF","","""Institution"".""Institution Name""",,,,,,,218,"Electronic UCSF eResources Managed By designator","/shared/University of California System 01UCS_NETWORK/Reports/Local Requests/Annual Statistic Reports/Annual Stats FY 2025-2026/Electronic UCSF eResources Managed By designator"
"SC14-R2","Column","standalone_saved_object","standalone_saved_object","Electronic UCSF eResources Managed By designator",2,"when","Portfolio.""Available For Group"" LIKE '%UCSF%'","Managed by CDL","","""Institution"".""Institution Name""",,,,,,,218,"Electronic UCSF eResources Managed By designator","/shared/University of California System 01UCS_NETWORK/Reports/Local Requests/Annual Statistic Reports/Annual Stats FY 2025-2026/Electronic UCSF eResources Managed By designator"
"SC14-R3","Column","standalone_saved_object","standalone_saved_object","Electronic UCSF eResources Managed By designator",3,"when","Portfolio.""Available For Group"" IS NULL AND DESCRIPTOR_IDOF(""E-Inventory"".""Institution"".""Institution Name"") = 6531","Managed by CDL","","""Institution"".""Institution Name""",,,,,,,218,"Electronic UCSF eResources Managed By designator","/shared/University of California System 01UCS_NETWORK/Reports/Local Requests/Annual Statistic Reports/Annual Stats FY 2025-2026/Electronic UCSF eResources Managed By designator"
"SC14-OTHER","Column","standalone_saved_object","standalone_saved_object","Electronic UCSF eResources Managed By designator",4,"otherwise","All other values","Available at a different campus","","""Institution"".""Institution Name""",,,,,,,218,"Electronic UCSF eResources Managed By designator","/shared/University of California System 01UCS_NETWORK/Reports/Local Requests/Annual Statistic Reports/Annual Stats FY 2025-2026/Electronic UCSF eResources Managed By designator"
"SC15-FORMULA","Column","standalone_saved_object","standalone_saved_object","Fulfillment - Alma User Group",1,"formula","""Borrower Details"".""User Group""","Alma User Group","","""Borrower Details"".""User Group""",,,,,,,222,"Fulfillment - Alma User Group","/shared/University of California System 01UCS_NETWORK/Reports/Local Requests/Annual Statistic Reports/Annual Stats FY 2025-2026/Fulfillment - Alma User Group"
"SC16-R1","Column","standalone_saved_object","standalone_saved_object","Fulfillment - Fulfillment Institution",1,"when","DESCRIPTOR_IDOF(""Fulfillment"".""Institution"".""Institution Name"") = (6532) AND ""Item Location at Time of Loan"".""Library Code"" = 'NRLF'","SLF-N","","""Institution"".""Institution Name""",,,,,,,224,"Fulfillment - Fulfillment Institution","/shared/University of California System 01UCS_NETWORK/Reports/Local Requests/Annual Statistic Reports/Annual Stats FY 2025-2026/Fulfillment - Fulfillment Institution"
"SC16-R2","Column","standalone_saved_object","standalone_saved_object","Fulfillment - Fulfillment Institution",2,"when","""Institution"".""Institution Name"" = 6532","UCB","","""Institution"".""Institution Name""",,,,,,,224,"Fulfillment - Fulfillment Institution","/shared/University of California System 01UCS_NETWORK/Reports/Local Requests/Annual Statistic Reports/Annual Stats FY 2025-2026/Fulfillment - Fulfillment Institution"
"SC16-R3","Column","standalone_saved_object","standalone_saved_object","Fulfillment - Fulfillment Institution",3,"when","""Institution"".""Institution Name"" = 3126","UCD","","""Institution"".""Institution Name""",,,,,,,224,"Fulfillment - Fulfillment Institution","/shared/University of California System 01UCS_NETWORK/Reports/Local Requests/Annual Statistic Reports/Annual Stats FY 2025-2026/Fulfillment - Fulfillment Institution"
"SC16-R4","Column","standalone_saved_object","standalone_saved_object","Fulfillment - Fulfillment Institution",4,"when","""Institution"".""Institution Name"" = 4701","UCI","","""Institution"".""Institution Name""",,,,,,,224,"Fulfillment - Fulfillment Institution","/shared/University of California System 01UCS_NETWORK/Reports/Local Requests/Annual Statistic Reports/Annual Stats FY 2025-2026/Fulfillment - Fulfillment Institution"
"SC16-R5","Column","standalone_saved_object","standalone_saved_object","Fulfillment - Fulfillment Institution",5,"when","DESCRIPTOR_IDOF(""Fulfillment"".""Institution"".""Institution Name"") = (6533) AND ""Item Location at Time of Loan"".""Library Code"" = 'SRLF'","SLF-S","","""Institution"".""Institution Name""",,,,,,,224,"Fulfillment - Fulfillment Institution","/shared/University of California System 01UCS_NETWORK/Reports/Local Requests/Annual Statistic Reports/Annual Stats FY 2025-2026/Fulfillment - Fulfillment Institution"
"SC16-R6","Column","standalone_saved_object","standalone_saved_object","Fulfillment - Fulfillment Institution",6,"when","""Institution"".""Institution Name"" = 6533","UCLA","","""Institution"".""Institution Name""",,,,,,,224,"Fulfillment - Fulfillment Institution","/shared/University of California System 01UCS_NETWORK/Reports/Local Requests/Annual Statistic Reports/Annual Stats FY 2025-2026/Fulfillment - Fulfillment Institution"
"SC16-R7","Column","standalone_saved_object","standalone_saved_object","Fulfillment - Fulfillment Institution",7,"when","""Institution"".""Institution Name"" = 6534","UCM","","""Institution"".""Institution Name""",,,,,,,224,"Fulfillment - Fulfillment Institution","/shared/University of California System 01UCS_NETWORK/Reports/Local Requests/Annual Statistic Reports/Annual Stats FY 2025-2026/Fulfillment - Fulfillment Institution"
"SC16-R8","Column","standalone_saved_object","standalone_saved_object","Fulfillment - Fulfillment Institution",8,"when","""Institution"".""Institution Name"" = 4706","UCR","","""Institution"".""Institution Name""",,,,,,,224,"Fulfillment - Fulfillment Institution","/shared/University of California System 01UCS_NETWORK/Reports/Local Requests/Annual Statistic Reports/Annual Stats FY 2025-2026/Fulfillment - Fulfillment Institution"
"SC16-R9","Column","standalone_saved_object","standalone_saved_object","Fulfillment - Fulfillment Institution",9,"when","""Institution"".""Institution Name"" = 3776","UCSB","","""Institution"".""Institution Name""",,,,,,,224,"Fulfillment - Fulfillment Institution","/shared/University of California System 01UCS_NETWORK/Reports/Local Requests/Annual Statistic Reports/Annual Stats FY 2025-2026/Fulfillment - Fulfillment Institution"
"SC16-R10","Column","standalone_saved_object","standalone_saved_object","Fulfillment - Fulfillment Institution",10,"when","""Institution"".""Institution Name"" = 4876","UCSC","","""Institution"".""Institution Name""",,,,,,,224,"Fulfillment - Fulfillment Institution","/shared/University of California System 01UCS_NETWORK/Reports/Local Requests/Annual Statistic Reports/Annual Stats FY 2025-2026/Fulfillment - Fulfillment Institution"
"SC16-R11","Column","standalone_saved_object","standalone_saved_object","Fulfillment - Fulfillment Institution",11,"when","""Institution"".""Institution Name"" = 6535","UCSD","","""Institution"".""Institution Name""",,,,,,,224,"Fulfillment - Fulfillment Institution","/shared/University of California System 01UCS_NETWORK/Reports/Local Requests/Annual Statistic Reports/Annual Stats FY 2025-2026/Fulfillment - Fulfillment Institution"
"SC16-R12","Column","standalone_saved_object","standalone_saved_object","Fulfillment - Fulfillment Institution",12,"when","""Institution"".""Institution Name"" = 6536","UCSF","","""Institution"".""Institution Name""",,,,,,,224,"Fulfillment - Fulfillment Institution","/shared/University of California System 01UCS_NETWORK/Reports/Local Requests/Annual Statistic Reports/Annual Stats FY 2025-2026/Fulfillment - Fulfillment Institution"
"SC16-OTHER","Column","standalone_saved_object","standalone_saved_object","Fulfillment - Fulfillment Institution",13,"otherwise","All other values","Other - needs investigation","","""Institution"".""Institution Name""",,,,,,,224,"Fulfillment - Fulfillment Institution","/shared/University of California System 01UCS_NETWORK/Reports/Local Requests/Annual Statistic Reports/Annual Stats FY 2025-2026/Fulfillment - Fulfillment Institution"
"SC17-FORMULA","Column","standalone_saved_object","standalone_saved_object","Fulfillment - FY 2025-26 Loans (Not In House)",1,"formula","""Loan"".""Loans (Not In House)""","FY 2025-26 Loans (Not In House)","","""Loan"".""Loans (Not In House)""",,,,,,,229,"Fulfillment - FY 2025-26 Loans (Not In House)","/shared/University of California System 01UCS_NETWORK/Reports/Local Requests/Annual Statistic Reports/Annual Stats FY 2025-2026/Fulfillment - FY 2025-26 Loans (Not In House)"
"SC18-R1","Column","standalone_saved_object","standalone_saved_object","Fulfillment - UCB Check-Out Type",1,"when","""Item Location at Time of Loan"".""Location Code"" IN ('UNASSIGNED', 'ah92', 'ah9e', 'drr', 'zs', 'ea9r', 'qc9m', 'qn9c', 'muv', 'esx')","Exclude","","""Item Location at Time of Loan"".""Location Code""",,,,,,,233,"Fulfillment - UCB Check-Out Type","/shared/University of California System 01UCS_NETWORK/Reports/Local Requests/Annual Statistic Reports/Annual Stats FY 2025-2026/Fulfillment - UCB Check-Out Type"
"SC18-R2","Column","standalone_saved_object","standalone_saved_object","Fulfillment - UCB Check-Out Type",2,"when","""Item Location at Time of Loan"".""Location Code"" IN ('bu', 'chs', 'ma9f', 'ma9e', 'ev9t', 'gs', 'mts', 'mf9f', 'mf9e', 'mf', 'mfs', 'so9f', 'so9e')","Equipment","","""Item Location at Time of Loan"".""Location Code""",,,,,,,233,"Fulfillment - UCB Check-Out Type","/shared/University of California System 01UCS_NETWORK/Reports/Local Requests/Annual Statistic Reports/Annual Stats FY 2025-2026/Fulfillment - UCB Check-Out Type"
"SC18-R3","Column","standalone_saved_object","standalone_saved_object","Fulfillment - UCB Check-Out Type",3,"when","""Physical Item Details"".""Item Policy"" LIKE '%quipment%'","Equipment","","""Item Location at Time of Loan"".""Location Code""",,,,,,,233,"Fulfillment - UCB Check-Out Type","/shared/University of California System 01UCS_NETWORK/Reports/Local Requests/Annual Statistic Reports/Annual Stats FY 2025-2026/Fulfillment - UCB Check-Out Type"
"SC18-R4","Column","standalone_saved_object","standalone_saved_object","Fulfillment - UCB Check-Out Type",4,"when","""Item Location at Time of Loan"".""Location Code"" IN ('OUT_RS_REQ', 'IN_RS_REQ')","ILL","","""Item Location at Time of Loan"".""Location Code""",,,,,,,233,"Fulfillment - UCB Check-Out Type","/shared/University of California System 01UCS_NETWORK/Reports/Local Requests/Annual Statistic Reports/Annual Stats FY 2025-2026/Fulfillment - UCB Check-Out Type"
"SC18-R5","Column","standalone_saved_object","standalone_saved_object","Fulfillment - UCB Check-Out Type",5,"when","""Item Location at Time of Loan"".""Location Code"" IN ('an', 'ah', 'ah9t', 'ahu', 'ah9a', 'ah9l', 'ah9d', 'ah95', 'ah9g', 'ah9j', 'tb', 'tb2', 'tbo', 'tb9u', 'tb9o', 'tb9p', 'tb95', 'tb94', 'tbr', 'tbw', 'tbv', 'tp', 'tu', 'tuo', 'tu94', 'bi', 'bic', 'bi9c', 'bif', 'bil', 'bim', 'bi9b', 'binb', 'bik', 'bir', 'bis', 'bi9d', 'buc', 'bus', 'ch', 'chc', 'chnb', 'chp', 'chr', 'dr', 'ma', 'mac', 'ucbears', 'zw', 'es', 'es93', 'es9c', 'esi', 'es9m', 'es9b', 'es9d', 'ess', 'esw', 'ea', 'eao', 'eat', 'eau', 'eav', 'ear', 'eas', 'eax', 'ea9w', 'en', 'en9c', 'enc', 'en9i', 'ens', 'ensp', 'ev', 'evr', 'evp', 'ev2', 'evpo', 'evo', 'evu', 'evs', 'qa', 'qc', 'qcl', 'qe', 'qe9f', 'qn', 'qn9k', 'qn9m', 'ig', 'igr', 'igs', 'it', 'ite', 'iti', 'ith', 'itp', 'its', 'lb', 'lb9l', 'mt', 'mtp', 'mta', 'mc', 'mo', 'mo9a', 'mo9f', 'moga', 'mo9g', 'mo9m', 'mo9n', 'mo9p', 'mo9y', 'mo9s', 'mo9t', 'mu', 'mu9m', 'mu9x', 'muc', 'mu9c', 'muo', 'mu9f', 'dn', 'nbqar', 'nbtbr', 'nbtnr', 'nntnr', 'nbqcr', 'nbqer', 'nbear', 'nbevr', 'nbcer', 'nbitr', 'nbmar', 'nbmnr', 'nbmcr', 'nbmur', 'nbqnr', 'nncl', 'npupr', 'nban', 'nbah', 'nbbi', 'nbbu', 'nbch', 'nbes', 'nbea', 'nben', 'nbev', 'nbig', 'nbit', 'nblw', 'nbma', 'nbmt', 'nbmu', 'nbdn', 'nbph', 'nbso', 'nbss', 'nddo', 'ndhe', 'ndla', 'ndph', 'ndsh', 'nlxx', 'nrxx', 'nsxx', 'ncmh', 'ncme', 'ncsc', 'nfge', 'nucl', 'nu03u', 'nuht', 'nu01u', 'nu02u', 'nu03b', 'nu01b', 'nu02b', 'nbphr', 'nbtur', 'ndspr', 'nlyrr', 'ncspr', 'nfspr', 'php', 'phs', 'so', 'sos', 'esnb', 'es97', 'eanb', 'eaob', 'ennb', 'nbbir', 'nbchr', 'nbdnr', 'ndag')","Check-Out","","""Item Location at Time of Loan"".""Location Code""",,,,,,,233,"Fulfillment - UCB Check-Out Type","/shared/University of California System 01UCS_NETWORK/Reports/Local Requests/Annual Statistic Reports/Annual Stats FY 2025-2026/Fulfillment - UCB Check-Out Type"
"SC18-OTHER","Column","standalone_saved_object","standalone_saved_object","Fulfillment - UCB Check-Out Type",6,"otherwise","All other values","New check-out location - needs categorization","","""Item Location at Time of Loan"".""Location Code""",,,,,,,233,"Fulfillment - UCB Check-Out Type","/shared/University of California System 01UCS_NETWORK/Reports/Local Requests/Annual Statistic Reports/Annual Stats FY 2025-2026/Fulfillment - UCB Check-Out Type"
"SC19-R1","Column","standalone_saved_object","standalone_saved_object","Fulfillment - UCB User Group",1,"when","""Borrower Details"".""User Group"" IN ('Executive/Management', 'Faculty/Academic Staff', 'GTU Faculty', 'GTU Staff/Visiting Scholar', 'Howard Hughes Institute', 'LBNL Academic Staff', 'Mathematical Sciences Research Institute', 'Proxy - Faculty', 'Stanford Faculty', 'UC Extension Faculty', 'UCB Academic Dept Affiliate No Proxy', 'UCB Post-doc', 'UCB Visiting Scholar')","Campus academic","","""Borrower Details"".""User Group""",,,,,,,235,"Fulfillment - UCB User Group","/shared/University of California System 01UCS_NETWORK/Reports/Local Requests/Annual Statistic Reports/Annual Stats FY 2025-2026/Fulfillment - UCB User Group"
"SC19-R2","Column","standalone_saved_object","standalone_saved_object","Fulfillment - UCB User Group",2,"when","""Borrower Details"".""User Group"" IN ('Graduate Student', 'GTU Graduate Student', 'Stanford Graduate Student')","Campus graduates","","""Borrower Details"".""User Group""",,,,,,,235,"Fulfillment - UCB User Group","/shared/University of California System 01UCS_NETWORK/Reports/Local Requests/Annual Statistic Reports/Annual Stats FY 2025-2026/Fulfillment - UCB User Group"
"SC19-R3","Column","standalone_saved_object","standalone_saved_object","Fulfillment - UCB User Group",3,"when","""Borrower Details"".""User Group"" IN ('LBNL Guest/Temp/Contractor', 'LBNL Non-Academic/Post-doc', 'LBNL Retired Staff', 'Library Departmental Card', 'Library Development', 'Library Retired Staff', 'Library Staff', 'LLNL Academic Staff', 'LLNL Non-Academic Staff/Post-doc', 'LLNL Retired Staff', 'Non-Academic Retired Staff', 'Non-Academic Staff', 'Other UC Retiree', 'UC Office of the President')","Campus staff","","""Borrower Details"".""User Group""",,,,,,,235,"Fulfillment - UCB User Group","/shared/University of California System 01UCS_NETWORK/Reports/Local Requests/Annual Statistic Reports/Annual Stats FY 2025-2026/Fulfillment - UCB User Group"
"SC19-R4","Column","standalone_saved_object","standalone_saved_object","Fulfillment - UCB User Group",4,"when","""Borrower Details"".""User Group"" IN ('UC Extension Student', 'UC Extension Student Non-concurrent', 'Undergraduate', 'Undergraduate - UCB SLE')","Campus undergraduates","","""Borrower Details"".""User Group""",,,,,,,235,"Fulfillment - UCB User Group","/shared/University of California System 01UCS_NETWORK/Reports/Local Requests/Annual Statistic Reports/Annual Stats FY 2025-2026/Fulfillment - UCB User Group"
"SC19-R5","Column","standalone_saved_object","standalone_saved_object","Fulfillment - UCB User Group",5,"when","""Borrower Details"".""User Group"" IN ('Alumni', 'Alumni Lifetime', 'Botanical Garden Docent', 'Faculty/Academic Spouse', 'Faculty/Academic Staff Children', 'Institute for Historical Study', 'Non-Academic Staff Spouse', 'Reference Use Only', 'UCB Academic Dept Affiliate', 'UCB Alumni Association Staff')","Other - Campus Other","","""Borrower Details"".""User Group""",,,,,,,235,"Fulfillment - UCB User Group","/shared/University of California System 01UCS_NETWORK/Reports/Local Requests/Annual Statistic Reports/Annual Stats FY 2025-2026/Fulfillment - UCB User Group"
"SC19-R6","Column","standalone_saved_object","standalone_saved_object","Fulfillment - UCB User Group",6,"when","""Borrower Details"".""User Group"" IN ('CA Private Univ/Coll Student', 'CA Public School Teachers', 'CA Resident', 'CA University/Colleges Faculty', 'CA University/Colleges Student', 'Library Non-Affiliated Users', 'Other UC Spouse', 'CA Private School Teachers', 'Dept of Health Services (DHS)', 'ICSI_MSRI', 'Library Volunteer')","Other - Non-UCs","","""Borrower Details"".""User Group""",,,,,,,235,"Fulfillment - UCB User Group","/shared/University of California System 01UCS_NETWORK/Reports/Local Requests/Annual Statistic Reports/Annual Stats FY 2025-2026/Fulfillment - UCB User Group"
"SC19-R7","Column","standalone_saved_object","standalone_saved_object","Fulfillment - UCB User Group",7,"when","""Borrower Details"".""User Group"" IN ('NETWORK', 'Network')","Intercampus Loan (Network)","","""Borrower Details"".""User Group""",,,,,,,235,"Fulfillment - UCB User Group","/shared/University of California System 01UCS_NETWORK/Reports/Local Requests/Annual Statistic Reports/Annual Stats FY 2025-2026/Fulfillment - UCB User Group"
"SC19-R8","Column","standalone_saved_object","standalone_saved_object","Fulfillment - UCB User Group",8,"when","""Borrower Details"".""User Group"" IN ('ILL Other Libraries', 'ILL UC')","Interlibrary Loan (ILL)","","""Borrower Details"".""User Group""",,,,,,,235,"Fulfillment - UCB User Group","/shared/University of California System 01UCS_NETWORK/Reports/Local Requests/Annual Statistic Reports/Annual Stats FY 2025-2026/Fulfillment - UCB User Group"
"SC19-R9","Column","standalone_saved_object","standalone_saved_object","Fulfillment - UCB User Group",9,"when","""Borrower Details"".""User Group"" IS NULL","Exclude","","""Borrower Details"".""User Group""",,,,,,,235,"Fulfillment - UCB User Group","/shared/University of California System 01UCS_NETWORK/Reports/Local Requests/Annual Statistic Reports/Annual Stats FY 2025-2026/Fulfillment - UCB User Group"
"SC19-R10","Column","standalone_saved_object","standalone_saved_object","Fulfillment - UCB User Group",10,"when","""Borrower Details"".""User Group"" IN ('SLF-N Departmental Card', 'SLF-N/UCB Google Cart', 'Test Patron Graduate', 'Test Patron Undergraduate', 'NRLF Departmental Card', 'NRLF/UCB Google Cart')","Exclude","","""Borrower Details"".""User Group""",,,,,,,235,"Fulfillment - UCB User Group","/shared/University of California System 01UCS_NETWORK/Reports/Local Requests/Annual Statistic Reports/Annual Stats FY 2025-2026/Fulfillment - UCB User Group"
"SC19-R11","Column","standalone_saved_object","standalone_saved_object","Fulfillment - UCB User Group",11,"when","""Borrower Details"".""User Group"" = 'UC Visiting Scholar/Post-doc'","Other - Other UCs","","""Borrower Details"".""User Group""",,,,,,,235,"Fulfillment - UCB User Group","/shared/University of California System 01UCS_NETWORK/Reports/Local Requests/Annual Statistic Reports/Annual Stats FY 2025-2026/Fulfillment - UCB User Group"
"SC19-OTHER","Column","standalone_saved_object","standalone_saved_object","Fulfillment - UCB User Group",12,"otherwise","All other values","New user group - needs categorization","","""Borrower Details"".""User Group""",,,,,,,235,"Fulfillment - UCB User Group","/shared/University of California System 01UCS_NETWORK/Reports/Local Requests/Annual Statistic Reports/Annual Stats FY 2025-2026/Fulfillment - UCB User Group"
"SC20-R1","Column","standalone_saved_object","standalone_saved_object","Fulfillment - UCD Check-Out Type",1,"when","""Item Location at Time of Loan"".""Library Code"" LIKE 'ILL%'","ILL","","""Item Location at Time of Loan"".""Location Code""",,,,,,,239,"Fulfillment - UCD Check-Out Type","/shared/University of California System 01UCS_NETWORK/Reports/Local Requests/Annual Statistic Reports/Annual Stats FY 2025-2026/Fulfillment - UCD Check-Out Type"
"SC20-R2","Column","standalone_saved_object","standalone_saved_object","Fulfillment - UCD Check-Out Type",2,"when","""Item Location at Time of Loan"".""Location Code"" IN ('ILL', 'OUT_RS_REQ')","ILL","","""Item Location at Time of Loan"".""Location Code""",,,,,,,239,"Fulfillment - UCD Check-Out Type","/shared/University of California System 01UCS_NETWORK/Reports/Local Requests/Annual Statistic Reports/Annual Stats FY 2025-2026/Fulfillment - UCD Check-Out Type"
"SC20-R3","Column","standalone_saved_object","standalone_saved_object","Fulfillment - UCD Check-Out Type",3,"when","""Physical Item Details"".""Item Policy"" LIKE '%quipment%'","Equipment","","""Item Location at Time of Loan"".""Location Code""",,,,,,,239,"Fulfillment - UCD Check-Out Type","/shared/University of California System 01UCS_NETWORK/Reports/Local Requests/Annual Statistic Reports/Annual Stats FY 2025-2026/Fulfillment - UCD Check-Out Type"
"SC20-R4","Column","standalone_saved_object","standalone_saved_object","Fulfillment - UCD Check-Out Type",4,"when","""Item Location at Time of Loan"".""Location Code"" IN ('RLIST', 'RESV', 'TPREP', 'CRES', 'RFRES', 'RES', 'SERES')","Course Reserves","","""Item Location at Time of Loan"".""Location Code""",,,,,,,239,"Fulfillment - UCD Check-Out Type","/shared/University of California System 01UCS_NETWORK/Reports/Local Requests/Annual Statistic Reports/Annual Stats FY 2025-2026/Fulfillment - UCD Check-Out Type"
"SC20-R5","Column","standalone_saved_object","standalone_saved_object","Fulfillment - UCD Check-Out Type",5,"when","""Item Location at Time of Loan"".""Location Code"" IN ('BIOET', 'BMLEX', 'GAMES', 'GEN', 'GRESV', 'NEW', 'REF', 'ARCHV', 'MRR', 'MLK', 'MEDIA', 'POP', 'STX', 'SARES', 'SHLDS', 'BIOV', 'CAMPUS', 'EAL', 'EALRF', 'GVMED', 'GVSTX', 'MANNSHREM', 'MICRO', 'OVER', 'ASC', 'UCDGROWN', 'PSEL', 'RARE', 'SPCOL', 'SUPSD', 'EALOV', 'GENSP')","Check-Out","","""Item Location at Time of Loan"".""Location Code""",,,,,,,239,"Fulfillment - UCD Check-Out Type","/shared/University of California System 01UCS_NETWORK/Reports/Local Requests/Annual Statistic Reports/Annual Stats FY 2025-2026/Fulfillment - UCD Check-Out Type"
"SC20-OTHER","Column","standalone_saved_object","standalone_saved_object","Fulfillment - UCD Check-Out Type",6,"otherwise","All other values","New check-out location - needs categorization","","""Item Location at Time of Loan"".""Location Code""",,,,,,,239,"Fulfillment - UCD Check-Out Type","/shared/University of California System 01UCS_NETWORK/Reports/Local Requests/Annual Statistic Reports/Annual Stats FY 2025-2026/Fulfillment - UCD Check-Out Type"
"SC21-R1","Column","standalone_saved_object","standalone_saved_object","Fulfillment - UCD User Group",1,"when","""Borrower Details"".""User Group"" IN ('Faculty and Staff', 'Law Faculty', 'UC Ac.Sen., Ac.Fed. & Clin.Fac.(active & retired)', 'UC Research (active & retired)', 'UCD Ac.Sen., Ac.Fed. & Clin.Fac.(active & retired)', 'UCD Research (active & retired)')","Campus academic","","""Borrower Details"".""User Group""",,,,,,,240,"Fulfillment - UCD User Group","/shared/University of California System 01UCS_NETWORK/Reports/Local Requests/Annual Statistic Reports/Annual Stats FY 2025-2026/Fulfillment - UCD User Group"
"SC21-R2","Column","standalone_saved_object","standalone_saved_object","Fulfillment - UCD User Group",2,"when","""Borrower Details"".""User Group"" IN ('Graduate Students', 'Health Sciences Graduate Students', 'Health Sciences Residents', 'Law Students and Staff', 'UC Graduate', 'UCD Graduate', 'UCD Health Sciences Graduate', 'UCD Health Sciences Resident')","Campus graduates","","""Borrower Details"".""User Group""",,,,,,,240,"Fulfillment - UCD User Group","/shared/University of California System 01UCS_NETWORK/Reports/Local Requests/Annual Statistic Reports/Annual Stats FY 2025-2026/Fulfillment - UCD User Group"
"SC21-R3","Column","standalone_saved_object","standalone_saved_object","Fulfillment - UCD User Group",3,"when","""Borrower Details"".""User Group"" IN ('Library Internal', 'Library Internal - Long Loan', 'Internal Library Staff', 'Internal Library Staff -- In-house use', 'UC Staff (active & retired)', 'UCD Staff (active & retired)')","Campus staff","","""Borrower Details"".""User Group""",,,,,,,240,"Fulfillment - UCD User Group","/shared/University of California System 01UCS_NETWORK/Reports/Local Requests/Annual Statistic Reports/Annual Stats FY 2025-2026/Fulfillment - UCD User Group"
"SC21-R4","Column","standalone_saved_object","standalone_saved_object","Fulfillment - UCD User Group",4,"when","""Borrower Details"".""User Group"" IN ('Undergraduate students', 'Special UNEX Student', 'UC Undergraduate', 'UCD Honors Undergraduate (UCD only)')","Campus undergraduates","","""Borrower Details"".""User Group""",,,,,,,240,"Fulfillment - UCD User Group","/shared/University of California System 01UCS_NETWORK/Reports/Local Requests/Annual Statistic Reports/Annual Stats FY 2025-2026/Fulfillment - UCD User Group"
"SC21-R5","Column","standalone_saved_object","standalone_saved_object","Fulfillment - UCD User Group",5,"when","""Borrower Details"".""User Group"" IN ('Miscellaneous', 'CA college students', 'Courtesy -- Alumni', 'Courtesy 10 limit', 'Courtesy 50 limit', 'Fee 5 limit', 'Problem patrons', 'Stanford', 'Suspended Account', 'Temporary Affiliates', 'UCD Spouse or Adult Child')","Other - Campus Other","","""Borrower Details"".""User Group""",,,,,,,240,"Fulfillment - UCD User Group","/shared/University of California System 01UCS_NETWORK/Reports/Local Requests/Annual Statistic Reports/Annual Stats FY 2025-2026/Fulfillment - UCD User Group"
"SC21-R6","Column","standalone_saved_object","standalone_saved_object","Fulfillment - UCD User Group",6,"when","""Borrower Details"".""User Group"" IN ('Alumni and CA Community', 'Law Visiting Scholars', 'Law Public')","Other - Non-UCs","","""Borrower Details"".""User Group""",,,,,,,240,"Fulfillment - UCD User Group","/shared/University of California System 01UCS_NETWORK/Reports/Local Requests/Annual Statistic Reports/Annual Stats FY 2025-2026/Fulfillment - UCD User Group"
"SC21-R7","Column","standalone_saved_object","standalone_saved_object","Fulfillment - UCD User Group",7,"when","""Borrower Details"".""User Group"" = 'Network'","Intercampus Loan (Network)","","""Borrower Details"".""User Group""",,,,,,,240,"Fulfillment - UCD User Group","/shared/University of California System 01UCS_NETWORK/Reports/Local Requests/Annual Statistic Reports/Annual Stats FY 2025-2026/Fulfillment - UCD User Group"
"SC21-R8","Column","standalone_saved_object","standalone_saved_object","Fulfillment - UCD User Group",8,"when","""Borrower Details"".""User Group"" IN ('UCD Undergraduate', 'Test', 'zPurge Health Sciences Residents (only assign for Purge Job)', 'zPurge Miscellaneous (only assign for Purge Job)')","Exclude","","""Borrower Details"".""User Group""",,,,,,,240,"Fulfillment - UCD User Group","/shared/University of California System 01UCS_NETWORK/Reports/Local Requests/Annual Statistic Reports/Annual Stats FY 2025-2026/Fulfillment - UCD User Group"
"SC21-R9","Column","standalone_saved_object","standalone_saved_object","Fulfillment - UCD User Group",9,"when","""Borrower Details"".""User Group"" IS NULL","Exclude","","""Borrower Details"".""User Group""",,,,,,,240,"Fulfillment - UCD User Group","/shared/University of California System 01UCS_NETWORK/Reports/Local Requests/Annual Statistic Reports/Annual Stats FY 2025-2026/Fulfillment - UCD User Group"
"SC21-R10","Column","standalone_saved_object","standalone_saved_object","Fulfillment - UCD User Group",10,"when","""Borrower Details"".""User Group"" IN ('Interlibrary Loan', 'Interlibrary Loan -- UC Fac/Grad')","Interlibrary Loan (ILL)","","""Borrower Details"".""User Group""",,,,,,,240,"Fulfillment - UCD User Group","/shared/University of California System 01UCS_NETWORK/Reports/Local Requests/Annual Statistic Reports/Annual Stats FY 2025-2026/Fulfillment - UCD User Group"
"SC21-OTHER","Column","standalone_saved_object","standalone_saved_object","Fulfillment - UCD User Group",11,"otherwise","All other values","New user group - needs categorization","","""Borrower Details"".""User Group""",,,,,,,240,"Fulfillment - UCD User Group","/shared/University of California System 01UCS_NETWORK/Reports/Local Requests/Annual Statistic Reports/Annual Stats FY 2025-2026/Fulfillment - UCD User Group"
"SC22-R1","Column","standalone_saved_object","standalone_saved_object","Fulfillment - UCI Check-Out Type",1,"when","DESCRIPTOR_IDOF(""Fulfillment"".""Institution"".""Institution Name"") =4701 AND ""Item Location at Time of Loan"".""Location Code"" = 'lawcr' AND ""Physical Item Details"".""Item Policy"" = '12 Hours Loan'","Equipment","","""Item Location at Time of Loan"".""Location Code""",,,,,,,242,"Fulfillment - UCI Check-Out Type","/shared/University of California System 01UCS_NETWORK/Reports/Local Requests/Annual Statistic Reports/Annual Stats FY 2025-2026/Fulfillment - UCI Check-Out Type"
"SC22-R2","Column","standalone_saved_object","standalone_saved_object","Fulfillment - UCI Check-Out Type",2,"when","""Physical Item Details"".""Item Policy"" LIKE '%quipment%'","Equipment","","""Item Location at Time of Loan"".""Location Code""",,,,,,,242,"Fulfillment - UCI Check-Out Type","/shared/University of California System 01UCS_NETWORK/Reports/Local Requests/Annual Statistic Reports/Annual Stats FY 2025-2026/Fulfillment - UCI Check-Out Type"
"SC22-R3","Column","standalone_saved_object","standalone_saved_object","Fulfillment - UCI Check-Out Type",3,"when","""Item Location at Time of Loan"".""Location Code"" IN ('UNASSIGNED', 'srlf')","Exclude","","""Item Location at Time of Loan"".""Location Code""",,,,,,,242,"Fulfillment - UCI Check-Out Type","/shared/University of California System 01UCS_NETWORK/Reports/Local Requests/Annual Statistic Reports/Annual Stats FY 2025-2026/Fulfillment - UCI Check-Out Type"
"SC22-R4","Column","standalone_saved_object","standalone_saved_object","Fulfillment - UCI Check-Out Type",4,"when","""Item Location at Time of Loan"".""Location Code"" IN ('gmlml', 'xlle', 'xllck', 'xllhk', 'xeqsa', 'xslkb', 'xsle', 'xslkd')","Equipment","","""Item Location at Time of Loan"".""Location Code""",,,,,,,242,"Fulfillment - UCI Check-Out Type","/shared/University of California System 01UCS_NETWORK/Reports/Local Requests/Annual Statistic Reports/Annual Stats FY 2025-2026/Fulfillment - UCI Check-Out Type"
"SC22-R5","Column","standalone_saved_object","standalone_saved_object","Fulfillment - UCI Check-Out Type",5,"when","""Item Location at Time of Loan"".""Location Code"" IN ('gmlill', 'lawill', 'llill_rsl', 'lawill_rsl', 'slill')","ILL","","""Item Location at Time of Loan"".""Location Code""",,,,,,,242,"Fulfillment - UCI Check-Out Type","/shared/University of California System 01UCS_NETWORK/Reports/Local Requests/Annual Statistic Reports/Annual Stats FY 2025-2026/Fulfillment - UCI Check-Out Type"
"SC22-R6","Column","standalone_saved_object","standalone_saved_object","Fulfillment - UCI Check-Out Type",6,"when","""Item Location at Time of Loan"".""Location Code"" IN ('gmlres', 'llres', 'lawcr', 'slresperm', 'slres', 'slresmedia')","Course Reserves","","""Item Location at Time of Loan"".""Location Code""",,,,,,,242,"Fulfillment - UCI Check-Out Type","/shared/University of California System 01UCS_NETWORK/Reports/Local Requests/Annual Statistic Reports/Annual Stats FY 2025-2026/Fulfillment - UCI Check-Out Type"
"SC22-R7","Column","standalone_saved_object","standalone_saved_object","Fulfillment - UCI Check-Out Type",7,"when","""Item Location at Time of Loan"".""Location Code"" IN ('gml', 'gsead', 'gocrh', 'gseaa', 'll', 'llx', 'llcom', 'lldos', 'eacol', 'eaos', 'eanb', 'gpca', 'gploc', 'eakor', 'llld', 'llcpp', 'llmic', 'lllob', 'lllobi', 'llos', 'llbpr', 'llpu', 'llref', 'lltos', 'lawcs', 'lawfd', 'lawrr', 'lawref', 'lawres', 'lawstacks', 'lawsup', 'sl', 'slbg', 'sldos', 'gpus', 'slmedia', 'slrefmedia', 'slvault', 'slos', 'llcpr', 'earef', 'llled', 'spcol', 'lawcd')","Check-Out","","""Item Location at Time of Loan"".""Location Code""",,,,,,,242,"Fulfillment - UCI Check-Out Type","/shared/University of California System 01UCS_NETWORK/Reports/Local Requests/Annual Statistic Reports/Annual Stats FY 2025-2026/Fulfillment - UCI Check-Out Type"
"SC22-OTHER","Column","standalone_saved_object","standalone_saved_object","Fulfillment - UCI Check-Out Type",8,"otherwise","All other values","New check-out location - needs categorization","","""Item Location at Time of Loan"".""Location Code""",,,,,,,242,"Fulfillment - UCI Check-Out Type","/shared/University of California System 01UCS_NETWORK/Reports/Local Requests/Annual Statistic Reports/Annual Stats FY 2025-2026/Fulfillment - UCI Check-Out Type"
"SC23-R1","Column","standalone_saved_object","standalone_saved_object","Fulfillment - UCI User Group",1,"when","""Borrower Details"".""User Group"" IN ('UCI Arts Faculty', 'UCI Faculty', 'UCI Faculty DDS', 'UCI Law Faculty', 'UCI Librarian', 'UCI Arts Faculty DDS', 'UCI Division of Continuing Education Faculty', 'Visiting Scholar')","Campus academic","","""Borrower Details"".""User Group""",,,,,,,244,"Fulfillment - UCI User Group","/shared/University of California System 01UCS_NETWORK/Reports/Local Requests/Annual Statistic Reports/Annual Stats FY 2025-2026/Fulfillment - UCI User Group"
"SC23-R2","Column","standalone_saved_object","standalone_saved_object","Fulfillment - UCI User Group",2,"when","""Borrower Details"".""User Group"" IN ('UCI Graduate Student', 'UCI Law Graduate Student', 'UCI Law Journal', 'UCI Graduate Student DDS')","Campus graduates","","""Borrower Details"".""User Group""",,,,,,,244,"Fulfillment - UCI User Group","/shared/University of California System 01UCS_NETWORK/Reports/Local Requests/Annual Statistic Reports/Annual Stats FY 2025-2026/Fulfillment - UCI User Group"
"SC23-R3","Column","standalone_saved_object","standalone_saved_object","Fulfillment - UCI User Group",3,"when","""Borrower Details"".""User Group"" IN ('UCI Law Staff', 'UCI Law Staff DDS', 'UCI Library Staff', 'UCI Retired Staff', 'UCI Staff', 'UCI Staff DDS')","Campus staff","","""Borrower Details"".""User Group""",,,,,,,244,"Fulfillment - UCI User Group","/shared/University of California System 01UCS_NETWORK/Reports/Local Requests/Annual Statistic Reports/Annual Stats FY 2025-2026/Fulfillment - UCI User Group"
"SC23-R4","Column","standalone_saved_object","standalone_saved_object","Fulfillment - UCI User Group",4,"when","""Borrower Details"".""User Group"" IN ('UCI Division of Continuing Education Student', 'UCI Honors Student', 'UCI Regents Scholar/UROP', 'UCI Undergraduate Student')","Campus undergraduates","","""Borrower Details"".""User Group""",,,,,,,244,"Fulfillment - UCI User Group","/shared/University of California System 01UCS_NETWORK/Reports/Local Requests/Annual Statistic Reports/Annual Stats FY 2025-2026/Fulfillment - UCI User Group"
"SC23-R5","Column","standalone_saved_object","standalone_saved_object","Fulfillment - UCI User Group",5,"when","""Borrower Details"".""User Group"" IN ('Community', 'Community College Honors Student', 'High School Student')","Other - Campus Other","","""Borrower Details"".""User Group""",,,,,,,244,"Fulfillment - UCI User Group","/shared/University of California System 01UCS_NETWORK/Reports/Local Requests/Annual Statistic Reports/Annual Stats FY 2025-2026/Fulfillment - UCI User Group"
"SC23-R6","Column","standalone_saved_object","standalone_saved_object","Fulfillment - UCI User Group",6,"when","""Borrower Details"".""User Group"" IN ('Other Faculty', 'Other Graduate Student', 'Other Undergraduate Student', 'UCI Law Alumni')","Other - Non-UCs","","""Borrower Details"".""User Group""",,,,,,,244,"Fulfillment - UCI User Group","/shared/University of California System 01UCS_NETWORK/Reports/Local Requests/Annual Statistic Reports/Annual Stats FY 2025-2026/Fulfillment - UCI User Group"
"SC23-R7","Column","standalone_saved_object","standalone_saved_object","Fulfillment - UCI User Group",7,"when","""Borrower Details"".""User Group"" IN ('Network', 'UC Faculty', 'ILL Lending UC')","Intercampus Loan (Network)","","""Borrower Details"".""User Group""",,,,,,,244,"Fulfillment - UCI User Group","/shared/University of California System 01UCS_NETWORK/Reports/Local Requests/Annual Statistic Reports/Annual Stats FY 2025-2026/Fulfillment - UCI User Group"
"SC23-R8","Column","standalone_saved_object","standalone_saved_object","Fulfillment - UCI User Group",8,"when","""Borrower Details"".""User Group"" = 'ILL Lending Non-UC'","Interlibrary Loan (ILL)","","""Borrower Details"".""User Group""",,,,,,,244,"Fulfillment - UCI User Group","/shared/University of California System 01UCS_NETWORK/Reports/Local Requests/Annual Statistic Reports/Annual Stats FY 2025-2026/Fulfillment - UCI User Group"
"SC23-R9","Column","standalone_saved_object","standalone_saved_object","Fulfillment - UCI User Group",9,"when","""Borrower Details"".""User Group"" IN ('UCI Library Department Card', 'PURGE')","Exclude","","""Borrower Details"".""User Group""",,,,,,,244,"Fulfillment - UCI User Group","/shared/University of California System 01UCS_NETWORK/Reports/Local Requests/Annual Statistic Reports/Annual Stats FY 2025-2026/Fulfillment - UCI User Group"
"SC23-R10","Column","standalone_saved_object","standalone_saved_object","Fulfillment - UCI User Group",10,"when","""Borrower Details"".""User Group"" IS NULL","Exclude","","""Borrower Details"".""User Group""",,,,,,,244,"Fulfillment - UCI User Group","/shared/University of California System 01UCS_NETWORK/Reports/Local Requests/Annual Statistic Reports/Annual Stats FY 2025-2026/Fulfillment - UCI User Group"
"SC23-OTHER","Column","standalone_saved_object","standalone_saved_object","Fulfillment - UCI User Group",11,"otherwise","All other values","New user group - needs categorization","","""Borrower Details"".""User Group""",,,,,,,244,"Fulfillment - UCI User Group","/shared/University of California System 01UCS_NETWORK/Reports/Local Requests/Annual Statistic Reports/Annual Stats FY 2025-2026/Fulfillment - UCI User Group"
"SC24-R1","Column","standalone_saved_object","standalone_saved_object","Fulfillment - UCLA Check-Out Type",1,"when","""Item Location at Time of Loan"".""Location Code"" IN ('5542561600006533', 'arcgabx', 'uechlt', 'uerf', 'yrcleanup', 'yrcatsup', 'yrgic')","Exclude","","""Item Location at Time of Loan"".""Location Code""",,,,,,,246,"Fulfillment - UCLA Check-Out Type","/shared/University of California System 01UCS_NETWORK/Reports/Local Requests/Annual Statistic Reports/Annual Stats FY 2025-2026/Fulfillment - UCLA Check-Out Type"
"SC24-R2","Column","standalone_saved_object","standalone_saved_object","Fulfillment - UCLA Check-Out Type",2,"when","""Item Location at Time of Loan"".""Location Code"" IN ('archrome', 'arpubcirc', 'artclicc', 'bichrome', 'bioclicc', 'bipubcirc', 'boechrome', 'boeclicc', 'boepubcirc', 'cccollege', 'classclicc', 'clchrome', 'clicclocke', 'cliccpnloc', 'cliccpsloc', 'cliccynloc', 'cliccysloc', 'mgpubcirc', 'muchrome', 'musicclicc', 'sgclicc', 'UNASSIGNED', 'yrchrome', 'cliccpksk', 'cliccyksk', 'mgchrome', 'clpubcirc', 'yrpubcirc')","Equipment","","""Item Location at Time of Loan"".""Location Code""",,,,,,,246,"Fulfillment - UCLA Check-Out Type","/shared/University of California System 01UCS_NETWORK/Reports/Local Requests/Annual Statistic Reports/Annual Stats FY 2025-2026/Fulfillment - UCLA Check-Out Type"
"SC24-R3","Column","standalone_saved_object","standalone_saved_object","Fulfillment - UCLA Check-Out Type",3,"when","""Physical Item Details"".""Item Policy"" LIKE '%quipment%'","Equipment","","""Item Location at Time of Loan"".""Location Code""",,,,,,,246,"Fulfillment - UCLA Check-Out Type","/shared/University of California System 01UCS_NETWORK/Reports/Local Requests/Annual Statistic Reports/Annual Stats FY 2025-2026/Fulfillment - UCLA Check-Out Type"
"SC24-R4","Column","standalone_saved_object","standalone_saved_object","Fulfillment - UCLA Check-Out Type",4,"when","""Item Location at Time of Loan"".""Location Code"" IN ('lwill', 'OUT_RS_REQ')","ILL","","""Item Location at Time of Loan"".""Location Code""",,,,,,,246,"Fulfillment - UCLA Check-Out Type","/shared/University of California System 01UCS_NETWORK/Reports/Local Requests/Annual Statistic Reports/Annual Stats FY 2025-2026/Fulfillment - UCLA Check-Out Type"
"SC24-R5","Column","standalone_saved_object","standalone_saved_object","Fulfillment - UCLA Check-Out Type",5,"when","""Item Location at Time of Loan"".""Location Code"" IN ('arcr', 'birs', 'birsprscp', 'clrs', 'ears', 'lwrs', 'lwrsper', 'mgcirs', 'mgrs', 'mgrsstrg', 'murs', 'smcrs', 'yrcipr', 'yrrs')","Course Reserves","","""Item Location at Time of Loan"".""Location Code""",,,,,,,246,"Fulfillment - UCLA Check-Out Type","/shared/University of California System 01UCS_NETWORK/Reports/Local Requests/Annual Statistic Reports/Annual Stats FY 2025-2026/Fulfillment - UCLA Check-Out Type"
"SC24-R6","Column","standalone_saved_object","standalone_saved_object","Fulfillment - UCLA Check-Out Type",6,"when","""Item Location at Time of Loan"".""Location Code"" IN ('ar', 'arcg', 'arcgab', 'arcgabxx', 'arcgx', 'arcotf', 'armedia', 'arper', 'arperx', 'arplay', 'arrf', 'arrs', 'arscript', 'artsTS', 'arx', 'arxx-xxx', 'bi', 'bicidperm', 'bicotf', 'biper', 'birf', 'birsclas', 'cl', 'clcareer', 'clcook', 'cldisp', 'clenig', 'clgrfn', 'clnrfc', 'clof', 'clperm', 'clsustain', 'cltrav', 'clvidgames', 'clzine', 'ea', 'eadiujnl', 'eaover', 'eax', 'eaxx', 'herb', 'lsbihi', 'lsbirfhist', 'lsyrstax', 'lw', 'lwcivideo', 'lwcix', 'lwcleanup', 'lwofrf', 'lwphil', 'lwrf', 'lwsuper', 'lwtrr', 'lwwilliams', 'mgcleanup', 'mgnbks', 'mgrf', 'mgsccohi', 'mu', 'muclsd', 'muclsdmm', 'muclsdsdr', 'mumini', 'munbks', 'mux', 'muxx', 'muxxx', 'sg', 'sgan', 'sgcotf', 'sgdisp', 'sgmi', 'sgper', 'sgput', 'sm', 'smav', 'smcotf', 'smper', 'smrsperm', 'smsctallm', 'sr', 'srar', 'srar2', 'srbi2', 'srbuo', 'srca', 'srck', 'srcr', 'sret', 'sril', 'srmnm', 'srnoncirc', 'srub', 'srucl', 'srucl2', 'srucl3', 'srucl4', 'srud0', 'srud2', 'srui2', 'srur', 'sryr2', 'sryr7', 'sryr8', 'ue123e', 'ueabce', 'ueaubks', 'uebiog', 'ueefolk', 'ueestax', 'uefic', 'ueficer', 'uefolk', 'uefor', 'uenfic', 'uepap', 'uepoe', 'uesmalle', 'uesx', 'yr', 'yralmi', 'yran', 'yranx', 'yrci', 'yrlcotf', 'yrllost', 'yrmiclsd', 'yrpe', 'yrper', 'yrrisatl', 'yrrisrr', 'yrx', 'yrxx', 'yrxxx', 'arts', 'bix', 'ca', 'earf', 'clgame', 'sryr9')","Check-Out","","""Item Location at Time of Loan"".""Location Code""",,,,,,,246,"Fulfillment - UCLA Check-Out Type","/shared/University of California System 01UCS_NETWORK/Reports/Local Requests/Annual Statistic Reports/Annual Stats FY 2025-2026/Fulfillment - UCLA Check-Out Type"
"SC24-OTHER","Column","standalone_saved_object","standalone_saved_object","Fulfillment - UCLA Check-Out Type",7,"otherwise","All other values","New check-out location - needs categorization","","""Item Location at Time of Loan"".""Location Code""",,,,,,,246,"Fulfillment - UCLA Check-Out Type","/shared/University of California System 01UCS_NETWORK/Reports/Local Requests/Annual Statistic Reports/Annual Stats FY 2025-2026/Fulfillment - UCLA Check-Out Type"
"SC25-R1","Column","standalone_saved_object","standalone_saved_object","Fulfillment - UCLA User Group",1,"when","""Borrower Details"".""User Group"" IN ('UCLA Acad - NoLimit', 'UCLA Acad Proxy', 'UCLA Academic', 'UCLA Law Academic', 'UCLA Law Proxy', 'UCLA Retired Academic')","Campus academic","","""Borrower Details"".""User Group""",,,,,,,249,"Fulfillment - UCLA User Group","/shared/University of California System 01UCS_NETWORK/Reports/Local Requests/Annual Statistic Reports/Annual Stats FY 2025-2026/Fulfillment - UCLA User Group"
"SC25-R2","Column","standalone_saved_object","standalone_saved_object","Fulfillment - UCLA User Group",2,"when","""Borrower Details"".""User Group"" IN ('UCLA Graduate', 'UCLA Law Grad', 'UCLA Mgmt PhD', 'UCLA Music Grad', 'UCLA Grad NoLimit')","Campus graduates","","""Borrower Details"".""User Group""",,,,,,,249,"Fulfillment - UCLA User Group","/shared/University of California System 01UCS_NETWORK/Reports/Local Requests/Annual Statistic Reports/Annual Stats FY 2025-2026/Fulfillment - UCLA User Group"
"SC25-R3","Column","standalone_saved_object","standalone_saved_object","Fulfillment - UCLA User Group",3,"when","""Borrower Details"".""User Group"" IN ('Internal Use Only', 'UCLA Law Staff', 'UCLA Lib Staff Recall', 'UCLA Staff')","Campus staff","","""Borrower Details"".""User Group""",,,,,,,249,"Fulfillment - UCLA User Group","/shared/University of California System 01UCS_NETWORK/Reports/Local Requests/Annual Statistic Reports/Annual Stats FY 2025-2026/Fulfillment - UCLA User Group"
"SC25-R4","Column","standalone_saved_object","standalone_saved_object","Fulfillment - UCLA User Group",4,"when","""Borrower Details"".""User Group"" IN ('UCLA Music Undergrad', 'UCLA Undergrad')","Campus undergraduates","","""Borrower Details"".""User Group""",,,,,,,249,"Fulfillment - UCLA User Group","/shared/University of California System 01UCS_NETWORK/Reports/Local Requests/Annual Statistic Reports/Annual Stats FY 2025-2026/Fulfillment - UCLA User Group"
"SC25-R5","Column","standalone_saved_object","standalone_saved_object","Fulfillment - UCLA User Group",5,"when","""Borrower Details"".""User Group"" IN ('Early Childhood', 'Extension', 'External 10 - Associates', 'External 10 - UCLA Alumni', 'Geffen Academy Student', 'Lab School Parent', 'Lab School Student', 'SPR', 'UCLA Retired Staff', 'VGR')","Other - Campus Other","","""Borrower Details"".""User Group""",,,,,,,249,"Fulfillment - UCLA User Group","/shared/University of California System 01UCS_NETWORK/Reports/Local Requests/Annual Statistic Reports/Annual Stats FY 2025-2026/Fulfillment - UCLA User Group"
"SC25-R6","Column","standalone_saved_object","standalone_saved_object","Fulfillment - UCLA User Group",6,"when","""Borrower Details"".""User Group"" IN ('Access Only', 'AP/TAP Student', 'External 10', 'External 20', 'External 200 - Faculty', 'External 200 - Other', 'External 5 - Other', 'External 50 - Corporation')","Other - Non-UCs","","""Borrower Details"".""User Group""",,,,,,,249,"Fulfillment - UCLA User Group","/shared/University of California System 01UCS_NETWORK/Reports/Local Requests/Annual Statistic Reports/Annual Stats FY 2025-2026/Fulfillment - UCLA User Group"
"SC25-R7","Column","standalone_saved_object","standalone_saved_object","Fulfillment - UCLA User Group",7,"when","""Borrower Details"".""User Group"" IN ('NETWORK', 'Network')","Intercampus Loan (Network)","","""Borrower Details"".""User Group""",,,,,,,249,"Fulfillment - UCLA User Group","/shared/University of California System 01UCS_NETWORK/Reports/Local Requests/Annual Statistic Reports/Annual Stats FY 2025-2026/Fulfillment - UCLA User Group"
"SC25-R8","Column","standalone_saved_object","standalone_saved_object","Fulfillment - UCLA User Group",8,"when","""Borrower Details"".""User Group"" IN ('ILL Department - Non UC', 'ILL Department - UC')","Interlibrary Loan (ILL)","","""Borrower Details"".""User Group""",,,,,,,249,"Fulfillment - UCLA User Group","/shared/University of California System 01UCS_NETWORK/Reports/Local Requests/Annual Statistic Reports/Annual Stats FY 2025-2026/Fulfillment - UCLA User Group"
"SC25-R9","Column","standalone_saved_object","standalone_saved_object","Fulfillment - UCLA User Group",9,"when","""Borrower Details"".""User Group"" IS NULL","Campus patrons - no breakdown","","""Borrower Details"".""User Group""",,,,,,,249,"Fulfillment - UCLA User Group","/shared/University of California System 01UCS_NETWORK/Reports/Local Requests/Annual Statistic Reports/Annual Stats FY 2025-2026/Fulfillment - UCLA User Group"
"SC25-R10","Column","standalone_saved_object","standalone_saved_object","Fulfillment - UCLA User Group",10,"when","""Borrower Details"".""User Group"" IN ('EHS', 'UCLA Library Staff Department', 'Users to Purge')","Exclude","","""Borrower Details"".""User Group""",,,,,,,249,"Fulfillment - UCLA User Group","/shared/University of California System 01UCS_NETWORK/Reports/Local Requests/Annual Statistic Reports/Annual Stats FY 2025-2026/Fulfillment - UCLA User Group"
"SC25-OTHER","Column","standalone_saved_object","standalone_saved_object","Fulfillment - UCLA User Group",11,"otherwise","All other values","New user group - needs categorization","","""Borrower Details"".""User Group""",,,,,,,249,"Fulfillment - UCLA User Group","/shared/University of California System 01UCS_NETWORK/Reports/Local Requests/Annual Statistic Reports/Annual Stats FY 2025-2026/Fulfillment - UCLA User Group"
"SC26-R1","Column","standalone_saved_object","standalone_saved_object","Fulfillment - UCM Check-Out Type",1,"when","""Physical Item Details"".""Item Policy"" LIKE '%quipment%'","Equipment","","""Item Location at Time of Loan"".""Location Code""",,,,,,,250,"Fulfillment - UCM Check-Out Type","/shared/University of California System 01UCS_NETWORK/Reports/Local Requests/Annual Statistic Reports/Annual Stats FY 2025-2026/Fulfillment - UCM Check-Out Type"
"SC26-R2","Column","standalone_saved_object","standalone_saved_object","Fulfillment - UCM Check-Out Type",2,"when","""Item Location at Time of Loan"".""Location Code"" = 'OUT_RS_REQ'","ILL","","""Item Location at Time of Loan"".""Location Code""",,,,,,,250,"Fulfillment - UCM Check-Out Type","/shared/University of California System 01UCS_NETWORK/Reports/Local Requests/Annual Statistic Reports/Annual Stats FY 2025-2026/Fulfillment - UCM Check-Out Type"
"SC26-R3","Column","standalone_saved_object","standalone_saved_object","Fulfillment - UCM Check-Out Type",3,"when","""Item Location at Time of Loan"".""Location Code"" = 'coures'","Course Reserves","","""Item Location at Time of Loan"".""Location Code""",,,,,,,250,"Fulfillment - UCM Check-Out Type","/shared/University of California System 01UCS_NETWORK/Reports/Local Requests/Annual Statistic Reports/Annual Stats FY 2025-2026/Fulfillment - UCM Check-Out Type"
"SC26-R4","Column","standalone_saved_object","standalone_saved_object","Fulfillment - UCM Check-Out Type",4,"when","""Item Location at Time of Loan"".""Location Code"" IN ('dis', 'gen', 'Svcs Desk', 'spc', 'UNASSIGNED', 'Hold')","Check-Out","","""Item Location at Time of Loan"".""Location Code""",,,,,,,250,"Fulfillment - UCM Check-Out Type","/shared/University of California System 01UCS_NETWORK/Reports/Local Requests/Annual Statistic Reports/Annual Stats FY 2025-2026/Fulfillment - UCM Check-Out Type"
"SC26-OTHER","Column","standalone_saved_object","standalone_saved_object","Fulfillment - UCM Check-Out Type",5,"otherwise","All other values","New check-out location - needs categorization","","""Item Location at Time of Loan"".""Location Code""",,,,,,,250,"Fulfillment - UCM Check-Out Type","/shared/University of California System 01UCS_NETWORK/Reports/Local Requests/Annual Statistic Reports/Annual Stats FY 2025-2026/Fulfillment - UCM Check-Out Type"
"SC27-R1","Column","standalone_saved_object","standalone_saved_object","Fulfillment - UCM User Group",1,"when","""Borrower Details"".""User Group"" = 'UCM Faculty'","Campus academic","","""Borrower Details"".""User Group""",,,,,,,251,"Fulfillment - UCM User Group","/shared/University of California System 01UCS_NETWORK/Reports/Local Requests/Annual Statistic Reports/Annual Stats FY 2025-2026/Fulfillment - UCM User Group"
"SC27-R2","Column","standalone_saved_object","standalone_saved_object","Fulfillment - UCM User Group",2,"when","""Borrower Details"".""User Group"" = 'UCM Graduate'","Campus graduates","","""Borrower Details"".""User Group""",,,,,,,251,"Fulfillment - UCM User Group","/shared/University of California System 01UCS_NETWORK/Reports/Local Requests/Annual Statistic Reports/Annual Stats FY 2025-2026/Fulfillment - UCM User Group"
"SC27-R3","Column","standalone_saved_object","standalone_saved_object","Fulfillment - UCM User Group",3,"when","""Borrower Details"".""User Group"" IN ('Library Staff', 'UCM Staff')","Campus staff","","""Borrower Details"".""User Group""",,,,,,,251,"Fulfillment - UCM User Group","/shared/University of California System 01UCS_NETWORK/Reports/Local Requests/Annual Statistic Reports/Annual Stats FY 2025-2026/Fulfillment - UCM User Group"
"SC27-R4","Column","standalone_saved_object","standalone_saved_object","Fulfillment - UCM User Group",4,"when","""Borrower Details"".""User Group"" = 'UCM Undergraduate'","Campus undergraduates","","""Borrower Details"".""User Group""",,,,,,,251,"Fulfillment - UCM User Group","/shared/University of California System 01UCS_NETWORK/Reports/Local Requests/Annual Statistic Reports/Annual Stats FY 2025-2026/Fulfillment - UCM User Group"
"SC27-R5","Column","standalone_saved_object","standalone_saved_object","Fulfillment - UCM User Group",5,"when","""Borrower Details"".""User Group"" = 'UCM Affiliate'","Other - Campus Other","","""Borrower Details"".""User Group""",,,,,,,251,"Fulfillment - UCM User Group","/shared/University of California System 01UCS_NETWORK/Reports/Local Requests/Annual Statistic Reports/Annual Stats FY 2025-2026/Fulfillment - UCM User Group"
"SC27-R6","Column","standalone_saved_object","standalone_saved_object","Fulfillment - UCM User Group",6,"when","""Borrower Details"".""User Group"" IN ('CA Community College Student', 'Fee Account', 'UC Alumni Association Member', 'CA Public School Employee')","Other - Non-UCs","","""Borrower Details"".""User Group""",,,,,,,251,"Fulfillment - UCM User Group","/shared/University of California System 01UCS_NETWORK/Reports/Local Requests/Annual Statistic Reports/Annual Stats FY 2025-2026/Fulfillment - UCM User Group"
"SC27-R7","Column","standalone_saved_object","standalone_saved_object","Fulfillment - UCM User Group",7,"when","""Borrower Details"".""User Group"" IN ('Network', 'NETWORK')","Intercampus Loan (Network)","","""Borrower Details"".""User Group""",,,,,,,251,"Fulfillment - UCM User Group","/shared/University of California System 01UCS_NETWORK/Reports/Local Requests/Annual Statistic Reports/Annual Stats FY 2025-2026/Fulfillment - UCM User Group"
"SC27-R8","Column","standalone_saved_object","standalone_saved_object","Fulfillment - UCM User Group",8,"when","""Borrower Details"".""User Group"" = 'UCM Interlibrary Loan'","Interlibrary Loan (ILL)","","""Borrower Details"".""User Group""",,,,,,,251,"Fulfillment - UCM User Group","/shared/University of California System 01UCS_NETWORK/Reports/Local Requests/Annual Statistic Reports/Annual Stats FY 2025-2026/Fulfillment - UCM User Group"
"SC27-OTHER","Column","standalone_saved_object","standalone_saved_object","Fulfillment - UCM User Group",9,"otherwise","All other values","New user group - needs categorization","","""Borrower Details"".""User Group""",,,,,,,251,"Fulfillment - UCM User Group","/shared/University of California System 01UCS_NETWORK/Reports/Local Requests/Annual Statistic Reports/Annual Stats FY 2025-2026/Fulfillment - UCM User Group"
"SC28-R1","Column","standalone_saved_object","standalone_saved_object","Fulfillment - UCR Check-Out Type",1,"when","""Physical Item Details"".""Item Policy"" LIKE '%quipment%'","Equipment","","""Item Location at Time of Loan"".""Location Code""",,,,,,,252,"Fulfillment - UCR Check-Out Type","/shared/University of California System 01UCS_NETWORK/Reports/Local Requests/Annual Statistic Reports/Annual Stats FY 2025-2026/Fulfillment - UCR Check-Out Type"
"SC28-R2","Column","standalone_saved_object","standalone_saved_object","Fulfillment - UCR Check-Out Type",2,"when","DESCRIPTOR_IDOF(""Fulfillment"".""Institution"".""Institution Name"") = 4706 AND ""Physical Item Details"".""Item Policy"" LIKE '%eserve%'","Course Reserves","","""Item Location at Time of Loan"".""Location Code""",,,,,,,252,"Fulfillment - UCR Check-Out Type","/shared/University of California System 01UCS_NETWORK/Reports/Local Requests/Annual Statistic Reports/Annual Stats FY 2025-2026/Fulfillment - UCR Check-Out Type"
"SC28-R3","Column","standalone_saved_object","standalone_saved_object","Fulfillment - UCR Check-Out Type",3,"when","DESCRIPTOR_IDOF(""Fulfillment"".""Institution"".""Institution Name"") = 4706 AND ""Item Location at Time of Loan"".""Location Name"" LIKE '%eserve%'","Course Reserves","","""Item Location at Time of Loan"".""Location Code""",,,,,,,252,"Fulfillment - UCR Check-Out Type","/shared/University of California System 01UCS_NETWORK/Reports/Local Requests/Annual Statistic Reports/Annual Stats FY 2025-2026/Fulfillment - UCR Check-Out Type"
"SC28-R4","Column","standalone_saved_object","standalone_saved_object","Fulfillment - UCR Check-Out Type",4,"when","""Item Location at Time of Loan"".""Location Code"" IN ('srlf', 'SRLF')","Exclude","","""Item Location at Time of Loan"".""Location Code""",,,,,,,252,"Fulfillment - UCR Check-Out Type","/shared/University of California System 01UCS_NETWORK/Reports/Local Requests/Annual Statistic Reports/Annual Stats FY 2025-2026/Fulfillment - UCR Check-Out Type"
"SC28-R5","Column","standalone_saved_object","standalone_saved_object","Fulfillment - UCR Check-Out Type",5,"when","""Item Location at Time of Loan"".""Location Code"" = 'OUT_RS_REQ'","ILL","","""Item Location at Time of Loan"".""Location Code""",,,,,,,252,"Fulfillment - UCR Check-Out Type","/shared/University of California System 01UCS_NETWORK/Reports/Local Requests/Annual Statistic Reports/Annual Stats FY 2025-2026/Fulfillment - UCR Check-Out Type"
"SC28-R6","Column","standalone_saved_object","standalone_saved_object","Fulfillment - UCR Check-Out Type",6,"when","""Item Location at Time of Loan"".""Location Code"" IN ('orbcirc', 'orbcm', 'orbnew', 'orbpopsci', 'orbref', 'orbstacks', 'orbover', 'wrcaorb', 'shelfnoorb', 'wrcacirccd', 'wrcastacks', 'edcurric', 'edhanging', 'edjuvenile', 'edjuvtiny', 'edmisc', 'edoversize', 'edtextbook', 'govca', 'govpamus', 'govus', 'rivleisure', 'rivmoby', 'rivcirc', 'rivcm', 'rivinfodsk', 'rivmedblry', 'rivmediacd', 'rivmedcmfl', 'rivmeddvd', 'rivmedrecd', 'rivmedvhs', 'rivmedvdgm', 'rivmfilm', 'rivnew', 'rivref', 'rivstacks', 'rivflat', 'rivover', 'rivstysc', 'wrcariv', 'shelfclose', 'srlfpenriv', 'orbflat', 'wrcacirc', 'edjuvbig', 'exhibit1', 'govsmfiche', 'srlfpend', 'wrcamcase')","Check-Out","","""Item Location at Time of Loan"".""Location Code""",,,,,,,252,"Fulfillment - UCR Check-Out Type","/shared/University of California System 01UCS_NETWORK/Reports/Local Requests/Annual Statistic Reports/Annual Stats FY 2025-2026/Fulfillment - UCR Check-Out Type"
"SC28-OTHER","Column","standalone_saved_object","standalone_saved_object","Fulfillment - UCR Check-Out Type",7,"otherwise","All other values","New check-out location - needs categorization","","""Item Location at Time of Loan"".""Location Code""",,,,,,,252,"Fulfillment - UCR Check-Out Type","/shared/University of California System 01UCS_NETWORK/Reports/Local Requests/Annual Statistic Reports/Annual Stats FY 2025-2026/Fulfillment - UCR Check-Out Type"
"SC29-R1","Column","standalone_saved_object","standalone_saved_object","Fulfillment - UCR User Group",1,"when","""Borrower Details"".""User Group"" IN ('Emeritus Faculty', 'UCR Academic', 'UCR Library Staff', 'Proxy')","Campus academic","","""Borrower Details"".""User Group""",,,,,,,253,"Fulfillment - UCR User Group","/shared/University of California System 01UCS_NETWORK/Reports/Local Requests/Annual Statistic Reports/Annual Stats FY 2025-2026/Fulfillment - UCR User Group"
"SC29-R2","Column","standalone_saved_object","standalone_saved_object","Fulfillment - UCR User Group",2,"when","""Borrower Details"".""User Group"" = 'UCR Graduate'","Campus graduates","","""Borrower Details"".""User Group""",,,,,,,253,"Fulfillment - UCR User Group","/shared/University of California System 01UCS_NETWORK/Reports/Local Requests/Annual Statistic Reports/Annual Stats FY 2025-2026/Fulfillment - UCR User Group"
"SC29-R3","Column","standalone_saved_object","standalone_saved_object","Fulfillment - UCR User Group",3,"when","""Borrower Details"".""User Group"" IN ('Retired Staff', 'UCR Staff', 'Internal Use - Reserves Instructor')","Campus staff","","""Borrower Details"".""User Group""",,,,,,,253,"Fulfillment - UCR User Group","/shared/University of California System 01UCS_NETWORK/Reports/Local Requests/Annual Statistic Reports/Annual Stats FY 2025-2026/Fulfillment - UCR User Group"
"SC29-R4","Column","standalone_saved_object","standalone_saved_object","Fulfillment - UCR User Group",4,"when","""Borrower Details"".""User Group"" IN ('Concurrent Enrollment', 'UCR Undergraduate')","Campus undergraduates","","""Borrower Details"".""User Group""",,,,,,,253,"Fulfillment - UCR User Group","/shared/University of California System 01UCS_NETWORK/Reports/Local Requests/Annual Statistic Reports/Annual Stats FY 2025-2026/Fulfillment - UCR User Group"
"SC29-R5","Column","standalone_saved_object","standalone_saved_object","Fulfillment - UCR User Group",5,"when","""Borrower Details"".""User Group"" IN ('UCR Alumni', 'UCR Extension', 'Courtesy - UCR Extension Instructor', 'Volunteer Clinical Faculty')","Other - Campus Other","","""Borrower Details"".""User Group""",,,,,,,253,"Fulfillment - UCR User Group","/shared/University of California System 01UCS_NETWORK/Reports/Local Requests/Annual Statistic Reports/Annual Stats FY 2025-2026/Fulfillment - UCR User Group"
"SC29-R6","Column","standalone_saved_object","standalone_saved_object","Fulfillment - UCR User Group",6,"when","""Borrower Details"".""User Group"" IN ('Certificated Teachers', 'Community Borrowing Card', 'Contractual Agreement - RCC Honors', 'Courtesy - IB Program', 'Courtesy - Spouse/Partner/Child', 'Non-UC Academic - CSU', 'Non-UC Academic - Private', 'Non-UC Academic – Community College', 'Professional Agreement - CARB', 'Professional Agreement – Mentor Program', 'Professional Agreement – Unpaid', 'Contractual Agreement - Loma Linda', 'Contractual Agreement - Redlands', 'Contractual Agreement - Stanford', 'Courtesy - Capstone Program', 'Courtesy - PE Reporter', 'Professional Agreement – USDA Fire Lab', 'Professional Agreement – USDA Salinity Lab', 'Professional Agreement – USDI/GS', 'Special – Friends of the Campus', 'Special – Independent Scholar')","Other - Non-UCs","","""Borrower Details"".""User Group""",,,,,,,253,"Fulfillment - UCR User Group","/shared/University of California System 01UCS_NETWORK/Reports/Local Requests/Annual Statistic Reports/Annual Stats FY 2025-2026/Fulfillment - UCR User Group"
"SC29-R7","Column","standalone_saved_object","standalone_saved_object","Fulfillment - UCR User Group",7,"when","""Borrower Details"".""User Group"" IN ('UC Affiliates', 'UC Alumni')","Other - Other UCs","","""Borrower Details"".""User Group""",,,,,,,253,"Fulfillment - UCR User Group","/shared/University of California System 01UCS_NETWORK/Reports/Local Requests/Annual Statistic Reports/Annual Stats FY 2025-2026/Fulfillment - UCR User Group"
"SC29-R8","Column","standalone_saved_object","standalone_saved_object","Fulfillment - UCR User Group",8,"when","""Borrower Details"".""User Group"" = 'Network'","Intercampus Loan (Network)","","""Borrower Details"".""User Group""",,,,,,,253,"Fulfillment - UCR User Group","/shared/University of California System 01UCS_NETWORK/Reports/Local Requests/Annual Statistic Reports/Annual Stats FY 2025-2026/Fulfillment - UCR User Group"
"SC29-R9","Column","standalone_saved_object","standalone_saved_object","Fulfillment - UCR User Group",9,"when","""Borrower Details"".""User Group"" IN ('Non-UC ILL', 'UC ILL', 'Non-UC Academic - OCLC')","Interlibrary Loan (ILL)","","""Borrower Details"".""User Group""",,,,,,,253,"Fulfillment - UCR User Group","/shared/University of California System 01UCS_NETWORK/Reports/Local Requests/Annual Statistic Reports/Annual Stats FY 2025-2026/Fulfillment - UCR User Group"
"SC29-R10","Column","standalone_saved_object","standalone_saved_object","Fulfillment - UCR User Group",10,"when","""Borrower Details"".""User Group"" = 'Internal Staff Use'","Exclude","","""Borrower Details"".""User Group""",,,,,,,253,"Fulfillment - UCR User Group","/shared/University of California System 01UCS_NETWORK/Reports/Local Requests/Annual Statistic Reports/Annual Stats FY 2025-2026/Fulfillment - UCR User Group"
"SC29-OTHER","Column","standalone_saved_object","standalone_saved_object","Fulfillment - UCR User Group",11,"otherwise","All other values","New user group - needs categorization","","""Borrower Details"".""User Group""",,,,,,,253,"Fulfillment - UCR User Group","/shared/University of California System 01UCS_NETWORK/Reports/Local Requests/Annual Statistic Reports/Annual Stats FY 2025-2026/Fulfillment - UCR User Group"
"SC30-R1","Column","standalone_saved_object","standalone_saved_object","Fulfillment - UCSB Check-Out Type",1,"when","""Item Location at Time of Loan"".""Location Code"" IN ('NRLF', 'SRLF')","Exclude","","""Item Location at Time of Loan"".""Location Code""",,,,,,,254,"Fulfillment - UCSB Check-Out Type","/shared/University of California System 01UCS_NETWORK/Reports/Local Requests/Annual Statistic Reports/Annual Stats FY 2025-2026/Fulfillment - UCSB Check-Out Type"
"SC30-R2","Column","standalone_saved_object","standalone_saved_object","Fulfillment - UCSB Check-Out Type",2,"when","""Item Location at Time of Loan"".""Library Code"" = 'EQUIP'","Equipment","","""Item Location at Time of Loan"".""Location Code""",,,,,,,254,"Fulfillment - UCSB Check-Out Type","/shared/University of California System 01UCS_NETWORK/Reports/Local Requests/Annual Statistic Reports/Annual Stats FY 2025-2026/Fulfillment - UCSB Check-Out Type"
"SC30-R3","Column","standalone_saved_object","standalone_saved_object","Fulfillment - UCSB Check-Out Type",3,"when","""Item Location at Time of Loan"".""Location Code"" = 'MAKERSPACE'","Equipment","","""Item Location at Time of Loan"".""Location Code""",,,,,,,254,"Fulfillment - UCSB Check-Out Type","/shared/University of California System 01UCS_NETWORK/Reports/Local Requests/Annual Statistic Reports/Annual Stats FY 2025-2026/Fulfillment - UCSB Check-Out Type"
"SC30-R4","Column","standalone_saved_object","standalone_saved_object","Fulfillment - UCSB Check-Out Type",4,"when","""Physical Item Details"".""Item Policy"" LIKE '%quipment%'","Equipment","","""Item Location at Time of Loan"".""Location Code""",,,,,,,254,"Fulfillment - UCSB Check-Out Type","/shared/University of California System 01UCS_NETWORK/Reports/Local Requests/Annual Statistic Reports/Annual Stats FY 2025-2026/Fulfillment - UCSB Check-Out Type"
"SC30-R5","Column","standalone_saved_object","standalone_saved_object","Fulfillment - UCSB Check-Out Type",5,"when","""Item Location at Time of Loan"".""Location Code"" = 'OUT_RS_REQ'","ILL","","""Item Location at Time of Loan"".""Location Code""",,,,,,,254,"Fulfillment - UCSB Check-Out Type","/shared/University of California System 01UCS_NETWORK/Reports/Local Requests/Annual Statistic Reports/Annual Stats FY 2025-2026/Fulfillment - UCSB Check-Out Type"
"SC30-R6","Column","standalone_saved_object","standalone_saved_object","Fulfillment - UCSB Check-Out Type",6,"when","""Item Location at Time of Loan"".""Location Code"" IN ('RBSFC', 'RBS')","Course Reserves","","""Item Location at Time of Loan"".""Location Code""",,,,,,,254,"Fulfillment - UCSB Check-Out Type","/shared/University of California System 01UCS_NETWORK/Reports/Local Requests/Annual Statistic Reports/Annual Stats FY 2025-2026/Fulfillment - UCSB Check-Out Type"
"SC30-R7","Column","standalone_saved_object","standalone_saved_object","Fulfillment - UCSB Check-Out Type",7,"when","""Item Location at Time of Loan"".""Location Code"" IN ('EGAN', 'ARAEC', 'ARTS', 'AROV', 'EGAS', 'EGBL', 'BROWSING', 'EGCTN', 'MACS', 'CUR', 'CURJM', 'ASIAN', 'ASNOV', 'EGWM', 'MILRF', 'GPCA', 'GPLO', 'GPMED', 'GPUS', 'GPUSO', 'MAIN', 'MEDIA', 'MAMFC', 'MAMFM', 'MUS', 'MUDSK', 'MUCD', 'MULP', 'MUVID', 'MUFOL', 'MUMNI', 'MUOV', 'EGNA', 'ART_TEMP', 'MAOV', 'MARF', 'SEL', 'SELOV', 'ARSJC', 'SHPR-SEL', 'ARGNC', 'ARGCO', 'EGCTO', 'ASNBR', 'GPCEN', 'CIRC_UNCAT', 'SPEC')","Check-Out","","""Item Location at Time of Loan"".""Location Code""",,,,,,,254,"Fulfillment - UCSB Check-Out Type","/shared/University of California System 01UCS_NETWORK/Reports/Local Requests/Annual Statistic Reports/Annual Stats FY 2025-2026/Fulfillment - UCSB Check-Out Type"
"SC30-OTHER","Column","standalone_saved_object","standalone_saved_object","Fulfillment - UCSB Check-Out Type",8,"otherwise","All other values","New check-out location - needs categorization","","""Item Location at Time of Loan"".""Location Code""",,,,,,,254,"Fulfillment - UCSB Check-Out Type","/shared/University of California System 01UCS_NETWORK/Reports/Local Requests/Annual Statistic Reports/Annual Stats FY 2025-2026/Fulfillment - UCSB Check-Out Type"
"SC31-R1","Column","standalone_saved_object","standalone_saved_object","Fulfillment - UCSB User Group",1,"when","""Borrower Details"".""User Group"" IN ('Faculty, Annual', 'Faculty, Quarter')","Campus academic","","""Borrower Details"".""User Group""",,,,,,,255,"Fulfillment - UCSB User Group","/shared/University of California System 01UCS_NETWORK/Reports/Local Requests/Annual Statistic Reports/Annual Stats FY 2025-2026/Fulfillment - UCSB User Group"
"SC31-R2","Column","standalone_saved_object","standalone_saved_object","Fulfillment - UCSB User Group",2,"when","""Borrower Details"".""User Group"" IN ('Student, Annual', 'Student, Quarter')","Campus graduates","","""Borrower Details"".""User Group""",,,,,,,255,"Fulfillment - UCSB User Group","/shared/University of California System 01UCS_NETWORK/Reports/Local Requests/Annual Statistic Reports/Annual Stats FY 2025-2026/Fulfillment - UCSB User Group"
"SC31-R3","Column","standalone_saved_object","standalone_saved_object","Fulfillment - UCSB User Group",3,"when","""Borrower Details"".""User Group"" = 'Staff, Quarter'","Campus staff","","""Borrower Details"".""User Group""",,,,,,,255,"Fulfillment - UCSB User Group","/shared/University of California System 01UCS_NETWORK/Reports/Local Requests/Annual Statistic Reports/Annual Stats FY 2025-2026/Fulfillment - UCSB User Group"
"SC31-R4","Column","standalone_saved_object","standalone_saved_object","Fulfillment - UCSB User Group",4,"when","""Borrower Details"".""User Group"" = 'Student, 3 week'","Campus undergraduates","","""Borrower Details"".""User Group""",,,,,,,255,"Fulfillment - UCSB User Group","/shared/University of California System 01UCS_NETWORK/Reports/Local Requests/Annual Statistic Reports/Annual Stats FY 2025-2026/Fulfillment - UCSB User Group"
"SC31-R5","Column","standalone_saved_object","standalone_saved_object","Fulfillment - UCSB User Group",5,"when","""Borrower Details"".""User Group"" IN ('Community, Limited', 'Courtesy with Journal Privileges')","Other - Non-UCs","","""Borrower Details"".""User Group""",,,,,,,255,"Fulfillment - UCSB User Group","/shared/University of California System 01UCS_NETWORK/Reports/Local Requests/Annual Statistic Reports/Annual Stats FY 2025-2026/Fulfillment - UCSB User Group"
"SC31-R6","Column","standalone_saved_object","standalone_saved_object","Fulfillment - UCSB User Group",6,"when","""Borrower Details"".""User Group"" IN ('NETWORK', 'Network')","Intercampus Loan (Network)","","""Borrower Details"".""User Group""",,,,,,,255,"Fulfillment - UCSB User Group","/shared/University of California System 01UCS_NETWORK/Reports/Local Requests/Annual Statistic Reports/Annual Stats FY 2025-2026/Fulfillment - UCSB User Group"
"SC31-R7","Column","standalone_saved_object","standalone_saved_object","Fulfillment - UCSB User Group",7,"when","""Borrower Details"".""User Group"" IN ('Department', 'Proxy, Annual', 'Corporate', 'Premium Community - DO NOT USE')","Exclude","","""Borrower Details"".""User Group""",,,,,,,255,"Fulfillment - UCSB User Group","/shared/University of California System 01UCS_NETWORK/Reports/Local Requests/Annual Statistic Reports/Annual Stats FY 2025-2026/Fulfillment - UCSB User Group"
"SC31-R8","Column","standalone_saved_object","standalone_saved_object","Fulfillment - UCSB User Group",8,"when","""Borrower Details"".""User Group"" IS NULL","Exclude","","""Borrower Details"".""User Group""",,,,,,,255,"Fulfillment - UCSB User Group","/shared/University of California System 01UCS_NETWORK/Reports/Local Requests/Annual Statistic Reports/Annual Stats FY 2025-2026/Fulfillment - UCSB User Group"
"SC31-R9","Column","standalone_saved_object","standalone_saved_object","Fulfillment - UCSB User Group",9,"when","""Borrower Details"".""User Group"" = 'Courtesy, 3 week with ILL'","Interlibrary Loan (ILL)","","""Borrower Details"".""User Group""",,,,,,,255,"Fulfillment - UCSB User Group","/shared/University of California System 01UCS_NETWORK/Reports/Local Requests/Annual Statistic Reports/Annual Stats FY 2025-2026/Fulfillment - UCSB User Group"
"SC31-R10","Column","standalone_saved_object","standalone_saved_object","Fulfillment - UCSB User Group",10,"when","""Borrower Details"".""User Group"" = 'Courtesy, Quarter'","Other - Campus Other","","""Borrower Details"".""User Group""",,,,,,,255,"Fulfillment - UCSB User Group","/shared/University of California System 01UCS_NETWORK/Reports/Local Requests/Annual Statistic Reports/Annual Stats FY 2025-2026/Fulfillment - UCSB User Group"
"SC31-OTHER","Column","standalone_saved_object","standalone_saved_object","Fulfillment - UCSB User Group",11,"otherwise","All other values","New user group - needs categorization","","""Borrower Details"".""User Group""",,,,,,,255,"Fulfillment - UCSB User Group","/shared/University of California System 01UCS_NETWORK/Reports/Local Requests/Annual Statistic Reports/Annual Stats FY 2025-2026/Fulfillment - UCSB User Group"
"SC32-R1","Column","standalone_saved_object","standalone_saved_object","Fulfillment - UCSC Check-Out Type",1,"when","""Item Location at Time of Loan"".""Location Code"" IN ('nrlf', 'NRLF')","Exclude","","""Item Location at Time of Loan"".""Location Code""",,,,,,,256,"Fulfillment - UCSC Check-Out Type","/shared/University of California System 01UCS_NETWORK/Reports/Local Requests/Annual Statistic Reports/Annual Stats FY 2025-2026/Fulfillment - UCSC Check-Out Type"
"SC32-R2","Column","standalone_saved_object","standalone_saved_object","Fulfillment - UCSC Check-Out Type",2,"when","""Item Location at Time of Loan"".""Location Code"" IN ('mheqp', 'medequip', 'dsi', 'sequp')","Equipment","","""Item Location at Time of Loan"".""Location Code""",,,,,,,256,"Fulfillment - UCSC Check-Out Type","/shared/University of California System 01UCS_NETWORK/Reports/Local Requests/Annual Statistic Reports/Annual Stats FY 2025-2026/Fulfillment - UCSC Check-Out Type"
"SC32-R3","Column","standalone_saved_object","standalone_saved_object","Fulfillment - UCSC Check-Out Type",3,"when","""Physical Item Details"".""Item Policy"" LIKE '%quipment%'","Equipment","","""Item Location at Time of Loan"".""Location Code""",,,,,,,256,"Fulfillment - UCSC Check-Out Type","/shared/University of California System 01UCS_NETWORK/Reports/Local Requests/Annual Statistic Reports/Annual Stats FY 2025-2026/Fulfillment - UCSC Check-Out Type"
"SC32-R4","Column","standalone_saved_object","standalone_saved_object","Fulfillment - UCSC Check-Out Type",4,"when","""Item Location at Time of Loan"".""Location Code"" = 'OUT_RS_REQ'","ILL","","""Item Location at Time of Loan"".""Location Code""",,,,,,,256,"Fulfillment - UCSC Check-Out Type","/shared/University of California System 01UCS_NETWORK/Reports/Local Requests/Annual Statistic Reports/Annual Stats FY 2025-2026/Fulfillment - UCSC Check-Out Type"
"SC32-R5","Column","standalone_saved_object","standalone_saved_object","Fulfillment - UCSC Check-Out Type",5,"when","""Item Location at Time of Loan"".""Location Code"" IN ('mhres', 'medre', 'scres')","Course Reserves","","""Item Location at Time of Loan"".""Location Code""",,,,,,,256,"Fulfillment - UCSC Check-Out Type","/shared/University of California System 01UCS_NETWORK/Reports/Local Requests/Annual Statistic Reports/Annual Stats FY 2025-2026/Fulfillment - UCSC Check-Out Type"
"SC32-R6","Column","standalone_saved_object","standalone_saved_object","Fulfillment - UCSC Check-Out Type",6,"when","""Item Location at Time of Loan"".""Location Code"" IN ('mycur', 'mycov', 'mgcal', 'mgus', 'mprot', 'mref', 'mrdsk', 'mrovr', 'mstax', 'mstov', 'mform', 'mfgde', 'spc', 'medcc', 'med', 'meddo', 'east', 'sgame', 'scpro', 'sread', 'sstax', 'sstov', 'mhmedcc', 'mhmed')","Check-Out","","""Item Location at Time of Loan"".""Location Code""",,,,,,,256,"Fulfillment - UCSC Check-Out Type","/shared/University of California System 01UCS_NETWORK/Reports/Local Requests/Annual Statistic Reports/Annual Stats FY 2025-2026/Fulfillment - UCSC Check-Out Type"
"SC32-OTHER","Column","standalone_saved_object","standalone_saved_object","Fulfillment - UCSC Check-Out Type",7,"otherwise","All other values","New check-out location - needs categorization","","""Item Location at Time of Loan"".""Location Code""",,,,,,,256,"Fulfillment - UCSC Check-Out Type","/shared/University of California System 01UCS_NETWORK/Reports/Local Requests/Annual Statistic Reports/Annual Stats FY 2025-2026/Fulfillment - UCSC Check-Out Type"
"SC33-R1","Column","standalone_saved_object","standalone_saved_object","Fulfillment - UCSC User Group",1,"when","""Borrower Details"".""User Group"" = 'FACULTY'","Campus academic","","""Borrower Details"".""User Group""",,,,,,,257,"Fulfillment - UCSC User Group","/shared/University of California System 01UCS_NETWORK/Reports/Local Requests/Annual Statistic Reports/Annual Stats FY 2025-2026/Fulfillment - UCSC User Group"
"SC33-R2","Column","standalone_saved_object","standalone_saved_object","Fulfillment - UCSC User Group",2,"when","""Borrower Details"".""User Group"" = 'GRADUATE'","Campus graduates","","""Borrower Details"".""User Group""",,,,,,,257,"Fulfillment - UCSC User Group","/shared/University of California System 01UCS_NETWORK/Reports/Local Requests/Annual Statistic Reports/Annual Stats FY 2025-2026/Fulfillment - UCSC User Group"
"SC33-R3","Column","standalone_saved_object","standalone_saved_object","Fulfillment - UCSC User Group",3,"when","""Borrower Details"".""User Group"" = 'STAFF'","Campus staff","","""Borrower Details"".""User Group""",,,,,,,257,"Fulfillment - UCSC User Group","/shared/University of California System 01UCS_NETWORK/Reports/Local Requests/Annual Statistic Reports/Annual Stats FY 2025-2026/Fulfillment - UCSC User Group"
"SC33-R4","Column","standalone_saved_object","standalone_saved_object","Fulfillment - UCSC User Group",4,"when","""Borrower Details"".""User Group"" = 'UNDERGRADUATE'","Campus undergraduates","","""Borrower Details"".""User Group""",,,,,,,257,"Fulfillment - UCSC User Group","/shared/University of California System 01UCS_NETWORK/Reports/Local Requests/Annual Statistic Reports/Annual Stats FY 2025-2026/Fulfillment - UCSC User Group"
"SC33-R5","Column","standalone_saved_object","standalone_saved_object","Fulfillment - UCSC User Group",5,"when","""Borrower Details"".""User Group"" = 'COURTESY'","Other - Campus Other","","""Borrower Details"".""User Group""",,,,,,,257,"Fulfillment - UCSC User Group","/shared/University of California System 01UCS_NETWORK/Reports/Local Requests/Annual Statistic Reports/Annual Stats FY 2025-2026/Fulfillment - UCSC User Group"
"SC33-R6","Column","standalone_saved_object","standalone_saved_object","Fulfillment - UCSC User Group",6,"when","""Borrower Details"".""User Group"" IN ('NETWORK', 'Network')","Intercampus Loan (Network)","","""Borrower Details"".""User Group""",,,,,,,257,"Fulfillment - UCSC User Group","/shared/University of California System 01UCS_NETWORK/Reports/Local Requests/Annual Statistic Reports/Annual Stats FY 2025-2026/Fulfillment - UCSC User Group"
"SC33-R7","Column","standalone_saved_object","standalone_saved_object","Fulfillment - UCSC User Group",7,"when","""Borrower Details"".""User Group"" = 'ILL LONG-TERM 3'","Interlibrary Loan (ILL)","","""Borrower Details"".""User Group""",,,,,,,257,"Fulfillment - UCSC User Group","/shared/University of California System 01UCS_NETWORK/Reports/Local Requests/Annual Statistic Reports/Annual Stats FY 2025-2026/Fulfillment - UCSC User Group"
"SC33-R8","Column","standalone_saved_object","standalone_saved_object","Fulfillment - UCSC User Group",8,"when","""Borrower Details"".""User Group"" IS NULL","Exclude","","""Borrower Details"".""User Group""",,,,,,,257,"Fulfillment - UCSC User Group","/shared/University of California System 01UCS_NETWORK/Reports/Local Requests/Annual Statistic Reports/Annual Stats FY 2025-2026/Fulfillment - UCSC User Group"
"SC33-R9","Column","standalone_saved_object","standalone_saved_object","Fulfillment - UCSC User Group",9,"when","""Borrower Details"".""User Group"" IN ('Default', 'EXHIBITS', 'ILL LONG-TERM 1', 'ILL LONG-TERM 2', 'ILL SHORT-TERM 1', 'ILL SHORT-TERM 2', 'LIBRARY 1 YEAR', 'MEDIA IN HOUSE')","Exclude","","""Borrower Details"".""User Group""",,,,,,,257,"Fulfillment - UCSC User Group","/shared/University of California System 01UCS_NETWORK/Reports/Local Requests/Annual Statistic Reports/Annual Stats FY 2025-2026/Fulfillment - UCSC User Group"
"SC33-OTHER","Column","standalone_saved_object","standalone_saved_object","Fulfillment - UCSC User Group",10,"otherwise","All other values","New user group - needs categorization","","""Borrower Details"".""User Group""",,,,,,,257,"Fulfillment - UCSC User Group","/shared/University of California System 01UCS_NETWORK/Reports/Local Requests/Annual Statistic Reports/Annual Stats FY 2025-2026/Fulfillment - UCSC User Group"
"SC34-R1","Column","standalone_saved_object","standalone_saved_object","Fulfillment - UCSD Check-Out Type",1,"when","""Item Location at Time of Loan"".""Location Code"" IN ('cc_borbot', 'cc_flr2', 'cc_stor', 'desk')","Equipment","","""Item Location at Time of Loan"".""Location Code""",,,,,,,258,"Fulfillment - UCSD Check-Out Type","/shared/University of California System 01UCS_NETWORK/Reports/Local Requests/Annual Statistic Reports/Annual Stats FY 2025-2026/Fulfillment - UCSD Check-Out Type"
"SC34-R2","Column","standalone_saved_object","standalone_saved_object","Fulfillment - UCSD Check-Out Type",2,"when","""Physical Item Details"".""Item Policy"" LIKE '%quipment%'","Equipment","","""Item Location at Time of Loan"".""Location Code""",,,,,,,258,"Fulfillment - UCSD Check-Out Type","/shared/University of California System 01UCS_NETWORK/Reports/Local Requests/Annual Statistic Reports/Annual Stats FY 2025-2026/Fulfillment - UCSD Check-Out Type"
"SC34-R3","Column","standalone_saved_object","standalone_saved_object","Fulfillment - UCSD Check-Out Type",3,"when","""Item Location at Time of Loan"".""Location Code"" IN ('OUT_CT_REQ', 'OUT_RS_REQ', 'IN_CT_REQ')","ILL","","""Item Location at Time of Loan"".""Location Code""",,,,,,,258,"Fulfillment - UCSD Check-Out Type","/shared/University of California System 01UCS_NETWORK/Reports/Local Requests/Annual Statistic Reports/Annual Stats FY 2025-2026/Fulfillment - UCSD Check-Out Type"
"SC34-R4","Column","standalone_saved_object","standalone_saved_object","Fulfillment - UCSD Check-Out Type",4,"when","""Item Location at Time of Loan"".""Location Code"" IN ('res_borbot', 'res', 'res_stor')","Course Reserves","","""Item Location at Time of Loan"".""Location Code""",,,,,,,258,"Fulfillment - UCSD Check-Out Type","/shared/University of California System 01UCS_NETWORK/Reports/Local Requests/Annual Statistic Reports/Annual Stats FY 2025-2026/Fulfillment - UCSD Check-Out Type"
"SC34-R5","Column","standalone_saved_object","standalone_saved_object","Fulfillment - UCSD Check-Out Type",5,"when","""Item Location at Time of Loan"".""Location Code"" IN ('vid_borbot', 'cc_rad', 'bks_fl1', 'bks_fl5', 'bks_fl6', 'bks_fl7', 'bks_fl8', 'calm_cave', 'cc_fl1', 'cc_fl1_ov', 'doc_ca', 'doc_sd', 'doc_us', 'doc_us2', 'ea_ov', 'ea', 'ovx_fl1', 'ovx_fl6', 'gsl', 'gis_ref', 'graph_nov', 'index', 'jrnl_fl1', 'bks_pop', 'maps_cabin', 'meet_spot', 'micro', 'new_books', 'ov_fl1', 'ov_fl6', 'pop_sci', 'ref', 'video', 'audio', 'bks', 'cc', 'diss', 'film', 'jrnl', 'ov')","Check-Out","","""Item Location at Time of Loan"".""Location Code""",,,,,,,258,"Fulfillment - UCSD Check-Out Type","/shared/University of California System 01UCS_NETWORK/Reports/Local Requests/Annual Statistic Reports/Annual Stats FY 2025-2026/Fulfillment - UCSD Check-Out Type"
"SC34-OTHER","Column","standalone_saved_object","standalone_saved_object","Fulfillment - UCSD Check-Out Type",6,"otherwise","All other values","New check-out location - needs categorization","","""Item Location at Time of Loan"".""Location Code""",,,,,,,258,"Fulfillment - UCSD Check-Out Type","/shared/University of California System 01UCS_NETWORK/Reports/Local Requests/Annual Statistic Reports/Annual Stats FY 2025-2026/Fulfillment - UCSD Check-Out Type"
"SC35-R1","Column","standalone_saved_object","standalone_saved_object","Fulfillment - UCSD User Group",1,"when","""Borrower Details"".""User Group"" IN ('Post Doc', 'UC Academic', 'Visiting Scholar')","Campus academic","","""Borrower Details"".""User Group""",,,,,,,259,"Fulfillment - UCSD User Group","/shared/University of California System 01UCS_NETWORK/Reports/Local Requests/Annual Statistic Reports/Annual Stats FY 2025-2026/Fulfillment - UCSD User Group"
"SC35-R2","Column","standalone_saved_object","standalone_saved_object","Fulfillment - UCSD User Group",2,"when","""Borrower Details"".""User Group"" IN ('UC Graduate Student', 'Visiting Graduate Student')","Campus graduates","","""Borrower Details"".""User Group""",,,,,,,259,"Fulfillment - UCSD User Group","/shared/University of California System 01UCS_NETWORK/Reports/Local Requests/Annual Statistic Reports/Annual Stats FY 2025-2026/Fulfillment - UCSD User Group"
"SC35-R3","Column","standalone_saved_object","standalone_saved_object","Fulfillment - UCSD User Group",3,"when","""Borrower Details"".""User Group"" IN ('UC Staff', 'UCSD Library Staff')","Campus staff","","""Borrower Details"".""User Group""",,,,,,,259,"Fulfillment - UCSD User Group","/shared/University of California System 01UCS_NETWORK/Reports/Local Requests/Annual Statistic Reports/Annual Stats FY 2025-2026/Fulfillment - UCSD User Group"
"SC35-R4","Column","standalone_saved_object","standalone_saved_object","Fulfillment - UCSD User Group",4,"when","""Borrower Details"".""User Group"" = 'UC Undergraduate'","Campus undergraduates","","""Borrower Details"".""User Group""",,,,,,,259,"Fulfillment - UCSD User Group","/shared/University of California System 01UCS_NETWORK/Reports/Local Requests/Annual Statistic Reports/Annual Stats FY 2025-2026/Fulfillment - UCSD User Group"
"SC35-R5","Column","standalone_saved_object","standalone_saved_object","Fulfillment - UCSD User Group",5,"when","""Borrower Details"".""User Group"" = 'UCSD Special Affiliate'","Other - Campus Other","","""Borrower Details"".""User Group""",,,,,,,259,"Fulfillment - UCSD User Group","/shared/University of California System 01UCS_NETWORK/Reports/Local Requests/Annual Statistic Reports/Annual Stats FY 2025-2026/Fulfillment - UCSD User Group"
"SC35-R6","Column","standalone_saved_object","standalone_saved_object","Fulfillment - UCSD User Group",6,"when","""Borrower Details"".""User Group"" = 'Public'","Other - Non-UCs","","""Borrower Details"".""User Group""",,,,,,,259,"Fulfillment - UCSD User Group","/shared/University of California System 01UCS_NETWORK/Reports/Local Requests/Annual Statistic Reports/Annual Stats FY 2025-2026/Fulfillment - UCSD User Group"
"SC35-R7","Column","standalone_saved_object","standalone_saved_object","Fulfillment - UCSD User Group",7,"when","""Borrower Details"".""User Group"" IN ('NETWORK', 'Network')","Intercampus Loan (Network)","","""Borrower Details"".""User Group""",,,,,,,259,"Fulfillment - UCSD User Group","/shared/University of California System 01UCS_NETWORK/Reports/Local Requests/Annual Statistic Reports/Annual Stats FY 2025-2026/Fulfillment - UCSD User Group"
"SC35-R8","Column","standalone_saved_object","standalone_saved_object","Fulfillment - UCSD User Group",8,"when","""Borrower Details"".""User Group"" IN ('Interlibrary Loan', 'Interlibrary Loan - UC')","Interlibrary Loan (ILL)","","""Borrower Details"".""User Group""",,,,,,,259,"Fulfillment - UCSD User Group","/shared/University of California System 01UCS_NETWORK/Reports/Local Requests/Annual Statistic Reports/Annual Stats FY 2025-2026/Fulfillment - UCSD User Group"
"SC35-R9","Column","standalone_saved_object","standalone_saved_object","Fulfillment - UCSD User Group",9,"when","""Borrower Details"".""User Group"" = 'Internal Use'","Exclude","","""Borrower Details"".""User Group""",,,,,,,259,"Fulfillment - UCSD User Group","/shared/University of California System 01UCS_NETWORK/Reports/Local Requests/Annual Statistic Reports/Annual Stats FY 2025-2026/Fulfillment - UCSD User Group"
"SC35-R10","Column","standalone_saved_object","standalone_saved_object","Fulfillment - UCSD User Group",10,"when","""Borrower Details"".""User Group"" IS NULL","Exclude","","""Borrower Details"".""User Group""",,,,,,,259,"Fulfillment - UCSD User Group","/shared/University of California System 01UCS_NETWORK/Reports/Local Requests/Annual Statistic Reports/Annual Stats FY 2025-2026/Fulfillment - UCSD User Group"
"SC35-OTHER","Column","standalone_saved_object","standalone_saved_object","Fulfillment - UCSD User Group",11,"otherwise","All other values","New user group - needs categorization","","""Borrower Details"".""User Group""",,,,,,,259,"Fulfillment - UCSD User Group","/shared/University of California System 01UCS_NETWORK/Reports/Local Requests/Annual Statistic Reports/Annual Stats FY 2025-2026/Fulfillment - UCSD User Group"
"SC36-R1","Column","standalone_saved_object","standalone_saved_object","Fulfillment - UCSF Check-Out Type",1,"when","""Physical Item Details"".""Item Policy"" LIKE '%quipment%'","Equipment","","""Item Location at Time of Loan"".""Location Code""",,,,,,,260,"Fulfillment - UCSF Check-Out Type","/shared/University of California System 01UCS_NETWORK/Reports/Local Requests/Annual Statistic Reports/Annual Stats FY 2025-2026/Fulfillment - UCSF Check-Out Type"
"SC36-R2","Column","standalone_saved_object","standalone_saved_object","Fulfillment - UCSF Check-Out Type",2,"when","""Item Location at Time of Loan"".""Location Code"" = 'OUT_RS_REQ'","ILL","","""Item Location at Time of Loan"".""Location Code""",,,,,,,260,"Fulfillment - UCSF Check-Out Type","/shared/University of California System 01UCS_NETWORK/Reports/Local Requests/Annual Statistic Reports/Annual Stats FY 2025-2026/Fulfillment - UCSF Check-Out Type"
"SC36-R3","Column","standalone_saved_object","standalone_saved_object","Fulfillment - UCSF Check-Out Type",3,"when","""Item Location at Time of Loan"".""Location Code"" IN ('rbr', 'mbr')","Course Reserves","","""Item Location at Time of Loan"".""Location Code""",,,,,,,260,"Fulfillment - UCSF Check-Out Type","/shared/University of California System 01UCS_NETWORK/Reports/Local Requests/Annual Statistic Reports/Annual Stats FY 2025-2026/Fulfillment - UCSF Check-Out Type"
"SC36-R4","Column","standalone_saved_object","standalone_saved_object","Fulfillment - UCSF Check-Out Type",4,"when","""Item Location at Time of Loan"".""Location Code"" IN ('mbccb', '4thfl', 'ovrsz', 'pspop', 'btpop', 'ref')","Check-Out","","""Item Location at Time of Loan"".""Location Code""",,,,,,,260,"Fulfillment - UCSF Check-Out Type","/shared/University of California System 01UCS_NETWORK/Reports/Local Requests/Annual Statistic Reports/Annual Stats FY 2025-2026/Fulfillment - UCSF Check-Out Type"
"SC36-R5","Column","standalone_saved_object","standalone_saved_object","Fulfillment - UCSF Check-Out Type",5,"when","""Item Location at Time of Loan"".""Location Code"" = 'nrlfx'","Exclude","","""Item Location at Time of Loan"".""Location Code""",,,,,,,260,"Fulfillment - UCSF Check-Out Type","/shared/University of California System 01UCS_NETWORK/Reports/Local Requests/Annual Statistic Reports/Annual Stats FY 2025-2026/Fulfillment - UCSF Check-Out Type"
"SC36-OTHER","Column","standalone_saved_object","standalone_saved_object","Fulfillment - UCSF Check-Out Type",6,"otherwise","All other values","New check-out location - needs categorization","","""Item Location at Time of Loan"".""Location Code""",,,,,,,260,"Fulfillment - UCSF Check-Out Type","/shared/University of California System 01UCS_NETWORK/Reports/Local Requests/Annual Statistic Reports/Annual Stats FY 2025-2026/Fulfillment - UCSF Check-Out Type"
"SC37-R1","Column","standalone_saved_object","standalone_saved_object","Fulfillment - UCSF User Group",1,"when","""Borrower Details"".""User Group"" = 'on-campus users'","Campus Subtotal","","""Borrower Details"".""User Group""",,,,,,,261,"Fulfillment - UCSF User Group","/shared/University of California System 01UCS_NETWORK/Reports/Local Requests/Annual Statistic Reports/Annual Stats FY 2025-2026/Fulfillment - UCSF User Group"
"SC37-R2","Column","standalone_saved_object","standalone_saved_object","Fulfillment - UCSF User Group",2,"when","""Borrower Details"".""User Group"" = 'off-campus users--no reserve'","Other - Non-UCs","","""Borrower Details"".""User Group""",,,,,,,261,"Fulfillment - UCSF User Group","/shared/University of California System 01UCS_NETWORK/Reports/Local Requests/Annual Statistic Reports/Annual Stats FY 2025-2026/Fulfillment - UCSF User Group"
"SC37-R3","Column","standalone_saved_object","standalone_saved_object","Fulfillment - UCSF User Group",3,"when","""Borrower Details"".""User Group"" IN ('Network', 'NETWORK')","Intercampus Loan (Network)","","""Borrower Details"".""User Group""",,,,,,,261,"Fulfillment - UCSF User Group","/shared/University of California System 01UCS_NETWORK/Reports/Local Requests/Annual Statistic Reports/Annual Stats FY 2025-2026/Fulfillment - UCSF User Group"
"SC37-R4","Column","standalone_saved_object","standalone_saved_object","Fulfillment - UCSF User Group",4,"when","""Borrower Details"".""User Group"" = 'ILL'","Interlibrary Loan (ILL)","","""Borrower Details"".""User Group""",,,,,,,261,"Fulfillment - UCSF User Group","/shared/University of California System 01UCS_NETWORK/Reports/Local Requests/Annual Statistic Reports/Annual Stats FY 2025-2026/Fulfillment - UCSF User Group"
"SC37-R5","Column","standalone_saved_object","standalone_saved_object","Fulfillment - UCSF User Group",5,"when","""Borrower Details"".""User Group"" = 'Library Units'","Campus staff","","""Borrower Details"".""User Group""",,,,,,,261,"Fulfillment - UCSF User Group","/shared/University of California System 01UCS_NETWORK/Reports/Local Requests/Annual Statistic Reports/Annual Stats FY 2025-2026/Fulfillment - UCSF User Group"
"SC37-OTHER","Column","standalone_saved_object","standalone_saved_object","Fulfillment - UCSF User Group",6,"otherwise","All other values","New user group - needs categorization","","""Borrower Details"".""User Group""",,,,,,,261,"Fulfillment - UCSF User Group","/shared/University of California System 01UCS_NETWORK/Reports/Local Requests/Annual Statistic Reports/Annual Stats FY 2025-2026/Fulfillment - UCSF User Group"
"SC38-FORMULA","Column","standalone_saved_object","standalone_saved_object","Physical - Count of Physical Holdings",1,"formula","COUNT(DISTINCT ""Physical Item Details"".""Physical Item Id"")","Holdings","","COUNT(DISTINCT ""Physical Item Details"".""Physical Item Id"")",,,,,,,262,"Physical - Count of Physical Holdings","/shared/University of California System 01UCS_NETWORK/Reports/Local Requests/Annual Statistic Reports/Annual Stats FY 2025-2026/Physical - Count of Physical Holdings"
"SC39-FORMULA","Column","standalone_saved_object","standalone_saved_object","Physical - Count of Physical Titles",1,"formula","COUNT(DISTINCT ""Bibliographic Details"".""MMS ID"")","Titles","","COUNT(DISTINCT ""Bibliographic Details"".""MMS ID"")",,,,,,,263,"Physical - Count of Physical Titles","/shared/University of California System 01UCS_NETWORK/Reports/Local Requests/Annual Statistic Reports/Annual Stats FY 2025-2026/Physical - Count of Physical Titles"
"SC40-R1","Column","standalone_saved_object","standalone_saved_object","Physical - Holdings Added Year",1,"when","""Item Creation Date"".""Item Creation Date"" BETWEEN date '2025-07-01' AND date '2026-06-30'","Holdings Added 2025-26","","""Item Creation Date"".""Item Creation Date""",,,,,,,265,"Physical - Holdings Added Year","/shared/University of California System 01UCS_NETWORK/Reports/Local Requests/Annual Statistic Reports/Annual Stats FY 2025-2026/Physical - Holdings Added Year"
"SC40-OTHER","Column","standalone_saved_object","standalone_saved_object","Physical - Holdings Added Year",2,"otherwise","All other values","Holdings added previous years","","""Item Creation Date"".""Item Creation Date""",,,,,,,265,"Physical - Holdings Added Year","/shared/University of California System 01UCS_NETWORK/Reports/Local Requests/Annual Statistic Reports/Annual Stats FY 2025-2026/Physical - Holdings Added Year"
"SC41-R1","Column","standalone_saved_object","standalone_saved_object","Physical - SLF Depositor",1,"when","DESCRIPTOR_IDOF(""Physical Items"".""Institution"".""Institution Name"") = (6533) AND ""Location"".""Library Code"" = 'SRLF' AND ""Physical Item Details"".""Statistics Note 1"" IN ('*UCB Library')","UCB","","""Institution"".""Institution Name""",,,,,,,266,"Physical - SLF Depositor","/shared/University of California System 01UCS_NETWORK/Reports/Local Requests/Annual Statistic Reports/Annual Stats FY 2025-2026/Physical - SLF Depositor"
"SC41-R2","Column","standalone_saved_object","standalone_saved_object","Physical - SLF Depositor",2,"when","DESCRIPTOR_IDOF(""Physical Items"".""Institution"".""Institution Name"") = (6532) AND ""Location"".""Library Code"" = 'NRLF' AND ""Location"".""Location Code"" LIKE ('nb%')","UCB","","""Institution"".""Institution Name""",,,,,,,266,"Physical - SLF Depositor","/shared/University of California System 01UCS_NETWORK/Reports/Local Requests/Annual Statistic Reports/Annual Stats FY 2025-2026/Physical - SLF Depositor"
"SC41-R3","Column","standalone_saved_object","standalone_saved_object","Physical - SLF Depositor",3,"when","DESCRIPTOR_IDOF(""Physical Items"".""Institution"".""Institution Name"") = (6532) AND ""Location"".""Library Code"" = 'NRLF' AND ""Physical Item Details"".""Retention Note"" LIKE '%CUY%'","UCB","","""Institution"".""Institution Name""",,,,,,,266,"Physical - SLF Depositor","/shared/University of California System 01UCS_NETWORK/Reports/Local Requests/Annual Statistic Reports/Annual Stats FY 2025-2026/Physical - SLF Depositor"
"SC41-R4","Column","standalone_saved_object","standalone_saved_object","Physical - SLF Depositor",4,"when","DESCRIPTOR_IDOF(""Physical Items"".""Institution"".""Institution Name"") = (6532) AND ""Location"".""Library Code"" = 'NRLF' AND ""Physical Item Details"".""Retention Note"" LIKE '%CBG%'","UCB","","""Institution"".""Institution Name""",,,,,,,266,"Physical - SLF Depositor","/shared/University of California System 01UCS_NETWORK/Reports/Local Requests/Annual Statistic Reports/Annual Stats FY 2025-2026/Physical - SLF Depositor"
"SC41-R5","Column","standalone_saved_object","standalone_saved_object","Physical - SLF Depositor",5,"when","DESCRIPTOR_IDOF(""Physical Items"".""Institution"".""Institution Name"") = (6532) AND ""Location"".""Library Code"" = 'NRLF' AND ""Physical Item Details"".""Retention Note"" LIKE '%BOL%'","UCB","","""Institution"".""Institution Name""",,,,,,,266,"Physical - SLF Depositor","/shared/University of California System 01UCS_NETWORK/Reports/Local Requests/Annual Statistic Reports/Annual Stats FY 2025-2026/Physical - SLF Depositor"
"SC41-R6","Column","standalone_saved_object","standalone_saved_object","Physical - SLF Depositor",6,"when","DESCRIPTOR_IDOF(""Physical Items"".""Institution"".""Institution Name"") = (6533) AND ""Location"".""Library Code"" = 'SRLF' AND ""Physical Item Details"".""Statistics Note 1"" IN ('*UCD Library')","UCD","","""Institution"".""Institution Name""",,,,,,,266,"Physical - SLF Depositor","/shared/University of California System 01UCS_NETWORK/Reports/Local Requests/Annual Statistic Reports/Annual Stats FY 2025-2026/Physical - SLF Depositor"
"SC41-R7","Column","standalone_saved_object","standalone_saved_object","Physical - SLF Depositor",7,"when","DESCRIPTOR_IDOF(""Physical Items"".""Institution"".""Institution Name"") = (6532) AND ""Location"".""Library Code"" = 'NRLF' AND ""Location"".""Location Code"" LIKE ('nd%')","UCD","","""Institution"".""Institution Name""",,,,,,,266,"Physical - SLF Depositor","/shared/University of California System 01UCS_NETWORK/Reports/Local Requests/Annual Statistic Reports/Annual Stats FY 2025-2026/Physical - SLF Depositor"
"SC41-R8","Column","standalone_saved_object","standalone_saved_object","Physical - SLF Depositor",8,"when","DESCRIPTOR_IDOF(""Physical Items"".""Institution"".""Institution Name"") = (6532) AND ""Location"".""Library Code"" = 'NRLF' AND ""Physical Item Details"".""Retention Note"" LIKE '%CUV%'","UCD","","""Institution"".""Institution Name""",,,,,,,266,"Physical - SLF Depositor","/shared/University of California System 01UCS_NETWORK/Reports/Local Requests/Annual Statistic Reports/Annual Stats FY 2025-2026/Physical - SLF Depositor"
"SC41-R9","Column","standalone_saved_object","standalone_saved_object","Physical - SLF Depositor",9,"when","DESCRIPTOR_IDOF(""Physical Items"".""Institution"".""Institution Name"") = (6532) AND ""Location"".""Library Code"" = 'NRLF' AND ""Physical Item Details"".""Retention Note"" LIKE '%CUX%'","UCD","","""Institution"".""Institution Name""",,,,,,,266,"Physical - SLF Depositor","/shared/University of California System 01UCS_NETWORK/Reports/Local Requests/Annual Statistic Reports/Annual Stats FY 2025-2026/Physical - SLF Depositor"
"SC41-R10","Column","standalone_saved_object","standalone_saved_object","Physical - SLF Depositor",10,"when","DESCRIPTOR_IDOF(""Physical Items"".""Institution"".""Institution Name"") = (6532) AND ""Location"".""Library Code"" = 'NRLF' AND ""Physical Item Details"".""Retention Note"" LIKE '%UCDLL%'","UCD","","""Institution"".""Institution Name""",,,,,,,266,"Physical - SLF Depositor","/shared/University of California System 01UCS_NETWORK/Reports/Local Requests/Annual Statistic Reports/Annual Stats FY 2025-2026/Physical - SLF Depositor"
"SC41-R11","Column","standalone_saved_object","standalone_saved_object","Physical - SLF Depositor",11,"when","DESCRIPTOR_IDOF(""Physical Items"".""Institution"".""Institution Name"") = (6533) AND ""Location"".""Library Code"" = 'SRLF' AND ""Physical Item Details"".""Statistics Note 1"" IN ('*UCI Library','*UCI Spec Coll')","UCI","","""Institution"".""Institution Name""",,,,,,,266,"Physical - SLF Depositor","/shared/University of California System 01UCS_NETWORK/Reports/Local Requests/Annual Statistic Reports/Annual Stats FY 2025-2026/Physical - SLF Depositor"
"SC41-R12","Column","standalone_saved_object","standalone_saved_object","Physical - SLF Depositor",12,"when","DESCRIPTOR_IDOF(""Physical Items"".""Institution"".""Institution Name"") = (6532) AND ""Location"".""Library Code"" = 'NRLF' AND ""Location"".""Location Code"" LIKE ('ni%')","UCI","","""Institution"".""Institution Name""",,,,,,,266,"Physical - SLF Depositor","/shared/University of California System 01UCS_NETWORK/Reports/Local Requests/Annual Statistic Reports/Annual Stats FY 2025-2026/Physical - SLF Depositor"
"SC41-R13","Column","standalone_saved_object","standalone_saved_object","Physical - SLF Depositor",13,"when","DESCRIPTOR_IDOF(""Physical Items"".""Institution"".""Institution Name"") = (6532) AND ""Location"".""Library Code"" = 'NRLF' AND ""Physical Item Details"".""Retention Note"" LIKE '%CUI%'","UCI","","""Institution"".""Institution Name""",,,,,,,266,"Physical - SLF Depositor","/shared/University of California System 01UCS_NETWORK/Reports/Local Requests/Annual Statistic Reports/Annual Stats FY 2025-2026/Physical - SLF Depositor"
"SC41-R14","Column","standalone_saved_object","standalone_saved_object","Physical - SLF Depositor",14,"when","DESCRIPTOR_IDOF(""Physical Items"".""Institution"".""Institution Name"") = (6533) AND ""Location"".""Library Code"" = 'SRLF' AND ""Physical Item Details"".""Statistics Note 1"" IN ('*AAS Center', '*AIS Center','*Art Belt Library','*Arts Library','*Arts Library Cage','*Arts Spec Coll','*Biomed Library','*Biomed Spec Coll','*Chemistry Library','*Clark Library','*College Library','*CSRC Library','*DLIS Lab','*East Asian Library','*EMS Library','*EMS Spec Coll','*ERR Library','*ERR Spec Coll','*Ethnomusicology Archive','*Geology Library','*Geology Spec Coll','*Law Library','*Law Spec Coll','*Media Laboratory','*Media Library','*MGI Closed Stacks','*Mgmt Library','*Mgmt Spec Coll','*Music Library','*Music Spec Coll','*Powell Library','*UES Reading Room','*University Archives','*YRL Map Closed Stacks','*YRL Microforms','*YRL NonCirc','*YRL Reference','*YRL Spec Coll','*YRL Stacks','*CAS Spec Coll')","UCLA","","""Institution"".""Institution Name""",,,,,,,266,"Physical - SLF Depositor","/shared/University of California System 01UCS_NETWORK/Reports/Local Requests/Annual Statistic Reports/Annual Stats FY 2025-2026/Physical - SLF Depositor"
"SC41-R15","Column","standalone_saved_object","standalone_saved_object","Physical - SLF Depositor",15,"when","DESCRIPTOR_IDOF(""Physical Items"".""Institution"".""Institution Name"") = (6532) AND ""Location"".""Library Code"" = 'NRLF' AND ""Location"".""Location Code"" LIKE ('nl%')","UCLA","","""Institution"".""Institution Name""",,,,,,,266,"Physical - SLF Depositor","/shared/University of California System 01UCS_NETWORK/Reports/Local Requests/Annual Statistic Reports/Annual Stats FY 2025-2026/Physical - SLF Depositor"
"SC41-R16","Column","standalone_saved_object","standalone_saved_object","Physical - SLF Depositor",16,"when","DESCRIPTOR_IDOF(""Physical Items"".""Institution"".""Institution Name"") = (6532) AND ""Location"".""Library Code"" = 'NRLF' AND ""Physical Item Details"".""Retention Note"" LIKE '%CLU%'","UCLA","","""Institution"".""Institution Name""",,,,,,,266,"Physical - SLF Depositor","/shared/University of California System 01UCS_NETWORK/Reports/Local Requests/Annual Statistic Reports/Annual Stats FY 2025-2026/Physical - SLF Depositor"
"SC41-R17","Column","standalone_saved_object","standalone_saved_object","Physical - SLF Depositor",17,"when","DESCRIPTOR_IDOF(""Physical Items"".""Institution"".""Institution Name"") = (6533) AND ""Location"".""Library Code"" = 'SRLF' AND ""Physical Item Details"".""Statistics Note 1"" IN ('*UCM Spec Coll')","UCM","","""Institution"".""Institution Name""",,,,,,,266,"Physical - SLF Depositor","/shared/University of California System 01UCS_NETWORK/Reports/Local Requests/Annual Statistic Reports/Annual Stats FY 2025-2026/Physical - SLF Depositor"
"SC41-R18","Column","standalone_saved_object","standalone_saved_object","Physical - SLF Depositor",18,"when","DESCRIPTOR_IDOF(""Physical Items"".""Institution"".""Institution Name"") = (6533) AND ""Location"".""Library Code"" = 'SRLF' AND ""Physical Item Details"".""Statistics Note 1"" IN ('*UCR Library', '*UCR Spec Coll')","UCR","","""Institution"".""Institution Name""",,,,,,,266,"Physical - SLF Depositor","/shared/University of California System 01UCS_NETWORK/Reports/Local Requests/Annual Statistic Reports/Annual Stats FY 2025-2026/Physical - SLF Depositor"
"SC41-R19","Column","standalone_saved_object","standalone_saved_object","Physical - SLF Depositor",19,"when","DESCRIPTOR_IDOF(""Physical Items"".""Institution"".""Institution Name"") = (6532) AND ""Location"".""Library Code"" = 'NRLF' AND ""Location"".""Location Code"" LIKE ('nr%')","UCR","","""Institution"".""Institution Name""",,,,,,,266,"Physical - SLF Depositor","/shared/University of California System 01UCS_NETWORK/Reports/Local Requests/Annual Statistic Reports/Annual Stats FY 2025-2026/Physical - SLF Depositor"
"SC41-R20","Column","standalone_saved_object","standalone_saved_object","Physical - SLF Depositor",20,"when","DESCRIPTOR_IDOF(""Physical Items"".""Institution"".""Institution Name"") = (6532) AND ""Location"".""Library Code"" = 'NRLF' AND ""Physical Item Details"".""Retention Note"" LIKE '%CRU%'","UCR","","""Institution"".""Institution Name""",,,,,,,266,"Physical - SLF Depositor","/shared/University of California System 01UCS_NETWORK/Reports/Local Requests/Annual Statistic Reports/Annual Stats FY 2025-2026/Physical - SLF Depositor"
"SC41-R21","Column","standalone_saved_object","standalone_saved_object","Physical - SLF Depositor",21,"when","DESCRIPTOR_IDOF(""Physical Items"".""Institution"".""Institution Name"") = (6533) AND ""Location"".""Library Code"" = 'SRLF' AND ""Physical Item Details"".""Statistics Note 1"" IN ('*UCSB Library', '*UCSB Spec Coll')","UCSB","","""Institution"".""Institution Name""",,,,,,,266,"Physical - SLF Depositor","/shared/University of California System 01UCS_NETWORK/Reports/Local Requests/Annual Statistic Reports/Annual Stats FY 2025-2026/Physical - SLF Depositor"
"SC41-R22","Column","standalone_saved_object","standalone_saved_object","Physical - SLF Depositor",22,"when","DESCRIPTOR_IDOF(""Physical Items"".""Institution"".""Institution Name"") = (6532) AND ""Location"".""Library Code"" = 'NRLF' AND ""Location"".""Location Code"" LIKE ('ns%')","UCSB","","""Institution"".""Institution Name""",,,,,,,266,"Physical - SLF Depositor","/shared/University of California System 01UCS_NETWORK/Reports/Local Requests/Annual Statistic Reports/Annual Stats FY 2025-2026/Physical - SLF Depositor"
"SC41-R23","Column","standalone_saved_object","standalone_saved_object","Physical - SLF Depositor",23,"when","DESCRIPTOR_IDOF(""Physical Items"".""Institution"".""Institution Name"") = (6532) AND ""Location"".""Library Code"" = 'NRLF' AND ""Physical Item Details"".""Retention Note"" LIKE '%CUT%'","UCSB","","""Institution"".""Institution Name""",,,,,,,266,"Physical - SLF Depositor","/shared/University of California System 01UCS_NETWORK/Reports/Local Requests/Annual Statistic Reports/Annual Stats FY 2025-2026/Physical - SLF Depositor"
"SC41-R24","Column","standalone_saved_object","standalone_saved_object","Physical - SLF Depositor",24,"when","DESCRIPTOR_IDOF(""Physical Items"".""Institution"".""Institution Name"") = (6533) AND ""Location"".""Library Code"" = 'SRLF' AND ""Physical Item Details"".""Statistics Note 1"" IN ('*UCSC Library')","UCSC","","""Institution"".""Institution Name""",,,,,,,266,"Physical - SLF Depositor","/shared/University of California System 01UCS_NETWORK/Reports/Local Requests/Annual Statistic Reports/Annual Stats FY 2025-2026/Physical - SLF Depositor"
"SC41-R25","Column","standalone_saved_object","standalone_saved_object","Physical - SLF Depositor",25,"when","DESCRIPTOR_IDOF(""Physical Items"".""Institution"".""Institution Name"") = (6532) AND ""Location"".""Library Code"" = 'NRLF' AND ""Location"".""Location Code"" LIKE ('nc%')","UCSC","","""Institution"".""Institution Name""",,,,,,,266,"Physical - SLF Depositor","/shared/University of California System 01UCS_NETWORK/Reports/Local Requests/Annual Statistic Reports/Annual Stats FY 2025-2026/Physical - SLF Depositor"
"SC41-R26","Column","standalone_saved_object","standalone_saved_object","Physical - SLF Depositor",26,"when","DESCRIPTOR_IDOF(""Physical Items"".""Institution"".""Institution Name"") = (6532) AND ""Location"".""Library Code"" = 'NRLF' AND ""Physical Item Details"".""Retention Note"" LIKE '%CUZ%'","UCSC","","""Institution"".""Institution Name""",,,,,,,266,"Physical - SLF Depositor","/shared/University of California System 01UCS_NETWORK/Reports/Local Requests/Annual Statistic Reports/Annual Stats FY 2025-2026/Physical - SLF Depositor"
"SC41-R27","Column","standalone_saved_object","standalone_saved_object","Physical - SLF Depositor",27,"when","DESCRIPTOR_IDOF(""Physical Items"".""Institution"".""Institution Name"") = (6533) AND ""Location"".""Library Code"" = 'SRLF' AND ""Physical Item Details"".""Statistics Note 1"" IN ('*UCSD Scripps','*UCSD Library','*UCSD Spec Coll')","UCSD","","""Institution"".""Institution Name""",,,,,,,266,"Physical - SLF Depositor","/shared/University of California System 01UCS_NETWORK/Reports/Local Requests/Annual Statistic Reports/Annual Stats FY 2025-2026/Physical - SLF Depositor"
"SC41-R28","Column","standalone_saved_object","standalone_saved_object","Physical - SLF Depositor",28,"when","DESCRIPTOR_IDOF(""Physical Items"".""Institution"".""Institution Name"") = (6532) AND ""Location"".""Library Code"" = 'NRLF' AND ""Location"".""Location Code"" LIKE ('ng%')","UCSD","","""Institution"".""Institution Name""",,,,,,,266,"Physical - SLF Depositor","/shared/University of California System 01UCS_NETWORK/Reports/Local Requests/Annual Statistic Reports/Annual Stats FY 2025-2026/Physical - SLF Depositor"
"SC41-R29","Column","standalone_saved_object","standalone_saved_object","Physical - SLF Depositor",29,"when","DESCRIPTOR_IDOF(""Physical Items"".""Institution"".""Institution Name"") = (6532) AND ""Location"".""Library Code"" = 'NRLF' AND ""Physical Item Details"".""Retention Note"" LIKE '%CUS%'","UCSD","","""Institution"".""Institution Name""",,,,,,,266,"Physical - SLF Depositor","/shared/University of California System 01UCS_NETWORK/Reports/Local Requests/Annual Statistic Reports/Annual Stats FY 2025-2026/Physical - SLF Depositor"
"SC41-R30","Column","standalone_saved_object","standalone_saved_object","Physical - SLF Depositor",30,"when","DESCRIPTOR_IDOF(""Physical Items"".""Institution"".""Institution Name"") = (6533) AND ""Location"".""Library Code"" = 'SRLF' AND ""Physical Item Details"".""Statistics Note 1"" IN ('*UCSF Library')","UCSF","","""Institution"".""Institution Name""",,,,,,,266,"Physical - SLF Depositor","/shared/University of California System 01UCS_NETWORK/Reports/Local Requests/Annual Statistic Reports/Annual Stats FY 2025-2026/Physical - SLF Depositor"
"SC41-R31","Column","standalone_saved_object","standalone_saved_object","Physical - SLF Depositor",31,"when","DESCRIPTOR_IDOF(""Physical Items"".""Institution"".""Institution Name"") = (6532) AND ""Location"".""Library Code"" = 'NRLF' AND ""Location"".""Location Code"" LIKE ('nf%')","UCSF","","""Institution"".""Institution Name""",,,,,,,266,"Physical - SLF Depositor","/shared/University of California System 01UCS_NETWORK/Reports/Local Requests/Annual Statistic Reports/Annual Stats FY 2025-2026/Physical - SLF Depositor"
"SC41-R32","Column","standalone_saved_object","standalone_saved_object","Physical - SLF Depositor",32,"when","DESCRIPTOR_IDOF(""Physical Items"".""Institution"".""Institution Name"") = (6532) AND ""Location"".""Library Code"" = 'NRLF' AND ""Physical Item Details"".""Retention Note"" LIKE '%CUN%'","UCSF","","""Institution"".""Institution Name""",,,,,,,266,"Physical - SLF Depositor","/shared/University of California System 01UCS_NETWORK/Reports/Local Requests/Annual Statistic Reports/Annual Stats FY 2025-2026/Physical - SLF Depositor"
"SC41-OTHER","Column","standalone_saved_object","standalone_saved_object","Physical - SLF Depositor",33,"otherwise","All other values","w/o campus designator","","""Institution"".""Institution Name""",,,,,,,266,"Physical - SLF Depositor","/shared/University of California System 01UCS_NETWORK/Reports/Local Requests/Annual Statistic Reports/Annual Stats FY 2025-2026/Physical - SLF Depositor"
"SC42-R1","Column","standalone_saved_object","standalone_saved_object","Physical - Systemwide Library Facility",1,"when","""Institution"".""Institution Name"" = 6532","SLF-N","","""Institution"".""Institution Name""",,,,,,,269,"Physical - Systemwide Library Facility","/shared/University of California System 01UCS_NETWORK/Reports/Local Requests/Annual Statistic Reports/Annual Stats FY 2025-2026/Physical - Systemwide Library Facility"
"SC42-R2","Column","standalone_saved_object","standalone_saved_object","Physical - Systemwide Library Facility",2,"when","""Institution"".""Institution Name"" = 6533","SLF-S","","""Institution"".""Institution Name""",,,,,,,269,"Physical - Systemwide Library Facility","/shared/University of California System 01UCS_NETWORK/Reports/Local Requests/Annual Statistic Reports/Annual Stats FY 2025-2026/Physical - Systemwide Library Facility"
"SC42-OTHER","Column","standalone_saved_object","standalone_saved_object","Physical - Systemwide Library Facility",3,"otherwise","All other values","Not SLF","","""Institution"".""Institution Name""",,,,,,,269,"Physical - Systemwide Library Facility","/shared/University of California System 01UCS_NETWORK/Reports/Local Requests/Annual Statistic Reports/Annual Stats FY 2025-2026/Physical - Systemwide Library Facility"
"SC43-R1","Column","standalone_saved_object","standalone_saved_object","Physical - UCB Library Stats Category",1,"when","DESCRIPTOR_IDOF(""Physical Items"".""Institution"".""Institution Name"") = (6532) AND ""Location"".""Library Code"" IN ('ANTH', 'ILL')","Exclude","","""Location"".""Library Code""",,,,,,,270,"Physical - UCB Library Stats Category","/shared/University of California System 01UCS_NETWORK/Reports/Local Requests/Annual Statistic Reports/Annual Stats FY 2025-2026/Physical - UCB Library Stats Category"
"SC43-R2","Column","standalone_saved_object","standalone_saved_object","Physical - UCB Library Stats Category",2,"when","DESCRIPTOR_IDOF(""Physical Items"".""Institution"".""Institution Name"") = (6532) AND ""Location"".""Library Code"" = 'BANC'","Special (ARL only)","","""Location"".""Library Code""",,,,,,,270,"Physical - UCB Library Stats Category","/shared/University of California System 01UCS_NETWORK/Reports/Local Requests/Annual Statistic Reports/Annual Stats FY 2025-2026/Physical - UCB Library Stats Category"
"SC43-R3","Column","standalone_saved_object","standalone_saved_object","Physical - UCB Library Stats Category",3,"when","DESCRIPTOR_IDOF(""Physical Items"".""Institution"".""Institution Name"") = (6532) AND ""Location"".""Library Code"" = 'NRLF' AND ""Location"".""Location Code"" LIKE ('nbt%r')","Special (ARL only)","","""Location"".""Library Code""",,,,,,,270,"Physical - UCB Library Stats Category","/shared/University of California System 01UCS_NETWORK/Reports/Local Requests/Annual Statistic Reports/Annual Stats FY 2025-2026/Physical - UCB Library Stats Category"
"SC43-R4","Column","standalone_saved_object","standalone_saved_object","Physical - UCB Library Stats Category",4,"when","DESCRIPTOR_IDOF(""Physical Items"".""Institution"".""Institution Name"") = (6532) AND ""Location"".""Library Code"" = 'NRLF' AND ""Location"".""Location Code"" LIKE ('nbl%')","Law","","""Location"".""Library Code""",,,,,,,270,"Physical - UCB Library Stats Category","/shared/University of California System 01UCS_NETWORK/Reports/Local Requests/Annual Statistic Reports/Annual Stats FY 2025-2026/Physical - UCB Library Stats Category"
"SC43-R5","Column","standalone_saved_object","standalone_saved_object","Physical - UCB Library Stats Category",5,"when","DESCRIPTOR_IDOF(""Physical Items"".""Institution"".""Institution Name"") = (6532) AND ""Location"".""Library Code"" IN ('BAMPFA', 'EDA', 'ESL', 'IGSL', 'ITSL')","Affiliates","","""Location"".""Library Code""",,,,,,,270,"Physical - UCB Library Stats Category","/shared/University of California System 01UCS_NETWORK/Reports/Local Requests/Annual Statistic Reports/Annual Stats FY 2025-2026/Physical - UCB Library Stats Category"
"SC43-R6","Column","standalone_saved_object","standalone_saved_object","Physical - UCB Library Stats Category",6,"when","DESCRIPTOR_IDOF(""Physical Items"".""Institution"".""Institution Name"") = (6532) AND ""Location"".""Library Code"" = 'NRLF' AND ""Location"".""Location Code"" IN ('nbavr','nbcer','nbig','nbigr','nbit','nbitr','nbqar','nbqcr','nbqer','nbqnr')","Affiliates","","""Location"".""Library Code""",,,,,,,270,"Physical - UCB Library Stats Category","/shared/University of California System 01UCS_NETWORK/Reports/Local Requests/Annual Statistic Reports/Annual Stats FY 2025-2026/Physical - UCB Library Stats Category"
"SC43-R7","Column","standalone_saved_object","standalone_saved_object","Physical - UCB Library Stats Category",7,"when","DESCRIPTOR_IDOF(""Physical Items"".""Institution"".""Institution Name"") = (6532) AND ""Location"".""Library Code"" = 'NRLF' AND ""Location"".""Location Code"" LIKE ('nb%')","General","","""Location"".""Library Code""",,,,,,,270,"Physical - UCB Library Stats Category","/shared/University of California System 01UCS_NETWORK/Reports/Local Requests/Annual Statistic Reports/Annual Stats FY 2025-2026/Physical - UCB Library Stats Category"
"SC43-R8","Column","standalone_saved_object","standalone_saved_object","Physical - UCB Library Stats Category",8,"when","DESCRIPTOR_IDOF(""Physical Items"".""Institution"".""Institution Name"") = (6532) AND ""Location"".""Library Code"" = 'NRLF' AND ""Location"".""Location Code"" LIKE ('nu%')","General","","""Location"".""Library Code""",,,,,,,270,"Physical - UCB Library Stats Category","/shared/University of California System 01UCS_NETWORK/Reports/Local Requests/Annual Statistic Reports/Annual Stats FY 2025-2026/Physical - UCB Library Stats Category"
"SC43-R9","Column","standalone_saved_object","standalone_saved_object","Physical - UCB Library Stats Category",9,"when","DESCRIPTOR_IDOF(""Physical Items"".""Institution"".""Institution Name"") = (6533) AND ""Location"".""Library Code"" = 'SRLF' AND ""Physical Item Details"".""Statistics Note 1"" = '*UCB Library'","General","","""Location"".""Library Code""",,,,,,,270,"Physical - UCB Library Stats Category","/shared/University of California System 01UCS_NETWORK/Reports/Local Requests/Annual Statistic Reports/Annual Stats FY 2025-2026/Physical - UCB Library Stats Category"
"SC43-R10","Column","standalone_saved_object","standalone_saved_object","Physical - UCB Library Stats Category",10,"when","DESCRIPTOR_IDOF(""Physical Items"".""Institution"".""Institution Name"") = (6532) AND ""Location"".""Library Code"" IN ('AHC', 'BIOS', 'BUSI', 'CHEM', 'EAL', 'EART', 'ENGI', 'ENVI', 'GRAD', 'LBNL', 'MAIN', 'MATH', 'MOFF', 'MORR', 'MRC', 'MUSI', 'NEWS', 'PHYS', 'SOCR', 'SSEA')","General","","""Location"".""Library Code""",,,,,,,270,"Physical - UCB Library Stats Category","/shared/University of California System 01UCS_NETWORK/Reports/Local Requests/Annual Statistic Reports/Annual Stats FY 2025-2026/Physical - UCB Library Stats Category"
"SC43-R11","Column","standalone_saved_object","standalone_saved_object","Physical - UCB Library Stats Category",11,"when","DESCRIPTOR_IDOF(""Physical Items"".""Institution"".""Institution Name"") = (6532) AND ""Location"".""Library Code"" = 'NRLF'","General","","""Location"".""Library Code""",,,,,,,270,"Physical - UCB Library Stats Category","/shared/University of California System 01UCS_NETWORK/Reports/Local Requests/Annual Statistic Reports/Annual Stats FY 2025-2026/Physical - UCB Library Stats Category"
"SC43-R12","Column","standalone_saved_object","standalone_saved_object","Physical - UCB Library Stats Category",12,"when","DESCRIPTOR_IDOF(""Physical Items"".""Institution"".""Institution Name"") = (6532) AND ""Location"".""Library Code"" IN ('RES_SHARE')","General","","""Location"".""Library Code""",,,,,,,270,"Physical - UCB Library Stats Category","/shared/University of California System 01UCS_NETWORK/Reports/Local Requests/Annual Statistic Reports/Annual Stats FY 2025-2026/Physical - UCB Library Stats Category"
"SC43-OTHER","Column","standalone_saved_object","standalone_saved_object","Physical - UCB Library Stats Category",13,"otherwise","All other values","New library - needs categorization","","""Location"".""Library Code""",,,,,,,270,"Physical - UCB Library Stats Category","/shared/University of California System 01UCS_NETWORK/Reports/Local Requests/Annual Statistic Reports/Annual Stats FY 2025-2026/Physical - UCB Library Stats Category"
"SC44-R1","Column","standalone_saved_object","standalone_saved_object","Physical - UCB SLF/Campus designator",1,"when","DESCRIPTOR_IDOF(""Physical Items"".""Institution"".""Institution Name"") = (6533) AND ""Location"".""Library Code"" = 'SRLF' AND ""Physical Item Details"".""Statistics Note 1"" IN ('*UCB Library')","SLF-S","","""Institution"".""Institution Name""",,,,,,,273,"Physical - UCB SLF/Campus designator","/shared/University of California System 01UCS_NETWORK/Reports/Local Requests/Annual Statistic Reports/Annual Stats FY 2025-2026/Physical - UCB SLF/Campus designator"
"SC44-R2","Column","standalone_saved_object","standalone_saved_object","Physical - UCB SLF/Campus designator",2,"when","DESCRIPTOR_IDOF(""Physical Items"".""Institution"".""Institution Name"") = (6532) AND ""Location"".""Library Code"" = 'NRLF' AND ""Location"".""Location Code"" LIKE ('nb%')","SLF-N","","""Institution"".""Institution Name""",,,,,,,273,"Physical - UCB SLF/Campus designator","/shared/University of California System 01UCS_NETWORK/Reports/Local Requests/Annual Statistic Reports/Annual Stats FY 2025-2026/Physical - UCB SLF/Campus designator"
"SC44-R3","Column","standalone_saved_object","standalone_saved_object","Physical - UCB SLF/Campus designator",3,"when","DESCRIPTOR_IDOF(""Physical Items"".""Institution"".""Institution Name"") = (6532) AND ""Location"".""Library Code"" = 'NRLF' AND ""Physical Item Details"".""Retention Note"" LIKE '%CUY%'","SLF-N","","""Institution"".""Institution Name""",,,,,,,273,"Physical - UCB SLF/Campus designator","/shared/University of California System 01UCS_NETWORK/Reports/Local Requests/Annual Statistic Reports/Annual Stats FY 2025-2026/Physical - UCB SLF/Campus designator"
"SC44-R4","Column","standalone_saved_object","standalone_saved_object","Physical - UCB SLF/Campus designator",4,"when","DESCRIPTOR_IDOF(""Physical Items"".""Institution"".""Institution Name"") = (6532) AND ""Location"".""Library Code"" = 'NRLF' AND ""Physical Item Details"".""Retention Note"" LIKE '%CBG%'","SLF-N","","""Institution"".""Institution Name""",,,,,,,273,"Physical - UCB SLF/Campus designator","/shared/University of California System 01UCS_NETWORK/Reports/Local Requests/Annual Statistic Reports/Annual Stats FY 2025-2026/Physical - UCB SLF/Campus designator"
"SC44-R5","Column","standalone_saved_object","standalone_saved_object","Physical - UCB SLF/Campus designator",5,"when","DESCRIPTOR_IDOF(""Physical Items"".""Institution"".""Institution Name"") = (6532) AND ""Location"".""Library Code"" = 'NRLF' AND ""Physical Item Details"".""Retention Note"" LIKE '%BOL%'","SLF-N","","""Institution"".""Institution Name""",,,,,,,273,"Physical - UCB SLF/Campus designator","/shared/University of California System 01UCS_NETWORK/Reports/Local Requests/Annual Statistic Reports/Annual Stats FY 2025-2026/Physical - UCB SLF/Campus designator"
"SC44-R6","Column","standalone_saved_object","standalone_saved_object","Physical - UCB SLF/Campus designator",6,"when","DESCRIPTOR_IDOF(""Physical Items"".""Institution"".""Institution Name"") = (6532) AND ""Location"".""Library Code"" = 'NRLF'","Other SLF-N depositors","","""Institution"".""Institution Name""",,,,,,,273,"Physical - UCB SLF/Campus designator","/shared/University of California System 01UCS_NETWORK/Reports/Local Requests/Annual Statistic Reports/Annual Stats FY 2025-2026/Physical - UCB SLF/Campus designator"
"SC44-R7","Column","standalone_saved_object","standalone_saved_object","Physical - UCB SLF/Campus designator",7,"when","DESCRIPTOR_IDOF(""Physical Items"".""Institution"".""Institution Name"") = 6532","UCB","","""Institution"".""Institution Name""",,,,,,,273,"Physical - UCB SLF/Campus designator","/shared/University of California System 01UCS_NETWORK/Reports/Local Requests/Annual Statistic Reports/Annual Stats FY 2025-2026/Physical - UCB SLF/Campus designator"
"SC44-OTHER","Column","standalone_saved_object","standalone_saved_object","Physical - UCB SLF/Campus designator",8,"otherwise","All other values","Other campuses","","""Institution"".""Institution Name""",,,,,,,273,"Physical - UCB SLF/Campus designator","/shared/University of California System 01UCS_NETWORK/Reports/Local Requests/Annual Statistic Reports/Annual Stats FY 2025-2026/Physical - UCB SLF/Campus designator"
"SC45-R1","Column","standalone_saved_object","standalone_saved_object","Physical - UCD Library Stats Category",1,"when","DESCRIPTOR_IDOF(""Physical Items"".""Institution"".""Institution Name"") = (3126) AND ""Location"".""Library Code"" IN ('NRLF', 'SRLF')","Exclude","","""Location"".""Library Code""",,,,,,,274,"Physical - UCD Library Stats Category","/shared/University of California System 01UCS_NETWORK/Reports/Local Requests/Annual Statistic Reports/Annual Stats FY 2025-2026/Physical - UCD Library Stats Category"
"SC45-R2","Column","standalone_saved_object","standalone_saved_object","Physical - UCD Library Stats Category",2,"when","DESCRIPTOR_IDOF(""Physical Items"".""Institution"".""Institution Name"") = (6532) AND ""Location"".""Library Code"" = 'NRLF' AND ""Location"".""Location Code"" IN ('ndhe', 'ndme')","Health Science","","""Location"".""Library Code""",,,,,,,274,"Physical - UCD Library Stats Category","/shared/University of California System 01UCS_NETWORK/Reports/Local Requests/Annual Statistic Reports/Annual Stats FY 2025-2026/Physical - UCD Library Stats Category"
"SC45-R3","Column","standalone_saved_object","standalone_saved_object","Physical - UCD Library Stats Category",3,"when","DESCRIPTOR_IDOF(""Physical Items"".""Institution"".""Institution Name"") = (3126) AND ""Location"".""Library Code"" IN ('MCL')","Health Science","","""Location"".""Library Code""",,,,,,,274,"Physical - UCD Library Stats Category","/shared/University of California System 01UCS_NETWORK/Reports/Local Requests/Annual Statistic Reports/Annual Stats FY 2025-2026/Physical - UCD Library Stats Category"
"SC45-R4","Column","standalone_saved_object","standalone_saved_object","Physical - UCD Library Stats Category",4,"when","DESCRIPTOR_IDOF(""Physical Items"".""Institution"".""Institution Name"") = (6532) AND ""Location"".""Library Code"" = 'NRLF' AND ""Location"".""Location Code"" IN ('ndla')","Law","","""Location"".""Library Code""",,,,,,,274,"Physical - UCD Library Stats Category","/shared/University of California System 01UCS_NETWORK/Reports/Local Requests/Annual Statistic Reports/Annual Stats FY 2025-2026/Physical - UCD Library Stats Category"
"SC45-R5","Column","standalone_saved_object","standalone_saved_object","Physical - UCD Library Stats Category",5,"when","DESCRIPTOR_IDOF(""Physical Items"".""Institution"".""Institution Name"") = (3126) AND ""Location"".""Library Code"" IN ('LAW')","Law","","""Location"".""Library Code""",,,,,,,274,"Physical - UCD Library Stats Category","/shared/University of California System 01UCS_NETWORK/Reports/Local Requests/Annual Statistic Reports/Annual Stats FY 2025-2026/Physical - UCD Library Stats Category"
"SC45-R6","Column","standalone_saved_object","standalone_saved_object","Physical - UCD Library Stats Category",6,"when","DESCRIPTOR_IDOF(""Physical Items"".""Institution"".""Institution Name"") = (6532) AND ""Location"".""Library Code"" = 'NRLF' AND ""Location"".""Location Code"" IN ('ndag','nddo','ndph','ndsh','ndphr','ndcor','ndspr')","General","","""Location"".""Library Code""",,,,,,,274,"Physical - UCD Library Stats Category","/shared/University of California System 01UCS_NETWORK/Reports/Local Requests/Annual Statistic Reports/Annual Stats FY 2025-2026/Physical - UCD Library Stats Category"
"SC45-R7","Column","standalone_saved_object","standalone_saved_object","Physical - UCD Library Stats Category",7,"when","DESCRIPTOR_IDOF(""Physical Items"".""Institution"".""Institution Name"") = (6532) AND ""Location"".""Library Code"" = 'NRLF' AND ""Location"".""Location Code"" LIKE ('nu%')","General","","""Location"".""Library Code""",,,,,,,274,"Physical - UCD Library Stats Category","/shared/University of California System 01UCS_NETWORK/Reports/Local Requests/Annual Statistic Reports/Annual Stats FY 2025-2026/Physical - UCD Library Stats Category"
"SC45-R8","Column","standalone_saved_object","standalone_saved_object","Physical - UCD Library Stats Category",8,"when","DESCRIPTOR_IDOF(""Physical Items"".""Institution"".""Institution Name"") = (6533) AND ""Location"".""Library Code"" = 'SRLF' AND ""Physical Item Details"".""Statistics Note 1"" = ('*UCD Library')","General","","""Location"".""Library Code""",,,,,,,274,"Physical - UCD Library Stats Category","/shared/University of California System 01UCS_NETWORK/Reports/Local Requests/Annual Statistic Reports/Annual Stats FY 2025-2026/Physical - UCD Library Stats Category"
"SC45-R9","Column","standalone_saved_object","standalone_saved_object","Physical - UCD Library Stats Category",9,"when","DESCRIPTOR_IDOF(""Physical Items"".""Institution"".""Institution Name"") = (3126) AND ""Location"".""Library Code"" IN ('SHLDS','SSPEC','HSL','ELECT')","General","","""Location"".""Library Code""",,,,,,,274,"Physical - UCD Library Stats Category","/shared/University of California System 01UCS_NETWORK/Reports/Local Requests/Annual Statistic Reports/Annual Stats FY 2025-2026/Physical - UCD Library Stats Category"
"SC45-R10","Column","standalone_saved_object","standalone_saved_object","Physical - UCD Library Stats Category",10,"when","DESCRIPTOR_IDOF(""Physical Items"".""Institution"".""Institution Name"") = (3126) AND ""Location"".""Library Code"" IN ('RES_SHARE', 'ILLS')","General","","""Location"".""Library Code""",,,,,,,274,"Physical - UCD Library Stats Category","/shared/University of California System 01UCS_NETWORK/Reports/Local Requests/Annual Statistic Reports/Annual Stats FY 2025-2026/Physical - UCD Library Stats Category"
"SC45-OTHER","Column","standalone_saved_object","standalone_saved_object","Physical - UCD Library Stats Category",11,"otherwise","All other values","New library - needs categorization","","""Location"".""Library Code""",,,,,,,274,"Physical - UCD Library Stats Category","/shared/University of California System 01UCS_NETWORK/Reports/Local Requests/Annual Statistic Reports/Annual Stats FY 2025-2026/Physical - UCD Library Stats Category"
"SC46-R1","Column","standalone_saved_object","standalone_saved_object","Physical - UCD SLF/campus designator",1,"when","DESCRIPTOR_IDOF(""Physical Items"".""Institution"".""Institution Name"") = (6533) AND ""Location"".""Library Code"" = 'SRLF' AND ""Physical Item Details"".""Statistics Note 1"" IN ('*UCD Library')","SLF-S","","""Institution"".""Institution Name""",,,,,,,276,"Physical - UCD SLF/campus designator","/shared/University of California System 01UCS_NETWORK/Reports/Local Requests/Annual Statistic Reports/Annual Stats FY 2025-2026/Physical - UCD SLF/campus designator"
"SC46-R2","Column","standalone_saved_object","standalone_saved_object","Physical - UCD SLF/campus designator",2,"when","DESCRIPTOR_IDOF(""Physical Items"".""Institution"".""Institution Name"") = (6532) AND ""Location"".""Library Code"" = 'NRLF' AND ""Location"".""Location Code"" LIKE ('nd%')","SLF-N","","""Institution"".""Institution Name""",,,,,,,276,"Physical - UCD SLF/campus designator","/shared/University of California System 01UCS_NETWORK/Reports/Local Requests/Annual Statistic Reports/Annual Stats FY 2025-2026/Physical - UCD SLF/campus designator"
"SC46-R3","Column","standalone_saved_object","standalone_saved_object","Physical - UCD SLF/campus designator",3,"when","DESCRIPTOR_IDOF(""Physical Items"".""Institution"".""Institution Name"") = (6532) AND ""Location"".""Library Code"" = 'NRLF' AND ""Physical Item Details"".""Retention Note"" LIKE '%CUV%'","SLF-N","","""Institution"".""Institution Name""",,,,,,,276,"Physical - UCD SLF/campus designator","/shared/University of California System 01UCS_NETWORK/Reports/Local Requests/Annual Statistic Reports/Annual Stats FY 2025-2026/Physical - UCD SLF/campus designator"
"SC46-R4","Column","standalone_saved_object","standalone_saved_object","Physical - UCD SLF/campus designator",4,"when","DESCRIPTOR_IDOF(""Physical Items"".""Institution"".""Institution Name"") = (6532) AND ""Location"".""Library Code"" = 'NRLF' AND ""Physical Item Details"".""Retention Note"" LIKE '%CUX%'","SLF-N","","""Institution"".""Institution Name""",,,,,,,276,"Physical - UCD SLF/campus designator","/shared/University of California System 01UCS_NETWORK/Reports/Local Requests/Annual Statistic Reports/Annual Stats FY 2025-2026/Physical - UCD SLF/campus designator"
"SC46-R5","Column","standalone_saved_object","standalone_saved_object","Physical - UCD SLF/campus designator",5,"when","DESCRIPTOR_IDOF(""Physical Items"".""Institution"".""Institution Name"") = (6532) AND ""Location"".""Library Code"" = 'NRLF' AND ""Physical Item Details"".""Retention Note"" LIKE '%UCDLL%'","SLF-N","","""Institution"".""Institution Name""",,,,,,,276,"Physical - UCD SLF/campus designator","/shared/University of California System 01UCS_NETWORK/Reports/Local Requests/Annual Statistic Reports/Annual Stats FY 2025-2026/Physical - UCD SLF/campus designator"
"SC46-R6","Column","standalone_saved_object","standalone_saved_object","Physical - UCD SLF/campus designator",6,"when","DESCRIPTOR_IDOF(""Physical Items"".""Institution"".""Institution Name"") = 3126","UCD","","""Institution"".""Institution Name""",,,,,,,276,"Physical - UCD SLF/campus designator","/shared/University of California System 01UCS_NETWORK/Reports/Local Requests/Annual Statistic Reports/Annual Stats FY 2025-2026/Physical - UCD SLF/campus designator"
"SC46-OTHER","Column","standalone_saved_object","standalone_saved_object","Physical - UCD SLF/campus designator",7,"otherwise","All other values","Other campuses","","""Institution"".""Institution Name""",,,,,,,276,"Physical - UCD SLF/campus designator","/shared/University of California System 01UCS_NETWORK/Reports/Local Requests/Annual Statistic Reports/Annual Stats FY 2025-2026/Physical - UCD SLF/campus designator"
"SC47-R1","Column","standalone_saved_object","standalone_saved_object","Physical - UCI Library Stats Category",1,"when","DESCRIPTOR_IDOF(""Physical Items"".""Institution"".""Institution Name"") = (4701) AND ""Location"".""Library Code"" IN ('GRUNIGEN')","Health Science","","""Location"".""Library Code""",,,,,,,277,"Physical - UCI Library Stats Category","/shared/University of California System 01UCS_NETWORK/Reports/Local Requests/Annual Statistic Reports/Annual Stats FY 2025-2026/Physical - UCI Library Stats Category"
"SC47-R2","Column","standalone_saved_object","standalone_saved_object","Physical - UCI Library Stats Category",2,"when","DESCRIPTOR_IDOF(""Physical Items"".""Institution"".""Institution Name"") = (4701) AND ""Location"".""Library Code"" IN ('LAW')","Law","","""Location"".""Library Code""",,,,,,,277,"Physical - UCI Library Stats Category","/shared/University of California System 01UCS_NETWORK/Reports/Local Requests/Annual Statistic Reports/Annual Stats FY 2025-2026/Physical - UCI Library Stats Category"
"SC47-R3","Column","standalone_saved_object","standalone_saved_object","Physical - UCI Library Stats Category",3,"when","DESCRIPTOR_IDOF(""Physical Items"".""Institution"".""Institution Name"") = (6532) AND ""Location"".""Library Code"" = 'NRLF' AND ""Location"".""Location Code"" LIKE ('ni%')","General","","""Location"".""Library Code""",,,,,,,277,"Physical - UCI Library Stats Category","/shared/University of California System 01UCS_NETWORK/Reports/Local Requests/Annual Statistic Reports/Annual Stats FY 2025-2026/Physical - UCI Library Stats Category"
"SC47-R4","Column","standalone_saved_object","standalone_saved_object","Physical - UCI Library Stats Category",4,"when","DESCRIPTOR_IDOF(""Physical Items"".""Institution"".""Institution Name"") = (6532) AND ""Location"".""Library Code"" = 'NRLF' AND ""Location"".""Location Code"" LIKE ('nu%')","General","","""Location"".""Library Code""",,,,,,,277,"Physical - UCI Library Stats Category","/shared/University of California System 01UCS_NETWORK/Reports/Local Requests/Annual Statistic Reports/Annual Stats FY 2025-2026/Physical - UCI Library Stats Category"
"SC47-R5","Column","standalone_saved_object","standalone_saved_object","Physical - UCI Library Stats Category",5,"when","DESCRIPTOR_IDOF(""Physical Items"".""Institution"".""Institution Name"") = (6533) AND ""Location"".""Library Code"" = 'SRLF' AND ""Physical Item Details"".""Statistics Note 1"" IN ('*UCI Library','*UCI Spec Coll')","General","","""Location"".""Library Code""",,,,,,,277,"Physical - UCI Library Stats Category","/shared/University of California System 01UCS_NETWORK/Reports/Local Requests/Annual Statistic Reports/Annual Stats FY 2025-2026/Physical - UCI Library Stats Category"
"SC47-R6","Column","standalone_saved_object","standalone_saved_object","Physical - UCI Library Stats Category",6,"when","DESCRIPTOR_IDOF(""Physical Items"".""Institution"".""Institution Name"") = (4701) AND ""Location"".""Library Code"" IN ('CTSOTAMC','LANGSON','MRC','SCIENCE')","General","","""Location"".""Library Code""",,,,,,,277,"Physical - UCI Library Stats Category","/shared/University of California System 01UCS_NETWORK/Reports/Local Requests/Annual Statistic Reports/Annual Stats FY 2025-2026/Physical - UCI Library Stats Category"
"SC47-R7","Column","standalone_saved_object","standalone_saved_object","Physical - UCI Library Stats Category",7,"when","DESCRIPTOR_IDOF(""Physical Items"".""Institution"".""Institution Name"") = (4701) AND ""Location"".""Library Code"" IN ('RES_SHARE')","General","","""Location"".""Library Code""",,,,,,,277,"Physical - UCI Library Stats Category","/shared/University of California System 01UCS_NETWORK/Reports/Local Requests/Annual Statistic Reports/Annual Stats FY 2025-2026/Physical - UCI Library Stats Category"
"SC47-OTHER","Column","standalone_saved_object","standalone_saved_object","Physical - UCI Library Stats Category",8,"otherwise","All other values","New library - needs categorization","","""Location"".""Library Code""",,,,,,,277,"Physical - UCI Library Stats Category","/shared/University of California System 01UCS_NETWORK/Reports/Local Requests/Annual Statistic Reports/Annual Stats FY 2025-2026/Physical - UCI Library Stats Category"
"SC48-R1","Column","standalone_saved_object","standalone_saved_object","Physical - UCI SLF/campus designator",1,"when","DESCRIPTOR_IDOF(""Physical Items"".""Institution"".""Institution Name"") = (6533) AND ""Location"".""Library Code"" = 'SRLF' AND ""Physical Item Details"".""Statistics Note 1"" IN ('*UCI Library','*UCI Spec Coll')","SLF-S","","""Institution"".""Institution Name""",,,,,,,280,"Physical - UCI SLF/campus designator","/shared/University of California System 01UCS_NETWORK/Reports/Local Requests/Annual Statistic Reports/Annual Stats FY 2025-2026/Physical - UCI SLF/campus designator"
"SC48-R2","Column","standalone_saved_object","standalone_saved_object","Physical - UCI SLF/campus designator",2,"when","DESCRIPTOR_IDOF(""Physical Items"".""Institution"".""Institution Name"") = (6532) AND ""Location"".""Library Code"" = 'NRLF' AND ""Location"".""Location Code"" LIKE ('ni%')","SLF-N","","""Institution"".""Institution Name""",,,,,,,280,"Physical - UCI SLF/campus designator","/shared/University of California System 01UCS_NETWORK/Reports/Local Requests/Annual Statistic Reports/Annual Stats FY 2025-2026/Physical - UCI SLF/campus designator"
"SC48-R3","Column","standalone_saved_object","standalone_saved_object","Physical - UCI SLF/campus designator",3,"when","DESCRIPTOR_IDOF(""Physical Items"".""Institution"".""Institution Name"") = (6532) AND ""Location"".""Library Code"" = 'NRLF' AND ""Physical Item Details"".""Retention Note"" LIKE '%CUI%'","SLF-N","","""Institution"".""Institution Name""",,,,,,,280,"Physical - UCI SLF/campus designator","/shared/University of California System 01UCS_NETWORK/Reports/Local Requests/Annual Statistic Reports/Annual Stats FY 2025-2026/Physical - UCI SLF/campus designator"
"SC48-R4","Column","standalone_saved_object","standalone_saved_object","Physical - UCI SLF/campus designator",4,"when","DESCRIPTOR_IDOF(""Physical Items"".""Institution"".""Institution Name"") = 4701","UCI","","""Institution"".""Institution Name""",,,,,,,280,"Physical - UCI SLF/campus designator","/shared/University of California System 01UCS_NETWORK/Reports/Local Requests/Annual Statistic Reports/Annual Stats FY 2025-2026/Physical - UCI SLF/campus designator"
"SC48-OTHER","Column","standalone_saved_object","standalone_saved_object","Physical - UCI SLF/campus designator",5,"otherwise","All other values","Other campuses","","""Institution"".""Institution Name""",,,,,,,280,"Physical - UCI SLF/campus designator","/shared/University of California System 01UCS_NETWORK/Reports/Local Requests/Annual Statistic Reports/Annual Stats FY 2025-2026/Physical - UCI SLF/campus designator"
"SC49-R1","Column","standalone_saved_object","standalone_saved_object","Physical - UCLA Library Stats Category",1,"when","DESCRIPTOR_IDOF(""Physical Items"".""Institution"".""Institution Name"") = (6533) AND ""Location"".""Library Code"" = 'SRLF' AND ""Physical Item Details"".""Statistics Note 1"" = ('*Biomed Library')","Health Science","","""Location"".""Library Code""",,,,,,,281,"Physical - UCLA Library Stats Category","/shared/University of California System 01UCS_NETWORK/Reports/Local Requests/Annual Statistic Reports/Annual Stats FY 2025-2026/Physical - UCLA Library Stats Category"
"SC49-R2","Column","standalone_saved_object","standalone_saved_object","Physical - UCLA Library Stats Category",2,"when","DESCRIPTOR_IDOF(""Physical Items"".""Institution"".""Institution Name"") = (6533) AND ""Location"".""Library Code"" IN ('BIOMED')","Health Science","","""Location"".""Library Code""",,,,,,,281,"Physical - UCLA Library Stats Category","/shared/University of California System 01UCS_NETWORK/Reports/Local Requests/Annual Statistic Reports/Annual Stats FY 2025-2026/Physical - UCLA Library Stats Category"
"SC49-R3","Column","standalone_saved_object","standalone_saved_object","Physical - UCLA Library Stats Category",3,"when","DESCRIPTOR_IDOF(""Physical Items"".""Institution"".""Institution Name"") = (6533) AND ""Location"".""Library Code"" = 'SRLF' AND ""Physical Item Details"".""Statistics Note 1"" IN ('*Law Library','*Law Spec Coll')","Law","","""Location"".""Library Code""",,,,,,,281,"Physical - UCLA Library Stats Category","/shared/University of California System 01UCS_NETWORK/Reports/Local Requests/Annual Statistic Reports/Annual Stats FY 2025-2026/Physical - UCLA Library Stats Category"
"SC49-R4","Column","standalone_saved_object","standalone_saved_object","Physical - UCLA Library Stats Category",4,"when","DESCRIPTOR_IDOF(""Physical Items"".""Institution"".""Institution Name"") = (6533) AND ""Location"".""Library Code"" IN ('LAW')","Law","","""Location"".""Library Code""",,,,,,,281,"Physical - UCLA Library Stats Category","/shared/University of California System 01UCS_NETWORK/Reports/Local Requests/Annual Statistic Reports/Annual Stats FY 2025-2026/Physical - UCLA Library Stats Category"
"SC49-R5","Column","standalone_saved_object","standalone_saved_object","Physical - UCLA Library Stats Category",5,"when","DESCRIPTOR_IDOF(""Physical Items"".""Institution"".""Institution Name"") = (6533) AND ""Location"".""Library Code"" = 'SRLF' AND ""Physical Item Details"".""Statistics Note 1"" IN ('*AAS Center', '*AIS Center','*Clark Library','*CSRC Library','*DLIS Lab','*ERR Library','*ERR Spec Coll','*Ethnomusicology Archive','*Media Laboratory','*Media Library','*UES Reading Room')","Affiliates","","""Location"".""Library Code""",,,,,,,281,"Physical - UCLA Library Stats Category","/shared/University of California System 01UCS_NETWORK/Reports/Local Requests/Annual Statistic Reports/Annual Stats FY 2025-2026/Physical - UCLA Library Stats Category"
"SC49-R6","Column","standalone_saved_object","standalone_saved_object","Physical - UCLA Library Stats Category",6,"when","DESCRIPTOR_IDOF(""Physical Items"".""Institution"".""Institution Name"") = (6533) AND ""Location"".""Library Code"" IN ('AISC', 'AASC', 'BUNCHE', 'CSRC', 'CLARK','ERR','ETHNOMUS','HERB','ISLAB','IML','LABS')","Affiliates","","""Location"".""Library Code""",,,,,,,281,"Physical - UCLA Library Stats Category","/shared/University of California System 01UCS_NETWORK/Reports/Local Requests/Annual Statistic Reports/Annual Stats FY 2025-2026/Physical - UCLA Library Stats Category"
"SC49-R7","Column","standalone_saved_object","standalone_saved_object","Physical - UCLA Library Stats Category",7,"when","DESCRIPTOR_IDOF(""Physical Items"".""Institution"".""Institution Name"") = (6532) AND ""Location"".""Library Code"" = 'NRLF' AND ""Location"".""Location Code"" LIKE ('nl%')","General","","""Location"".""Library Code""",,,,,,,281,"Physical - UCLA Library Stats Category","/shared/University of California System 01UCS_NETWORK/Reports/Local Requests/Annual Statistic Reports/Annual Stats FY 2025-2026/Physical - UCLA Library Stats Category"
"SC49-R8","Column","standalone_saved_object","standalone_saved_object","Physical - UCLA Library Stats Category",8,"when","DESCRIPTOR_IDOF(""Physical Items"".""Institution"".""Institution Name"") = (6532) AND ""Location"".""Library Code"" = 'NRLF' AND ""Location"".""Location Code"" LIKE ('nu%')","General","","""Location"".""Library Code""",,,,,,,281,"Physical - UCLA Library Stats Category","/shared/University of California System 01UCS_NETWORK/Reports/Local Requests/Annual Statistic Reports/Annual Stats FY 2025-2026/Physical - UCLA Library Stats Category"
"SC49-R9","Column","standalone_saved_object","standalone_saved_object","Physical - UCLA Library Stats Category",9,"when","DESCRIPTOR_IDOF(""Physical Items"".""Institution"".""Institution Name"") = (6533) AND ""Location"".""Library Code"" = 'SRLF' AND ""Physical Item Details"".""Statistics Note 1"" IN ('*Art Belt Library','*Arts Library','*Arts Library Cage','*Arts Spec Coll','*Biomed Spec Coll','*Chemistry Library','*College Library','*East Asian Library','*EMS Library','*EMS Spec Coll','*Geology Library','*Geology Spec Coll','*MGI Closed Stacks','*Mgmt Library','*Mgmt Spec Coll','*Music Library','*Music Spec Coll','*Powell Library','*University Archives','*YRL Map Closed Stacks','*YRL Microforms','*YRL NonCirc','*YRL Reference','*YRL Spec Coll','*YRL Stacks')","General","","""Location"".""Library Code""",,,,,,,281,"Physical - UCLA Library Stats Category","/shared/University of California System 01UCS_NETWORK/Reports/Local Requests/Annual Statistic Reports/Annual Stats FY 2025-2026/Physical - UCLA Library Stats Category"
"SC49-R10","Column","standalone_saved_object","standalone_saved_object","Physical - UCLA Library Stats Category",10,"when","DESCRIPTOR_IDOF(""Physical Items"".""Institution"".""Institution Name"") = (6533) AND ""Location"".""Library Code"" IN ('ARTS','EAL','LSC','MANAGEMENT','MUSIC','POWELL','SEL_EMS','SEL_GEO','FTVA','YRL')","General","","""Location"".""Library Code""",,,,,,,281,"Physical - UCLA Library Stats Category","/shared/University of California System 01UCS_NETWORK/Reports/Local Requests/Annual Statistic Reports/Annual Stats FY 2025-2026/Physical - UCLA Library Stats Category"
"SC49-R11","Column","standalone_saved_object","standalone_saved_object","Physical - UCLA Library Stats Category",11,"when","DESCRIPTOR_IDOF(""Physical Items"".""Institution"".""Institution Name"") = (6533) AND ""Location"".""Library Code"" IN ('CLICC_LOCKER','CLICC_LOCKER_YRL','CLICC','RES_SHARE')","General","","""Location"".""Library Code""",,,,,,,281,"Physical - UCLA Library Stats Category","/shared/University of California System 01UCS_NETWORK/Reports/Local Requests/Annual Statistic Reports/Annual Stats FY 2025-2026/Physical - UCLA Library Stats Category"
"SC49-R12","Column","standalone_saved_object","standalone_saved_object","Physical - UCLA Library Stats Category",12,"when","DESCRIPTOR_IDOF(""Physical Items"".""Institution"".""Institution Name"") = (6533) AND ""Location"".""Library Code"" = 'SRLF'","General","","""Location"".""Library Code""",,,,,,,281,"Physical - UCLA Library Stats Category","/shared/University of California System 01UCS_NETWORK/Reports/Local Requests/Annual Statistic Reports/Annual Stats FY 2025-2026/Physical - UCLA Library Stats Category"
"SC49-OTHER","Column","standalone_saved_object","standalone_saved_object","Physical - UCLA Library Stats Category",13,"otherwise","All other values","New library - needs categorization","","""Location"".""Library Code""",,,,,,,281,"Physical - UCLA Library Stats Category","/shared/University of California System 01UCS_NETWORK/Reports/Local Requests/Annual Statistic Reports/Annual Stats FY 2025-2026/Physical - UCLA Library Stats Category"
"SC50-R1","Column","standalone_saved_object","standalone_saved_object","Physical - UCLA SLF/campus designator",1,"when","DESCRIPTOR_IDOF(""Physical Items"".""Institution"".""Institution Name"") = (6533) AND ""Location"".""Library Code"" = 'SRLF' AND ""Physical Item Details"".""Statistics Note 1"" IN ('*AAS Center', '*AIS Center','*Art Belt Library','*Arts Library','*Arts Library Cage','*Arts Spec Coll','*Biomed Library','*Biomed Spec Coll','*Chemistry Library','*Clark Library','*College Library','*CSRC Library','*DLIS Lab','*East Asian Library','*EMS Library','*EMS Spec Coll','*ERR Library','*ERR Spec Coll','*Ethnomusicology Archive','*Geology Library','*Geology Spec Coll','*Law Library','*Law Spec Coll','*Media Laboratory','*Media Library','*MGI Closed Stacks','*Mgmt Library','*Mgmt Spec Coll','*Music Library','*Music Spec Coll','*Powell Library','*UES Reading Room','*University Archives','*YRL Map Closed Stacks','*YRL Microforms','*YRL NonCirc','*YRL Reference','*YRL Spec Coll','*YRL Stacks','*CAS Spec Coll')","SLF-S","","""Institution"".""Institution Name""",,,,,,,284,"Physical - UCLA SLF/campus designator","/shared/University of California System 01UCS_NETWORK/Reports/Local Requests/Annual Statistic Reports/Annual Stats FY 2025-2026/Physical - UCLA SLF/campus designator"
"SC50-R2","Column","standalone_saved_object","standalone_saved_object","Physical - UCLA SLF/campus designator",2,"when","DESCRIPTOR_IDOF(""Physical Items"".""Institution"".""Institution Name"") = (6532) AND ""Location"".""Library Code"" = 'NRLF' AND ""Location"".""Location Code"" LIKE ('nl%')","SLF-N","","""Institution"".""Institution Name""",,,,,,,284,"Physical - UCLA SLF/campus designator","/shared/University of California System 01UCS_NETWORK/Reports/Local Requests/Annual Statistic Reports/Annual Stats FY 2025-2026/Physical - UCLA SLF/campus designator"
"SC50-R3","Column","standalone_saved_object","standalone_saved_object","Physical - UCLA SLF/campus designator",3,"when","DESCRIPTOR_IDOF(""Physical Items"".""Institution"".""Institution Name"") = (6532) AND ""Location"".""Library Code"" = 'NRLF' AND ""Physical Item Details"".""Retention Note"" LIKE '%CLU%'","SLF-N","","""Institution"".""Institution Name""",,,,,,,284,"Physical - UCLA SLF/campus designator","/shared/University of California System 01UCS_NETWORK/Reports/Local Requests/Annual Statistic Reports/Annual Stats FY 2025-2026/Physical - UCLA SLF/campus designator"
"SC50-R4","Column","standalone_saved_object","standalone_saved_object","Physical - UCLA SLF/campus designator",4,"when","DESCRIPTOR_IDOF(""Physical Items"".""Institution"".""Institution Name"") = (6533) AND ""Location"".""Library Code"" = 'SRLF'","Other SLF-S Depositors","","""Institution"".""Institution Name""",,,,,,,284,"Physical - UCLA SLF/campus designator","/shared/University of California System 01UCS_NETWORK/Reports/Local Requests/Annual Statistic Reports/Annual Stats FY 2025-2026/Physical - UCLA SLF/campus designator"
"SC50-R5","Column","standalone_saved_object","standalone_saved_object","Physical - UCLA SLF/campus designator",5,"when","DESCRIPTOR_IDOF(""Physical Items"".""Institution"".""Institution Name"") = 6533","UCLA","","""Institution"".""Institution Name""",,,,,,,284,"Physical - UCLA SLF/campus designator","/shared/University of California System 01UCS_NETWORK/Reports/Local Requests/Annual Statistic Reports/Annual Stats FY 2025-2026/Physical - UCLA SLF/campus designator"
"SC50-OTHER","Column","standalone_saved_object","standalone_saved_object","Physical - UCLA SLF/campus designator",6,"otherwise","All other values","Other campuses","","""Institution"".""Institution Name""",,,,,,,284,"Physical - UCLA SLF/campus designator","/shared/University of California System 01UCS_NETWORK/Reports/Local Requests/Annual Statistic Reports/Annual Stats FY 2025-2026/Physical - UCLA SLF/campus designator"
"SC51-R1","Column","standalone_saved_object","standalone_saved_object","Physical - UCM Library Stats Category",1,"when","DESCRIPTOR_IDOF(""Physical Items"".""Institution"".""Institution Name"") = (6532) AND ""Location"".""Library Code"" = 'NRLF' AND ""Location"".""Location Code"" LIKE ('nu%')","General","","""Location"".""Location Code""",,,,,,,285,"Physical - UCM Library Stats Category","/shared/University of California System 01UCS_NETWORK/Reports/Local Requests/Annual Statistic Reports/Annual Stats FY 2025-2026/Physical - UCM Library Stats Category"
"SC51-R2","Column","standalone_saved_object","standalone_saved_object","Physical - UCM Library Stats Category",2,"when","DESCRIPTOR_IDOF(""Physical Items"".""Institution"".""Institution Name"") = (6533) AND ""Location"".""Library Code"" = 'SRLF' AND ""Physical Item Details"".""Statistics Note 1"" = ('*UCM Spec Coll')","General","","""Location"".""Location Code""",,,,,,,285,"Physical - UCM Library Stats Category","/shared/University of California System 01UCS_NETWORK/Reports/Local Requests/Annual Statistic Reports/Annual Stats FY 2025-2026/Physical - UCM Library Stats Category"
"SC51-R3","Column","standalone_saved_object","standalone_saved_object","Physical - UCM Library Stats Category",3,"when","DESCRIPTOR_IDOF(""Physical Items"".""Institution"".""Institution Name"") = (6534) AND ""Location"".""Library Code"" IN ('KOLL')","General","","""Location"".""Location Code""",,,,,,,285,"Physical - UCM Library Stats Category","/shared/University of California System 01UCS_NETWORK/Reports/Local Requests/Annual Statistic Reports/Annual Stats FY 2025-2026/Physical - UCM Library Stats Category"
"SC51-R4","Column","standalone_saved_object","standalone_saved_object","Physical - UCM Library Stats Category",4,"when","DESCRIPTOR_IDOF(""Physical Items"".""Institution"".""Institution Name"") = (6534) AND ""Location"".""Library Code"" IN ('RES_SHARE')","General","","""Location"".""Location Code""",,,,,,,285,"Physical - UCM Library Stats Category","/shared/University of California System 01UCS_NETWORK/Reports/Local Requests/Annual Statistic Reports/Annual Stats FY 2025-2026/Physical - UCM Library Stats Category"
"SC51-OTHER","Column","standalone_saved_object","standalone_saved_object","Physical - UCM Library Stats Category",5,"otherwise","All other values","New library - needs categorization","","""Location"".""Location Code""",,,,,,,285,"Physical - UCM Library Stats Category","/shared/University of California System 01UCS_NETWORK/Reports/Local Requests/Annual Statistic Reports/Annual Stats FY 2025-2026/Physical - UCM Library Stats Category"
"SC52-R1","Column","standalone_saved_object","standalone_saved_object","Physical - UCM SLF/campus designator",1,"when","DESCRIPTOR_IDOF(""Physical Items"".""Institution"".""Institution Name"") = (6533) AND ""Location"".""Library Code"" = 'SRLF' AND ""Physical Item Details"".""Statistics Note 1"" IN ('*UCM Spec Coll')","SLF-S","","""Institution"".""Institution Name""",,,,,,,286,"Physical - UCM SLF/campus designator","/shared/University of California System 01UCS_NETWORK/Reports/Local Requests/Annual Statistic Reports/Annual Stats FY 2025-2026/Physical - UCM SLF/campus designator"
"SC52-R2","Column","standalone_saved_object","standalone_saved_object","Physical - UCM SLF/campus designator",2,"when","DESCRIPTOR_IDOF(""Physical Items"".""Institution"".""Institution Name"") = 6534","UCM","","""Institution"".""Institution Name""",,,,,,,286,"Physical - UCM SLF/campus designator","/shared/University of California System 01UCS_NETWORK/Reports/Local Requests/Annual Statistic Reports/Annual Stats FY 2025-2026/Physical - UCM SLF/campus designator"
"SC52-OTHER","Column","standalone_saved_object","standalone_saved_object","Physical - UCM SLF/campus designator",3,"otherwise","All other values","Other campuses","","""Institution"".""Institution Name""",,,,,,,286,"Physical - UCM SLF/campus designator","/shared/University of California System 01UCS_NETWORK/Reports/Local Requests/Annual Statistic Reports/Annual Stats FY 2025-2026/Physical - UCM SLF/campus designator"
"SC53-R1","Column","standalone_saved_object","standalone_saved_object","Physical - UCR Library Stats Category",1,"when","DESCRIPTOR_IDOF(""Physical Items"".""Institution"".""Institution Name"") = (6533) AND ""Location"".""Library Code"" = 'SRLF' AND ""Physical Item Details"".""Statistics Note 1"" = ('*UCR Spec Coll')","Special (ARL only)","","""Location"".""Library Code""",,,,,,,287,"Physical - UCR Library Stats Category","/shared/University of California System 01UCS_NETWORK/Reports/Local Requests/Annual Statistic Reports/Annual Stats FY 2025-2026/Physical - UCR Library Stats Category"
"SC53-R2","Column","standalone_saved_object","standalone_saved_object","Physical - UCR Library Stats Category",2,"when","DESCRIPTOR_IDOF(""Physical Items"".""Institution"".""Institution Name"") = (4706) AND ""Location"".""Library Code"" = ('SPECIALCOL')","Special (ARL only)","","""Location"".""Library Code""",,,,,,,287,"Physical - UCR Library Stats Category","/shared/University of California System 01UCS_NETWORK/Reports/Local Requests/Annual Statistic Reports/Annual Stats FY 2025-2026/Physical - UCR Library Stats Category"
"SC53-R3","Column","standalone_saved_object","standalone_saved_object","Physical - UCR Library Stats Category",3,"when","DESCRIPTOR_IDOF(""Physical Items"".""Institution"".""Institution Name"") = (6532) AND ""Location"".""Library Code"" = 'NRLF' AND ""Location"".""Location Code"" LIKE ('nr%')","General","","""Location"".""Library Code""",,,,,,,287,"Physical - UCR Library Stats Category","/shared/University of California System 01UCS_NETWORK/Reports/Local Requests/Annual Statistic Reports/Annual Stats FY 2025-2026/Physical - UCR Library Stats Category"
"SC53-R4","Column","standalone_saved_object","standalone_saved_object","Physical - UCR Library Stats Category",4,"when","DESCRIPTOR_IDOF(""Physical Items"".""Institution"".""Institution Name"") = (6532) AND ""Location"".""Library Code"" = 'NRLF' AND ""Location"".""Location Code"" LIKE ('nu%')","General","","""Location"".""Library Code""",,,,,,,287,"Physical - UCR Library Stats Category","/shared/University of California System 01UCS_NETWORK/Reports/Local Requests/Annual Statistic Reports/Annual Stats FY 2025-2026/Physical - UCR Library Stats Category"
"SC53-R5","Column","standalone_saved_object","standalone_saved_object","Physical - UCR Library Stats Category",5,"when","DESCRIPTOR_IDOF(""Physical Items"".""Institution"".""Institution Name"") = (6533) AND ""Location"".""Library Code"" = 'SRLF' AND ""Physical Item Details"".""Statistics Note 1"" = ('*UCR Library')","General","","""Location"".""Library Code""",,,,,,,287,"Physical - UCR Library Stats Category","/shared/University of California System 01UCS_NETWORK/Reports/Local Requests/Annual Statistic Reports/Annual Stats FY 2025-2026/Physical - UCR Library Stats Category"
"SC53-R6","Column","standalone_saved_object","standalone_saved_object","Physical - UCR Library Stats Category",6,"when","DESCRIPTOR_IDOF(""Physical Items"".""Institution"".""Institution Name"") = (4706) AND ""Location"".""Library Code"" IN ('ORBACH', 'RIVERA')","General","","""Location"".""Library Code""",,,,,,,287,"Physical - UCR Library Stats Category","/shared/University of California System 01UCS_NETWORK/Reports/Local Requests/Annual Statistic Reports/Annual Stats FY 2025-2026/Physical - UCR Library Stats Category"
"SC53-R7","Column","standalone_saved_object","standalone_saved_object","Physical - UCR Library Stats Category",7,"when","DESCRIPTOR_IDOF(""Physical Items"".""Institution"".""Institution Name"") = (4706) AND ""Location"".""Library Code"" IN ('RES_SHARE')","General","","""Location"".""Library Code""",,,,,,,287,"Physical - UCR Library Stats Category","/shared/University of California System 01UCS_NETWORK/Reports/Local Requests/Annual Statistic Reports/Annual Stats FY 2025-2026/Physical - UCR Library Stats Category"
"SC53-OTHER","Column","standalone_saved_object","standalone_saved_object","Physical - UCR Library Stats Category",8,"otherwise","All other values","New library - needs categorization","","""Location"".""Library Code""",,,,,,,287,"Physical - UCR Library Stats Category","/shared/University of California System 01UCS_NETWORK/Reports/Local Requests/Annual Statistic Reports/Annual Stats FY 2025-2026/Physical - UCR Library Stats Category"
"SC54-R1","Column","standalone_saved_object","standalone_saved_object","Physical - UCR SLF/campus designator",1,"when","DESCRIPTOR_IDOF(""Physical Items"".""Institution"".""Institution Name"") = (6533) AND ""Location"".""Library Code"" = 'SRLF' AND ""Physical Item Details"".""Statistics Note 1"" IN ('*UCR Library', '*UCR Spec Coll')","SLF-S","","""Institution"".""Institution Name""",,,,,,,290,"Physical - UCR SLF/campus designator","/shared/University of California System 01UCS_NETWORK/Reports/Local Requests/Annual Statistic Reports/Annual Stats FY 2025-2026/Physical - UCR SLF/campus designator"
"SC54-R2","Column","standalone_saved_object","standalone_saved_object","Physical - UCR SLF/campus designator",2,"when","DESCRIPTOR_IDOF(""Physical Items"".""Institution"".""Institution Name"") = (6532) AND ""Location"".""Library Code"" = 'NRLF' AND ""Location"".""Location Code"" LIKE ('nr%')","SLF-N","","""Institution"".""Institution Name""",,,,,,,290,"Physical - UCR SLF/campus designator","/shared/University of California System 01UCS_NETWORK/Reports/Local Requests/Annual Statistic Reports/Annual Stats FY 2025-2026/Physical - UCR SLF/campus designator"
"SC54-R3","Column","standalone_saved_object","standalone_saved_object","Physical - UCR SLF/campus designator",3,"when","DESCRIPTOR_IDOF(""Physical Items"".""Institution"".""Institution Name"") = (6532) AND ""Location"".""Library Code"" = 'NRLF' AND ""Physical Item Details"".""Retention Note"" LIKE '%CRU%'","SLF-N","","""Institution"".""Institution Name""",,,,,,,290,"Physical - UCR SLF/campus designator","/shared/University of California System 01UCS_NETWORK/Reports/Local Requests/Annual Statistic Reports/Annual Stats FY 2025-2026/Physical - UCR SLF/campus designator"
"SC54-R4","Column","standalone_saved_object","standalone_saved_object","Physical - UCR SLF/campus designator",4,"when","DESCRIPTOR_IDOF(""Physical Items"".""Institution"".""Institution Name"") = 4706","UCR","","""Institution"".""Institution Name""",,,,,,,290,"Physical - UCR SLF/campus designator","/shared/University of California System 01UCS_NETWORK/Reports/Local Requests/Annual Statistic Reports/Annual Stats FY 2025-2026/Physical - UCR SLF/campus designator"
"SC54-OTHER","Column","standalone_saved_object","standalone_saved_object","Physical - UCR SLF/campus designator",5,"otherwise","All other values","Other campuses","","""Institution"".""Institution Name""",,,,,,,290,"Physical - UCR SLF/campus designator","/shared/University of California System 01UCS_NETWORK/Reports/Local Requests/Annual Statistic Reports/Annual Stats FY 2025-2026/Physical - UCR SLF/campus designator"
"SC55-R1","Column","standalone_saved_object","standalone_saved_object","Physical - UCSB Library Stats Category",1,"when","DESCRIPTOR_IDOF(""Physical Items"".""Institution"".""Institution Name"") = (6532) AND ""Location"".""Library Code"" = 'NRLF' AND ""Location"".""Location Code"" LIKE ('ns%')","General","","""Location"".""Library Code""",,,,,,,291,"Physical - UCSB Library Stats Category","/shared/University of California System 01UCS_NETWORK/Reports/Local Requests/Annual Statistic Reports/Annual Stats FY 2025-2026/Physical - UCSB Library Stats Category"
"SC55-R2","Column","standalone_saved_object","standalone_saved_object","Physical - UCSB Library Stats Category",2,"when","DESCRIPTOR_IDOF(""Physical Items"".""Institution"".""Institution Name"") = (6532) AND ""Location"".""Library Code"" = 'NRLF' AND ""Location"".""Location Code"" LIKE ('nu%')","General","","""Location"".""Library Code""",,,,,,,291,"Physical - UCSB Library Stats Category","/shared/University of California System 01UCS_NETWORK/Reports/Local Requests/Annual Statistic Reports/Annual Stats FY 2025-2026/Physical - UCSB Library Stats Category"
"SC55-R3","Column","standalone_saved_object","standalone_saved_object","Physical - UCSB Library Stats Category",3,"when","DESCRIPTOR_IDOF(""Physical Items"".""Institution"".""Institution Name"") = (6533) AND ""Location"".""Library Code"" = 'SRLF' AND ""Physical Item Details"".""Statistics Note 1"" IN ('*UCSB Library', '*UCSB Spec Coll')","General","","""Location"".""Library Code""",,,,,,,291,"Physical - UCSB Library Stats Category","/shared/University of California System 01UCS_NETWORK/Reports/Local Requests/Annual Statistic Reports/Annual Stats FY 2025-2026/Physical - UCSB Library Stats Category"
"SC55-R4","Column","standalone_saved_object","standalone_saved_object","Physical - UCSB Library Stats Category",4,"when","DESCRIPTOR_IDOF(""Physical Items"".""Institution"".""Institution Name"") = (3776) AND ""Location"".""Library Code"" IN ('RBS','MAIN')","General","","""Location"".""Library Code""",,,,,,,291,"Physical - UCSB Library Stats Category","/shared/University of California System 01UCS_NETWORK/Reports/Local Requests/Annual Statistic Reports/Annual Stats FY 2025-2026/Physical - UCSB Library Stats Category"
"SC55-R5","Column","standalone_saved_object","standalone_saved_object","Physical - UCSB Library Stats Category",5,"when","DESCRIPTOR_IDOF(""Physical Items"".""Institution"".""Institution Name"") = (3776) AND ""Location"".""Library Code"" IN ('MAKERSPACE','RES_SHARE')","General","","""Location"".""Library Code""",,,,,,,291,"Physical - UCSB Library Stats Category","/shared/University of California System 01UCS_NETWORK/Reports/Local Requests/Annual Statistic Reports/Annual Stats FY 2025-2026/Physical - UCSB Library Stats Category"
"SC55-R6","Column","standalone_saved_object","standalone_saved_object","Physical - UCSB Library Stats Category",6,"when","DESCRIPTOR_IDOF(""Physical Items"".""Institution"".""Institution Name"") = (3776) AND ""Location"".""Library Code"" IN ('EQUIP')","Exclude","","""Location"".""Library Code""",,,,,,,291,"Physical - UCSB Library Stats Category","/shared/University of California System 01UCS_NETWORK/Reports/Local Requests/Annual Statistic Reports/Annual Stats FY 2025-2026/Physical - UCSB Library Stats Category"
"SC55-OTHER","Column","standalone_saved_object","standalone_saved_object","Physical - UCSB Library Stats Category",7,"otherwise","All other values","New library - needs categorization","","""Location"".""Library Code""",,,,,,,291,"Physical - UCSB Library Stats Category","/shared/University of California System 01UCS_NETWORK/Reports/Local Requests/Annual Statistic Reports/Annual Stats FY 2025-2026/Physical - UCSB Library Stats Category"
"SC56-R1","Column","standalone_saved_object","standalone_saved_object","Physical - UCSB SLF/campus designator",1,"when","DESCRIPTOR_IDOF(""Physical Items"".""Institution"".""Institution Name"") = (6533) AND ""Location"".""Library Code"" = 'SRLF' AND ""Physical Item Details"".""Statistics Note 1"" IN ('*UCSB Library', '*UCSB Spec Coll')","SLF-S","","""Institution"".""Institution Name""",,,,,,,293,"Physical - UCSB SLF/campus designator","/shared/University of California System 01UCS_NETWORK/Reports/Local Requests/Annual Statistic Reports/Annual Stats FY 2025-2026/Physical - UCSB SLF/campus designator"
"SC56-R2","Column","standalone_saved_object","standalone_saved_object","Physical - UCSB SLF/campus designator",2,"when","DESCRIPTOR_IDOF(""Physical Items"".""Institution"".""Institution Name"") = (6532) AND ""Location"".""Library Code"" = 'NRLF' AND ""Location"".""Location Code"" LIKE ('ns%')","SLF-N","","""Institution"".""Institution Name""",,,,,,,293,"Physical - UCSB SLF/campus designator","/shared/University of California System 01UCS_NETWORK/Reports/Local Requests/Annual Statistic Reports/Annual Stats FY 2025-2026/Physical - UCSB SLF/campus designator"
"SC56-R3","Column","standalone_saved_object","standalone_saved_object","Physical - UCSB SLF/campus designator",3,"when","DESCRIPTOR_IDOF(""Physical Items"".""Institution"".""Institution Name"") = (6532) AND ""Location"".""Library Code"" = 'NRLF' AND ""Physical Item Details"".""Retention Note"" LIKE '%CUT%'","SLF-N","","""Institution"".""Institution Name""",,,,,,,293,"Physical - UCSB SLF/campus designator","/shared/University of California System 01UCS_NETWORK/Reports/Local Requests/Annual Statistic Reports/Annual Stats FY 2025-2026/Physical - UCSB SLF/campus designator"
"SC56-R4","Column","standalone_saved_object","standalone_saved_object","Physical - UCSB SLF/campus designator",4,"when","DESCRIPTOR_IDOF(""Physical Items"".""Institution"".""Institution Name"") = 3776","UCSB","","""Institution"".""Institution Name""",,,,,,,293,"Physical - UCSB SLF/campus designator","/shared/University of California System 01UCS_NETWORK/Reports/Local Requests/Annual Statistic Reports/Annual Stats FY 2025-2026/Physical - UCSB SLF/campus designator"
"SC56-OTHER","Column","standalone_saved_object","standalone_saved_object","Physical - UCSB SLF/campus designator",5,"otherwise","All other values","Other campuses","","""Institution"".""Institution Name""",,,,,,,293,"Physical - UCSB SLF/campus designator","/shared/University of California System 01UCS_NETWORK/Reports/Local Requests/Annual Statistic Reports/Annual Stats FY 2025-2026/Physical - UCSB SLF/campus designator"
"SC57-R1","Column","standalone_saved_object","standalone_saved_object","Physical - UCSC Library Stats Category",1,"when","DESCRIPTOR_IDOF(""Physical Items"".""Institution"".""Institution Name"") = (6532) AND ""Location"".""Library Code"" = 'NRLF' AND ""Location"".""Location Code"" LIKE ('nc%')","General","","""Location"".""Library Code""",,,,,,,294,"Physical - UCSC Library Stats Category","/shared/University of California System 01UCS_NETWORK/Reports/Local Requests/Annual Statistic Reports/Annual Stats FY 2025-2026/Physical - UCSC Library Stats Category"
"SC57-R2","Column","standalone_saved_object","standalone_saved_object","Physical - UCSC Library Stats Category",2,"when","DESCRIPTOR_IDOF(""Physical Items"".""Institution"".""Institution Name"") = (6532) AND ""Location"".""Library Code"" = 'NRLF' AND ""Location"".""Location Code"" LIKE ('nu%')","General","","""Location"".""Library Code""",,,,,,,294,"Physical - UCSC Library Stats Category","/shared/University of California System 01UCS_NETWORK/Reports/Local Requests/Annual Statistic Reports/Annual Stats FY 2025-2026/Physical - UCSC Library Stats Category"
"SC57-R3","Column","standalone_saved_object","standalone_saved_object","Physical - UCSC Library Stats Category",3,"when","DESCRIPTOR_IDOF(""Physical Items"".""Institution"".""Institution Name"") = (6533) AND ""Location"".""Library Code"" = 'SRLF' AND ""Physical Item Details"".""Statistics Note 1"" = ('*UCSC Library')","General","","""Location"".""Library Code""",,,,,,,294,"Physical - UCSC Library Stats Category","/shared/University of California System 01UCS_NETWORK/Reports/Local Requests/Annual Statistic Reports/Annual Stats FY 2025-2026/Physical - UCSC Library Stats Category"
"SC57-R4","Column","standalone_saved_object","standalone_saved_object","Physical - UCSC Library Stats Category",4,"when","DESCRIPTOR_IDOF(""Physical Items"".""Institution"".""Institution Name"") = (4876) AND ""Location"".""Library Code"" IN ('MCH','DSC','SE')","General","","""Location"".""Library Code""",,,,,,,294,"Physical - UCSC Library Stats Category","/shared/University of California System 01UCS_NETWORK/Reports/Local Requests/Annual Statistic Reports/Annual Stats FY 2025-2026/Physical - UCSC Library Stats Category"
"SC57-R5","Column","standalone_saved_object","standalone_saved_object","Physical - UCSC Library Stats Category",5,"when","DESCRIPTOR_IDOF(""Physical Items"".""Institution"".""Institution Name"") = (4876) AND ""Location"".""Library Code"" IN ('RES_SHARE')","General","","""Location"".""Library Code""",,,,,,,294,"Physical - UCSC Library Stats Category","/shared/University of California System 01UCS_NETWORK/Reports/Local Requests/Annual Statistic Reports/Annual Stats FY 2025-2026/Physical - UCSC Library Stats Category"
"SC57-OTHER","Column","standalone_saved_object","standalone_saved_object","Physical - UCSC Library Stats Category",6,"otherwise","All other values","New library - needs categorization","","""Location"".""Library Code""",,,,,,,294,"Physical - UCSC Library Stats Category","/shared/University of California System 01UCS_NETWORK/Reports/Local Requests/Annual Statistic Reports/Annual Stats FY 2025-2026/Physical - UCSC Library Stats Category"
"SC58-R1","Column","standalone_saved_object","standalone_saved_object","Physical - UCSC SLF/campus designator",1,"when","DESCRIPTOR_IDOF(""Physical Items"".""Institution"".""Institution Name"") = (6533) AND ""Location"".""Library Code"" = 'SRLF' AND ""Physical Item Details"".""Statistics Note 1"" IN ('*UCSC Library')","SLF-S","","""Institution"".""Institution Name""",,,,,,,297,"Physical - UCSC SLF/campus designator","/shared/University of California System 01UCS_NETWORK/Reports/Local Requests/Annual Statistic Reports/Annual Stats FY 2025-2026/Physical - UCSC SLF/campus designator"
"SC58-R2","Column","standalone_saved_object","standalone_saved_object","Physical - UCSC SLF/campus designator",2,"when","DESCRIPTOR_IDOF(""Physical Items"".""Institution"".""Institution Name"") = (6532) AND ""Location"".""Library Code"" = 'NRLF' AND ""Location"".""Location Code"" LIKE ('nc%')","SLF-N","","""Institution"".""Institution Name""",,,,,,,297,"Physical - UCSC SLF/campus designator","/shared/University of California System 01UCS_NETWORK/Reports/Local Requests/Annual Statistic Reports/Annual Stats FY 2025-2026/Physical - UCSC SLF/campus designator"
"SC58-R3","Column","standalone_saved_object","standalone_saved_object","Physical - UCSC SLF/campus designator",3,"when","DESCRIPTOR_IDOF(""Physical Items"".""Institution"".""Institution Name"") = (6532) AND ""Location"".""Library Code"" = 'NRLF' AND ""Physical Item Details"".""Retention Note"" LIKE '%CUZ%'","SLF-N","","""Institution"".""Institution Name""",,,,,,,297,"Physical - UCSC SLF/campus designator","/shared/University of California System 01UCS_NETWORK/Reports/Local Requests/Annual Statistic Reports/Annual Stats FY 2025-2026/Physical - UCSC SLF/campus designator"
"SC58-R4","Column","standalone_saved_object","standalone_saved_object","Physical - UCSC SLF/campus designator",4,"when","DESCRIPTOR_IDOF(""Physical Items"".""Institution"".""Institution Name"") = 4876","UCSC","","""Institution"".""Institution Name""",,,,,,,297,"Physical - UCSC SLF/campus designator","/shared/University of California System 01UCS_NETWORK/Reports/Local Requests/Annual Statistic Reports/Annual Stats FY 2025-2026/Physical - UCSC SLF/campus designator"
"SC58-OTHER","Column","standalone_saved_object","standalone_saved_object","Physical - UCSC SLF/campus designator",5,"otherwise","All other values","Other campuses","","""Institution"".""Institution Name""",,,,,,,297,"Physical - UCSC SLF/campus designator","/shared/University of California System 01UCS_NETWORK/Reports/Local Requests/Annual Statistic Reports/Annual Stats FY 2025-2026/Physical - UCSC SLF/campus designator"
"SC59-R1","Column","standalone_saved_object","standalone_saved_object","Physical - UCSD Library Stats Category",1,"when","DESCRIPTOR_IDOF(""Physical Items"".""Institution"".""Institution Name"") = (6532) AND ""Location"".""Library Code"" = 'NRLF' AND ""Location"".""Location Code"" LIKE ('ng%')","General","","""Location"".""Library Code""",,,,,,,298,"Physical - UCSD Library Stats Category","/shared/University of California System 01UCS_NETWORK/Reports/Local Requests/Annual Statistic Reports/Annual Stats FY 2025-2026/Physical - UCSD Library Stats Category"
"SC59-R2","Column","standalone_saved_object","standalone_saved_object","Physical - UCSD Library Stats Category",2,"when","DESCRIPTOR_IDOF(""Physical Items"".""Institution"".""Institution Name"") = (6532) AND ""Location"".""Library Code"" = 'NRLF' AND ""Location"".""Location Code"" LIKE ('nu%')","General","","""Location"".""Library Code""",,,,,,,298,"Physical - UCSD Library Stats Category","/shared/University of California System 01UCS_NETWORK/Reports/Local Requests/Annual Statistic Reports/Annual Stats FY 2025-2026/Physical - UCSD Library Stats Category"
"SC59-R3","Column","standalone_saved_object","standalone_saved_object","Physical - UCSD Library Stats Category",3,"when","DESCRIPTOR_IDOF(""Physical Items"".""Institution"".""Institution Name"") = (6533) AND ""Location"".""Library Code"" = 'SRLF' AND ""Physical Item Details"".""Statistics Note 1"" IN ('*UCSD Scripps','*UCSD Library','*UCSD Spec Coll')","General","","""Location"".""Library Code""",,,,,,,298,"Physical - UCSD Library Stats Category","/shared/University of California System 01UCS_NETWORK/Reports/Local Requests/Annual Statistic Reports/Annual Stats FY 2025-2026/Physical - UCSD Library Stats Category"
"SC59-R4","Column","standalone_saved_object","standalone_saved_object","Physical - UCSD Library Stats Category",4,"when","DESCRIPTOR_IDOF(""Physical Items"".""Institution"".""Institution Name"") = (6535) AND ""Location"".""Library Code"" IN ('GEISEL','ANNEX','SCA','WongAvery')","General","","""Location"".""Library Code""",,,,,,,298,"Physical - UCSD Library Stats Category","/shared/University of California System 01UCS_NETWORK/Reports/Local Requests/Annual Statistic Reports/Annual Stats FY 2025-2026/Physical - UCSD Library Stats Category"
"SC59-R5","Column","standalone_saved_object","standalone_saved_object","Physical - UCSD Library Stats Category",5,"when","DESCRIPTOR_IDOF(""Physical Items"".""Institution"".""Institution Name"") = (6535) AND ""Location"".""Library Code"" IN ('BorrowBot', 'RES_SHARE')","General","","""Location"".""Library Code""",,,,,,,298,"Physical - UCSD Library Stats Category","/shared/University of California System 01UCS_NETWORK/Reports/Local Requests/Annual Statistic Reports/Annual Stats FY 2025-2026/Physical - UCSD Library Stats Category"
"SC59-OTHER","Column","standalone_saved_object","standalone_saved_object","Physical - UCSD Library Stats Category",6,"otherwise","All other values","New library - needs categorization","","""Location"".""Library Code""",,,,,,,298,"Physical - UCSD Library Stats Category","/shared/University of California System 01UCS_NETWORK/Reports/Local Requests/Annual Statistic Reports/Annual Stats FY 2025-2026/Physical - UCSD Library Stats Category"
"SC60-R1","Column","standalone_saved_object","standalone_saved_object","Physical - UCSD SLF/campus designator",1,"when","DESCRIPTOR_IDOF(""Physical Items"".""Institution"".""Institution Name"") = (6533) AND ""Location"".""Library Code"" = 'SRLF' AND ""Physical Item Details"".""Statistics Note 1"" IN ('*UCSD Scripps','*UCSD Library','*UCSD Spec Coll')","SLF-S","","""Institution"".""Institution Name""",,,,,,,301,"Physical - UCSD SLF/campus designator","/shared/University of California System 01UCS_NETWORK/Reports/Local Requests/Annual Statistic Reports/Annual Stats FY 2025-2026/Physical - UCSD SLF/campus designator"
"SC60-R2","Column","standalone_saved_object","standalone_saved_object","Physical - UCSD SLF/campus designator",2,"when","DESCRIPTOR_IDOF(""Physical Items"".""Institution"".""Institution Name"") = (6532) AND ""Location"".""Library Code"" = 'NRLF' AND ""Location"".""Location Code"" LIKE ('ng%')","SLF-N","","""Institution"".""Institution Name""",,,,,,,301,"Physical - UCSD SLF/campus designator","/shared/University of California System 01UCS_NETWORK/Reports/Local Requests/Annual Statistic Reports/Annual Stats FY 2025-2026/Physical - UCSD SLF/campus designator"
"SC60-R3","Column","standalone_saved_object","standalone_saved_object","Physical - UCSD SLF/campus designator",3,"when","DESCRIPTOR_IDOF(""Physical Items"".""Institution"".""Institution Name"") = (6532) AND ""Location"".""Library Code"" = 'NRLF' AND ""Physical Item Details"".""Retention Note"" LIKE '%CUS%'","SLF-N","","""Institution"".""Institution Name""",,,,,,,301,"Physical - UCSD SLF/campus designator","/shared/University of California System 01UCS_NETWORK/Reports/Local Requests/Annual Statistic Reports/Annual Stats FY 2025-2026/Physical - UCSD SLF/campus designator"
"SC60-R4","Column","standalone_saved_object","standalone_saved_object","Physical - UCSD SLF/campus designator",4,"when","DESCRIPTOR_IDOF(""Physical Items"".""Institution"".""Institution Name"") = 6535","UCSD","","""Institution"".""Institution Name""",,,,,,,301,"Physical - UCSD SLF/campus designator","/shared/University of California System 01UCS_NETWORK/Reports/Local Requests/Annual Statistic Reports/Annual Stats FY 2025-2026/Physical - UCSD SLF/campus designator"
"SC60-OTHER","Column","standalone_saved_object","standalone_saved_object","Physical - UCSD SLF/campus designator",5,"otherwise","All other values","Other campuses","","""Institution"".""Institution Name""",,,,,,,301,"Physical - UCSD SLF/campus designator","/shared/University of California System 01UCS_NETWORK/Reports/Local Requests/Annual Statistic Reports/Annual Stats FY 2025-2026/Physical - UCSD SLF/campus designator"
"SC61-R1","Column","standalone_saved_object","standalone_saved_object","Physical - UCSF Library Stats Category",1,"when","DESCRIPTOR_IDOF(""Physical Items"".""Institution"".""Institution Name"") = (6532) AND ""Location"".""Library Code"" = 'NRLF' AND ""Location"".""Location Code"" IN ('nfge', 'nfger','nfspr')","Health Science","","""Location"".""Library Code""",,,,,,,302,"Physical - UCSF Library Stats Category","/shared/University of California System 01UCS_NETWORK/Reports/Local Requests/Annual Statistic Reports/Annual Stats FY 2025-2026/Physical - UCSF Library Stats Category"
"SC61-R2","Column","standalone_saved_object","standalone_saved_object","Physical - UCSF Library Stats Category",2,"when","DESCRIPTOR_IDOF(""Physical Items"".""Institution"".""Institution Name"") = (6533) AND ""Location"".""Library Code"" = 'SRLF' AND ""Physical Item Details"".""Statistics Note 1"" = ('*UCSF Library')","Health Science","","""Location"".""Library Code""",,,,,,,302,"Physical - UCSF Library Stats Category","/shared/University of California System 01UCS_NETWORK/Reports/Local Requests/Annual Statistic Reports/Annual Stats FY 2025-2026/Physical - UCSF Library Stats Category"
"SC61-R3","Column","standalone_saved_object","standalone_saved_object","Physical - UCSF Library Stats Category",3,"when","DESCRIPTOR_IDOF(""Physical Items"".""Institution"".""Institution Name"") = (6536) AND ""Location"".""Library Code"" IN ('asc','mb','pa','sf')","Health Science","","""Location"".""Library Code""",,,,,,,302,"Physical - UCSF Library Stats Category","/shared/University of California System 01UCS_NETWORK/Reports/Local Requests/Annual Statistic Reports/Annual Stats FY 2025-2026/Physical - UCSF Library Stats Category"
"SC61-R4","Column","standalone_saved_object","standalone_saved_object","Physical - UCSF Library Stats Category",4,"when","DESCRIPTOR_IDOF(""Physical Items"".""Institution"".""Institution Name"") = (6532) AND ""Location"".""Library Code"" = 'NRLF' AND ""Location"".""Location Code"" LIKE ('nu%')","Health Science","","""Location"".""Library Code""",,,,,,,302,"Physical - UCSF Library Stats Category","/shared/University of California System 01UCS_NETWORK/Reports/Local Requests/Annual Statistic Reports/Annual Stats FY 2025-2026/Physical - UCSF Library Stats Category"
"SC61-R5","Column","standalone_saved_object","standalone_saved_object","Physical - UCSF Library Stats Category",5,"when","DESCRIPTOR_IDOF(""Physical Items"".""Institution"".""Institution Name"") = (6536) AND ""Location"".""Library Code"" IN ('RES_SHARE')","Health Science","","""Location"".""Library Code""",,,,,,,302,"Physical - UCSF Library Stats Category","/shared/University of California System 01UCS_NETWORK/Reports/Local Requests/Annual Statistic Reports/Annual Stats FY 2025-2026/Physical - UCSF Library Stats Category"
"SC61-OTHER","Column","standalone_saved_object","standalone_saved_object","Physical - UCSF Library Stats Category",6,"otherwise","All other values","New library - needs categorization","","""Location"".""Library Code""",,,,,,,302,"Physical - UCSF Library Stats Category","/shared/University of California System 01UCS_NETWORK/Reports/Local Requests/Annual Statistic Reports/Annual Stats FY 2025-2026/Physical - UCSF Library Stats Category"
"SC62-R1","Column","standalone_saved_object","standalone_saved_object","Physical - UCSF SLF/campus designator",1,"when","DESCRIPTOR_IDOF(""Physical Items"".""Institution"".""Institution Name"") = (6533) AND ""Location"".""Library Code"" = 'SRLF' AND ""Physical Item Details"".""Statistics Note 1"" IN ('*UCSF Library')","SLF-S","","""Institution"".""Institution Name""",,,,,,,304,"Physical - UCSF SLF/campus designator","/shared/University of California System 01UCS_NETWORK/Reports/Local Requests/Annual Statistic Reports/Annual Stats FY 2025-2026/Physical - UCSF SLF/campus designator"
"SC62-R2","Column","standalone_saved_object","standalone_saved_object","Physical - UCSF SLF/campus designator",2,"when","DESCRIPTOR_IDOF(""Physical Items"".""Institution"".""Institution Name"") = (6532) AND ""Location"".""Library Code"" = 'NRLF' AND ""Location"".""Location Code"" LIKE ('nf%')","SLF-N","","""Institution"".""Institution Name""",,,,,,,304,"Physical - UCSF SLF/campus designator","/shared/University of California System 01UCS_NETWORK/Reports/Local Requests/Annual Statistic Reports/Annual Stats FY 2025-2026/Physical - UCSF SLF/campus designator"
"SC62-R3","Column","standalone_saved_object","standalone_saved_object","Physical - UCSF SLF/campus designator",3,"when","DESCRIPTOR_IDOF(""Physical Items"".""Institution"".""Institution Name"") = (6532) AND ""Location"".""Library Code"" = 'NRLF' AND ""Physical Item Details"".""Retention Note"" LIKE '%CUN%'","SLF-N","","""Institution"".""Institution Name""",,,,,,,304,"Physical - UCSF SLF/campus designator","/shared/University of California System 01UCS_NETWORK/Reports/Local Requests/Annual Statistic Reports/Annual Stats FY 2025-2026/Physical - UCSF SLF/campus designator"
"SC62-R4","Column","standalone_saved_object","standalone_saved_object","Physical - UCSF SLF/campus designator",4,"when","DESCRIPTOR_IDOF(""Physical Items"".""Institution"".""Institution Name"") = 6536","UCSF","","""Institution"".""Institution Name""",,,,,,,304,"Physical - UCSF SLF/campus designator","/shared/University of California System 01UCS_NETWORK/Reports/Local Requests/Annual Statistic Reports/Annual Stats FY 2025-2026/Physical - UCSF SLF/campus designator"
"SC62-OTHER","Column","standalone_saved_object","standalone_saved_object","Physical - UCSF SLF/campus designator",5,"otherwise","All other values","Other campuses","","""Institution"".""Institution Name""",,,,,,,304,"Physical - UCSF SLF/campus designator","/shared/University of California System 01UCS_NETWORK/Reports/Local Requests/Annual Statistic Reports/Annual Stats FY 2025-2026/Physical - UCSF SLF/campus designator"
"SC63-R1","Column","standalone_saved_object","standalone_saved_object","RM Building - UCB",1,"when","""Location"".""Location Code"" LIKE '%zw'","Withdrawn","","""Location"".""Location Code""",,,,,,,305,"RM Building - UCB","/shared/University of California System 01UCS_NETWORK/Reports/Local Requests/Annual Statistic Reports/Annual Stats FY 2025-2026/RM Building - UCB"
"SC63-R2","Column","standalone_saved_object","standalone_saved_object","RM Building - UCB",2,"when","""Location"".""Location Code"" = 'tby'","2121 Alston","","""Location"".""Location Code""",,,,,,,305,"RM Building - UCB","/shared/University of California System 01UCS_NETWORK/Reports/Local Requests/Annual Statistic Reports/Annual Stats FY 2025-2026/RM Building - UCB"
"SC63-R3","Column","standalone_saved_object","standalone_saved_object","RM Building - UCB",3,"when","""Location"".""Location Code"" LIKE 'ir%'","2521 Channing Way","","""Location"".""Location Code""",,,,,,,305,"RM Building - UCB","/shared/University of California System 01UCS_NETWORK/Reports/Local Requests/Annual Statistic Reports/Annual Stats FY 2025-2026/RM Building - UCB"
"SC63-R4","Column","standalone_saved_object","standalone_saved_object","RM Building - UCB",4,"when","""Location"".""Location Code"" LIKE 'pf%'","BAMPFA","","""Location"".""Location Code""",,,,,,,305,"RM Building - UCB","/shared/University of California System 01UCS_NETWORK/Reports/Local Requests/Annual Statistic Reports/Annual Stats FY 2025-2026/RM Building - UCB"
"SC63-R5","Column","standalone_saved_object","standalone_saved_object","RM Building - UCB",5,"when","""Location"".""Location Code"" LIKE 'en%'","BECHTEL","","""Location"".""Location Code""",,,,,,,305,"RM Building - UCB","/shared/University of California System 01UCS_NETWORK/Reports/Local Requests/Annual Statistic Reports/Annual Stats FY 2025-2026/RM Building - UCB"
"SC63-R6","Column","standalone_saved_object","standalone_saved_object","RM Building - UCB",6,"when","""Location"".""Location Code"" = 'law'","Boalt","","""Location"".""Location Code""",,,,,,,305,"RM Building - UCB","/shared/University of California System 01UCS_NETWORK/Reports/Local Requests/Annual Statistic Reports/Annual Stats FY 2025-2026/RM Building - UCB"
"SC63-R7","Column","standalone_saved_object","standalone_saved_object","RM Building - UCB",7,"when","""Location"".""Location Code"" LIKE 'ea%'","C.V. Starr East Asian Library","","""Location"".""Location Code""",,,,,,,305,"RM Building - UCB","/shared/University of California System 01UCS_NETWORK/Reports/Local Requests/Annual Statistic Reports/Annual Stats FY 2025-2026/RM Building - UCB"
"SC63-R8","Column","standalone_saved_object","standalone_saved_object","RM Building - UCB",8,"when","(""Location"".""Location Code"" LIKE 'ah%' OR ""Location"".""Location Code"" LIKE 'ah9t%' OR ""Location"".""Location Code"" LIKE 'dl%' OR ""Location"".""Location Code"" LIKE 'dn%' OR ""Location"".""Location Code"" LIKE 'dr%' OR ""Location"".""Location Code"" LIKE 'gs%' OR ""Location"".""Location Code"" LIKE 'ma9x%' OR ""Location"".""Location Code"" LIKE 'mf%' OR ""Location"".""Location Code"" LIKE 'mo%' OR ""Location"".""Location Code"" LIKE 'ss%')","DOE","","""Location"".""Location Code""",,,,,,,305,"RM Building - UCB","/shared/University of California System 01UCS_NETWORK/Reports/Local Requests/Annual Statistic Reports/Annual Stats FY 2025-2026/RM Building - UCB"
"SC63-R9","Column","standalone_saved_object","standalone_saved_object","RM Building - UCB",9,"when","(""Location"".""Location Code"" LIKE 'tb%' OR ""Location"".""Location Code"" LIKE 'tj%')","Doe Annex","","""Location"".""Location Code""",,,,,,,305,"RM Building - UCB","/shared/University of California System 01UCS_NETWORK/Reports/Local Requests/Annual Statistic Reports/Annual Stats FY 2025-2026/RM Building - UCB"
"SC63-R10","Column","standalone_saved_object","standalone_saved_object","RM Building - UCB",10,"when","""Location"".""Library Code"" = 'BANC'","Doe Annex","","""Location"".""Location Code""",,,,,,,305,"RM Building - UCB","/shared/University of California System 01UCS_NETWORK/Reports/Local Requests/Annual Statistic Reports/Annual Stats FY 2025-2026/RM Building - UCB"
"SC63-R11","Column","standalone_saved_object","standalone_saved_object","RM Building - UCB",11,"when","""Location"".""Location Code"" LIKE 'mt%'","EVANS","","""Location"".""Location Code""",,,,,,,305,"RM Building - UCB","/shared/University of California System 01UCS_NETWORK/Reports/Local Requests/Annual Statistic Reports/Annual Stats FY 2025-2026/RM Building - UCB"
"SC63-R12","Column","standalone_saved_object","standalone_saved_object","RM Building - UCB",12,"when","""Location"".""Location Code"" LIKE 'ma%'","GARDNER","","""Location"".""Location Code""",,,,,,,305,"RM Building - UCB","/shared/University of California System 01UCS_NETWORK/Reports/Local Requests/Annual Statistic Reports/Annual Stats FY 2025-2026/RM Building - UCB"
"SC63-R13","Column","standalone_saved_object","standalone_saved_object","RM Building - UCB",13,"when","""Location"".""Location Code"" LIKE 'bu%'","HAAS","","""Location"".""Location Code""",,,,,,,305,"RM Building - UCB","/shared/University of California System 01UCS_NETWORK/Reports/Local Requests/Annual Statistic Reports/Annual Stats FY 2025-2026/RM Building - UCB"
"SC63-R14","Column","standalone_saved_object","standalone_saved_object","RM Building - UCB",14,"when","""Location"".""Location Code"" LIKE 'mu%'","HANGROVE","","""Location"".""Location Code""",,,,,,,305,"RM Building - UCB","/shared/University of California System 01UCS_NETWORK/Reports/Local Requests/Annual Statistic Reports/Annual Stats FY 2025-2026/RM Building - UCB"
"SC63-R15","Column","standalone_saved_object","standalone_saved_object","RM Building - UCB",15,"when","""Location"".""Location Code"" LIKE 'so%'","HAVILAND","","""Location"".""Location Code""",,,,,,,305,"RM Building - UCB","/shared/University of California System 01UCS_NETWORK/Reports/Local Requests/Annual Statistic Reports/Annual Stats FY 2025-2026/RM Building - UCB"
"SC63-R16","Column","standalone_saved_object","standalone_saved_object","RM Building - UCB",16,"when","""Location"".""Location Code"" LIKE 'ch%'","HILDEBRAND","","""Location"".""Location Code""",,,,,,,305,"RM Building - UCB","/shared/University of California System 01UCS_NETWORK/Reports/Local Requests/Annual Statistic Reports/Annual Stats FY 2025-2026/RM Building - UCB"
"SC63-R17","Column","standalone_saved_object","standalone_saved_object","RM Building - UCB",17,"when","""Location"".""Location Code"" LIKE 'an%'","KROEBER","","""Location"".""Location Code""",,,,,,,305,"RM Building - UCB","/shared/University of California System 01UCS_NETWORK/Reports/Local Requests/Annual Statistic Reports/Annual Stats FY 2025-2026/RM Building - UCB"
"SC63-R18","Column","standalone_saved_object","standalone_saved_object","RM Building - UCB",18,"when","""Location"".""Location Code"" LIKE 'es%'","MCCONE","","""Location"".""Location Code""",,,,,,,305,"RM Building - UCB","/shared/University of California System 01UCS_NETWORK/Reports/Local Requests/Annual Statistic Reports/Annual Stats FY 2025-2026/RM Building - UCB"
"SC63-R19","Column","standalone_saved_object","standalone_saved_object","RM Building - UCB",19,"when","""Location"".""Location Code"" LIKE 'it%'","MCLAUGHLIN","","""Location"".""Location Code""",,,,,,,305,"RM Building - UCB","/shared/University of California System 01UCS_NETWORK/Reports/Local Requests/Annual Statistic Reports/Annual Stats FY 2025-2026/RM Building - UCB"
"SC63-R20","Column","standalone_saved_object","standalone_saved_object","RM Building - UCB",20,"when","""Location"".""Location Code"" = 'ite'","MCLAUGHLIN Annex","","""Location"".""Location Code""",,,,,,,305,"RM Building - UCB","/shared/University of California System 01UCS_NETWORK/Reports/Local Requests/Annual Statistic Reports/Annual Stats FY 2025-2026/RM Building - UCB"
"SC63-R21","Column","standalone_saved_object","standalone_saved_object","RM Building - UCB",21,"when","""Location"".""Location Code"" LIKE 'oh%'","MINOR","","""Location"".""Location Code""",,,,,,,305,"RM Building - UCB","/shared/University of California System 01UCS_NETWORK/Reports/Local Requests/Annual Statistic Reports/Annual Stats FY 2025-2026/RM Building - UCB"
"SC63-R22","Column","standalone_saved_object","standalone_saved_object","RM Building - UCB",22,"when","""Location"".""Location Code"" LIKE 'mc%'","MOFFITT","","""Location"".""Location Code""",,,,,,,305,"RM Building - UCB","/shared/University of California System 01UCS_NETWORK/Reports/Local Requests/Annual Statistic Reports/Annual Stats FY 2025-2026/RM Building - UCB"
"SC63-R23","Column","standalone_saved_object","standalone_saved_object","RM Building - UCB",23,"when","""Location"".""Location Code"" LIKE 'ig%'","MOSES","","""Location"".""Location Code""",,,,,,,305,"RM Building - UCB","/shared/University of California System 01UCS_NETWORK/Reports/Local Requests/Annual Statistic Reports/Annual Stats FY 2025-2026/RM Building - UCB"
"SC63-R24","Column","standalone_saved_object","standalone_saved_object","RM Building - UCB",24,"when","""Location"".""Location Code"" IN ('qax', 'qcx', 'qnx')","Old Art Gallery","","""Location"".""Location Code""",,,,,,,305,"RM Building - UCB","/shared/University of California System 01UCS_NETWORK/Reports/Local Requests/Annual Statistic Reports/Annual Stats FY 2025-2026/RM Building - UCB"
"SC63-R25","Column","standalone_saved_object","standalone_saved_object","RM Building - UCB",25,"when","""Location"".""Location Code"" IN ('lawb', 'wb')","Online","","""Location"".""Location Code""",,,,,,,305,"RM Building - UCB","/shared/University of California System 01UCS_NETWORK/Reports/Local Requests/Annual Statistic Reports/Annual Stats FY 2025-2026/RM Building - UCB"
"SC63-R26","Column","standalone_saved_object","standalone_saved_object","RM Building - UCB",26,"when","""Location"".""Location Code"" LIKE 'ph%'","Physics North","","""Location"".""Location Code""",,,,,,,305,"RM Building - UCB","/shared/University of California System 01UCS_NETWORK/Reports/Local Requests/Annual Statistic Reports/Annual Stats FY 2025-2026/RM Building - UCB"
"SC63-R27","Column","standalone_saved_object","standalone_saved_object","RM Building - UCB",27,"when","""Location"".""Location Code"" LIKE 'n%'","SLF-N","","""Location"".""Location Code""",,,,,,,305,"RM Building - UCB","/shared/University of California System 01UCS_NETWORK/Reports/Local Requests/Annual Statistic Reports/Annual Stats FY 2025-2026/RM Building - UCB"
"SC63-R28","Column","standalone_saved_object","standalone_saved_object","RM Building - UCB",28,"when","""Location"".""Location Code"" LIKE 'bi%'","VLSB","","""Location"".""Location Code""",,,,,,,305,"RM Building - UCB","/shared/University of California System 01UCS_NETWORK/Reports/Local Requests/Annual Statistic Reports/Annual Stats FY 2025-2026/RM Building - UCB"
"SC63-R29","Column","standalone_saved_object","standalone_saved_object","RM Building - UCB",29,"when","(""Location"".""Location Code"" LIKE 'ev%' OR ""Location"".""Location Code"" LIKE 'ce%')","WURSTER","","""Location"".""Location Code""",,,,,,,305,"RM Building - UCB","/shared/University of California System 01UCS_NETWORK/Reports/Local Requests/Annual Statistic Reports/Annual Stats FY 2025-2026/RM Building - UCB"
"SC63-R30","Column","standalone_saved_object","standalone_saved_object","RM Building - UCB",30,"when","(""Location"".""Location Code"" LIKE 'qa%' OR ""Location"".""Location Code"" LIKE 'qc%' OR ""Location"".""Location Code"" LIKE 'qe%' OR ""Location"".""Location Code"" LIKE 'qn%')","STEPHENS","","""Location"".""Location Code""",,,,,,,305,"RM Building - UCB","/shared/University of California System 01UCS_NETWORK/Reports/Local Requests/Annual Statistic Reports/Annual Stats FY 2025-2026/RM Building - UCB"
"SC63-R31","Column","standalone_saved_object","standalone_saved_object","RM Building - UCB",31,"when","""Location"".""Library Code"" = 'LBNL'","Lawrence Berkeley National Laboratory Library, LBNL","","""Location"".""Location Code""",,,,,,,305,"RM Building - UCB","/shared/University of California System 01UCS_NETWORK/Reports/Local Requests/Annual Statistic Reports/Annual Stats FY 2025-2026/RM Building - UCB"
"SC63-R32","Column","standalone_saved_object","standalone_saved_object","RM Building - UCB",32,"when","""Location"".""Library Code"" = 'SRLF'","SLF-S","","""Location"".""Location Code""",,,,,,,305,"RM Building - UCB","/shared/University of California System 01UCS_NETWORK/Reports/Local Requests/Annual Statistic Reports/Annual Stats FY 2025-2026/RM Building - UCB"
"SC63-OTHER","Column","standalone_saved_object","standalone_saved_object","RM Building - UCB",33,"otherwise","All other values","(review needed)","","""Location"".""Location Code""",,,,,,,305,"RM Building - UCB","/shared/University of California System 01UCS_NETWORK/Reports/Local Requests/Annual Statistic Reports/Annual Stats FY 2025-2026/RM Building - UCB"
"SC64-R1","Column","standalone_saved_object","standalone_saved_object","zzBACKUP Electronic - Global Stats Electronic included/excluded designator",1,"when","""Bibliographic Details"".""Title"" IS NULL","Excluded","","""Electronic Collection"".""Electronic Collection Public Name""",,,,,,,308,"zzBACKUP Electronic - Global Stats Electronic included/excluded designator","/shared/University of California System 01UCS_NETWORK/Reports/Local Requests/Annual Statistic Reports/Annual Stats FY 2025-2026/zzBACKUP Electronic - Global Stats Electronic included/excluded designator"
"SC64-R2","Column","standalone_saved_object","standalone_saved_object","zzBACKUP Electronic - Global Stats Electronic included/excluded designator",2,"when","""Bibliographic Details"".""Title"" = ' '","Excluded","","""Electronic Collection"".""Electronic Collection Public Name""",,,,,,,308,"zzBACKUP Electronic - Global Stats Electronic included/excluded designator","/shared/University of California System 01UCS_NETWORK/Reports/Local Requests/Annual Statistic Reports/Annual Stats FY 2025-2026/zzBACKUP Electronic - Global Stats Electronic included/excluded designator"
"SC64-R3","Column","standalone_saved_object","standalone_saved_object","zzBACKUP Electronic - Global Stats Electronic included/excluded designator",3,"when","""Bibliographic Details"".""Title"" = ''","Excluded","","""Electronic Collection"".""Electronic Collection Public Name""",,,,,,,308,"zzBACKUP Electronic - Global Stats Electronic included/excluded designator","/shared/University of California System 01UCS_NETWORK/Reports/Local Requests/Annual Statistic Reports/Annual Stats FY 2025-2026/zzBACKUP Electronic - Global Stats Electronic included/excluded designator"
"SC64-R4","Column","standalone_saved_object","standalone_saved_object","zzBACKUP Electronic - Global Stats Electronic included/excluded designator",4,"when","""Bibliographic Details"".""MMS Id"" <= '0'","Excluded","","""Electronic Collection"".""Electronic Collection Public Name""",,,,,,,308,"zzBACKUP Electronic - Global Stats Electronic included/excluded designator","/shared/University of California System 01UCS_NETWORK/Reports/Local Requests/Annual Statistic Reports/Annual Stats FY 2025-2026/zzBACKUP Electronic - Global Stats Electronic included/excluded designator"
"SC64-R5","Column","standalone_saved_object","standalone_saved_object","zzBACKUP Electronic - Global Stats Electronic included/excluded designator",5,"when","""Portfolio"".""Portfolio Id"" <= '0'","Excluded","","""Electronic Collection"".""Electronic Collection Public Name""",,,,,,,308,"zzBACKUP Electronic - Global Stats Electronic included/excluded designator","/shared/University of California System 01UCS_NETWORK/Reports/Local Requests/Annual Statistic Reports/Annual Stats FY 2025-2026/zzBACKUP Electronic - Global Stats Electronic included/excluded designator"
"SC64-R6","Column","standalone_saved_object","standalone_saved_object","zzBACKUP Electronic - Global Stats Electronic included/excluded designator",6,"when","""Bibliographic Details"".""Suppressed From Discovery"" NOT IN ('NULL', 'No')","Excluded","","""Electronic Collection"".""Electronic Collection Public Name""",,,,,,,308,"zzBACKUP Electronic - Global Stats Electronic included/excluded designator","/shared/University of California System 01UCS_NETWORK/Reports/Local Requests/Annual Statistic Reports/Annual Stats FY 2025-2026/zzBACKUP Electronic - Global Stats Electronic included/excluded designator"
"SC64-R7","Column","standalone_saved_object","standalone_saved_object","zzBACKUP Electronic - Global Stats Electronic included/excluded designator",7,"when","""Portfolio"".""Lifecycle"" <> 'In Repository'","Excluded","","""Electronic Collection"".""Electronic Collection Public Name""",,,,,,,308,"zzBACKUP Electronic - Global Stats Electronic included/excluded designator","/shared/University of California System 01UCS_NETWORK/Reports/Local Requests/Annual Statistic Reports/Annual Stats FY 2025-2026/zzBACKUP Electronic - Global Stats Electronic included/excluded designator"
"SC64-R8","Column","standalone_saved_object","standalone_saved_object","zzBACKUP Electronic - Global Stats Electronic included/excluded designator",8,"when","""Electronic Collection"".""Electronic Collection Public Name (override)"" = 'JSTOR Books DDA' AND ""Bibliographic Details"".""Local Param 01"" LIKE '%CDL%' AND DESCRIPTOR_IDOF(""Physical Items"".""Institution"".""Institution Name"") = 6531","Excluded","","""Electronic Collection"".""Electronic Collection Public Name""",,,,,,,308,"zzBACKUP Electronic - Global Stats Electronic included/excluded designator","/shared/University of California System 01UCS_NETWORK/Reports/Local Requests/Annual Statistic Reports/Annual Stats FY 2025-2026/zzBACKUP Electronic - Global Stats Electronic included/excluded designator"
"SC64-R9","Column","standalone_saved_object","standalone_saved_object","zzBACKUP Electronic - Global Stats Electronic included/excluded designator",9,"when","""Electronic Collection"".""Electronic Collection Interface Name"" LIKE '%Airiti%' AND ""Bibliographic Details"".""Local Param 01"" LIKE '%CDL%' AND DESCRIPTOR_IDOF(""Physical Items"".""Institution"".""Institution Name"") = 6531","Excluded","","""Electronic Collection"".""Electronic Collection Public Name""",,,,,,,308,"zzBACKUP Electronic - Global Stats Electronic included/excluded designator","/shared/University of California System 01UCS_NETWORK/Reports/Local Requests/Annual Statistic Reports/Annual Stats FY 2025-2026/zzBACKUP Electronic - Global Stats Electronic included/excluded designator"
"SC64-R10","Column","standalone_saved_object","standalone_saved_object","zzBACKUP Electronic - Global Stats Electronic included/excluded designator",10,"when","""Electronic Collection"".""Electronic Collection Interface Name"" LIKE '%CNPeReading%' AND ""Bibliographic Details"".""Local Param 01"" LIKE '%CDL%' AND DESCRIPTOR_IDOF(""Physical Items"".""Institution"".""Institution Name"") = 6531","Excluded","","""Electronic Collection"".""Electronic Collection Public Name""",,,,,,,308,"zzBACKUP Electronic - Global Stats Electronic included/excluded designator","/shared/University of California System 01UCS_NETWORK/Reports/Local Requests/Annual Statistic Reports/Annual Stats FY 2025-2026/zzBACKUP Electronic - Global Stats Electronic included/excluded designator"
"SC64-R11","Column","standalone_saved_object","standalone_saved_object","zzBACKUP Electronic - Global Stats Electronic included/excluded designator",11,"when","""Electronic Collection"".""Electronic Collection Public Name"" = 'DOAB Directory of Open Access Books' AND DESCRIPTOR_IDOF(""Physical Items"".""Institution"".""Institution Name"") = 6531","Excluded","","""Electronic Collection"".""Electronic Collection Public Name""",,,,,,,308,"zzBACKUP Electronic - Global Stats Electronic included/excluded designator","/shared/University of California System 01UCS_NETWORK/Reports/Local Requests/Annual Statistic Reports/Annual Stats FY 2025-2026/zzBACKUP Electronic - Global Stats Electronic included/excluded designator"
"SC64-R12","Column","standalone_saved_object","standalone_saved_object","zzBACKUP Electronic - Global Stats Electronic included/excluded designator",12,"when","""Electronic Collection"".""Electronic Collection Public Name"" LIKE '%Kanopy%' AND DESCRIPTOR_IDOF(""Physical Items"".""Institution"".""Institution Name"") = 6531","Excluded","","""Electronic Collection"".""Electronic Collection Public Name""",,,,,,,308,"zzBACKUP Electronic - Global Stats Electronic included/excluded designator","/shared/University of California System 01UCS_NETWORK/Reports/Local Requests/Annual Statistic Reports/Annual Stats FY 2025-2026/zzBACKUP Electronic - Global Stats Electronic included/excluded designator"
"SC64-R13","Column","standalone_saved_object","standalone_saved_object","zzBACKUP Electronic - Global Stats Electronic included/excluded designator",13,"when","DESCRIPTOR_IDOF(""Physical Items"".""Institution"".""Institution Name"") = 4701 AND ""Electronic Collection"".""Electronic Collection Public Name"" IN ('R2 Digital Library DDA', 'EBL online monographs', 'Sage online monographs EBS (Sage EBS) purchased', 'Taylor & Francis online monographs (EBS)', 'Bloomsbury EBA')","Excluded","","""Electronic Collection"".""Electronic Collection Public Name""",,,,,,,308,"zzBACKUP Electronic - Global Stats Electronic included/excluded designator","/shared/University of California System 01UCS_NETWORK/Reports/Local Requests/Annual Statistic Reports/Annual Stats FY 2025-2026/zzBACKUP Electronic - Global Stats Electronic included/excluded designator"
"SC64-R14","Column","standalone_saved_object","standalone_saved_object","zzBACKUP Electronic - Global Stats Electronic included/excluded designator",14,"when","""Bibliographic Details"".""Resource Type"" IN ('NULL', 'Unknown')","Excluded","","""Electronic Collection"".""Electronic Collection Public Name""",,,,,,,308,"zzBACKUP Electronic - Global Stats Electronic included/excluded designator","/shared/University of California System 01UCS_NETWORK/Reports/Local Requests/Annual Statistic Reports/Annual Stats FY 2025-2026/zzBACKUP Electronic - Global Stats Electronic included/excluded designator"
"SC64-R15","Column","standalone_saved_object","standalone_saved_object","zzBACKUP Electronic - Global Stats Electronic included/excluded designator",15,"when","""Electronic Collection"".""Electronic Collection Public Name"" IN ('Swank Motion Pictures Trial', 'Trial Feedback Form') OR ""Electronic Collection"".""Electronic Collection Public Name (override)"" = 'Japan Times Digital Archive, 1897-2018 TRIAL'","Excluded","","""Electronic Collection"".""Electronic Collection Public Name""",,,,,,,308,"zzBACKUP Electronic - Global Stats Electronic included/excluded designator","/shared/University of California System 01UCS_NETWORK/Reports/Local Requests/Annual Statistic Reports/Annual Stats FY 2025-2026/zzBACKUP Electronic - Global Stats Electronic included/excluded designator"
"SC64-R16","Column","standalone_saved_object","standalone_saved_object","zzBACKUP Electronic - Global Stats Electronic included/excluded designator",16,"when","DESCRIPTOR_IDOF(""E-Inventory"".""Institution"".""Institution Name"") = 4876 AND ""Portfolio"".""Purchase Model"" LIKE ('%Owned%')","Included","","""Electronic Collection"".""Electronic Collection Public Name""",,,,,,,308,"zzBACKUP Electronic - Global Stats Electronic included/excluded designator","/shared/University of California System 01UCS_NETWORK/Reports/Local Requests/Annual Statistic Reports/Annual Stats FY 2025-2026/zzBACKUP Electronic - Global Stats Electronic included/excluded designator"
"SC64-R17","Column","standalone_saved_object","standalone_saved_object","zzBACKUP Electronic - Global Stats Electronic included/excluded designator",17,"when","DESCRIPTOR_IDOF(""E-Inventory"".""Institution"".""Institution Name"") = 6535 AND ""Portfolio"".""Purchase Model"" LIKE ('%Owned%')","Included","","""Electronic Collection"".""Electronic Collection Public Name""",,,,,,,308,"zzBACKUP Electronic - Global Stats Electronic included/excluded designator","/shared/University of California System 01UCS_NETWORK/Reports/Local Requests/Annual Statistic Reports/Annual Stats FY 2025-2026/zzBACKUP Electronic - Global Stats Electronic included/excluded designator"
"SC64-R18","Column","standalone_saved_object","standalone_saved_object","zzBACKUP Electronic - Global Stats Electronic included/excluded designator",18,"when","DESCRIPTOR_IDOF(""E-Inventory"".""Institution"".""Institution Name"") = 6534 AND ""Portfolio"".""Purchase Model"" LIKE ('%Owned%')","Included","","""Electronic Collection"".""Electronic Collection Public Name""",,,,,,,308,"zzBACKUP Electronic - Global Stats Electronic included/excluded designator","/shared/University of California System 01UCS_NETWORK/Reports/Local Requests/Annual Statistic Reports/Annual Stats FY 2025-2026/zzBACKUP Electronic - Global Stats Electronic included/excluded designator"
"SC64-R19","Column","standalone_saved_object","standalone_saved_object","zzBACKUP Electronic - Global Stats Electronic included/excluded designator",19,"when","DESCRIPTOR_IDOF(""E-Inventory"".""Institution"".""Institution Name"") = 6534 AND ""Portfolio"".""Purchase Model"" LIKE ('%Subscription%')","Included","","""Electronic Collection"".""Electronic Collection Public Name""",,,,,,,308,"zzBACKUP Electronic - Global Stats Electronic included/excluded designator","/shared/University of California System 01UCS_NETWORK/Reports/Local Requests/Annual Statistic Reports/Annual Stats FY 2025-2026/zzBACKUP Electronic - Global Stats Electronic included/excluded designator"
"SC64-R20","Column","standalone_saved_object","standalone_saved_object","zzBACKUP Electronic - Global Stats Electronic included/excluded designator",20,"when","DESCRIPTOR_IDOF(""E-Inventory"".""Institution"".""Institution Name"") = 6534 AND ""Portfolio"".""Purchase Model"" LIKE ('%DDA%Candidate%')","Excluded","","""Electronic Collection"".""Electronic Collection Public Name""",,,,,,,308,"zzBACKUP Electronic - Global Stats Electronic included/excluded designator","/shared/University of California System 01UCS_NETWORK/Reports/Local Requests/Annual Statistic Reports/Annual Stats FY 2025-2026/zzBACKUP Electronic - Global Stats Electronic included/excluded designator"
"SC64-R21","Column","standalone_saved_object","standalone_saved_object","zzBACKUP Electronic - Global Stats Electronic included/excluded designator",21,"when","DESCRIPTOR_IDOF(""E-Inventory"".""Institution"".""Institution Name"") = 6535 AND ""Portfolio"".""Purchase Model"" LIKE ('%DDA%Candidate%')","Excluded","","""Electronic Collection"".""Electronic Collection Public Name""",,,,,,,308,"zzBACKUP Electronic - Global Stats Electronic included/excluded designator","/shared/University of California System 01UCS_NETWORK/Reports/Local Requests/Annual Statistic Reports/Annual Stats FY 2025-2026/zzBACKUP Electronic - Global Stats Electronic included/excluded designator"
"SC64-R22","Column","standalone_saved_object","standalone_saved_object","zzBACKUP Electronic - Global Stats Electronic included/excluded designator",22,"when","DESCRIPTOR_IDOF(""E-Inventory"".""Institution"".""Institution Name"") = 4876 AND ""E-inventory"".""Portfolio"".""Purchase Model"" = 'DDA Candidate' AND ""E-inventory"".""Electronic Collection"".""Electronic Collection Public Name"" = 'Ebook Central Perpetual, DDA and Subscription Titles'","Excluded","","""Electronic Collection"".""Electronic Collection Public Name""",,,,,,,308,"zzBACKUP Electronic - Global Stats Electronic included/excluded designator","/shared/University of California System 01UCS_NETWORK/Reports/Local Requests/Annual Statistic Reports/Annual Stats FY 2025-2026/zzBACKUP Electronic - Global Stats Electronic included/excluded designator"
"SC64-R23","Column","standalone_saved_object","standalone_saved_object","zzBACKUP Electronic - Global Stats Electronic included/excluded designator",23,"when","""Electronic Collection"".""Electronic Collection Public Name"" = 'Ebook Central Perpetual, DDA and Subscription Titles' AND ""Portfolio"".""Purchase Model"" LIKE ('%DDA%Candidate%')","Excluded","","""Electronic Collection"".""Electronic Collection Public Name""",,,,,,,308,"zzBACKUP Electronic - Global Stats Electronic included/excluded designator","/shared/University of California System 01UCS_NETWORK/Reports/Local Requests/Annual Statistic Reports/Annual Stats FY 2025-2026/zzBACKUP Electronic - Global Stats Electronic included/excluded designator"
"SC64-R24","Column","standalone_saved_object","standalone_saved_object","zzBACKUP Electronic - Global Stats Electronic included/excluded designator",24,"when","""Portfolio Library Unit"".""Library Name"" LIKE 'X_Do_Not_Use_%'","Excluded","","""Electronic Collection"".""Electronic Collection Public Name""",,,,,,,308,"zzBACKUP Electronic - Global Stats Electronic included/excluded designator","/shared/University of California System 01UCS_NETWORK/Reports/Local Requests/Annual Statistic Reports/Annual Stats FY 2025-2026/zzBACKUP Electronic - Global Stats Electronic included/excluded designator"
"SC64-R25","Column","standalone_saved_object","standalone_saved_object","zzBACKUP Electronic - Global Stats Electronic included/excluded designator",25,"when","""Electronic Collection"".""Electronic Collection Public Name"" IN ('R2 Digital Library PDA Discoverable Titles')","Excluded","","""Electronic Collection"".""Electronic Collection Public Name""",,,,,,,308,"zzBACKUP Electronic - Global Stats Electronic included/excluded designator","/shared/University of California System 01UCS_NETWORK/Reports/Local Requests/Annual Statistic Reports/Annual Stats FY 2025-2026/zzBACKUP Electronic - Global Stats Electronic included/excluded designator"
"SC64-R26","Column","standalone_saved_object","standalone_saved_object","zzBACKUP Electronic - Global Stats Electronic included/excluded designator",26,"when","""Electronic Collection"".""Electronic Collection Public Name (override)"" IN ('EBL online monographs purchased', 'EBSCO Japanese DDA Purchased', 'ENGnetBASE DDA Purchased 2013', 'ENGnetBASE DDA Purchased 2015', 'ENGnetBASE DDA Purchased 2016', 'ENGnetBase DDA Purchased 2014', 'YBP/eBrary DDA Purchased')","Included","","""Electronic Collection"".""Electronic Collection Public Name""",,,,,,,308,"zzBACKUP Electronic - Global Stats Electronic included/excluded designator","/shared/University of California System 01UCS_NETWORK/Reports/Local Requests/Annual Statistic Reports/Annual Stats FY 2025-2026/zzBACKUP Electronic - Global Stats Electronic included/excluded designator"
"SC64-R27","Column","standalone_saved_object","standalone_saved_object","zzBACKUP Electronic - Global Stats Electronic included/excluded designator",27,"when","DESCRIPTOR_IDOF(""E-Inventory"".""Institution"".""Institution Name"") = 6535 AND ""Electronic Collection"".""Electronic Collection Public Name"" = 'Ebook Central Perpetual, DDA and Subscription Titles' AND ""Portfolio"".""Purchase Model"" IN ('DDA Candidate Owned', 'Owned', 'Owned, Subscription', 'Subscription')","Included","","""Electronic Collection"".""Electronic Collection Public Name""",,,,,,,308,"zzBACKUP Electronic - Global Stats Electronic included/excluded designator","/shared/University of California System 01UCS_NETWORK/Reports/Local Requests/Annual Statistic Reports/Annual Stats FY 2025-2026/zzBACKUP Electronic - Global Stats Electronic included/excluded designator"
"SC64-R28","Column","standalone_saved_object","standalone_saved_object","zzBACKUP Electronic - Global Stats Electronic included/excluded designator",28,"when","""Electronic Collection"".""Electronic Collection Public Name"" IN ('Ebook Central Perpetual, DDA and Subscription Titles', 'EBSCO (UCSD). eBook Collection DDA online monographs.', 'R2 Digital Library DDA') AND ""Portfolio"".""Purchase Model"" NOT IN ('DDA Candidate Owned', 'Owned', 'Owned, Subscription', 'Subscription')","Included","","""Electronic Collection"".""Electronic Collection Public Name""",,,,,,,308,"zzBACKUP Electronic - Global Stats Electronic included/excluded designator","/shared/University of California System 01UCS_NETWORK/Reports/Local Requests/Annual Statistic Reports/Annual Stats FY 2025-2026/zzBACKUP Electronic - Global Stats Electronic included/excluded designator"
"SC64-R29","Column","standalone_saved_object","standalone_saved_object","zzBACKUP Electronic - Global Stats Electronic included/excluded designator",29,"when","""Electronic Collection"".""Electronic Collection Public Name"" IN ('Ebook Central Perpetual, DDA and Subscription Titles', 'EBSCO (UCSD). eBook Collection DDA online monographs.', 'R2 Digital Library DDA')","Included","","""Electronic Collection"".""Electronic Collection Public Name""",,,,,,,308,"zzBACKUP Electronic - Global Stats Electronic included/excluded designator","/shared/University of California System 01UCS_NETWORK/Reports/Local Requests/Annual Statistic Reports/Annual Stats FY 2025-2026/zzBACKUP Electronic - Global Stats Electronic included/excluded designator"
"SC64-R30","Column","standalone_saved_object","standalone_saved_object","zzBACKUP Electronic - Global Stats Electronic included/excluded designator",30,"when","""Electronic Collection"".""Electronic Collection Public Name"" IN ('British and Irish Women''s Letters and Diaries: First Edition (Pre-January 2009 Purchasers Only)', 'Books@Ovid - LWW JBIB Book Collection 2017-2018 Purchase', 'Books@Ovid Purchase', 'Books@Ovid Purchase Complete', 'North American Indian Drama: First Edition (Pre-October 2012 Purchasers Only)', 'Twentieth Century North American Drama: First Edition (Pre-October 2012 Purchasers Only)', 'Institute of Physics Historic Archive Purchase', 'Maruzen eBook Library', 'Berkeley LDC purchases', 'IGI Global Evidence Based PURCHASED', 'Oxford University Press Anthropology Local Purchased Collection', 'Sage EBS', 'Sage online monographs EBS (Sage EBS) purchased', 'UC Davis locally purchased monographs_LOCAL', 'UCSC owned streaming video', 'African Writers Series (pre-September 2011 purchase)', 'SAGE Complete Deep Backfile Purchase 2008', 'SAGE Deep Backfile Upgrade Purchase 2009', 'SAGE Deep Backfile Upgrade Purchase 2010', 'SAGE Deep Backfile Upgrade Purchase 2011', 'SAGE Deep Backfile Upgrade Purchase 2012', 'SAGE Deep Backfile Upgrade Purchase 2013', 'SAGE Deep Backfile Upgrade Purchase 2014', 'SAGE Deep Backfile Upgrade Purchase 2015', 'SAGE Deep Backfile Upgrade Purchase 2016', 'SAGE Deep Backfile Upgrade Purchase 2017', 'SAGE Psychology Subject Collection Backfile Purchase', 'Taylor & Francis online monographs (EBS) purchased')","Included","","""Electronic Collection"".""Electronic Collection Public Name""",,,,,,,308,"zzBACKUP Electronic - Global Stats Electronic included/excluded designator","/shared/University of California System 01UCS_NETWORK/Reports/Local Requests/Annual Statistic Reports/Annual Stats FY 2025-2026/zzBACKUP Electronic - Global Stats Electronic included/excluded designator"
"SC64-R31","Column","standalone_saved_object","standalone_saved_object","zzBACKUP Electronic - Global Stats Electronic included/excluded designator",31,"when","""Electronic Collection"".""Electronic Collection Public Name"" IS NULL","Included","","""Electronic Collection"".""Electronic Collection Public Name""",,,,,,,308,"zzBACKUP Electronic - Global Stats Electronic included/excluded designator","/shared/University of California System 01UCS_NETWORK/Reports/Local Requests/Annual Statistic Reports/Annual Stats FY 2025-2026/zzBACKUP Electronic - Global Stats Electronic included/excluded designator"
"SC64-R32","Column","standalone_saved_object","standalone_saved_object","zzBACKUP Electronic - Global Stats Electronic included/excluded designator",32,"when","DESCRIPTOR_IDOF(""Physical Items"".""Institution"".""Institution Name"") = 3126 AND ""Electronic Collection"".""Electronic Collection Public Name"" = 'Palace App (read this ebook on your phone or tablet)_LOCAL'","Excluded","","""Electronic Collection"".""Electronic Collection Public Name""",,,,,,,308,"zzBACKUP Electronic - Global Stats Electronic included/excluded designator","/shared/University of California System 01UCS_NETWORK/Reports/Local Requests/Annual Statistic Reports/Annual Stats FY 2025-2026/zzBACKUP Electronic - Global Stats Electronic included/excluded designator"
"SC64-R33","Column","standalone_saved_object","standalone_saved_object","zzBACKUP Electronic - Global Stats Electronic included/excluded designator",33,"when","DESCRIPTOR_IDOF(""Physical Items"".""Institution"".""Institution Name"") = 6531 AND ""Electronic Collection"".""Electronic Collection Public Name"" = 'Read via the Palace Project ebook pilot!'","Excluded","","""Electronic Collection"".""Electronic Collection Public Name""",,,,,,,308,"zzBACKUP Electronic - Global Stats Electronic included/excluded designator","/shared/University of California System 01UCS_NETWORK/Reports/Local Requests/Annual Statistic Reports/Annual Stats FY 2025-2026/zzBACKUP Electronic - Global Stats Electronic included/excluded designator"
"SC64-R34","Column","standalone_saved_object","standalone_saved_object","zzBACKUP Electronic - Global Stats Electronic included/excluded designator",34,"when","DESCRIPTOR_IDOF(""Physical Items"".""Institution"".""Institution Name"") = 4706 AND ""Electronic Collection"".""Electronic Collection Public Name"" = 'E-Book Discovery'","Excluded","","""Electronic Collection"".""Electronic Collection Public Name""",,,,,,,308,"zzBACKUP Electronic - Global Stats Electronic included/excluded designator","/shared/University of California System 01UCS_NETWORK/Reports/Local Requests/Annual Statistic Reports/Annual Stats FY 2025-2026/zzBACKUP Electronic - Global Stats Electronic included/excluded designator"
"SC64-R35","Column","standalone_saved_object","standalone_saved_object","zzBACKUP Electronic - Global Stats Electronic included/excluded designator",35,"when","DESCRIPTOR_IDOF(""E-Inventory"".""Institution"".""Institution Name"") = 6535 AND ""Electronic Collection"".""Electronic Collection Public Name"" IN ('EBSCO (UCSD). eBook Collection DDA online monographs.', 'JSTOR DDA online monographs (UCSD).')","Excluded","","""Electronic Collection"".""Electronic Collection Public Name""",,,,,,,308,"zzBACKUP Electronic - Global Stats Electronic included/excluded designator","/shared/University of California System 01UCS_NETWORK/Reports/Local Requests/Annual Statistic Reports/Annual Stats FY 2025-2026/zzBACKUP Electronic - Global Stats Electronic included/excluded designator"
"SC64-OTHER","Column","standalone_saved_object","standalone_saved_object","zzBACKUP Electronic - Global Stats Electronic included/excluded designator",36,"otherwise","All other values","Included","","""Electronic Collection"".""Electronic Collection Public Name""",,,,,,,308,"zzBACKUP Electronic - Global Stats Electronic included/excluded designator","/shared/University of California System 01UCS_NETWORK/Reports/Local Requests/Annual Statistic Reports/Annual Stats FY 2025-2026/zzBACKUP Electronic - Global Stats Electronic included/excluded designator"
