"column_record_id","record_scope","report_catalog_index","report_title","report_subject_area","report_path","column_index","column_source","column_xml_type","column_id","column_name","report_display_name","table_heading","column_heading","formula_type","formula","bin_rule_count","definition_catalog_index","definition_name","definition_table_heading","definition_column_heading","definition_path","is_resolved","is_referenced"
"C1","report_column",3,"test2 UCB physical holdings and titles report (no SLF)","Physical Items","/shared/University of California System 01UCS_NETWORK/Reports/Local Requests/Annual Statistic Reports/Annual Stats FY 2025-2026/Final stats reports (for July 1)/test2 UCB physical holdings and titles report (no SLF)",1,"saved_reference","savedRegularColumnRef","cc18664525476dcbc","UCB Library Stats Category","UCB Library Stats Category",,,,,0,,,,,"/shared/University of California System 01UCS_NETWORK/Reports/Local Requests/Annual Statistic Reports/Annual Stats FY 2025-2026/UCB Library Stats Category",FALSE,
"C2","report_column",3,"test2 UCB physical holdings and titles report (no SLF)","Physical Items","/shared/University of California System 01UCS_NETWORK/Reports/Local Requests/Annual Statistic Reports/Annual Stats FY 2025-2026/Final stats reports (for July 1)/test2 UCB physical holdings and titles report (no SLF)",2,"inline","regularColumn","c9732a414ee59ea03","""Location"".""Library Name""","""Location"".""Library Name""",,,"sqlExpression","""Location"".""Library Name""",0,,,,,,,
"C3","report_column",3,"test2 UCB physical holdings and titles report (no SLF)","Physical Items","/shared/University of California System 01UCS_NETWORK/Reports/Local Requests/Annual Statistic Reports/Annual Stats FY 2025-2026/Final stats reports (for July 1)/test2 UCB physical holdings and titles report (no SLF)",3,"inline","regularColumn","ccf1c0e7d4c3d9aab","""Location"".""Library Code""","""Location"".""Library Code""",,,"sqlExpression","""Location"".""Library Code""",0,,,,,,,
"C4","report_column",3,"test2 UCB physical holdings and titles report (no SLF)","Physical Items","/shared/University of California System 01UCS_NETWORK/Reports/Local Requests/Annual Statistic Reports/Annual Stats FY 2025-2026/Final stats reports (for July 1)/test2 UCB physical holdings and titles report (no SLF)",4,"inline","regularColumn","cebcd31ab3a9d5e54","""Location"".""Location Name""","""Location"".""Location Name""",,,"sqlExpression","""Location"".""Location Name""",0,,,,,,,
"C5","report_column",3,"test2 UCB physical holdings and titles report (no SLF)","Physical Items","/shared/University of California System 01UCS_NETWORK/Reports/Local Requests/Annual Statistic Reports/Annual Stats FY 2025-2026/Final stats reports (for July 1)/test2 UCB physical holdings and titles report (no SLF)",5,"inline","regularColumn","c474a504d4f9a06d6","""Location"".""Location Code""","""Location"".""Location Code""",,,"sqlExpression","""Location"".""Location Code""",0,,,,,,,
"C6","report_column",3,"test2 UCB physical holdings and titles report (no SLF)","Physical Items","/shared/University of California System 01UCS_NETWORK/Reports/Local Requests/Annual Statistic Reports/Annual Stats FY 2025-2026/Final stats reports (for July 1)/test2 UCB physical holdings and titles report (no SLF)",6,"inline","regularColumn","c6433431bdcd32b5b","""Bibliographic Details"".""Resource Type""","""Bibliographic Details"".""Resource Type""",,,"sqlExpression","""Bibliographic Details"".""Resource Type""",0,,,,,,,
"C7","report_column",3,"test2 UCB physical holdings and titles report (no SLF)","Physical Items","/shared/University of California System 01UCS_NETWORK/Reports/Local Requests/Annual Statistic Reports/Annual Stats FY 2025-2026/Final stats reports (for July 1)/test2 UCB physical holdings and titles report (no SLF)",7,"inline","regularColumn","cb8999b65b1f92cfb","Item Creation Date","Item Creation Date","Item Creation Date","Item Creation Date","binned","""Item Creation Date"".""Item Creation Date""",2,,,,,,,
"C8","report_column",3,"test2 UCB physical holdings and titles report (no SLF)","Physical Items","/shared/University of California System 01UCS_NETWORK/Reports/Local Requests/Annual Statistic Reports/Annual Stats FY 2025-2026/Final stats reports (for July 1)/test2 UCB physical holdings and titles report (no SLF)",8,"inline","regularColumn","cc48c7957fa06fc85","Holdings","Holdings","Physical Item Details","Holdings","sqlExpression","COUNT(DISTINCT ""Physical Item Details"".""Physical Item Id"")",0,,,,,,,
"C9","report_column",3,"test2 UCB physical holdings and titles report (no SLF)","Physical Items","/shared/University of California System 01UCS_NETWORK/Reports/Local Requests/Annual Statistic Reports/Annual Stats FY 2025-2026/Final stats reports (for July 1)/test2 UCB physical holdings and titles report (no SLF)",9,"inline","regularColumn","c781bf4ff43dd2337","Titles","Titles","Bibliographic Details","Titles","sqlExpression","COUNT(DISTINCT ""Bibliographic Details"".""MMS ID"")",0,,,,,,,
"C10","report_column",10,"UCB Physical Collection Usage","Fulfillment","/shared/University of California System 01UCS_NETWORK/Reports/Local Requests/Annual Statistic Reports/Annual Stats FY 2025-2026/Final stats reports (for July 1)/Physical Collection Usage/UCB Physical Collection Usage",1,"saved_reference","savedRegularColumnRef","cffb7e9e28d0bdcc3","Fulfillment Institution","Fulfillment - Fulfillment Institution",,,"binned","""Institution"".""Institution Name""",12,224,"Fulfillment - Fulfillment Institution","Institution","Fulfillment Institution","/shared/University of California System 01UCS_NETWORK/Reports/Local Requests/Annual Statistic Reports/Annual Stats FY 2025-2026/Fulfillment - Fulfillment Institution",TRUE,
"C11","report_column",10,"UCB Physical Collection Usage","Fulfillment","/shared/University of California System 01UCS_NETWORK/Reports/Local Requests/Annual Statistic Reports/Annual Stats FY 2025-2026/Final stats reports (for July 1)/Physical Collection Usage/UCB Physical Collection Usage",2,"saved_reference","savedRegularColumnRef","ca8d2eeabbce647e8","UCB Library Stats Category","Physical - UCB Library Stats Category",,,"binned","""Location"".""Library Code""",12,270,"Physical - UCB Library Stats Category","Location","UCB Library Stats Category","/shared/University of California System 01UCS_NETWORK/Reports/Local Requests/Annual Statistic Reports/Annual Stats FY 2025-2026/Physical - UCB Library Stats Category",TRUE,
"C12","report_column",10,"UCB Physical Collection Usage","Fulfillment","/shared/University of California System 01UCS_NETWORK/Reports/Local Requests/Annual Statistic Reports/Annual Stats FY 2025-2026/Final stats reports (for July 1)/Physical Collection Usage/UCB Physical Collection Usage",3,"inline","regularColumn","ceca1c36df544247d","""Item Location at Time of Loan"".""Library Name""","""Item Location at Time of Loan"".""Library Name""",,,"sqlExpression","""Item Location at Time of Loan"".""Library Name""",0,,,,,,,
"C13","report_column",10,"UCB Physical Collection Usage","Fulfillment","/shared/University of California System 01UCS_NETWORK/Reports/Local Requests/Annual Statistic Reports/Annual Stats FY 2025-2026/Final stats reports (for July 1)/Physical Collection Usage/UCB Physical Collection Usage",4,"inline","regularColumn","c69b0161ed0e9a6b0","""Item Location at Time of Loan"".""Library Code""","""Item Location at Time of Loan"".""Library Code""",,,"sqlExpression","""Item Location at Time of Loan"".""Library Code""",0,,,,,,,
"C14","report_column",10,"UCB Physical Collection Usage","Fulfillment","/shared/University of California System 01UCS_NETWORK/Reports/Local Requests/Annual Statistic Reports/Annual Stats FY 2025-2026/Final stats reports (for July 1)/Physical Collection Usage/UCB Physical Collection Usage",5,"inline","regularColumn","c7775baed45c425ce","""Item Location at Time of Loan"".""Location Name""","""Item Location at Time of Loan"".""Location Name""",,,"sqlExpression","""Item Location at Time of Loan"".""Location Name""",0,,,,,,,
"C15","report_column",10,"UCB Physical Collection Usage","Fulfillment","/shared/University of California System 01UCS_NETWORK/Reports/Local Requests/Annual Statistic Reports/Annual Stats FY 2025-2026/Final stats reports (for July 1)/Physical Collection Usage/UCB Physical Collection Usage",6,"inline","regularColumn","ccacb50b278ae6e74","""Item Location at Time of Loan"".""Location Code""","""Item Location at Time of Loan"".""Location Code""",,,"sqlExpression","""Item Location at Time of Loan"".""Location Code""",0,,,,,,,
"C16","report_column",10,"UCB Physical Collection Usage","Fulfillment","/shared/University of California System 01UCS_NETWORK/Reports/Local Requests/Annual Statistic Reports/Annual Stats FY 2025-2026/Final stats reports (for July 1)/Physical Collection Usage/UCB Physical Collection Usage",7,"saved_reference","savedRegularColumnRef","cd7f6c6cdf1292bb0","UCB Check-Out Type","Fulfillment - UCB Check-Out Type",,,"binned","""Item Location at Time of Loan"".""Location Code""",5,233,"Fulfillment - UCB Check-Out Type","Item Location at Time of Loan","UCB Check-Out Type","/shared/University of California System 01UCS_NETWORK/Reports/Local Requests/Annual Statistic Reports/Annual Stats FY 2025-2026/Fulfillment - UCB Check-Out Type",TRUE,
"C17","report_column",10,"UCB Physical Collection Usage","Fulfillment","/shared/University of California System 01UCS_NETWORK/Reports/Local Requests/Annual Statistic Reports/Annual Stats FY 2025-2026/Final stats reports (for July 1)/Physical Collection Usage/UCB Physical Collection Usage",8,"saved_reference","savedRegularColumnRef","cc1fbfaa1945d6cc6","Alma User Group","Fulfillment - Alma User Group",,,"sqlExpression","""Borrower Details"".""User Group""",0,222,"Fulfillment - Alma User Group","Borrower Details","Alma User Group","/shared/University of California System 01UCS_NETWORK/Reports/Local Requests/Annual Statistic Reports/Annual Stats FY 2025-2026/Fulfillment - Alma User Group",TRUE,
"C18","report_column",10,"UCB Physical Collection Usage","Fulfillment","/shared/University of California System 01UCS_NETWORK/Reports/Local Requests/Annual Statistic Reports/Annual Stats FY 2025-2026/Final stats reports (for July 1)/Physical Collection Usage/UCB Physical Collection Usage",9,"saved_reference","savedRegularColumnRef","c12802b0ecfd1cd48","UCB User Group (for reporting)","Fulfillment - UCB User Group",,,"binned","""Borrower Details"".""User Group""",11,235,"Fulfillment - UCB User Group","Borrower Details","UCB User Group (for reporting)","/shared/University of California System 01UCS_NETWORK/Reports/Local Requests/Annual Statistic Reports/Annual Stats FY 2025-2026/Fulfillment - UCB User Group",TRUE,
"C19","report_column",10,"UCB Physical Collection Usage","Fulfillment","/shared/University of California System 01UCS_NETWORK/Reports/Local Requests/Annual Statistic Reports/Annual Stats FY 2025-2026/Final stats reports (for July 1)/Physical Collection Usage/UCB Physical Collection Usage",10,"saved_reference","savedRegularColumnRef","c788181f479f2fddd","FY 2025-26 Loans (Not In House)","Fulfillment - FY 2025-26 Loans (Not In House)",,,"sqlExpression","""Loan"".""Loans (Not In House)""",0,229,"Fulfillment - FY 2025-26 Loans (Not In House)","Loan","FY 2025-26 Loans (Not In House)","/shared/University of California System 01UCS_NETWORK/Reports/Local Requests/Annual Statistic Reports/Annual Stats FY 2025-2026/Fulfillment - FY 2025-26 Loans (Not In House)",TRUE,
"C20","report_column",16,"UCB Risk Management Report","Physical Items","/shared/University of California System 01UCS_NETWORK/Reports/Local Requests/Annual Statistic Reports/Annual Stats FY 2025-2026/Final stats reports (for July 1)/Risk Management/UCB Risk Management Report",1,"saved_reference","savedRegularColumnRef","cecd143a46aafb659","Campus designator","Campus designator",,,,,0,,,,,"/shared/University of California System 01UCS_NETWORK/Reports/Local Requests/Annual Statistic Reports/Annual Stats FY 2025-2026/UCB SLF/Campus designator",FALSE,
"C21","report_column",16,"UCB Risk Management Report","Physical Items","/shared/University of California System 01UCS_NETWORK/Reports/Local Requests/Annual Statistic Reports/Annual Stats FY 2025-2026/Final stats reports (for July 1)/Risk Management/UCB Risk Management Report",2,"saved_reference","savedRegularColumnRef","c69af768f28a5dc62","Building","RM Building - UCB",,,"binned","""Location"".""Location Code""",32,305,"RM Building - UCB","Location","Building","/shared/University of California System 01UCS_NETWORK/Reports/Local Requests/Annual Statistic Reports/Annual Stats FY 2025-2026/RM Building - UCB",TRUE,
"C22","report_column",16,"UCB Risk Management Report","Physical Items","/shared/University of California System 01UCS_NETWORK/Reports/Local Requests/Annual Statistic Reports/Annual Stats FY 2025-2026/Final stats reports (for July 1)/Risk Management/UCB Risk Management Report",3,"inline","regularColumn","c91ff931798db204d","""Location"".""Library Name""","""Location"".""Library Name""",,,"sqlExpression","""Location"".""Library Name""",0,,,,,,,
"C23","report_column",16,"UCB Risk Management Report","Physical Items","/shared/University of California System 01UCS_NETWORK/Reports/Local Requests/Annual Statistic Reports/Annual Stats FY 2025-2026/Final stats reports (for July 1)/Risk Management/UCB Risk Management Report",4,"inline","regularColumn","c0a97a99fcff08d4d","""Location"".""Library Code""","""Location"".""Library Code""",,,"sqlExpression","""Location"".""Library Code""",0,,,,,,,
"C24","report_column",16,"UCB Risk Management Report","Physical Items","/shared/University of California System 01UCS_NETWORK/Reports/Local Requests/Annual Statistic Reports/Annual Stats FY 2025-2026/Final stats reports (for July 1)/Risk Management/UCB Risk Management Report",5,"inline","regularColumn","cd78d80d9721dafa1","""Location"".""Location Name""","""Location"".""Location Name""",,,"sqlExpression","""Location"".""Location Name""",0,,,,,,,
"C25","report_column",16,"UCB Risk Management Report","Physical Items","/shared/University of California System 01UCS_NETWORK/Reports/Local Requests/Annual Statistic Reports/Annual Stats FY 2025-2026/Final stats reports (for July 1)/Risk Management/UCB Risk Management Report",6,"inline","regularColumn","cca373db07e6d8158","""Location"".""Location Code""","""Location"".""Location Code""",,,"sqlExpression","""Location"".""Location Code""",0,,,,,,,
"C26","report_column",16,"UCB Risk Management Report","Physical Items","/shared/University of California System 01UCS_NETWORK/Reports/Local Requests/Annual Statistic Reports/Annual Stats FY 2025-2026/Final stats reports (for July 1)/Risk Management/UCB Risk Management Report",7,"inline","regularColumn","c5857dd5f99741e00","""Bibliographic Details"".""Resource Type""","""Bibliographic Details"".""Resource Type""",,,"sqlExpression","""Bibliographic Details"".""Resource Type""",0,,,,,,,
"C27","report_column",16,"UCB Risk Management Report","Physical Items","/shared/University of California System 01UCS_NETWORK/Reports/Local Requests/Annual Statistic Reports/Annual Stats FY 2025-2026/Final stats reports (for July 1)/Risk Management/UCB Risk Management Report",8,"saved_reference","savedRegularColumnRef","c36d41845231ae347","Count of Physical Holdings","Count of Physical Holdings",,,,,0,,,,,"/shared/University of California System 01UCS_NETWORK/Reports/Local Requests/Annual Statistic Reports/Annual Stats FY 2025-2026/Count of Physical Holdings",FALSE,
"C28","report_column",17,"SLF Physical Holdings and Titles Report","Physical Items","/shared/University of California System 01UCS_NETWORK/Reports/Local Requests/Annual Statistic Reports/Annual Stats FY 2025-2026/Final stats reports (for July 1)/Physical/SLF Physical Holdings and Titles Report",1,"saved_reference","savedRegularColumnRef","c1f610dcccbc115d7","Systemwide Library Facility","Physical - Systemwide Library Facility",,,"binned","""Institution"".""Institution Name""",2,269,"Physical - Systemwide Library Facility","Institution","Systemwide Library Facility","/shared/University of California System 01UCS_NETWORK/Reports/Local Requests/Annual Statistic Reports/Annual Stats FY 2025-2026/Physical - Systemwide Library Facility",TRUE,
"C29","report_column",17,"SLF Physical Holdings and Titles Report","Physical Items","/shared/University of California System 01UCS_NETWORK/Reports/Local Requests/Annual Statistic Reports/Annual Stats FY 2025-2026/Final stats reports (for July 1)/Physical/SLF Physical Holdings and Titles Report",2,"saved_reference","savedRegularColumnRef","caa073b6d8c3d39ac","SLF Depositor","Physical - SLF Depositor",,,"binned","""Institution"".""Institution Name""",32,266,"Physical - SLF Depositor","Institution","SLF Depositor","/shared/University of California System 01UCS_NETWORK/Reports/Local Requests/Annual Statistic Reports/Annual Stats FY 2025-2026/Physical - SLF Depositor",TRUE,
"C30","report_column",17,"SLF Physical Holdings and Titles Report","Physical Items","/shared/University of California System 01UCS_NETWORK/Reports/Local Requests/Annual Statistic Reports/Annual Stats FY 2025-2026/Final stats reports (for July 1)/Physical/SLF Physical Holdings and Titles Report",3,"inline","regularColumn","cd4897b469b0520d2","""Location"".""Library Name""","""Location"".""Library Name""",,,"sqlExpression","""Location"".""Library Name""",0,,,,,,,
"C31","report_column",17,"SLF Physical Holdings and Titles Report","Physical Items","/shared/University of California System 01UCS_NETWORK/Reports/Local Requests/Annual Statistic Reports/Annual Stats FY 2025-2026/Final stats reports (for July 1)/Physical/SLF Physical Holdings and Titles Report",4,"inline","regularColumn","cb6b886e5442e7b4e","""Location"".""Library Code""","""Location"".""Library Code""",,,"sqlExpression","""Location"".""Library Code""",0,,,,,,,
"C32","report_column",17,"SLF Physical Holdings and Titles Report","Physical Items","/shared/University of California System 01UCS_NETWORK/Reports/Local Requests/Annual Statistic Reports/Annual Stats FY 2025-2026/Final stats reports (for July 1)/Physical/SLF Physical Holdings and Titles Report",5,"inline","regularColumn","c741826d9144c87ab","""Location"".""Location Name""","""Location"".""Location Name""",,,"sqlExpression","""Location"".""Location Name""",0,,,,,,,
"C33","report_column",17,"SLF Physical Holdings and Titles Report","Physical Items","/shared/University of California System 01UCS_NETWORK/Reports/Local Requests/Annual Statistic Reports/Annual Stats FY 2025-2026/Final stats reports (for July 1)/Physical/SLF Physical Holdings and Titles Report",6,"inline","regularColumn","c5f7c80cc993d72e0","""Location"".""Location Code""","""Location"".""Location Code""",,,"sqlExpression","""Location"".""Location Code""",0,,,,,,,
"C34","report_column",17,"SLF Physical Holdings and Titles Report","Physical Items","/shared/University of California System 01UCS_NETWORK/Reports/Local Requests/Annual Statistic Reports/Annual Stats FY 2025-2026/Final stats reports (for July 1)/Physical/SLF Physical Holdings and Titles Report",7,"inline","regularColumn","cf158c28723a11737","""Bibliographic Details"".""Resource Type""","""Bibliographic Details"".""Resource Type""",,,"sqlExpression","""Bibliographic Details"".""Resource Type""",0,,,,,,,
"C35","report_column",17,"SLF Physical Holdings and Titles Report","Physical Items","/shared/University of California System 01UCS_NETWORK/Reports/Local Requests/Annual Statistic Reports/Annual Stats FY 2025-2026/Final stats reports (for July 1)/Physical/SLF Physical Holdings and Titles Report",8,"inline","regularColumn","c3e0fd06505b10cd6","""Bibliographic Details"".""Material Type""","""Bibliographic Details"".""Material Type""",,,"sqlExpression","""Bibliographic Details"".""Material Type""",0,,,,,,,
"C36","report_column",17,"SLF Physical Holdings and Titles Report","Physical Items","/shared/University of California System 01UCS_NETWORK/Reports/Local Requests/Annual Statistic Reports/Annual Stats FY 2025-2026/Final stats reports (for July 1)/Physical/SLF Physical Holdings and Titles Report",9,"saved_reference","savedRegularColumnRef","c886b316b33474744","Holdings","Physical - Count of Physical Holdings",,,"sqlExpression","COUNT(DISTINCT ""Physical Item Details"".""Physical Item Id"")",0,262,"Physical - Count of Physical Holdings","Physical Item Details","Holdings","/shared/University of California System 01UCS_NETWORK/Reports/Local Requests/Annual Statistic Reports/Annual Stats FY 2025-2026/Physical - Count of Physical Holdings",TRUE,
"C37","report_column",17,"SLF Physical Holdings and Titles Report","Physical Items","/shared/University of California System 01UCS_NETWORK/Reports/Local Requests/Annual Statistic Reports/Annual Stats FY 2025-2026/Final stats reports (for July 1)/Physical/SLF Physical Holdings and Titles Report",10,"saved_reference","savedRegularColumnRef","c41b53947686dd560","Titles","Physical - Count of Physical Titles",,,"sqlExpression","COUNT(DISTINCT ""Bibliographic Details"".""MMS ID"")",0,263,"Physical - Count of Physical Titles","Bibliographic Details","Titles","/shared/University of California System 01UCS_NETWORK/Reports/Local Requests/Annual Statistic Reports/Annual Stats FY 2025-2026/Physical - Count of Physical Titles",TRUE,
"C38","report_column",23,"UCB Library categorization report","Physical Items","/shared/University of California System 01UCS_NETWORK/Reports/Local Requests/Annual Statistic Reports/Annual Stats FY 2025-2026/Preparation review reports/Physical preparation review reports/UCB Library categorization report",1,"saved_reference","savedRegularColumnRef","cecd143a46aafb659","Campus designator","Campus designator",,,,,0,,,,,"/shared/University of California System 01UCS_NETWORK/Reports/Local Requests/Annual Statistic Reports/Annual Stats FY 2025-2026/UCB SLF/Campus designator",FALSE,
"C39","report_column",23,"UCB Library categorization report","Physical Items","/shared/University of California System 01UCS_NETWORK/Reports/Local Requests/Annual Statistic Reports/Annual Stats FY 2025-2026/Preparation review reports/Physical preparation review reports/UCB Library categorization report",2,"saved_reference","savedRegularColumnRef","c99e3c2efb0c6520c","UCB Library Stats Category","UCB Library Stats Category",,,,,0,,,,,"/shared/University of California System 01UCS_NETWORK/Reports/Local Requests/Annual Statistic Reports/Annual Stats FY 2025-2026/UCB Library Stats Category",FALSE,
"C40","report_column",23,"UCB Library categorization report","Physical Items","/shared/University of California System 01UCS_NETWORK/Reports/Local Requests/Annual Statistic Reports/Annual Stats FY 2025-2026/Preparation review reports/Physical preparation review reports/UCB Library categorization report",3,"inline","regularColumn","c91ff931798db204d","""Location"".""Library Name""","""Location"".""Library Name""",,,"sqlExpression","""Location"".""Library Name""",0,,,,,,,
"C41","report_column",23,"UCB Library categorization report","Physical Items","/shared/University of California System 01UCS_NETWORK/Reports/Local Requests/Annual Statistic Reports/Annual Stats FY 2025-2026/Preparation review reports/Physical preparation review reports/UCB Library categorization report",4,"inline","regularColumn","c0a97a99fcff08d4d","""Location"".""Library Code""","""Location"".""Library Code""",,,"sqlExpression","""Location"".""Library Code""",0,,,,,,,
"C42","report_column",23,"UCB Library categorization report","Physical Items","/shared/University of California System 01UCS_NETWORK/Reports/Local Requests/Annual Statistic Reports/Annual Stats FY 2025-2026/Preparation review reports/Physical preparation review reports/UCB Library categorization report",5,"inline","regularColumn","cd78d80d9721dafa1","""Location"".""Location Name""","""Location"".""Location Name""",,,"sqlExpression","""Location"".""Location Name""",0,,,,,,,
"C43","report_column",23,"UCB Library categorization report","Physical Items","/shared/University of California System 01UCS_NETWORK/Reports/Local Requests/Annual Statistic Reports/Annual Stats FY 2025-2026/Preparation review reports/Physical preparation review reports/UCB Library categorization report",6,"inline","regularColumn","cca373db07e6d8158","""Location"".""Location Code""","""Location"".""Location Code""",,,"sqlExpression","""Location"".""Location Code""",0,,,,,,,
"C44","report_column",23,"UCB Library categorization report","Physical Items","/shared/University of California System 01UCS_NETWORK/Reports/Local Requests/Annual Statistic Reports/Annual Stats FY 2025-2026/Preparation review reports/Physical preparation review reports/UCB Library categorization report",7,"saved_reference","savedRegularColumnRef","c36d41845231ae347","Count of Physical Holdings","Count of Physical Holdings",,,,,0,,,,,"/shared/University of California System 01UCS_NETWORK/Reports/Local Requests/Annual Statistic Reports/Annual Stats FY 2025-2026/Count of Physical Holdings",FALSE,
"C45","report_column",23,"UCB Library categorization report","Physical Items","/shared/University of California System 01UCS_NETWORK/Reports/Local Requests/Annual Statistic Reports/Annual Stats FY 2025-2026/Preparation review reports/Physical preparation review reports/UCB Library categorization report",8,"saved_reference","savedRegularColumnRef","c750011e955f0e06f","Count of Physical Titles","Count of Physical Titles",,,,,0,,,,,"/shared/University of California System 01UCS_NETWORK/Reports/Local Requests/Annual Statistic Reports/Annual Stats FY 2025-2026/Count of Physical Titles",FALSE,
"C46","report_column",25,"UCB eResources Library Categorization Report","E-Inventory","/shared/University of California System 01UCS_NETWORK/Reports/Local Requests/Annual Statistic Reports/Annual Stats FY 2025-2026/Preparation review reports/Electronic preparation review reports/UCB eResources Library Categorization Report",1,"inline","regularColumn","c2a53da92d15619df","""Institution"".""Institution Name""","""Institution"".""Institution Name""",,,"sqlExpression","""Institution"".""Institution Name""",0,,,,,,,
"C47","report_column",25,"UCB eResources Library Categorization Report","E-Inventory","/shared/University of California System 01UCS_NETWORK/Reports/Local Requests/Annual Statistic Reports/Annual Stats FY 2025-2026/Preparation review reports/Electronic preparation review reports/UCB eResources Library Categorization Report",2,"saved_reference","savedRegularColumnRef","c93c38f9d46dde768","eResources Library Stats Category","Electronic - Global Stats Electronic Library Categories",,,"binned","""Portfolio Library Unit"".""Library Name""",4,24,"Electronic - Global Stats Electronic Library Categories","UCOP Stats","eResources Library Stats Category","/shared/University of California System 01UCS_NETWORK/Reports/Local Requests/Annual Statistic Reports/Annual Stats FY 2025-2026/Electronic - Global Stats Electronic Library Categories",TRUE,
"C48","report_column",25,"UCB eResources Library Categorization Report","E-Inventory","/shared/University of California System 01UCS_NETWORK/Reports/Local Requests/Annual Statistic Reports/Annual Stats FY 2025-2026/Preparation review reports/Electronic preparation review reports/UCB eResources Library Categorization Report",3,"inline","regularColumn","c16b804d4f2a9bfed","""Portfolio Library Unit"".""Library Name""","""Portfolio Library Unit"".""Library Name""",,,"sqlExpression","""Portfolio Library Unit"".""Library Name""",0,,,,,,,
"C49","report_column",25,"UCB eResources Library Categorization Report","E-Inventory","/shared/University of California System 01UCS_NETWORK/Reports/Local Requests/Annual Statistic Reports/Annual Stats FY 2025-2026/Preparation review reports/Electronic preparation review reports/UCB eResources Library Categorization Report",4,"inline","regularColumn","c9a2b1a7e8a8fa595","""Portfolio Library Unit"".""Library Code""","""Portfolio Library Unit"".""Library Code""",,,"sqlExpression","""Portfolio Library Unit"".""Library Code""",0,,,,,,,
"C50","report_column",27,"UCB Electronic Holdings and Titles Report","E-Inventory","/shared/University of California System 01UCS_NETWORK/Reports/Local Requests/Annual Statistic Reports/Annual Stats FY 2025-2026/Final stats reports (for July 1)/Electronic/UCB Electronic Holdings and Titles Report",1,"saved_reference","savedRegularColumnRef","c2f893792b76abc19","eResources include/exclude designator","excluded designator",,,"binned","""Electronic Collection"".""Electronic Collection Interface Name""",33,7,"Electronic - Global Stats Electronic included/excluded designator","Electronic Collection","eResources include/exclude designator","/shared/University of California System 01UCS_NETWORK/Reports/Local Requests/Annual Statistic Reports/Annual Stats FY 2025-2026/Electronic - Global Stats Electronic included/excluded designator",TRUE,
"C51","report_column",27,"UCB Electronic Holdings and Titles Report","E-Inventory","/shared/University of California System 01UCS_NETWORK/Reports/Local Requests/Annual Statistic Reports/Annual Stats FY 2025-2026/Final stats reports (for July 1)/Electronic/UCB Electronic Holdings and Titles Report",2,"saved_reference","savedRegularColumnRef","c05faa4dd6d01cde3","UCB eResources Managed By designator","Electronic - UCB eResources Managed By designator",,,"binned","""Institution"".""Institution Name""",3,57,"Electronic - UCB eResources Managed By designator","Institution","UCB eResources Managed By designator","/shared/University of California System 01UCS_NETWORK/Reports/Local Requests/Annual Statistic Reports/Annual Stats FY 2025-2026/Electronic - UCB eResources Managed By designator",TRUE,
"C52","report_column",27,"UCB Electronic Holdings and Titles Report","E-Inventory","/shared/University of California System 01UCS_NETWORK/Reports/Local Requests/Annual Statistic Reports/Annual Stats FY 2025-2026/Final stats reports (for July 1)/Electronic/UCB Electronic Holdings and Titles Report",3,"saved_reference","savedRegularColumnRef","c8d7196b3700a77af","eResources Library Stats Category","Electronic - Global Stats Electronic Library Categories",,,"binned","""Portfolio Library Unit"".""Library Name""",4,24,"Electronic - Global Stats Electronic Library Categories","UCOP Stats","eResources Library Stats Category","/shared/University of California System 01UCS_NETWORK/Reports/Local Requests/Annual Statistic Reports/Annual Stats FY 2025-2026/Electronic - Global Stats Electronic Library Categories",TRUE,
"C53","report_column",27,"UCB Electronic Holdings and Titles Report","E-Inventory","/shared/University of California System 01UCS_NETWORK/Reports/Local Requests/Annual Statistic Reports/Annual Stats FY 2025-2026/Final stats reports (for July 1)/Electronic/UCB Electronic Holdings and Titles Report",4,"inline","regularColumn","c4ef4894aea57bf83","""Bibliographic Details"".""Resource Type""","""Bibliographic Details"".""Resource Type""",,,"sqlExpression","""Bibliographic Details"".""Resource Type""",0,,,,,,,
"C54","report_column",27,"UCB Electronic Holdings and Titles Report","E-Inventory","/shared/University of California System 01UCS_NETWORK/Reports/Local Requests/Annual Statistic Reports/Annual Stats FY 2025-2026/Final stats reports (for July 1)/Electronic/UCB Electronic Holdings and Titles Report",5,"saved_reference","savedRegularColumnRef","cd87aa1ad93da9a01","Holdings","Electronic - Count of Electronic Holdings",,,"sqlExpression","COUNT(DISTINCT ""Portfolio"".""Portfolio Id"")",0,1,"Electronic - Count of Electronic Holdings","Portfolio","Holdings","/shared/University of California System 01UCS_NETWORK/Reports/Local Requests/Annual Statistic Reports/Annual Stats FY 2025-2026/Electronic - Count of Electronic Holdings",TRUE,
"C55","report_column",27,"UCB Electronic Holdings and Titles Report","E-Inventory","/shared/University of California System 01UCS_NETWORK/Reports/Local Requests/Annual Statistic Reports/Annual Stats FY 2025-2026/Final stats reports (for July 1)/Electronic/UCB Electronic Holdings and Titles Report",6,"saved_reference","savedRegularColumnRef","cecdf26fb3f88f10c","Titles","Electronic - Count of Electronic Titles",,,"sqlExpression","COUNT(DISTINCT ""Bibliographic Details"".""MMS Id"")",0,2,"Electronic - Count of Electronic Titles","Bibliographic Details","Titles","/shared/University of California System 01UCS_NETWORK/Reports/Local Requests/Annual Statistic Reports/Annual Stats FY 2025-2026/Electronic - Count of Electronic Titles",TRUE,
"C56","report_column",33,"UCB eResources Comparison Report","E-Inventory","/shared/University of California System 01UCS_NETWORK/Reports/Local Requests/Annual Statistic Reports/Annual Stats FY 2025-2026/Final stats reports (for July 1)/eResources Comparison/UCB eResources Comparison Report",1,"saved_reference","savedRegularColumnRef","c2f893792b76abc19","eResources include/exclude designator","excluded designator",,,"binned","""Electronic Collection"".""Electronic Collection Interface Name""",33,7,"Electronic - Global Stats Electronic included/excluded designator","Electronic Collection","eResources include/exclude designator","/shared/University of California System 01UCS_NETWORK/Reports/Local Requests/Annual Statistic Reports/Annual Stats FY 2025-2026/Electronic - Global Stats Electronic included/excluded designator",TRUE,
"C57","report_column",33,"UCB eResources Comparison Report","E-Inventory","/shared/University of California System 01UCS_NETWORK/Reports/Local Requests/Annual Statistic Reports/Annual Stats FY 2025-2026/Final stats reports (for July 1)/eResources Comparison/UCB eResources Comparison Report",2,"saved_reference","savedRegularColumnRef","c05faa4dd6d01cde3","UCB eResources Managed By designator","Electronic - UCB eResources Managed By designator",,,"binned","""Institution"".""Institution Name""",3,57,"Electronic - UCB eResources Managed By designator","Institution","UCB eResources Managed By designator","/shared/University of California System 01UCS_NETWORK/Reports/Local Requests/Annual Statistic Reports/Annual Stats FY 2025-2026/Electronic - UCB eResources Managed By designator",TRUE,
"C58","report_column",33,"UCB eResources Comparison Report","E-Inventory","/shared/University of California System 01UCS_NETWORK/Reports/Local Requests/Annual Statistic Reports/Annual Stats FY 2025-2026/Final stats reports (for July 1)/eResources Comparison/UCB eResources Comparison Report",3,"saved_reference","savedRegularColumnRef","c8d7196b3700a77af","eResources Library Stats Category","Electronic - Global Stats Electronic Library Categories",,,"binned","""Portfolio Library Unit"".""Library Name""",4,24,"Electronic - Global Stats Electronic Library Categories","UCOP Stats","eResources Library Stats Category","/shared/University of California System 01UCS_NETWORK/Reports/Local Requests/Annual Statistic Reports/Annual Stats FY 2025-2026/Electronic - Global Stats Electronic Library Categories",TRUE,
"C59","report_column",33,"UCB eResources Comparison Report","E-Inventory","/shared/University of California System 01UCS_NETWORK/Reports/Local Requests/Annual Statistic Reports/Annual Stats FY 2025-2026/Final stats reports (for July 1)/eResources Comparison/UCB eResources Comparison Report",4,"inline","regularColumn","c0bbb7a1abe72198d","""Electronic Collection"".""Electronic Collection Interface Name""","""Electronic Collection"".""Electronic Collection Interface Name""",,,"sqlExpression","""Electronic Collection"".""Electronic Collection Interface Name""",0,,,,,,,
"C60","report_column",33,"UCB eResources Comparison Report","E-Inventory","/shared/University of California System 01UCS_NETWORK/Reports/Local Requests/Annual Statistic Reports/Annual Stats FY 2025-2026/Final stats reports (for July 1)/eResources Comparison/UCB eResources Comparison Report",5,"saved_reference","savedRegularColumnRef","cd87aa1ad93da9a01","Holdings","Electronic - Count of Electronic Holdings",,,"sqlExpression","COUNT(DISTINCT ""Portfolio"".""Portfolio Id"")",0,1,"Electronic - Count of Electronic Holdings","Portfolio","Holdings","/shared/University of California System 01UCS_NETWORK/Reports/Local Requests/Annual Statistic Reports/Annual Stats FY 2025-2026/Electronic - Count of Electronic Holdings",TRUE,
"C61","report_column",33,"UCB eResources Comparison Report","E-Inventory","/shared/University of California System 01UCS_NETWORK/Reports/Local Requests/Annual Statistic Reports/Annual Stats FY 2025-2026/Final stats reports (for July 1)/eResources Comparison/UCB eResources Comparison Report",6,"saved_reference","savedRegularColumnRef","cecdf26fb3f88f10c","Titles","Electronic - Count of Electronic Titles",,,"sqlExpression","COUNT(DISTINCT ""Bibliographic Details"".""MMS Id"")",0,2,"Electronic - Count of Electronic Titles","Bibliographic Details","Titles","/shared/University of California System 01UCS_NETWORK/Reports/Local Requests/Annual Statistic Reports/Annual Stats FY 2025-2026/Electronic - Count of Electronic Titles",TRUE,
"C62","report_column",35,"SLF-N Added Physical Holdings and Titles Report","Physical Items","/shared/University of California System 01UCS_NETWORK/Reports/Local Requests/Annual Statistic Reports/Annual Stats FY 2025-2026/Final stats reports (for July 1)/Physical/SLF-N Added Physical Holdings and Titles Report",1,"saved_reference","savedRegularColumnRef","cdb4727d2a4bc0027","Systemwide Library Facility","Physical - Systemwide Library Facility",,,"binned","""Institution"".""Institution Name""",2,269,"Physical - Systemwide Library Facility","Institution","Systemwide Library Facility","/shared/University of California System 01UCS_NETWORK/Reports/Local Requests/Annual Statistic Reports/Annual Stats FY 2025-2026/Physical - Systemwide Library Facility",TRUE,
"C63","report_column",35,"SLF-N Added Physical Holdings and Titles Report","Physical Items","/shared/University of California System 01UCS_NETWORK/Reports/Local Requests/Annual Statistic Reports/Annual Stats FY 2025-2026/Final stats reports (for July 1)/Physical/SLF-N Added Physical Holdings and Titles Report",2,"saved_reference","savedRegularColumnRef","cebcc92d7b1b50b86","SLF Depositor","Physical - SLF Depositor",,,"binned","""Institution"".""Institution Name""",32,266,"Physical - SLF Depositor","Institution","SLF Depositor","/shared/University of California System 01UCS_NETWORK/Reports/Local Requests/Annual Statistic Reports/Annual Stats FY 2025-2026/Physical - SLF Depositor",TRUE,
"C64","report_column",35,"SLF-N Added Physical Holdings and Titles Report","Physical Items","/shared/University of California System 01UCS_NETWORK/Reports/Local Requests/Annual Statistic Reports/Annual Stats FY 2025-2026/Final stats reports (for July 1)/Physical/SLF-N Added Physical Holdings and Titles Report",3,"inline","regularColumn","cd4897b469b0520d2","""Location"".""Library Name""","""Location"".""Library Name""",,,"sqlExpression","""Location"".""Library Name""",0,,,,,,,
"C65","report_column",35,"SLF-N Added Physical Holdings and Titles Report","Physical Items","/shared/University of California System 01UCS_NETWORK/Reports/Local Requests/Annual Statistic Reports/Annual Stats FY 2025-2026/Final stats reports (for July 1)/Physical/SLF-N Added Physical Holdings and Titles Report",4,"inline","regularColumn","cb6b886e5442e7b4e","""Location"".""Library Code""","""Location"".""Library Code""",,,"sqlExpression","""Location"".""Library Code""",0,,,,,,,
"C66","report_column",35,"SLF-N Added Physical Holdings and Titles Report","Physical Items","/shared/University of California System 01UCS_NETWORK/Reports/Local Requests/Annual Statistic Reports/Annual Stats FY 2025-2026/Final stats reports (for July 1)/Physical/SLF-N Added Physical Holdings and Titles Report",5,"inline","regularColumn","c741826d9144c87ab","""Location"".""Location Name""","""Location"".""Location Name""",,,"sqlExpression","""Location"".""Location Name""",0,,,,,,,
"C67","report_column",35,"SLF-N Added Physical Holdings and Titles Report","Physical Items","/shared/University of California System 01UCS_NETWORK/Reports/Local Requests/Annual Statistic Reports/Annual Stats FY 2025-2026/Final stats reports (for July 1)/Physical/SLF-N Added Physical Holdings and Titles Report",6,"inline","regularColumn","c5f7c80cc993d72e0","""Location"".""Location Code""","""Location"".""Location Code""",,,"sqlExpression","""Location"".""Location Code""",0,,,,,,,
"C68","report_column",35,"SLF-N Added Physical Holdings and Titles Report","Physical Items","/shared/University of California System 01UCS_NETWORK/Reports/Local Requests/Annual Statistic Reports/Annual Stats FY 2025-2026/Final stats reports (for July 1)/Physical/SLF-N Added Physical Holdings and Titles Report",7,"inline","regularColumn","cf158c28723a11737","""Bibliographic Details"".""Resource Type""","""Bibliographic Details"".""Resource Type""",,,"sqlExpression","""Bibliographic Details"".""Resource Type""",0,,,,,,,
"C69","report_column",35,"SLF-N Added Physical Holdings and Titles Report","Physical Items","/shared/University of California System 01UCS_NETWORK/Reports/Local Requests/Annual Statistic Reports/Annual Stats FY 2025-2026/Final stats reports (for July 1)/Physical/SLF-N Added Physical Holdings and Titles Report",8,"inline","regularColumn","cfa21e12a16391370","""Bibliographic Details"".""Material Type""","""Bibliographic Details"".""Material Type""",,,"sqlExpression","""Bibliographic Details"".""Material Type""",0,,,,,,,
"C70","report_column",35,"SLF-N Added Physical Holdings and Titles Report","Physical Items","/shared/University of California System 01UCS_NETWORK/Reports/Local Requests/Annual Statistic Reports/Annual Stats FY 2025-2026/Final stats reports (for July 1)/Physical/SLF-N Added Physical Holdings and Titles Report",9,"saved_reference","savedRegularColumnRef","c886b316b33474744","Holdings","Physical - Count of Physical Holdings",,,"sqlExpression","COUNT(DISTINCT ""Physical Item Details"".""Physical Item Id"")",0,262,"Physical - Count of Physical Holdings","Physical Item Details","Holdings","/shared/University of California System 01UCS_NETWORK/Reports/Local Requests/Annual Statistic Reports/Annual Stats FY 2025-2026/Physical - Count of Physical Holdings",TRUE,
"C71","report_column",35,"SLF-N Added Physical Holdings and Titles Report","Physical Items","/shared/University of California System 01UCS_NETWORK/Reports/Local Requests/Annual Statistic Reports/Annual Stats FY 2025-2026/Final stats reports (for July 1)/Physical/SLF-N Added Physical Holdings and Titles Report",10,"saved_reference","savedRegularColumnRef","c41b53947686dd560","Titles","Physical - Count of Physical Titles",,,"sqlExpression","COUNT(DISTINCT ""Bibliographic Details"".""MMS ID"")",0,263,"Physical - Count of Physical Titles","Bibliographic Details","Titles","/shared/University of California System 01UCS_NETWORK/Reports/Local Requests/Annual Statistic Reports/Annual Stats FY 2025-2026/Physical - Count of Physical Titles",TRUE,
"C72","report_column",37,"UCD Physical Collection Usage","Fulfillment","/shared/University of California System 01UCS_NETWORK/Reports/Local Requests/Annual Statistic Reports/Annual Stats FY 2025-2026/Final stats reports (for July 1)/Physical Collection Usage/UCD Physical Collection Usage",1,"saved_reference","savedRegularColumnRef","cffb7e9e28d0bdcc3","Fulfillment Institution","Fulfillment - Fulfillment Institution",,,"binned","""Institution"".""Institution Name""",12,224,"Fulfillment - Fulfillment Institution","Institution","Fulfillment Institution","/shared/University of California System 01UCS_NETWORK/Reports/Local Requests/Annual Statistic Reports/Annual Stats FY 2025-2026/Fulfillment - Fulfillment Institution",TRUE,
"C73","report_column",37,"UCD Physical Collection Usage","Fulfillment","/shared/University of California System 01UCS_NETWORK/Reports/Local Requests/Annual Statistic Reports/Annual Stats FY 2025-2026/Final stats reports (for July 1)/Physical Collection Usage/UCD Physical Collection Usage",2,"saved_reference","savedRegularColumnRef","c89a1f4d34ad2a3d6","UCD Library Stats Category","Physical - UCD Library Stats Category",,,"binned","""Location"".""Library Code""",10,274,"Physical - UCD Library Stats Category","Location","UCD Library Stats Category","/shared/University of California System 01UCS_NETWORK/Reports/Local Requests/Annual Statistic Reports/Annual Stats FY 2025-2026/Physical - UCD Library Stats Category",TRUE,
"C74","report_column",37,"UCD Physical Collection Usage","Fulfillment","/shared/University of California System 01UCS_NETWORK/Reports/Local Requests/Annual Statistic Reports/Annual Stats FY 2025-2026/Final stats reports (for July 1)/Physical Collection Usage/UCD Physical Collection Usage",3,"inline","regularColumn","ceca1c36df544247d","""Item Location at Time of Loan"".""Library Name""","""Item Location at Time of Loan"".""Library Name""",,,"sqlExpression","""Item Location at Time of Loan"".""Library Name""",0,,,,,,,
"C75","report_column",37,"UCD Physical Collection Usage","Fulfillment","/shared/University of California System 01UCS_NETWORK/Reports/Local Requests/Annual Statistic Reports/Annual Stats FY 2025-2026/Final stats reports (for July 1)/Physical Collection Usage/UCD Physical Collection Usage",4,"inline","regularColumn","c69b0161ed0e9a6b0","""Item Location at Time of Loan"".""Library Code""","""Item Location at Time of Loan"".""Library Code""",,,"sqlExpression","""Item Location at Time of Loan"".""Library Code""",0,,,,,,,
"C76","report_column",37,"UCD Physical Collection Usage","Fulfillment","/shared/University of California System 01UCS_NETWORK/Reports/Local Requests/Annual Statistic Reports/Annual Stats FY 2025-2026/Final stats reports (for July 1)/Physical Collection Usage/UCD Physical Collection Usage",5,"inline","regularColumn","c7775baed45c425ce","""Item Location at Time of Loan"".""Location Name""","""Item Location at Time of Loan"".""Location Name""",,,"sqlExpression","""Item Location at Time of Loan"".""Location Name""",0,,,,,,,
"C77","report_column",37,"UCD Physical Collection Usage","Fulfillment","/shared/University of California System 01UCS_NETWORK/Reports/Local Requests/Annual Statistic Reports/Annual Stats FY 2025-2026/Final stats reports (for July 1)/Physical Collection Usage/UCD Physical Collection Usage",6,"inline","regularColumn","ccacb50b278ae6e74","""Item Location at Time of Loan"".""Location Code""","""Item Location at Time of Loan"".""Location Code""",,,"sqlExpression","""Item Location at Time of Loan"".""Location Code""",0,,,,,,,
"C78","report_column",37,"UCD Physical Collection Usage","Fulfillment","/shared/University of California System 01UCS_NETWORK/Reports/Local Requests/Annual Statistic Reports/Annual Stats FY 2025-2026/Final stats reports (for July 1)/Physical Collection Usage/UCD Physical Collection Usage",7,"saved_reference","savedRegularColumnRef","c6614d754ab2e96ce","UCD Check-Out Type","Fulfillment - UCD Check-Out Type",,,"binned","""Item Location at Time of Loan"".""Location Code""",5,239,"Fulfillment - UCD Check-Out Type","Item Location at Time of Loan","UCD Check-Out Type","/shared/University of California System 01UCS_NETWORK/Reports/Local Requests/Annual Statistic Reports/Annual Stats FY 2025-2026/Fulfillment - UCD Check-Out Type",TRUE,
"C79","report_column",37,"UCD Physical Collection Usage","Fulfillment","/shared/University of California System 01UCS_NETWORK/Reports/Local Requests/Annual Statistic Reports/Annual Stats FY 2025-2026/Final stats reports (for July 1)/Physical Collection Usage/UCD Physical Collection Usage",8,"saved_reference","savedRegularColumnRef","cddffd37bb31699d8","Alma User Group","Fulfillment - Alma User Group",,,"sqlExpression","""Borrower Details"".""User Group""",0,222,"Fulfillment - Alma User Group","Borrower Details","Alma User Group","/shared/University of California System 01UCS_NETWORK/Reports/Local Requests/Annual Statistic Reports/Annual Stats FY 2025-2026/Fulfillment - Alma User Group",TRUE,
"C80","report_column",37,"UCD Physical Collection Usage","Fulfillment","/shared/University of California System 01UCS_NETWORK/Reports/Local Requests/Annual Statistic Reports/Annual Stats FY 2025-2026/Final stats reports (for July 1)/Physical Collection Usage/UCD Physical Collection Usage",9,"saved_reference","savedRegularColumnRef","cbf7eab91cbbae7c1","UCD User Group (for reporting)","Fulfillment - UCD User Group",,,"binned","""Borrower Details"".""User Group""",10,240,"Fulfillment - UCD User Group","Borrower Details","UCD User Group (for reporting)","/shared/University of California System 01UCS_NETWORK/Reports/Local Requests/Annual Statistic Reports/Annual Stats FY 2025-2026/Fulfillment - UCD User Group",TRUE,
"C81","report_column",37,"UCD Physical Collection Usage","Fulfillment","/shared/University of California System 01UCS_NETWORK/Reports/Local Requests/Annual Statistic Reports/Annual Stats FY 2025-2026/Final stats reports (for July 1)/Physical Collection Usage/UCD Physical Collection Usage",10,"saved_reference","savedRegularColumnRef","c788181f479f2fddd","FY 2025-26 Loans (Not In House)","Fulfillment - FY 2025-26 Loans (Not In House)",,,"sqlExpression","""Loan"".""Loans (Not In House)""",0,229,"Fulfillment - FY 2025-26 Loans (Not In House)","Loan","FY 2025-26 Loans (Not In House)","/shared/University of California System 01UCS_NETWORK/Reports/Local Requests/Annual Statistic Reports/Annual Stats FY 2025-2026/Fulfillment - FY 2025-26 Loans (Not In House)",TRUE,
"C82","report_column",47,"UCD Risk Management Report","Physical Items","/shared/University of California System 01UCS_NETWORK/Reports/Local Requests/Annual Statistic Reports/Annual Stats FY 2025-2026/Final stats reports (for July 1)/Risk Management/UCD Risk Management Report",1,"saved_reference","savedRegularColumnRef","c21b2e4b70db7edf9","campus designator","campus designator",,,,,0,,,,,"/shared/University of California System 01UCS_NETWORK/Reports/Local Requests/Annual Statistic Reports/Annual Stats FY 2025-2026/UCD SLF/campus designator",FALSE,
"C83","report_column",47,"UCD Risk Management Report","Physical Items","/shared/University of California System 01UCS_NETWORK/Reports/Local Requests/Annual Statistic Reports/Annual Stats FY 2025-2026/Final stats reports (for July 1)/Risk Management/UCD Risk Management Report",2,"inline","regularColumn","cda1deb08987e1fa6","""Location"".""Library Name""","""Location"".""Library Name""",,,"sqlExpression","""Location"".""Library Name""",0,,,,,,,
"C84","report_column",47,"UCD Risk Management Report","Physical Items","/shared/University of California System 01UCS_NETWORK/Reports/Local Requests/Annual Statistic Reports/Annual Stats FY 2025-2026/Final stats reports (for July 1)/Risk Management/UCD Risk Management Report",3,"inline","regularColumn","cadaf9cc700ae3f42","""Location"".""Library Code""","""Location"".""Library Code""",,,"sqlExpression","""Location"".""Library Code""",0,,,,,,,
"C85","report_column",47,"UCD Risk Management Report","Physical Items","/shared/University of California System 01UCS_NETWORK/Reports/Local Requests/Annual Statistic Reports/Annual Stats FY 2025-2026/Final stats reports (for July 1)/Risk Management/UCD Risk Management Report",4,"inline","regularColumn","c5afc6e62fd22fed4","""Location"".""Location Name""","""Location"".""Location Name""",,,"sqlExpression","""Location"".""Location Name""",0,,,,,,,
"C86","report_column",47,"UCD Risk Management Report","Physical Items","/shared/University of California System 01UCS_NETWORK/Reports/Local Requests/Annual Statistic Reports/Annual Stats FY 2025-2026/Final stats reports (for July 1)/Risk Management/UCD Risk Management Report",5,"inline","regularColumn","c4bd0ce8049e7404a","""Location"".""Location Code""","""Location"".""Location Code""",,,"sqlExpression","""Location"".""Location Code""",0,,,,,,,
"C87","report_column",47,"UCD Risk Management Report","Physical Items","/shared/University of California System 01UCS_NETWORK/Reports/Local Requests/Annual Statistic Reports/Annual Stats FY 2025-2026/Final stats reports (for July 1)/Risk Management/UCD Risk Management Report",6,"inline","regularColumn","c3fbb3c640afacc26","""Bibliographic Details"".""Resource Type""","""Bibliographic Details"".""Resource Type""",,,"sqlExpression","""Bibliographic Details"".""Resource Type""",0,,,,,,,
"C88","report_column",47,"UCD Risk Management Report","Physical Items","/shared/University of California System 01UCS_NETWORK/Reports/Local Requests/Annual Statistic Reports/Annual Stats FY 2025-2026/Final stats reports (for July 1)/Risk Management/UCD Risk Management Report",7,"saved_reference","savedRegularColumnRef","c58d561c93b74bb3b","Count of Physical Holdings","Count of Physical Holdings",,,,,0,,,,,"/shared/University of California System 01UCS_NETWORK/Reports/Local Requests/Annual Statistic Reports/Annual Stats FY 2025-2026/Count of Physical Holdings",FALSE,
"C89","report_column",51,"UCB Check-Out Type Categorization Report","Fulfillment","/shared/University of California System 01UCS_NETWORK/Reports/Local Requests/Annual Statistic Reports/Annual Stats FY 2025-2026/Preparation review reports/Fulfillment preparation review reports/UCB Check-Out Type Categorization Report",1,"inline","regularColumn","c17e17e501ce87f05","""Institution"".""Institution Name""","""Institution"".""Institution Name""",,,"sqlExpression","""Institution"".""Institution Name""",0,,,,,,,
"C90","report_column",51,"UCB Check-Out Type Categorization Report","Fulfillment","/shared/University of California System 01UCS_NETWORK/Reports/Local Requests/Annual Statistic Reports/Annual Stats FY 2025-2026/Preparation review reports/Fulfillment preparation review reports/UCB Check-Out Type Categorization Report",2,"saved_reference","savedRegularColumnRef","c7ee0cd1184af9908","UCB Check-Out Type","UCB Check-Out Type",,,,,0,,,,,"/shared/University of California System 01UCS_NETWORK/Reports/Local Requests/Annual Statistic Reports/Annual Stats FY 2025-2026/UCB Check-Out Type",FALSE,
"C91","report_column",51,"UCB Check-Out Type Categorization Report","Fulfillment","/shared/University of California System 01UCS_NETWORK/Reports/Local Requests/Annual Statistic Reports/Annual Stats FY 2025-2026/Preparation review reports/Fulfillment preparation review reports/UCB Check-Out Type Categorization Report",3,"inline","regularColumn","cfc84f6d81af621a3","""Item Location at Time of Loan"".""Library Name""","""Item Location at Time of Loan"".""Library Name""",,,"sqlExpression","""Item Location at Time of Loan"".""Library Name""",0,,,,,,,
"C92","report_column",51,"UCB Check-Out Type Categorization Report","Fulfillment","/shared/University of California System 01UCS_NETWORK/Reports/Local Requests/Annual Statistic Reports/Annual Stats FY 2025-2026/Preparation review reports/Fulfillment preparation review reports/UCB Check-Out Type Categorization Report",4,"inline","regularColumn","cf9c8876bf49acbab","""Item Location at Time of Loan"".""Library Code""","""Item Location at Time of Loan"".""Library Code""",,,"sqlExpression","""Item Location at Time of Loan"".""Library Code""",0,,,,,,,
"C93","report_column",51,"UCB Check-Out Type Categorization Report","Fulfillment","/shared/University of California System 01UCS_NETWORK/Reports/Local Requests/Annual Statistic Reports/Annual Stats FY 2025-2026/Preparation review reports/Fulfillment preparation review reports/UCB Check-Out Type Categorization Report",5,"inline","regularColumn","c1948351123828437","""Item Location at Time of Loan"".""Location Name""","""Item Location at Time of Loan"".""Location Name""",,,"sqlExpression","""Item Location at Time of Loan"".""Location Name""",0,,,,,,,
"C94","report_column",51,"UCB Check-Out Type Categorization Report","Fulfillment","/shared/University of California System 01UCS_NETWORK/Reports/Local Requests/Annual Statistic Reports/Annual Stats FY 2025-2026/Preparation review reports/Fulfillment preparation review reports/UCB Check-Out Type Categorization Report",6,"inline","regularColumn","c4f1b4ee883efae40","""Item Location at Time of Loan"".""Location Code""","""Item Location at Time of Loan"".""Location Code""",,,"sqlExpression","""Item Location at Time of Loan"".""Location Code""",0,,,,,,,
"C95","report_column",51,"UCB Check-Out Type Categorization Report","Fulfillment","/shared/University of California System 01UCS_NETWORK/Reports/Local Requests/Annual Statistic Reports/Annual Stats FY 2025-2026/Preparation review reports/Fulfillment preparation review reports/UCB Check-Out Type Categorization Report",7,"saved_reference","savedRegularColumnRef","cac46e3a38d77cd15","FY 2025-26 Loans (Not In House)","FY 2025-26 Loans (Not In House)",,,,,0,,,,,"/shared/University of California System 01UCS_NETWORK/Reports/Local Requests/Annual Statistic Reports/Annual Stats FY 2025-2026/FY 2025-26 Loans (Not In House)",FALSE,
"C96","report_column",52,"UCD eResources Library Categorization Report","E-Inventory","/shared/University of California System 01UCS_NETWORK/Reports/Local Requests/Annual Statistic Reports/Annual Stats FY 2025-2026/Preparation review reports/Electronic preparation review reports/UCD eResources Library Categorization Report",1,"inline","regularColumn","c2a53da92d15619df","""Institution"".""Institution Name""","""Institution"".""Institution Name""",,,"sqlExpression","""Institution"".""Institution Name""",0,,,,,,,
"C97","report_column",52,"UCD eResources Library Categorization Report","E-Inventory","/shared/University of California System 01UCS_NETWORK/Reports/Local Requests/Annual Statistic Reports/Annual Stats FY 2025-2026/Preparation review reports/Electronic preparation review reports/UCD eResources Library Categorization Report",2,"saved_reference","savedRegularColumnRef","c93c38f9d46dde768","eResources Library Stats Category","Electronic - Global Stats Electronic Library Categories",,,"binned","""Portfolio Library Unit"".""Library Name""",4,24,"Electronic - Global Stats Electronic Library Categories","UCOP Stats","eResources Library Stats Category","/shared/University of California System 01UCS_NETWORK/Reports/Local Requests/Annual Statistic Reports/Annual Stats FY 2025-2026/Electronic - Global Stats Electronic Library Categories",TRUE,
"C98","report_column",52,"UCD eResources Library Categorization Report","E-Inventory","/shared/University of California System 01UCS_NETWORK/Reports/Local Requests/Annual Statistic Reports/Annual Stats FY 2025-2026/Preparation review reports/Electronic preparation review reports/UCD eResources Library Categorization Report",3,"inline","regularColumn","c16b804d4f2a9bfed","""Portfolio Library Unit"".""Library Name""","""Portfolio Library Unit"".""Library Name""",,,"sqlExpression","""Portfolio Library Unit"".""Library Name""",0,,,,,,,
"C99","report_column",52,"UCD eResources Library Categorization Report","E-Inventory","/shared/University of California System 01UCS_NETWORK/Reports/Local Requests/Annual Statistic Reports/Annual Stats FY 2025-2026/Preparation review reports/Electronic preparation review reports/UCD eResources Library Categorization Report",4,"inline","regularColumn","c9a2b1a7e8a8fa595","""Portfolio Library Unit"".""Library Code""","""Portfolio Library Unit"".""Library Code""",,,"sqlExpression","""Portfolio Library Unit"".""Library Code""",0,,,,,,,
"C100","report_column",55,"UCD Library categorization report","Physical Items","/shared/University of California System 01UCS_NETWORK/Reports/Local Requests/Annual Statistic Reports/Annual Stats FY 2025-2026/Preparation review reports/Physical preparation review reports/UCD Library categorization report",1,"saved_reference","savedRegularColumnRef","c21b2e4b70db7edf9","campus designator","campus designator",,,,,0,,,,,"/shared/University of California System 01UCS_NETWORK/Reports/Local Requests/Annual Statistic Reports/Annual Stats FY 2025-2026/UCD SLF/campus designator",FALSE,
"C101","report_column",55,"UCD Library categorization report","Physical Items","/shared/University of California System 01UCS_NETWORK/Reports/Local Requests/Annual Statistic Reports/Annual Stats FY 2025-2026/Preparation review reports/Physical preparation review reports/UCD Library categorization report",2,"saved_reference","savedRegularColumnRef","c2798a8e7f608032b","UCD Library Stats Category","UCD Library Stats Category",,,,,0,,,,,"/shared/University of California System 01UCS_NETWORK/Reports/Local Requests/Annual Statistic Reports/Annual Stats FY 2025-2026/UCD Library Stats Category",FALSE,
"C102","report_column",55,"UCD Library categorization report","Physical Items","/shared/University of California System 01UCS_NETWORK/Reports/Local Requests/Annual Statistic Reports/Annual Stats FY 2025-2026/Preparation review reports/Physical preparation review reports/UCD Library categorization report",3,"inline","regularColumn","cda1deb08987e1fa6","""Location"".""Library Name""","""Location"".""Library Name""",,,"sqlExpression","""Location"".""Library Name""",0,,,,,,,
"C103","report_column",55,"UCD Library categorization report","Physical Items","/shared/University of California System 01UCS_NETWORK/Reports/Local Requests/Annual Statistic Reports/Annual Stats FY 2025-2026/Preparation review reports/Physical preparation review reports/UCD Library categorization report",4,"inline","regularColumn","cadaf9cc700ae3f42","""Location"".""Library Code""","""Location"".""Library Code""",,,"sqlExpression","""Location"".""Library Code""",0,,,,,,,
"C104","report_column",55,"UCD Library categorization report","Physical Items","/shared/University of California System 01UCS_NETWORK/Reports/Local Requests/Annual Statistic Reports/Annual Stats FY 2025-2026/Preparation review reports/Physical preparation review reports/UCD Library categorization report",5,"inline","regularColumn","c5afc6e62fd22fed4","""Location"".""Location Name""","""Location"".""Location Name""",,,"sqlExpression","""Location"".""Location Name""",0,,,,,,,
"C105","report_column",55,"UCD Library categorization report","Physical Items","/shared/University of California System 01UCS_NETWORK/Reports/Local Requests/Annual Statistic Reports/Annual Stats FY 2025-2026/Preparation review reports/Physical preparation review reports/UCD Library categorization report",6,"inline","regularColumn","c4bd0ce8049e7404a","""Location"".""Location Code""","""Location"".""Location Code""",,,"sqlExpression","""Location"".""Location Code""",0,,,,,,,
"C106","report_column",55,"UCD Library categorization report","Physical Items","/shared/University of California System 01UCS_NETWORK/Reports/Local Requests/Annual Statistic Reports/Annual Stats FY 2025-2026/Preparation review reports/Physical preparation review reports/UCD Library categorization report",7,"saved_reference","savedRegularColumnRef","c58d561c93b74bb3b","Count of Physical Holdings","Count of Physical Holdings",,,,,0,,,,,"/shared/University of California System 01UCS_NETWORK/Reports/Local Requests/Annual Statistic Reports/Annual Stats FY 2025-2026/Count of Physical Holdings",FALSE,
"C107","report_column",55,"UCD Library categorization report","Physical Items","/shared/University of California System 01UCS_NETWORK/Reports/Local Requests/Annual Statistic Reports/Annual Stats FY 2025-2026/Preparation review reports/Physical preparation review reports/UCD Library categorization report",8,"saved_reference","savedRegularColumnRef","cffeca8ebc78e9327","Count of Physical Titles","Count of Physical Titles",,,,,0,,,,,"/shared/University of California System 01UCS_NETWORK/Reports/Local Requests/Annual Statistic Reports/Annual Stats FY 2025-2026/Count of Physical Titles",FALSE,
"C108","report_column",56,"UCD eResources Comparison Report","E-Inventory","/shared/University of California System 01UCS_NETWORK/Reports/Local Requests/Annual Statistic Reports/Annual Stats FY 2025-2026/Final stats reports (for July 1)/eResources Comparison/UCD eResources Comparison Report",1,"saved_reference","savedRegularColumnRef","cf74c7a251dc67143","eResources include/exclude designator","excluded designator",,,"binned","""Electronic Collection"".""Electronic Collection Interface Name""",33,7,"Electronic - Global Stats Electronic included/excluded designator","Electronic Collection","eResources include/exclude designator","/shared/University of California System 01UCS_NETWORK/Reports/Local Requests/Annual Statistic Reports/Annual Stats FY 2025-2026/Electronic - Global Stats Electronic included/excluded designator",TRUE,
"C109","report_column",56,"UCD eResources Comparison Report","E-Inventory","/shared/University of California System 01UCS_NETWORK/Reports/Local Requests/Annual Statistic Reports/Annual Stats FY 2025-2026/Final stats reports (for July 1)/eResources Comparison/UCD eResources Comparison Report",2,"saved_reference","savedRegularColumnRef","c8a022155aed0f0c2","UCD eResources Managed By designator","Electronic - UCD eResources Managed By designator",,,"binned","""Institution"".""Institution Name""",3,100,"Electronic - UCD eResources Managed By designator","Institution","UCD eResources Managed By designator","/shared/University of California System 01UCS_NETWORK/Reports/Local Requests/Annual Statistic Reports/Annual Stats FY 2025-2026/Electronic - UCD eResources Managed By designator",TRUE,
"C110","report_column",56,"UCD eResources Comparison Report","E-Inventory","/shared/University of California System 01UCS_NETWORK/Reports/Local Requests/Annual Statistic Reports/Annual Stats FY 2025-2026/Final stats reports (for July 1)/eResources Comparison/UCD eResources Comparison Report",3,"saved_reference","savedRegularColumnRef","c36a5b245db236eab","eResources Library Stats Category","Electronic - Global Stats Electronic Library Categories",,,"binned","""Portfolio Library Unit"".""Library Name""",4,24,"Electronic - Global Stats Electronic Library Categories","UCOP Stats","eResources Library Stats Category","/shared/University of California System 01UCS_NETWORK/Reports/Local Requests/Annual Statistic Reports/Annual Stats FY 2025-2026/Electronic - Global Stats Electronic Library Categories",TRUE,
"C111","report_column",56,"UCD eResources Comparison Report","E-Inventory","/shared/University of California System 01UCS_NETWORK/Reports/Local Requests/Annual Statistic Reports/Annual Stats FY 2025-2026/Final stats reports (for July 1)/eResources Comparison/UCD eResources Comparison Report",4,"inline","regularColumn","c2561f7702069cbe0","""Electronic Collection"".""Electronic Collection Interface Name""","""Electronic Collection"".""Electronic Collection Interface Name""",,,"sqlExpression","""Electronic Collection"".""Electronic Collection Interface Name""",0,,,,,,,
"C112","report_column",56,"UCD eResources Comparison Report","E-Inventory","/shared/University of California System 01UCS_NETWORK/Reports/Local Requests/Annual Statistic Reports/Annual Stats FY 2025-2026/Final stats reports (for July 1)/eResources Comparison/UCD eResources Comparison Report",5,"saved_reference","savedRegularColumnRef","cd040aaf855b113e6","Holdings","Electronic - Count of Electronic Holdings",,,"sqlExpression","COUNT(DISTINCT ""Portfolio"".""Portfolio Id"")",0,1,"Electronic - Count of Electronic Holdings","Portfolio","Holdings","/shared/University of California System 01UCS_NETWORK/Reports/Local Requests/Annual Statistic Reports/Annual Stats FY 2025-2026/Electronic - Count of Electronic Holdings",TRUE,
"C113","report_column",56,"UCD eResources Comparison Report","E-Inventory","/shared/University of California System 01UCS_NETWORK/Reports/Local Requests/Annual Statistic Reports/Annual Stats FY 2025-2026/Final stats reports (for July 1)/eResources Comparison/UCD eResources Comparison Report",6,"saved_reference","savedRegularColumnRef","c29ba20f3074788c6","Titles","Electronic - Count of Electronic Titles",,,"sqlExpression","COUNT(DISTINCT ""Bibliographic Details"".""MMS Id"")",0,2,"Electronic - Count of Electronic Titles","Bibliographic Details","Titles","/shared/University of California System 01UCS_NETWORK/Reports/Local Requests/Annual Statistic Reports/Annual Stats FY 2025-2026/Electronic - Count of Electronic Titles",TRUE,
"C114","report_column",60,"UCB User Group Categorization Report","Fulfillment","/shared/University of California System 01UCS_NETWORK/Reports/Local Requests/Annual Statistic Reports/Annual Stats FY 2025-2026/Preparation review reports/Fulfillment preparation review reports/UCB User Group Categorization Report",1,"inline","regularColumn","cb18fc9e7ed5e320d","""Institution"".""Institution Name""","""Institution"".""Institution Name""",,,"sqlExpression","""Institution"".""Institution Name""",0,,,,,,,
"C115","report_column",60,"UCB User Group Categorization Report","Fulfillment","/shared/University of California System 01UCS_NETWORK/Reports/Local Requests/Annual Statistic Reports/Annual Stats FY 2025-2026/Preparation review reports/Fulfillment preparation review reports/UCB User Group Categorization Report",2,"saved_reference","savedRegularColumnRef","c637d2fefda1719f3","UCB User Group","UCB User Group",,,,,0,,,,,"/shared/University of California System 01UCS_NETWORK/Reports/Local Requests/Annual Statistic Reports/Annual Stats FY 2025-2026/UCB User Group",FALSE,
"C116","report_column",60,"UCB User Group Categorization Report","Fulfillment","/shared/University of California System 01UCS_NETWORK/Reports/Local Requests/Annual Statistic Reports/Annual Stats FY 2025-2026/Preparation review reports/Fulfillment preparation review reports/UCB User Group Categorization Report",3,"inline","regularColumn","cc12e2f6a85a8127f","""Borrower Details"".""User Group""","""Borrower Details"".""User Group""",,,"sqlExpression","""Borrower Details"".""User Group""",0,,,,,,,
"C117","report_column",65,"UCD Electronic Holdings and Titles Report","E-Inventory","/shared/University of California System 01UCS_NETWORK/Reports/Local Requests/Annual Statistic Reports/Annual Stats FY 2025-2026/Final stats reports (for July 1)/Electronic/UCD Electronic Holdings and Titles Report",1,"saved_reference","savedRegularColumnRef","cf74c7a251dc67143","eResources include/exclude designator","excluded designator",,,"binned","""Electronic Collection"".""Electronic Collection Interface Name""",33,7,"Electronic - Global Stats Electronic included/excluded designator","Electronic Collection","eResources include/exclude designator","/shared/University of California System 01UCS_NETWORK/Reports/Local Requests/Annual Statistic Reports/Annual Stats FY 2025-2026/Electronic - Global Stats Electronic included/excluded designator",TRUE,
"C118","report_column",65,"UCD Electronic Holdings and Titles Report","E-Inventory","/shared/University of California System 01UCS_NETWORK/Reports/Local Requests/Annual Statistic Reports/Annual Stats FY 2025-2026/Final stats reports (for July 1)/Electronic/UCD Electronic Holdings and Titles Report",2,"saved_reference","savedRegularColumnRef","c8a022155aed0f0c2","UCD eResources Managed By designator","Electronic - UCD eResources Managed By designator",,,"binned","""Institution"".""Institution Name""",3,100,"Electronic - UCD eResources Managed By designator","Institution","UCD eResources Managed By designator","/shared/University of California System 01UCS_NETWORK/Reports/Local Requests/Annual Statistic Reports/Annual Stats FY 2025-2026/Electronic - UCD eResources Managed By designator",TRUE,
"C119","report_column",65,"UCD Electronic Holdings and Titles Report","E-Inventory","/shared/University of California System 01UCS_NETWORK/Reports/Local Requests/Annual Statistic Reports/Annual Stats FY 2025-2026/Final stats reports (for July 1)/Electronic/UCD Electronic Holdings and Titles Report",3,"saved_reference","savedRegularColumnRef","c36a5b245db236eab","eResources Library Stats Category","Electronic - Global Stats Electronic Library Categories",,,"binned","""Portfolio Library Unit"".""Library Name""",4,24,"Electronic - Global Stats Electronic Library Categories","UCOP Stats","eResources Library Stats Category","/shared/University of California System 01UCS_NETWORK/Reports/Local Requests/Annual Statistic Reports/Annual Stats FY 2025-2026/Electronic - Global Stats Electronic Library Categories",TRUE,
"C120","report_column",65,"UCD Electronic Holdings and Titles Report","E-Inventory","/shared/University of California System 01UCS_NETWORK/Reports/Local Requests/Annual Statistic Reports/Annual Stats FY 2025-2026/Final stats reports (for July 1)/Electronic/UCD Electronic Holdings and Titles Report",4,"inline","regularColumn","c30a5d9e17875098b","""Bibliographic Details"".""Resource Type""","""Bibliographic Details"".""Resource Type""",,,"sqlExpression","""Bibliographic Details"".""Resource Type""",0,,,,,,,
"C121","report_column",65,"UCD Electronic Holdings and Titles Report","E-Inventory","/shared/University of California System 01UCS_NETWORK/Reports/Local Requests/Annual Statistic Reports/Annual Stats FY 2025-2026/Final stats reports (for July 1)/Electronic/UCD Electronic Holdings and Titles Report",5,"saved_reference","savedRegularColumnRef","cd040aaf855b113e6","Holdings","Electronic - Count of Electronic Holdings",,,"sqlExpression","COUNT(DISTINCT ""Portfolio"".""Portfolio Id"")",0,1,"Electronic - Count of Electronic Holdings","Portfolio","Holdings","/shared/University of California System 01UCS_NETWORK/Reports/Local Requests/Annual Statistic Reports/Annual Stats FY 2025-2026/Electronic - Count of Electronic Holdings",TRUE,
"C122","report_column",65,"UCD Electronic Holdings and Titles Report","E-Inventory","/shared/University of California System 01UCS_NETWORK/Reports/Local Requests/Annual Statistic Reports/Annual Stats FY 2025-2026/Final stats reports (for July 1)/Electronic/UCD Electronic Holdings and Titles Report",6,"saved_reference","savedRegularColumnRef","c29ba20f3074788c6","Titles","Electronic - Count of Electronic Titles",,,"sqlExpression","COUNT(DISTINCT ""Bibliographic Details"".""MMS Id"")",0,2,"Electronic - Count of Electronic Titles","Bibliographic Details","Titles","/shared/University of California System 01UCS_NETWORK/Reports/Local Requests/Annual Statistic Reports/Annual Stats FY 2025-2026/Electronic - Count of Electronic Titles",TRUE,
"C123","report_column",66,"UCI Physical Collection Usage","Fulfillment","/shared/University of California System 01UCS_NETWORK/Reports/Local Requests/Annual Statistic Reports/Annual Stats FY 2025-2026/Final stats reports (for July 1)/Physical Collection Usage/UCI Physical Collection Usage",1,"saved_reference","savedRegularColumnRef","c6c3d3224ecec9695","Fulfillment Institution","Fulfillment - Fulfillment Institution",,,"binned","""Institution"".""Institution Name""",12,224,"Fulfillment - Fulfillment Institution","Institution","Fulfillment Institution","/shared/University of California System 01UCS_NETWORK/Reports/Local Requests/Annual Statistic Reports/Annual Stats FY 2025-2026/Fulfillment - Fulfillment Institution",TRUE,
"C124","report_column",66,"UCI Physical Collection Usage","Fulfillment","/shared/University of California System 01UCS_NETWORK/Reports/Local Requests/Annual Statistic Reports/Annual Stats FY 2025-2026/Final stats reports (for July 1)/Physical Collection Usage/UCI Physical Collection Usage",2,"saved_reference","savedRegularColumnRef","cf1a50928b13048ca","UCI Library Stats Category","Physical - UCI Library Stats Category",,,"binned","""Location"".""Library Code""",7,277,"Physical - UCI Library Stats Category","Location","UCI Library Stats Category","/shared/University of California System 01UCS_NETWORK/Reports/Local Requests/Annual Statistic Reports/Annual Stats FY 2025-2026/Physical - UCI Library Stats Category",TRUE,
"C125","report_column",66,"UCI Physical Collection Usage","Fulfillment","/shared/University of California System 01UCS_NETWORK/Reports/Local Requests/Annual Statistic Reports/Annual Stats FY 2025-2026/Final stats reports (for July 1)/Physical Collection Usage/UCI Physical Collection Usage",3,"inline","regularColumn","c137daef7b8cee34c","""Item Location at Time of Loan"".""Library Name""","""Item Location at Time of Loan"".""Library Name""",,,"sqlExpression","""Item Location at Time of Loan"".""Library Name""",0,,,,,,,
"C126","report_column",66,"UCI Physical Collection Usage","Fulfillment","/shared/University of California System 01UCS_NETWORK/Reports/Local Requests/Annual Statistic Reports/Annual Stats FY 2025-2026/Final stats reports (for July 1)/Physical Collection Usage/UCI Physical Collection Usage",4,"inline","regularColumn","ca3a8aee495cce00b","""Item Location at Time of Loan"".""Library Code""","""Item Location at Time of Loan"".""Library Code""",,,"sqlExpression","""Item Location at Time of Loan"".""Library Code""",0,,,,,,,
"C127","report_column",66,"UCI Physical Collection Usage","Fulfillment","/shared/University of California System 01UCS_NETWORK/Reports/Local Requests/Annual Statistic Reports/Annual Stats FY 2025-2026/Final stats reports (for July 1)/Physical Collection Usage/UCI Physical Collection Usage",5,"inline","regularColumn","ccf9b236569d58205","""Item Location at Time of Loan"".""Location Name""","""Item Location at Time of Loan"".""Location Name""",,,"sqlExpression","""Item Location at Time of Loan"".""Location Name""",0,,,,,,,
"C128","report_column",66,"UCI Physical Collection Usage","Fulfillment","/shared/University of California System 01UCS_NETWORK/Reports/Local Requests/Annual Statistic Reports/Annual Stats FY 2025-2026/Final stats reports (for July 1)/Physical Collection Usage/UCI Physical Collection Usage",6,"inline","regularColumn","c24d3cce65a7e222f","""Item Location at Time of Loan"".""Location Code""","""Item Location at Time of Loan"".""Location Code""",,,"sqlExpression","""Item Location at Time of Loan"".""Location Code""",0,,,,,,,
"C129","report_column",66,"UCI Physical Collection Usage","Fulfillment","/shared/University of California System 01UCS_NETWORK/Reports/Local Requests/Annual Statistic Reports/Annual Stats FY 2025-2026/Final stats reports (for July 1)/Physical Collection Usage/UCI Physical Collection Usage",7,"saved_reference","savedRegularColumnRef","cab81dbc649b31702","UCI Check-Out Type","Fulfillment - UCI Check-Out Type",,,"binned","""Item Location at Time of Loan"".""Location Code""",7,242,"Fulfillment - UCI Check-Out Type","Item Location at Time of Loan","UCI Check-Out Type","/shared/University of California System 01UCS_NETWORK/Reports/Local Requests/Annual Statistic Reports/Annual Stats FY 2025-2026/Fulfillment - UCI Check-Out Type",TRUE,
"C130","report_column",66,"UCI Physical Collection Usage","Fulfillment","/shared/University of California System 01UCS_NETWORK/Reports/Local Requests/Annual Statistic Reports/Annual Stats FY 2025-2026/Final stats reports (for July 1)/Physical Collection Usage/UCI Physical Collection Usage",8,"saved_reference","savedRegularColumnRef","c74465b29644361e6","Alma User Group","Fulfillment - Alma User Group",,,"sqlExpression","""Borrower Details"".""User Group""",0,222,"Fulfillment - Alma User Group","Borrower Details","Alma User Group","/shared/University of California System 01UCS_NETWORK/Reports/Local Requests/Annual Statistic Reports/Annual Stats FY 2025-2026/Fulfillment - Alma User Group",TRUE,
"C131","report_column",66,"UCI Physical Collection Usage","Fulfillment","/shared/University of California System 01UCS_NETWORK/Reports/Local Requests/Annual Statistic Reports/Annual Stats FY 2025-2026/Final stats reports (for July 1)/Physical Collection Usage/UCI Physical Collection Usage",9,"saved_reference","savedRegularColumnRef","c401d7507fc37bf6c","UCI User Group (for reporting)","Fulfillment - UCI User Group",,,"binned","""Borrower Details"".""User Group""",10,244,"Fulfillment - UCI User Group","Borrower Details","UCI User Group (for reporting)","/shared/University of California System 01UCS_NETWORK/Reports/Local Requests/Annual Statistic Reports/Annual Stats FY 2025-2026/Fulfillment - UCI User Group",TRUE,
"C132","report_column",66,"UCI Physical Collection Usage","Fulfillment","/shared/University of California System 01UCS_NETWORK/Reports/Local Requests/Annual Statistic Reports/Annual Stats FY 2025-2026/Final stats reports (for July 1)/Physical Collection Usage/UCI Physical Collection Usage",10,"saved_reference","savedRegularColumnRef","c7ffae2431bc46186","FY 2025-26 Loans (Not In House)","Fulfillment - FY 2025-26 Loans (Not In House)",,,"sqlExpression","""Loan"".""Loans (Not In House)""",0,229,"Fulfillment - FY 2025-26 Loans (Not In House)","Loan","FY 2025-26 Loans (Not In House)","/shared/University of California System 01UCS_NETWORK/Reports/Local Requests/Annual Statistic Reports/Annual Stats FY 2025-2026/Fulfillment - FY 2025-26 Loans (Not In House)",TRUE,
"C133","report_column",67,"UCI Risk Management Report","Physical Items","/shared/University of California System 01UCS_NETWORK/Reports/Local Requests/Annual Statistic Reports/Annual Stats FY 2025-2026/Final stats reports (for July 1)/Risk Management/UCI Risk Management Report",1,"saved_reference","savedRegularColumnRef","c4f42de06c3c981e3","campus designator","campus designator",,,,,0,,,,,"/shared/University of California System 01UCS_NETWORK/Reports/Local Requests/Annual Statistic Reports/Annual Stats FY 2025-2026/UCI SLF/campus designator",FALSE,
"C134","report_column",67,"UCI Risk Management Report","Physical Items","/shared/University of California System 01UCS_NETWORK/Reports/Local Requests/Annual Statistic Reports/Annual Stats FY 2025-2026/Final stats reports (for July 1)/Risk Management/UCI Risk Management Report",2,"inline","regularColumn","c3393832fcfb7bd4f","""Location"".""Library Name""","""Location"".""Library Name""",,,"sqlExpression","""Location"".""Library Name""",0,,,,,,,
"C135","report_column",67,"UCI Risk Management Report","Physical Items","/shared/University of California System 01UCS_NETWORK/Reports/Local Requests/Annual Statistic Reports/Annual Stats FY 2025-2026/Final stats reports (for July 1)/Risk Management/UCI Risk Management Report",3,"inline","regularColumn","c470460ecab5eb441","""Location"".""Library Code""","""Location"".""Library Code""",,,"sqlExpression","""Location"".""Library Code""",0,,,,,,,
"C136","report_column",67,"UCI Risk Management Report","Physical Items","/shared/University of California System 01UCS_NETWORK/Reports/Local Requests/Annual Statistic Reports/Annual Stats FY 2025-2026/Final stats reports (for July 1)/Risk Management/UCI Risk Management Report",4,"inline","regularColumn","caf603af9b0cd11dc","""Location"".""Location Name""","""Location"".""Location Name""",,,"sqlExpression","""Location"".""Location Name""",0,,,,,,,
"C137","report_column",67,"UCI Risk Management Report","Physical Items","/shared/University of California System 01UCS_NETWORK/Reports/Local Requests/Annual Statistic Reports/Annual Stats FY 2025-2026/Final stats reports (for July 1)/Risk Management/UCI Risk Management Report",5,"inline","regularColumn","ce5897f198b4b1081","""Location"".""Location Code""","""Location"".""Location Code""",,,"sqlExpression","""Location"".""Location Code""",0,,,,,,,
"C138","report_column",67,"UCI Risk Management Report","Physical Items","/shared/University of California System 01UCS_NETWORK/Reports/Local Requests/Annual Statistic Reports/Annual Stats FY 2025-2026/Final stats reports (for July 1)/Risk Management/UCI Risk Management Report",6,"inline","regularColumn","c3454e0b5095af659","""Bibliographic Details"".""Resource Type""","""Bibliographic Details"".""Resource Type""",,,"sqlExpression","""Bibliographic Details"".""Resource Type""",0,,,,,,,
"C139","report_column",67,"UCI Risk Management Report","Physical Items","/shared/University of California System 01UCS_NETWORK/Reports/Local Requests/Annual Statistic Reports/Annual Stats FY 2025-2026/Final stats reports (for July 1)/Risk Management/UCI Risk Management Report",7,"saved_reference","savedRegularColumnRef","c1bdbb3535ba01246","Count of Physical Holdings","Count of Physical Holdings",,,,,0,,,,,"/shared/University of California System 01UCS_NETWORK/Reports/Local Requests/Annual Statistic Reports/Annual Stats FY 2025-2026/Count of Physical Holdings",FALSE,
"C140","report_column",74,"SLF-S Added Physical Holdings and Titles Report","Physical Items","/shared/University of California System 01UCS_NETWORK/Reports/Local Requests/Annual Statistic Reports/Annual Stats FY 2025-2026/Final stats reports (for July 1)/Physical/SLF-S Added Physical Holdings and Titles Report",1,"saved_reference","savedRegularColumnRef","cdb4727d2a4bc0027","Systemwide Library Facility","Physical - Systemwide Library Facility",,,"binned","""Institution"".""Institution Name""",2,269,"Physical - Systemwide Library Facility","Institution","Systemwide Library Facility","/shared/University of California System 01UCS_NETWORK/Reports/Local Requests/Annual Statistic Reports/Annual Stats FY 2025-2026/Physical - Systemwide Library Facility",TRUE,
"C141","report_column",74,"SLF-S Added Physical Holdings and Titles Report","Physical Items","/shared/University of California System 01UCS_NETWORK/Reports/Local Requests/Annual Statistic Reports/Annual Stats FY 2025-2026/Final stats reports (for July 1)/Physical/SLF-S Added Physical Holdings and Titles Report",2,"saved_reference","savedRegularColumnRef","cebcc92d7b1b50b86","SLF Depositor","Physical - SLF Depositor",,,"binned","""Institution"".""Institution Name""",32,266,"Physical - SLF Depositor","Institution","SLF Depositor","/shared/University of California System 01UCS_NETWORK/Reports/Local Requests/Annual Statistic Reports/Annual Stats FY 2025-2026/Physical - SLF Depositor",TRUE,
"C142","report_column",74,"SLF-S Added Physical Holdings and Titles Report","Physical Items","/shared/University of California System 01UCS_NETWORK/Reports/Local Requests/Annual Statistic Reports/Annual Stats FY 2025-2026/Final stats reports (for July 1)/Physical/SLF-S Added Physical Holdings and Titles Report",3,"inline","regularColumn","cd4897b469b0520d2","""Location"".""Library Name""","""Location"".""Library Name""",,,"sqlExpression","""Location"".""Library Name""",0,,,,,,,
"C143","report_column",74,"SLF-S Added Physical Holdings and Titles Report","Physical Items","/shared/University of California System 01UCS_NETWORK/Reports/Local Requests/Annual Statistic Reports/Annual Stats FY 2025-2026/Final stats reports (for July 1)/Physical/SLF-S Added Physical Holdings and Titles Report",4,"inline","regularColumn","cb6b886e5442e7b4e","""Location"".""Library Code""","""Location"".""Library Code""",,,"sqlExpression","""Location"".""Library Code""",0,,,,,,,
"C144","report_column",74,"SLF-S Added Physical Holdings and Titles Report","Physical Items","/shared/University of California System 01UCS_NETWORK/Reports/Local Requests/Annual Statistic Reports/Annual Stats FY 2025-2026/Final stats reports (for July 1)/Physical/SLF-S Added Physical Holdings and Titles Report",5,"inline","regularColumn","c741826d9144c87ab","""Location"".""Location Name""","""Location"".""Location Name""",,,"sqlExpression","""Location"".""Location Name""",0,,,,,,,
"C145","report_column",74,"SLF-S Added Physical Holdings and Titles Report","Physical Items","/shared/University of California System 01UCS_NETWORK/Reports/Local Requests/Annual Statistic Reports/Annual Stats FY 2025-2026/Final stats reports (for July 1)/Physical/SLF-S Added Physical Holdings and Titles Report",6,"inline","regularColumn","c5f7c80cc993d72e0","""Location"".""Location Code""","""Location"".""Location Code""",,,"sqlExpression","""Location"".""Location Code""",0,,,,,,,
"C146","report_column",74,"SLF-S Added Physical Holdings and Titles Report","Physical Items","/shared/University of California System 01UCS_NETWORK/Reports/Local Requests/Annual Statistic Reports/Annual Stats FY 2025-2026/Final stats reports (for July 1)/Physical/SLF-S Added Physical Holdings and Titles Report",7,"inline","regularColumn","cf158c28723a11737","""Bibliographic Details"".""Resource Type""","""Bibliographic Details"".""Resource Type""",,,"sqlExpression","""Bibliographic Details"".""Resource Type""",0,,,,,,,
"C147","report_column",74,"SLF-S Added Physical Holdings and Titles Report","Physical Items","/shared/University of California System 01UCS_NETWORK/Reports/Local Requests/Annual Statistic Reports/Annual Stats FY 2025-2026/Final stats reports (for July 1)/Physical/SLF-S Added Physical Holdings and Titles Report",8,"inline","regularColumn","c3c18cc6d41630c5d","""Bibliographic Details"".""Material Type""","""Bibliographic Details"".""Material Type""",,,"sqlExpression","""Bibliographic Details"".""Material Type""",0,,,,,,,
"C148","report_column",74,"SLF-S Added Physical Holdings and Titles Report","Physical Items","/shared/University of California System 01UCS_NETWORK/Reports/Local Requests/Annual Statistic Reports/Annual Stats FY 2025-2026/Final stats reports (for July 1)/Physical/SLF-S Added Physical Holdings and Titles Report",9,"saved_reference","savedRegularColumnRef","c886b316b33474744","Holdings","Physical - Count of Physical Holdings",,,"sqlExpression","COUNT(DISTINCT ""Physical Item Details"".""Physical Item Id"")",0,262,"Physical - Count of Physical Holdings","Physical Item Details","Holdings","/shared/University of California System 01UCS_NETWORK/Reports/Local Requests/Annual Statistic Reports/Annual Stats FY 2025-2026/Physical - Count of Physical Holdings",TRUE,
"C149","report_column",74,"SLF-S Added Physical Holdings and Titles Report","Physical Items","/shared/University of California System 01UCS_NETWORK/Reports/Local Requests/Annual Statistic Reports/Annual Stats FY 2025-2026/Final stats reports (for July 1)/Physical/SLF-S Added Physical Holdings and Titles Report",10,"saved_reference","savedRegularColumnRef","c41b53947686dd560","Titles","Physical - Count of Physical Titles",,,"sqlExpression","COUNT(DISTINCT ""Bibliographic Details"".""MMS ID"")",0,263,"Physical - Count of Physical Titles","Bibliographic Details","Titles","/shared/University of California System 01UCS_NETWORK/Reports/Local Requests/Annual Statistic Reports/Annual Stats FY 2025-2026/Physical - Count of Physical Titles",TRUE,
"C150","report_column",83,"UCI Library Categorization Report","Physical Items","/shared/University of California System 01UCS_NETWORK/Reports/Local Requests/Annual Statistic Reports/Annual Stats FY 2025-2026/Preparation review reports/Physical preparation review reports/UCI Library Categorization Report",1,"saved_reference","savedRegularColumnRef","c4f42de06c3c981e3","campus designator","campus designator",,,,,0,,,,,"/shared/University of California System 01UCS_NETWORK/Reports/Local Requests/Annual Statistic Reports/Annual Stats FY 2025-2026/UCI SLF/campus designator",FALSE,
"C151","report_column",83,"UCI Library Categorization Report","Physical Items","/shared/University of California System 01UCS_NETWORK/Reports/Local Requests/Annual Statistic Reports/Annual Stats FY 2025-2026/Preparation review reports/Physical preparation review reports/UCI Library Categorization Report",2,"saved_reference","savedRegularColumnRef","ce45cf41d57b6d04c","UCI Library Stats Category","UCI Library Stats Category",,,,,0,,,,,"/shared/University of California System 01UCS_NETWORK/Reports/Local Requests/Annual Statistic Reports/Annual Stats FY 2025-2026/UCI Library Stats Category",FALSE,
"C152","report_column",83,"UCI Library Categorization Report","Physical Items","/shared/University of California System 01UCS_NETWORK/Reports/Local Requests/Annual Statistic Reports/Annual Stats FY 2025-2026/Preparation review reports/Physical preparation review reports/UCI Library Categorization Report",3,"inline","regularColumn","c3393832fcfb7bd4f","""Location"".""Library Name""","""Location"".""Library Name""",,,"sqlExpression","""Location"".""Library Name""",0,,,,,,,
"C153","report_column",83,"UCI Library Categorization Report","Physical Items","/shared/University of California System 01UCS_NETWORK/Reports/Local Requests/Annual Statistic Reports/Annual Stats FY 2025-2026/Preparation review reports/Physical preparation review reports/UCI Library Categorization Report",4,"inline","regularColumn","c470460ecab5eb441","""Location"".""Library Code""","""Location"".""Library Code""",,,"sqlExpression","""Location"".""Library Code""",0,,,,,,,
"C154","report_column",83,"UCI Library Categorization Report","Physical Items","/shared/University of California System 01UCS_NETWORK/Reports/Local Requests/Annual Statistic Reports/Annual Stats FY 2025-2026/Preparation review reports/Physical preparation review reports/UCI Library Categorization Report",5,"inline","regularColumn","caf603af9b0cd11dc","""Location"".""Location Name""","""Location"".""Location Name""",,,"sqlExpression","""Location"".""Location Name""",0,,,,,,,
"C155","report_column",83,"UCI Library Categorization Report","Physical Items","/shared/University of California System 01UCS_NETWORK/Reports/Local Requests/Annual Statistic Reports/Annual Stats FY 2025-2026/Preparation review reports/Physical preparation review reports/UCI Library Categorization Report",6,"inline","regularColumn","ce5897f198b4b1081","""Location"".""Location Code""","""Location"".""Location Code""",,,"sqlExpression","""Location"".""Location Code""",0,,,,,,,
"C156","report_column",83,"UCI Library Categorization Report","Physical Items","/shared/University of California System 01UCS_NETWORK/Reports/Local Requests/Annual Statistic Reports/Annual Stats FY 2025-2026/Preparation review reports/Physical preparation review reports/UCI Library Categorization Report",7,"saved_reference","savedRegularColumnRef","c1bdbb3535ba01246","Count of Physical Holdings","Count of Physical Holdings",,,,,0,,,,,"/shared/University of California System 01UCS_NETWORK/Reports/Local Requests/Annual Statistic Reports/Annual Stats FY 2025-2026/Count of Physical Holdings",FALSE,
"C157","report_column",83,"UCI Library Categorization Report","Physical Items","/shared/University of California System 01UCS_NETWORK/Reports/Local Requests/Annual Statistic Reports/Annual Stats FY 2025-2026/Preparation review reports/Physical preparation review reports/UCI Library Categorization Report",8,"saved_reference","savedRegularColumnRef","c7b942a9dc7fc789c","Count of Physical Titles","Count of Physical Titles",,,,,0,,,,,"/shared/University of California System 01UCS_NETWORK/Reports/Local Requests/Annual Statistic Reports/Annual Stats FY 2025-2026/Count of Physical Titles",FALSE,
"C158","report_column",85,"UCI eResources Library Categorization Report","E-Inventory","/shared/University of California System 01UCS_NETWORK/Reports/Local Requests/Annual Statistic Reports/Annual Stats FY 2025-2026/Preparation review reports/Electronic preparation review reports/UCI eResources Library Categorization Report",1,"inline","regularColumn","c2a53da92d15619df","""Institution"".""Institution Name""","""Institution"".""Institution Name""",,,"sqlExpression","""Institution"".""Institution Name""",0,,,,,,,
"C159","report_column",85,"UCI eResources Library Categorization Report","E-Inventory","/shared/University of California System 01UCS_NETWORK/Reports/Local Requests/Annual Statistic Reports/Annual Stats FY 2025-2026/Preparation review reports/Electronic preparation review reports/UCI eResources Library Categorization Report",2,"saved_reference","savedRegularColumnRef","c93c38f9d46dde768","eResources Library Stats Category","Electronic - Global Stats Electronic Library Categories",,,"binned","""Portfolio Library Unit"".""Library Name""",4,24,"Electronic - Global Stats Electronic Library Categories","UCOP Stats","eResources Library Stats Category","/shared/University of California System 01UCS_NETWORK/Reports/Local Requests/Annual Statistic Reports/Annual Stats FY 2025-2026/Electronic - Global Stats Electronic Library Categories",TRUE,
"C160","report_column",85,"UCI eResources Library Categorization Report","E-Inventory","/shared/University of California System 01UCS_NETWORK/Reports/Local Requests/Annual Statistic Reports/Annual Stats FY 2025-2026/Preparation review reports/Electronic preparation review reports/UCI eResources Library Categorization Report",3,"inline","regularColumn","c16b804d4f2a9bfed","""Portfolio Library Unit"".""Library Name""","""Portfolio Library Unit"".""Library Name""",,,"sqlExpression","""Portfolio Library Unit"".""Library Name""",0,,,,,,,
"C161","report_column",85,"UCI eResources Library Categorization Report","E-Inventory","/shared/University of California System 01UCS_NETWORK/Reports/Local Requests/Annual Statistic Reports/Annual Stats FY 2025-2026/Preparation review reports/Electronic preparation review reports/UCI eResources Library Categorization Report",4,"inline","regularColumn","c9a2b1a7e8a8fa595","""Portfolio Library Unit"".""Library Code""","""Portfolio Library Unit"".""Library Code""",,,"sqlExpression","""Portfolio Library Unit"".""Library Code""",0,,,,,,,
"C162","report_column",89,"UCD Check-Out Type Categorization Report","Fulfillment","/shared/University of California System 01UCS_NETWORK/Reports/Local Requests/Annual Statistic Reports/Annual Stats FY 2025-2026/Preparation review reports/Fulfillment preparation review reports/UCD Check-Out Type Categorization Report",1,"inline","regularColumn","ca44030fab207e91f","""Institution"".""Institution Name""","""Institution"".""Institution Name""",,,"sqlExpression","""Institution"".""Institution Name""",0,,,,,,,
"C163","report_column",89,"UCD Check-Out Type Categorization Report","Fulfillment","/shared/University of California System 01UCS_NETWORK/Reports/Local Requests/Annual Statistic Reports/Annual Stats FY 2025-2026/Preparation review reports/Fulfillment preparation review reports/UCD Check-Out Type Categorization Report",2,"saved_reference","savedRegularColumnRef","cc2a688a12d582565","UCD Check-Out Type","UCD Check-Out Type",,,,,0,,,,,"/shared/University of California System 01UCS_NETWORK/Reports/Local Requests/Annual Statistic Reports/Annual Stats FY 2025-2026/UCD Check-Out Type",FALSE,
"C164","report_column",89,"UCD Check-Out Type Categorization Report","Fulfillment","/shared/University of California System 01UCS_NETWORK/Reports/Local Requests/Annual Statistic Reports/Annual Stats FY 2025-2026/Preparation review reports/Fulfillment preparation review reports/UCD Check-Out Type Categorization Report",3,"inline","regularColumn","cce5839b3630cf89b","""Item Location at Time of Loan"".""Library Name""","""Item Location at Time of Loan"".""Library Name""",,,"sqlExpression","""Item Location at Time of Loan"".""Library Name""",0,,,,,,,
"C165","report_column",89,"UCD Check-Out Type Categorization Report","Fulfillment","/shared/University of California System 01UCS_NETWORK/Reports/Local Requests/Annual Statistic Reports/Annual Stats FY 2025-2026/Preparation review reports/Fulfillment preparation review reports/UCD Check-Out Type Categorization Report",4,"inline","regularColumn","c4cce1d6d2be04b82","""Item Location at Time of Loan"".""Library Code""","""Item Location at Time of Loan"".""Library Code""",,,"sqlExpression","""Item Location at Time of Loan"".""Library Code""",0,,,,,,,
"C166","report_column",89,"UCD Check-Out Type Categorization Report","Fulfillment","/shared/University of California System 01UCS_NETWORK/Reports/Local Requests/Annual Statistic Reports/Annual Stats FY 2025-2026/Preparation review reports/Fulfillment preparation review reports/UCD Check-Out Type Categorization Report",5,"inline","regularColumn","c5540f363d8e9b74f","""Item Location at Time of Loan"".""Location Name""","""Item Location at Time of Loan"".""Location Name""",,,"sqlExpression","""Item Location at Time of Loan"".""Location Name""",0,,,,,,,
"C167","report_column",89,"UCD Check-Out Type Categorization Report","Fulfillment","/shared/University of California System 01UCS_NETWORK/Reports/Local Requests/Annual Statistic Reports/Annual Stats FY 2025-2026/Preparation review reports/Fulfillment preparation review reports/UCD Check-Out Type Categorization Report",6,"inline","regularColumn","c6ecae181eef2238e","""Item Location at Time of Loan"".""Location Code""","""Item Location at Time of Loan"".""Location Code""",,,"sqlExpression","""Item Location at Time of Loan"".""Location Code""",0,,,,,,,
"C168","report_column",89,"UCD Check-Out Type Categorization Report","Fulfillment","/shared/University of California System 01UCS_NETWORK/Reports/Local Requests/Annual Statistic Reports/Annual Stats FY 2025-2026/Preparation review reports/Fulfillment preparation review reports/UCD Check-Out Type Categorization Report",7,"saved_reference","savedRegularColumnRef","cf127365ccf7507dd","FY 2025-26 Loans (Not In House)","FY 2025-26 Loans (Not In House)",,,,,0,,,,,"/shared/University of California System 01UCS_NETWORK/Reports/Local Requests/Annual Statistic Reports/Annual Stats FY 2025-2026/FY 2025-26 Loans (Not In House)",FALSE,
"C169","report_column",92,"UCI Electronic Holdings and Titles Report","E-Inventory","/shared/University of California System 01UCS_NETWORK/Reports/Local Requests/Annual Statistic Reports/Annual Stats FY 2025-2026/Final stats reports (for July 1)/Electronic/UCI Electronic Holdings and Titles Report",1,"saved_reference","savedRegularColumnRef","c70c4157a4b62191d","eResources include/exclude designator","excluded designator",,,"binned","""Electronic Collection"".""Electronic Collection Interface Name""",33,7,"Electronic - Global Stats Electronic included/excluded designator","Electronic Collection","eResources include/exclude designator","/shared/University of California System 01UCS_NETWORK/Reports/Local Requests/Annual Statistic Reports/Annual Stats FY 2025-2026/Electronic - Global Stats Electronic included/excluded designator",TRUE,
"C170","report_column",92,"UCI Electronic Holdings and Titles Report","E-Inventory","/shared/University of California System 01UCS_NETWORK/Reports/Local Requests/Annual Statistic Reports/Annual Stats FY 2025-2026/Final stats reports (for July 1)/Electronic/UCI Electronic Holdings and Titles Report",2,"saved_reference","savedRegularColumnRef","c0d04bd2f85ef03f9","UCI eResources Managed By designator","Electronic - UCI eResources Managed By designator",,,"binned","""Institution"".""Institution Name""",3,114,"Electronic - UCI eResources Managed By designator","Institution","UCI eResources Managed By designator","/shared/University of California System 01UCS_NETWORK/Reports/Local Requests/Annual Statistic Reports/Annual Stats FY 2025-2026/Electronic - UCI eResources Managed By designator",TRUE,
"C171","report_column",92,"UCI Electronic Holdings and Titles Report","E-Inventory","/shared/University of California System 01UCS_NETWORK/Reports/Local Requests/Annual Statistic Reports/Annual Stats FY 2025-2026/Final stats reports (for July 1)/Electronic/UCI Electronic Holdings and Titles Report",3,"saved_reference","savedRegularColumnRef","c6bfc4c748ea076f2","eResources Library Stats Category","Electronic - Global Stats Electronic Library Categories",,,"binned","""Portfolio Library Unit"".""Library Name""",4,24,"Electronic - Global Stats Electronic Library Categories","UCOP Stats","eResources Library Stats Category","/shared/University of California System 01UCS_NETWORK/Reports/Local Requests/Annual Statistic Reports/Annual Stats FY 2025-2026/Electronic - Global Stats Electronic Library Categories",TRUE,
"C172","report_column",92,"UCI Electronic Holdings and Titles Report","E-Inventory","/shared/University of California System 01UCS_NETWORK/Reports/Local Requests/Annual Statistic Reports/Annual Stats FY 2025-2026/Final stats reports (for July 1)/Electronic/UCI Electronic Holdings and Titles Report",4,"inline","regularColumn","cf6f88e86b2cfebe0","""Bibliographic Details"".""Resource Type""","""Bibliographic Details"".""Resource Type""",,,"sqlExpression","""Bibliographic Details"".""Resource Type""",0,,,,,,,
"C173","report_column",92,"UCI Electronic Holdings and Titles Report","E-Inventory","/shared/University of California System 01UCS_NETWORK/Reports/Local Requests/Annual Statistic Reports/Annual Stats FY 2025-2026/Final stats reports (for July 1)/Electronic/UCI Electronic Holdings and Titles Report",5,"saved_reference","savedRegularColumnRef","c9faf6541ccaa2d64","Holdings","Electronic - Count of Electronic Holdings",,,"sqlExpression","COUNT(DISTINCT ""Portfolio"".""Portfolio Id"")",0,1,"Electronic - Count of Electronic Holdings","Portfolio","Holdings","/shared/University of California System 01UCS_NETWORK/Reports/Local Requests/Annual Statistic Reports/Annual Stats FY 2025-2026/Electronic - Count of Electronic Holdings",TRUE,
"C174","report_column",92,"UCI Electronic Holdings and Titles Report","E-Inventory","/shared/University of California System 01UCS_NETWORK/Reports/Local Requests/Annual Statistic Reports/Annual Stats FY 2025-2026/Final stats reports (for July 1)/Electronic/UCI Electronic Holdings and Titles Report",6,"saved_reference","savedRegularColumnRef","ca85fc597cf3a5fa2","Titles","Electronic - Count of Electronic Titles",,,"sqlExpression","COUNT(DISTINCT ""Bibliographic Details"".""MMS Id"")",0,2,"Electronic - Count of Electronic Titles","Bibliographic Details","Titles","/shared/University of California System 01UCS_NETWORK/Reports/Local Requests/Annual Statistic Reports/Annual Stats FY 2025-2026/Electronic - Count of Electronic Titles",TRUE,
"C175","report_column",95,"UCLA Risk Management Report","Physical Items","/shared/University of California System 01UCS_NETWORK/Reports/Local Requests/Annual Statistic Reports/Annual Stats FY 2025-2026/Final stats reports (for July 1)/Risk Management/UCLA Risk Management Report",1,"saved_reference","savedRegularColumnRef","c3a92023d1c64688e","campus designator","campus designator",,,,,0,,,,,"/shared/University of California System 01UCS_NETWORK/Reports/Local Requests/Annual Statistic Reports/Annual Stats FY 2025-2026/UCLA SLF/campus designator",FALSE,
"C176","report_column",95,"UCLA Risk Management Report","Physical Items","/shared/University of California System 01UCS_NETWORK/Reports/Local Requests/Annual Statistic Reports/Annual Stats FY 2025-2026/Final stats reports (for July 1)/Risk Management/UCLA Risk Management Report",2,"inline","regularColumn","cef0eeaa37f790512","""Location"".""Library Name""","""Location"".""Library Name""",,,"sqlExpression","""Location"".""Library Name""",0,,,,,,,
"C177","report_column",95,"UCLA Risk Management Report","Physical Items","/shared/University of California System 01UCS_NETWORK/Reports/Local Requests/Annual Statistic Reports/Annual Stats FY 2025-2026/Final stats reports (for July 1)/Risk Management/UCLA Risk Management Report",3,"inline","regularColumn","c90eced759e6c5798","""Location"".""Library Code""","""Location"".""Library Code""",,,"sqlExpression","""Location"".""Library Code""",0,,,,,,,
"C178","report_column",95,"UCLA Risk Management Report","Physical Items","/shared/University of California System 01UCS_NETWORK/Reports/Local Requests/Annual Statistic Reports/Annual Stats FY 2025-2026/Final stats reports (for July 1)/Risk Management/UCLA Risk Management Report",4,"inline","regularColumn","c157e5aae90941fda","""Location"".""Location Name""","""Location"".""Location Name""",,,"sqlExpression","""Location"".""Location Name""",0,,,,,,,
"C179","report_column",95,"UCLA Risk Management Report","Physical Items","/shared/University of California System 01UCS_NETWORK/Reports/Local Requests/Annual Statistic Reports/Annual Stats FY 2025-2026/Final stats reports (for July 1)/Risk Management/UCLA Risk Management Report",5,"inline","regularColumn","c7d4ef11e2620d334","""Location"".""Location Code""","""Location"".""Location Code""",,,"sqlExpression","""Location"".""Location Code""",0,,,,,,,
"C180","report_column",95,"UCLA Risk Management Report","Physical Items","/shared/University of California System 01UCS_NETWORK/Reports/Local Requests/Annual Statistic Reports/Annual Stats FY 2025-2026/Final stats reports (for July 1)/Risk Management/UCLA Risk Management Report",6,"inline","regularColumn","c4ab6dc400aea3680","""Bibliographic Details"".""Resource Type""","""Bibliographic Details"".""Resource Type""",,,"sqlExpression","""Bibliographic Details"".""Resource Type""",0,,,,,,,
"C181","report_column",95,"UCLA Risk Management Report","Physical Items","/shared/University of California System 01UCS_NETWORK/Reports/Local Requests/Annual Statistic Reports/Annual Stats FY 2025-2026/Final stats reports (for July 1)/Risk Management/UCLA Risk Management Report",7,"saved_reference","savedRegularColumnRef","c7627a31e783be0dd","Count of Physical Holdings","Count of Physical Holdings",,,,,0,,,,,"/shared/University of California System 01UCS_NETWORK/Reports/Local Requests/Annual Statistic Reports/Annual Stats FY 2025-2026/Count of Physical Holdings",FALSE,
"C182","report_column",96,"UCLA Physical Collection Usage","Fulfillment","/shared/University of California System 01UCS_NETWORK/Reports/Local Requests/Annual Statistic Reports/Annual Stats FY 2025-2026/Final stats reports (for July 1)/Physical Collection Usage/UCLA Physical Collection Usage",1,"saved_reference","savedRegularColumnRef","cffb7e9e28d0bdcc3","Fulfillment Institution","Fulfillment - Fulfillment Institution",,,"binned","""Institution"".""Institution Name""",12,224,"Fulfillment - Fulfillment Institution","Institution","Fulfillment Institution","/shared/University of California System 01UCS_NETWORK/Reports/Local Requests/Annual Statistic Reports/Annual Stats FY 2025-2026/Fulfillment - Fulfillment Institution",TRUE,
"C183","report_column",96,"UCLA Physical Collection Usage","Fulfillment","/shared/University of California System 01UCS_NETWORK/Reports/Local Requests/Annual Statistic Reports/Annual Stats FY 2025-2026/Final stats reports (for July 1)/Physical Collection Usage/UCLA Physical Collection Usage",2,"saved_reference","savedRegularColumnRef","c416a31f6687c54ab","UCLA Library Stats Category","Physical - UCLA Library Stats Category",,,"binned","""Location"".""Library Code""",12,281,"Physical - UCLA Library Stats Category","Location","UCLA Library Stats Category","/shared/University of California System 01UCS_NETWORK/Reports/Local Requests/Annual Statistic Reports/Annual Stats FY 2025-2026/Physical - UCLA Library Stats Category",TRUE,
"C184","report_column",96,"UCLA Physical Collection Usage","Fulfillment","/shared/University of California System 01UCS_NETWORK/Reports/Local Requests/Annual Statistic Reports/Annual Stats FY 2025-2026/Final stats reports (for July 1)/Physical Collection Usage/UCLA Physical Collection Usage",3,"inline","regularColumn","ceca1c36df544247d","""Item Location at Time of Loan"".""Library Name""","""Item Location at Time of Loan"".""Library Name""",,,"sqlExpression","""Item Location at Time of Loan"".""Library Name""",0,,,,,,,
"C185","report_column",96,"UCLA Physical Collection Usage","Fulfillment","/shared/University of California System 01UCS_NETWORK/Reports/Local Requests/Annual Statistic Reports/Annual Stats FY 2025-2026/Final stats reports (for July 1)/Physical Collection Usage/UCLA Physical Collection Usage",4,"inline","regularColumn","c69b0161ed0e9a6b0","""Item Location at Time of Loan"".""Library Code""","""Item Location at Time of Loan"".""Library Code""",,,"sqlExpression","""Item Location at Time of Loan"".""Library Code""",0,,,,,,,
"C186","report_column",96,"UCLA Physical Collection Usage","Fulfillment","/shared/University of California System 01UCS_NETWORK/Reports/Local Requests/Annual Statistic Reports/Annual Stats FY 2025-2026/Final stats reports (for July 1)/Physical Collection Usage/UCLA Physical Collection Usage",5,"inline","regularColumn","c7775baed45c425ce","""Item Location at Time of Loan"".""Location Name""","""Item Location at Time of Loan"".""Location Name""",,,"sqlExpression","""Item Location at Time of Loan"".""Location Name""",0,,,,,,,
"C187","report_column",96,"UCLA Physical Collection Usage","Fulfillment","/shared/University of California System 01UCS_NETWORK/Reports/Local Requests/Annual Statistic Reports/Annual Stats FY 2025-2026/Final stats reports (for July 1)/Physical Collection Usage/UCLA Physical Collection Usage",6,"inline","regularColumn","ccacb50b278ae6e74","""Item Location at Time of Loan"".""Location Code""","""Item Location at Time of Loan"".""Location Code""",,,"sqlExpression","""Item Location at Time of Loan"".""Location Code""",0,,,,,,,
"C188","report_column",96,"UCLA Physical Collection Usage","Fulfillment","/shared/University of California System 01UCS_NETWORK/Reports/Local Requests/Annual Statistic Reports/Annual Stats FY 2025-2026/Final stats reports (for July 1)/Physical Collection Usage/UCLA Physical Collection Usage",7,"saved_reference","savedRegularColumnRef","c4909bd88b3c39a7b","UCLA Check-Out Type","Fulfillment - UCLA Check-Out Type",,,"binned","""Item Location at Time of Loan"".""Location Code""",6,246,"Fulfillment - UCLA Check-Out Type","Item Location at Time of Loan","UCLA Check-Out Type","/shared/University of California System 01UCS_NETWORK/Reports/Local Requests/Annual Statistic Reports/Annual Stats FY 2025-2026/Fulfillment - UCLA Check-Out Type",TRUE,
"C189","report_column",96,"UCLA Physical Collection Usage","Fulfillment","/shared/University of California System 01UCS_NETWORK/Reports/Local Requests/Annual Statistic Reports/Annual Stats FY 2025-2026/Final stats reports (for July 1)/Physical Collection Usage/UCLA Physical Collection Usage",8,"saved_reference","savedRegularColumnRef","c45724bb69e240378","Alma User Group","Fulfillment - Alma User Group",,,"sqlExpression","""Borrower Details"".""User Group""",0,222,"Fulfillment - Alma User Group","Borrower Details","Alma User Group","/shared/University of California System 01UCS_NETWORK/Reports/Local Requests/Annual Statistic Reports/Annual Stats FY 2025-2026/Fulfillment - Alma User Group",TRUE,
"C190","report_column",96,"UCLA Physical Collection Usage","Fulfillment","/shared/University of California System 01UCS_NETWORK/Reports/Local Requests/Annual Statistic Reports/Annual Stats FY 2025-2026/Final stats reports (for July 1)/Physical Collection Usage/UCLA Physical Collection Usage",9,"saved_reference","savedRegularColumnRef","c4c3c2cb2977db642","UCLA User Group (for reporting)","Fulfillment - UCLA User Group",,,"binned","""Borrower Details"".""User Group""",10,249,"Fulfillment - UCLA User Group","Borrower Details","UCLA User Group (for reporting)","/shared/University of California System 01UCS_NETWORK/Reports/Local Requests/Annual Statistic Reports/Annual Stats FY 2025-2026/Fulfillment - UCLA User Group",TRUE,
"C191","report_column",96,"UCLA Physical Collection Usage","Fulfillment","/shared/University of California System 01UCS_NETWORK/Reports/Local Requests/Annual Statistic Reports/Annual Stats FY 2025-2026/Final stats reports (for July 1)/Physical Collection Usage/UCLA Physical Collection Usage",10,"saved_reference","savedRegularColumnRef","c788181f479f2fddd","FY 2025-26 Loans (Not In House)","Fulfillment - FY 2025-26 Loans (Not In House)",,,"sqlExpression","""Loan"".""Loans (Not In House)""",0,229,"Fulfillment - FY 2025-26 Loans (Not In House)","Loan","FY 2025-26 Loans (Not In House)","/shared/University of California System 01UCS_NETWORK/Reports/Local Requests/Annual Statistic Reports/Annual Stats FY 2025-2026/Fulfillment - FY 2025-26 Loans (Not In House)",TRUE,
"C192","report_column",105,"UCI eResources Comparison Report","E-Inventory","/shared/University of California System 01UCS_NETWORK/Reports/Local Requests/Annual Statistic Reports/Annual Stats FY 2025-2026/Final stats reports (for July 1)/eResources Comparison/UCI eResources Comparison Report",1,"saved_reference","savedRegularColumnRef","c70c4157a4b62191d","eResources include/exclude designator","excluded designator",,,"binned","""Electronic Collection"".""Electronic Collection Interface Name""",33,7,"Electronic - Global Stats Electronic included/excluded designator","Electronic Collection","eResources include/exclude designator","/shared/University of California System 01UCS_NETWORK/Reports/Local Requests/Annual Statistic Reports/Annual Stats FY 2025-2026/Electronic - Global Stats Electronic included/excluded designator",TRUE,
"C193","report_column",105,"UCI eResources Comparison Report","E-Inventory","/shared/University of California System 01UCS_NETWORK/Reports/Local Requests/Annual Statistic Reports/Annual Stats FY 2025-2026/Final stats reports (for July 1)/eResources Comparison/UCI eResources Comparison Report",2,"saved_reference","savedRegularColumnRef","c0d04bd2f85ef03f9","UCI eResources Managed By designator","Electronic - UCI eResources Managed By designator",,,"binned","""Institution"".""Institution Name""",3,114,"Electronic - UCI eResources Managed By designator","Institution","UCI eResources Managed By designator","/shared/University of California System 01UCS_NETWORK/Reports/Local Requests/Annual Statistic Reports/Annual Stats FY 2025-2026/Electronic - UCI eResources Managed By designator",TRUE,
"C194","report_column",105,"UCI eResources Comparison Report","E-Inventory","/shared/University of California System 01UCS_NETWORK/Reports/Local Requests/Annual Statistic Reports/Annual Stats FY 2025-2026/Final stats reports (for July 1)/eResources Comparison/UCI eResources Comparison Report",3,"saved_reference","savedRegularColumnRef","c6bfc4c748ea076f2","eResources Library Stats Category","Electronic - Global Stats Electronic Library Categories",,,"binned","""Portfolio Library Unit"".""Library Name""",4,24,"Electronic - Global Stats Electronic Library Categories","UCOP Stats","eResources Library Stats Category","/shared/University of California System 01UCS_NETWORK/Reports/Local Requests/Annual Statistic Reports/Annual Stats FY 2025-2026/Electronic - Global Stats Electronic Library Categories",TRUE,
"C195","report_column",105,"UCI eResources Comparison Report","E-Inventory","/shared/University of California System 01UCS_NETWORK/Reports/Local Requests/Annual Statistic Reports/Annual Stats FY 2025-2026/Final stats reports (for July 1)/eResources Comparison/UCI eResources Comparison Report",4,"inline","regularColumn","c7945e665fc874cbf","""Electronic Collection"".""Electronic Collection Interface Name""","""Electronic Collection"".""Electronic Collection Interface Name""",,,"sqlExpression","""Electronic Collection"".""Electronic Collection Interface Name""",0,,,,,,,
"C196","report_column",105,"UCI eResources Comparison Report","E-Inventory","/shared/University of California System 01UCS_NETWORK/Reports/Local Requests/Annual Statistic Reports/Annual Stats FY 2025-2026/Final stats reports (for July 1)/eResources Comparison/UCI eResources Comparison Report",5,"saved_reference","savedRegularColumnRef","c9faf6541ccaa2d64","Holdings","Electronic - Count of Electronic Holdings",,,"sqlExpression","COUNT(DISTINCT ""Portfolio"".""Portfolio Id"")",0,1,"Electronic - Count of Electronic Holdings","Portfolio","Holdings","/shared/University of California System 01UCS_NETWORK/Reports/Local Requests/Annual Statistic Reports/Annual Stats FY 2025-2026/Electronic - Count of Electronic Holdings",TRUE,
"C197","report_column",105,"UCI eResources Comparison Report","E-Inventory","/shared/University of California System 01UCS_NETWORK/Reports/Local Requests/Annual Statistic Reports/Annual Stats FY 2025-2026/Final stats reports (for July 1)/eResources Comparison/UCI eResources Comparison Report",6,"saved_reference","savedRegularColumnRef","ca85fc597cf3a5fa2","Titles","Electronic - Count of Electronic Titles",,,"sqlExpression","COUNT(DISTINCT ""Bibliographic Details"".""MMS Id"")",0,2,"Electronic - Count of Electronic Titles","Bibliographic Details","Titles","/shared/University of California System 01UCS_NETWORK/Reports/Local Requests/Annual Statistic Reports/Annual Stats FY 2025-2026/Electronic - Count of Electronic Titles",TRUE,
"C198","report_column",113,"UCLA Library Categorization Report","Physical Items","/shared/University of California System 01UCS_NETWORK/Reports/Local Requests/Annual Statistic Reports/Annual Stats FY 2025-2026/Preparation review reports/Physical preparation review reports/UCLA Library Categorization Report",1,"saved_reference","savedRegularColumnRef","c3a92023d1c64688e","campus designator","campus designator",,,,,0,,,,,"/shared/University of California System 01UCS_NETWORK/Reports/Local Requests/Annual Statistic Reports/Annual Stats FY 2025-2026/UCLA SLF/campus designator",FALSE,
"C199","report_column",113,"UCLA Library Categorization Report","Physical Items","/shared/University of California System 01UCS_NETWORK/Reports/Local Requests/Annual Statistic Reports/Annual Stats FY 2025-2026/Preparation review reports/Physical preparation review reports/UCLA Library Categorization Report",2,"saved_reference","savedRegularColumnRef","cc6c73b4a647065fb","UCLA Library Stats Category","UCLA Library Stats Category",,,,,0,,,,,"/shared/University of California System 01UCS_NETWORK/Reports/Local Requests/Annual Statistic Reports/Annual Stats FY 2025-2026/UCLA Library Stats Category",FALSE,
"C200","report_column",113,"UCLA Library Categorization Report","Physical Items","/shared/University of California System 01UCS_NETWORK/Reports/Local Requests/Annual Statistic Reports/Annual Stats FY 2025-2026/Preparation review reports/Physical preparation review reports/UCLA Library Categorization Report",3,"inline","regularColumn","cef0eeaa37f790512","""Location"".""Library Name""","""Location"".""Library Name""",,,"sqlExpression","""Location"".""Library Name""",0,,,,,,,
"C201","report_column",113,"UCLA Library Categorization Report","Physical Items","/shared/University of California System 01UCS_NETWORK/Reports/Local Requests/Annual Statistic Reports/Annual Stats FY 2025-2026/Preparation review reports/Physical preparation review reports/UCLA Library Categorization Report",4,"inline","regularColumn","c90eced759e6c5798","""Location"".""Library Code""","""Location"".""Library Code""",,,"sqlExpression","""Location"".""Library Code""",0,,,,,,,
"C202","report_column",113,"UCLA Library Categorization Report","Physical Items","/shared/University of California System 01UCS_NETWORK/Reports/Local Requests/Annual Statistic Reports/Annual Stats FY 2025-2026/Preparation review reports/Physical preparation review reports/UCLA Library Categorization Report",5,"inline","regularColumn","c157e5aae90941fda","""Location"".""Location Name""","""Location"".""Location Name""",,,"sqlExpression","""Location"".""Location Name""",0,,,,,,,
"C203","report_column",113,"UCLA Library Categorization Report","Physical Items","/shared/University of California System 01UCS_NETWORK/Reports/Local Requests/Annual Statistic Reports/Annual Stats FY 2025-2026/Preparation review reports/Physical preparation review reports/UCLA Library Categorization Report",6,"inline","regularColumn","c7d4ef11e2620d334","""Location"".""Location Code""","""Location"".""Location Code""",,,"sqlExpression","""Location"".""Location Code""",0,,,,,,,
"C204","report_column",113,"UCLA Library Categorization Report","Physical Items","/shared/University of California System 01UCS_NETWORK/Reports/Local Requests/Annual Statistic Reports/Annual Stats FY 2025-2026/Preparation review reports/Physical preparation review reports/UCLA Library Categorization Report",7,"saved_reference","savedRegularColumnRef","c7627a31e783be0dd","Count of Physical Holdings","Count of Physical Holdings",,,,,0,,,,,"/shared/University of California System 01UCS_NETWORK/Reports/Local Requests/Annual Statistic Reports/Annual Stats FY 2025-2026/Count of Physical Holdings",FALSE,
"C205","report_column",113,"UCLA Library Categorization Report","Physical Items","/shared/University of California System 01UCS_NETWORK/Reports/Local Requests/Annual Statistic Reports/Annual Stats FY 2025-2026/Preparation review reports/Physical preparation review reports/UCLA Library Categorization Report",8,"saved_reference","savedRegularColumnRef","cc483d35555242a31","Count of Physical Titles","Count of Physical Titles",,,,,0,,,,,"/shared/University of California System 01UCS_NETWORK/Reports/Local Requests/Annual Statistic Reports/Annual Stats FY 2025-2026/Count of Physical Titles",FALSE,
"C206","report_column",116,"UCD User Group Categorization Report","Fulfillment","/shared/University of California System 01UCS_NETWORK/Reports/Local Requests/Annual Statistic Reports/Annual Stats FY 2025-2026/Preparation review reports/Fulfillment preparation review reports/UCD User Group Categorization Report",1,"inline","regularColumn","c2a101401c60ccb8e","""Institution"".""Institution Name""","""Institution"".""Institution Name""",,,"sqlExpression","""Institution"".""Institution Name""",0,,,,,,,
"C207","report_column",116,"UCD User Group Categorization Report","Fulfillment","/shared/University of California System 01UCS_NETWORK/Reports/Local Requests/Annual Statistic Reports/Annual Stats FY 2025-2026/Preparation review reports/Fulfillment preparation review reports/UCD User Group Categorization Report",2,"saved_reference","savedRegularColumnRef","cb0d0c43d52048879","UCD User Group","UCD User Group",,,,,0,,,,,"/shared/University of California System 01UCS_NETWORK/Reports/Local Requests/Annual Statistic Reports/Annual Stats FY 2025-2026/UCD User Group",FALSE,
"C208","report_column",116,"UCD User Group Categorization Report","Fulfillment","/shared/University of California System 01UCS_NETWORK/Reports/Local Requests/Annual Statistic Reports/Annual Stats FY 2025-2026/Preparation review reports/Fulfillment preparation review reports/UCD User Group Categorization Report",3,"inline","regularColumn","c183bdcb775b83df7","""Borrower Details"".""User Group""","""Borrower Details"".""User Group""",,,"sqlExpression","""Borrower Details"".""User Group""",0,,,,,,,
"C209","report_column",119,"UCLA Electronic Holdings and Titles Report","E-Inventory","/shared/University of California System 01UCS_NETWORK/Reports/Local Requests/Annual Statistic Reports/Annual Stats FY 2025-2026/Final stats reports (for July 1)/Electronic/UCLA Electronic Holdings and Titles Report",1,"saved_reference","savedRegularColumnRef","c761207b28c1a12f7","eResources include/exclude designator","excluded designator",,,"binned","""Electronic Collection"".""Electronic Collection Interface Name""",33,7,"Electronic - Global Stats Electronic included/excluded designator","Electronic Collection","eResources include/exclude designator","/shared/University of California System 01UCS_NETWORK/Reports/Local Requests/Annual Statistic Reports/Annual Stats FY 2025-2026/Electronic - Global Stats Electronic included/excluded designator",TRUE,
"C210","report_column",119,"UCLA Electronic Holdings and Titles Report","E-Inventory","/shared/University of California System 01UCS_NETWORK/Reports/Local Requests/Annual Statistic Reports/Annual Stats FY 2025-2026/Final stats reports (for July 1)/Electronic/UCLA Electronic Holdings and Titles Report",2,"saved_reference","savedRegularColumnRef","c6d5a712ddd1cc606","UCLA eResources Managed By designator","Electronic - UCLA eResources Managed By designator",,,"binned","""Institution"".""Institution Name""",3,143,"Electronic - UCLA eResources Managed By designator","Institution","UCLA eResources Managed By designator","/shared/University of California System 01UCS_NETWORK/Reports/Local Requests/Annual Statistic Reports/Annual Stats FY 2025-2026/Electronic - UCLA eResources Managed By designator",TRUE,
"C211","report_column",119,"UCLA Electronic Holdings and Titles Report","E-Inventory","/shared/University of California System 01UCS_NETWORK/Reports/Local Requests/Annual Statistic Reports/Annual Stats FY 2025-2026/Final stats reports (for July 1)/Electronic/UCLA Electronic Holdings and Titles Report",3,"saved_reference","savedRegularColumnRef","cee83208cf2e35ace","eResources Library Stats Category","Electronic - Global Stats Electronic Library Categories",,,"binned","""Portfolio Library Unit"".""Library Name""",4,24,"Electronic - Global Stats Electronic Library Categories","UCOP Stats","eResources Library Stats Category","/shared/University of California System 01UCS_NETWORK/Reports/Local Requests/Annual Statistic Reports/Annual Stats FY 2025-2026/Electronic - Global Stats Electronic Library Categories",TRUE,
"C212","report_column",119,"UCLA Electronic Holdings and Titles Report","E-Inventory","/shared/University of California System 01UCS_NETWORK/Reports/Local Requests/Annual Statistic Reports/Annual Stats FY 2025-2026/Final stats reports (for July 1)/Electronic/UCLA Electronic Holdings and Titles Report",4,"inline","regularColumn","c6b3b7bb4d8efd008","""Bibliographic Details"".""Resource Type""","""Bibliographic Details"".""Resource Type""",,,"sqlExpression","""Bibliographic Details"".""Resource Type""",0,,,,,,,
"C213","report_column",119,"UCLA Electronic Holdings and Titles Report","E-Inventory","/shared/University of California System 01UCS_NETWORK/Reports/Local Requests/Annual Statistic Reports/Annual Stats FY 2025-2026/Final stats reports (for July 1)/Electronic/UCLA Electronic Holdings and Titles Report",5,"saved_reference","savedRegularColumnRef","c4b83b8ae9b906bfc","Holdings","Electronic - Count of Electronic Holdings",,,"sqlExpression","COUNT(DISTINCT ""Portfolio"".""Portfolio Id"")",0,1,"Electronic - Count of Electronic Holdings","Portfolio","Holdings","/shared/University of California System 01UCS_NETWORK/Reports/Local Requests/Annual Statistic Reports/Annual Stats FY 2025-2026/Electronic - Count of Electronic Holdings",TRUE,
"C214","report_column",119,"UCLA Electronic Holdings and Titles Report","E-Inventory","/shared/University of California System 01UCS_NETWORK/Reports/Local Requests/Annual Statistic Reports/Annual Stats FY 2025-2026/Final stats reports (for July 1)/Electronic/UCLA Electronic Holdings and Titles Report",6,"saved_reference","savedRegularColumnRef","c0db166a95b85ba9b","Titles","Electronic - Count of Electronic Titles",,,"sqlExpression","COUNT(DISTINCT ""Bibliographic Details"".""MMS Id"")",0,2,"Electronic - Count of Electronic Titles","Bibliographic Details","Titles","/shared/University of California System 01UCS_NETWORK/Reports/Local Requests/Annual Statistic Reports/Annual Stats FY 2025-2026/Electronic - Count of Electronic Titles",TRUE,
"C215","report_column",123,"UCLA eResources Library Categorization Report","E-Inventory","/shared/University of California System 01UCS_NETWORK/Reports/Local Requests/Annual Statistic Reports/Annual Stats FY 2025-2026/Preparation review reports/Electronic preparation review reports/UCLA eResources Library Categorization Report",1,"inline","regularColumn","c2a53da92d15619df","""Institution"".""Institution Name""","""Institution"".""Institution Name""",,,"sqlExpression","""Institution"".""Institution Name""",0,,,,,,,
"C216","report_column",123,"UCLA eResources Library Categorization Report","E-Inventory","/shared/University of California System 01UCS_NETWORK/Reports/Local Requests/Annual Statistic Reports/Annual Stats FY 2025-2026/Preparation review reports/Electronic preparation review reports/UCLA eResources Library Categorization Report",2,"saved_reference","savedRegularColumnRef","c93c38f9d46dde768","eResources Library Stats Category","Electronic - Global Stats Electronic Library Categories",,,"binned","""Portfolio Library Unit"".""Library Name""",4,24,"Electronic - Global Stats Electronic Library Categories","UCOP Stats","eResources Library Stats Category","/shared/University of California System 01UCS_NETWORK/Reports/Local Requests/Annual Statistic Reports/Annual Stats FY 2025-2026/Electronic - Global Stats Electronic Library Categories",TRUE,
"C217","report_column",123,"UCLA eResources Library Categorization Report","E-Inventory","/shared/University of California System 01UCS_NETWORK/Reports/Local Requests/Annual Statistic Reports/Annual Stats FY 2025-2026/Preparation review reports/Electronic preparation review reports/UCLA eResources Library Categorization Report",3,"inline","regularColumn","c16b804d4f2a9bfed","""Portfolio Library Unit"".""Library Name""","""Portfolio Library Unit"".""Library Name""",,,"sqlExpression","""Portfolio Library Unit"".""Library Name""",0,,,,,,,
"C218","report_column",123,"UCLA eResources Library Categorization Report","E-Inventory","/shared/University of California System 01UCS_NETWORK/Reports/Local Requests/Annual Statistic Reports/Annual Stats FY 2025-2026/Preparation review reports/Electronic preparation review reports/UCLA eResources Library Categorization Report",4,"inline","regularColumn","c9a2b1a7e8a8fa595","""Portfolio Library Unit"".""Library Code""","""Portfolio Library Unit"".""Library Code""",,,"sqlExpression","""Portfolio Library Unit"".""Library Code""",0,,,,,,,
"C219","report_column",124,"UCLA eResources Comparison Report","E-Inventory","/shared/University of California System 01UCS_NETWORK/Reports/Local Requests/Annual Statistic Reports/Annual Stats FY 2025-2026/Final stats reports (for July 1)/eResources Comparison/UCLA eResources Comparison Report",1,"saved_reference","savedRegularColumnRef","c761207b28c1a12f7","eResources include/exclude designator","excluded designator",,,"binned","""Electronic Collection"".""Electronic Collection Interface Name""",33,7,"Electronic - Global Stats Electronic included/excluded designator","Electronic Collection","eResources include/exclude designator","/shared/University of California System 01UCS_NETWORK/Reports/Local Requests/Annual Statistic Reports/Annual Stats FY 2025-2026/Electronic - Global Stats Electronic included/excluded designator",TRUE,
"C220","report_column",124,"UCLA eResources Comparison Report","E-Inventory","/shared/University of California System 01UCS_NETWORK/Reports/Local Requests/Annual Statistic Reports/Annual Stats FY 2025-2026/Final stats reports (for July 1)/eResources Comparison/UCLA eResources Comparison Report",2,"saved_reference","savedRegularColumnRef","c6d5a712ddd1cc606","UCLA eResources Managed By designator","Electronic - UCLA eResources Managed By designator",,,"binned","""Institution"".""Institution Name""",3,143,"Electronic - UCLA eResources Managed By designator","Institution","UCLA eResources Managed By designator","/shared/University of California System 01UCS_NETWORK/Reports/Local Requests/Annual Statistic Reports/Annual Stats FY 2025-2026/Electronic - UCLA eResources Managed By designator",TRUE,
"C221","report_column",124,"UCLA eResources Comparison Report","E-Inventory","/shared/University of California System 01UCS_NETWORK/Reports/Local Requests/Annual Statistic Reports/Annual Stats FY 2025-2026/Final stats reports (for July 1)/eResources Comparison/UCLA eResources Comparison Report",3,"saved_reference","savedRegularColumnRef","cee83208cf2e35ace","eResources Library Stats Category","Electronic - Global Stats Electronic Library Categories",,,"binned","""Portfolio Library Unit"".""Library Name""",4,24,"Electronic - Global Stats Electronic Library Categories","UCOP Stats","eResources Library Stats Category","/shared/University of California System 01UCS_NETWORK/Reports/Local Requests/Annual Statistic Reports/Annual Stats FY 2025-2026/Electronic - Global Stats Electronic Library Categories",TRUE,
"C222","report_column",124,"UCLA eResources Comparison Report","E-Inventory","/shared/University of California System 01UCS_NETWORK/Reports/Local Requests/Annual Statistic Reports/Annual Stats FY 2025-2026/Final stats reports (for July 1)/eResources Comparison/UCLA eResources Comparison Report",4,"inline","regularColumn","cc589c37eb4f7dda7","""Electronic Collection"".""Electronic Collection Interface Name""","""Electronic Collection"".""Electronic Collection Interface Name""",,,"sqlExpression","""Electronic Collection"".""Electronic Collection Interface Name""",0,,,,,,,
"C223","report_column",124,"UCLA eResources Comparison Report","E-Inventory","/shared/University of California System 01UCS_NETWORK/Reports/Local Requests/Annual Statistic Reports/Annual Stats FY 2025-2026/Final stats reports (for July 1)/eResources Comparison/UCLA eResources Comparison Report",5,"saved_reference","savedRegularColumnRef","c4b83b8ae9b906bfc","Holdings","Electronic - Count of Electronic Holdings",,,"sqlExpression","COUNT(DISTINCT ""Portfolio"".""Portfolio Id"")",0,1,"Electronic - Count of Electronic Holdings","Portfolio","Holdings","/shared/University of California System 01UCS_NETWORK/Reports/Local Requests/Annual Statistic Reports/Annual Stats FY 2025-2026/Electronic - Count of Electronic Holdings",TRUE,
"C224","report_column",124,"UCLA eResources Comparison Report","E-Inventory","/shared/University of California System 01UCS_NETWORK/Reports/Local Requests/Annual Statistic Reports/Annual Stats FY 2025-2026/Final stats reports (for July 1)/eResources Comparison/UCLA eResources Comparison Report",6,"saved_reference","savedRegularColumnRef","c0db166a95b85ba9b","Titles","Electronic - Count of Electronic Titles",,,"sqlExpression","COUNT(DISTINCT ""Bibliographic Details"".""MMS Id"")",0,2,"Electronic - Count of Electronic Titles","Bibliographic Details","Titles","/shared/University of California System 01UCS_NETWORK/Reports/Local Requests/Annual Statistic Reports/Annual Stats FY 2025-2026/Electronic - Count of Electronic Titles",TRUE,
"C225","report_column",125,"UCM Risk Management Report","Physical Items","/shared/University of California System 01UCS_NETWORK/Reports/Local Requests/Annual Statistic Reports/Annual Stats FY 2025-2026/Final stats reports (for July 1)/Risk Management/UCM Risk Management Report",1,"saved_reference","savedRegularColumnRef","c26bf758146cba529","campus designator","campus designator",,,,,0,,,,,"/shared/University of California System 01UCS_NETWORK/Reports/Local Requests/Annual Statistic Reports/Annual Stats FY 2025-2026/UCM SLF/campus designator",FALSE,
"C226","report_column",125,"UCM Risk Management Report","Physical Items","/shared/University of California System 01UCS_NETWORK/Reports/Local Requests/Annual Statistic Reports/Annual Stats FY 2025-2026/Final stats reports (for July 1)/Risk Management/UCM Risk Management Report",2,"inline","regularColumn","ccb283a11aa8b6e6b","""Location"".""Library Name""","""Location"".""Library Name""",,,"sqlExpression","""Location"".""Library Name""",0,,,,,,,
"C227","report_column",125,"UCM Risk Management Report","Physical Items","/shared/University of California System 01UCS_NETWORK/Reports/Local Requests/Annual Statistic Reports/Annual Stats FY 2025-2026/Final stats reports (for July 1)/Risk Management/UCM Risk Management Report",3,"inline","regularColumn","cbe3f8ce31d1b46f1","""Location"".""Library Code""","""Location"".""Library Code""",,,"sqlExpression","""Location"".""Library Code""",0,,,,,,,
"C228","report_column",125,"UCM Risk Management Report","Physical Items","/shared/University of California System 01UCS_NETWORK/Reports/Local Requests/Annual Statistic Reports/Annual Stats FY 2025-2026/Final stats reports (for July 1)/Risk Management/UCM Risk Management Report",4,"inline","regularColumn","c60631ef88a59ef0f","""Location"".""Location Name""","""Location"".""Location Name""",,,"sqlExpression","""Location"".""Location Name""",0,,,,,,,
"C229","report_column",125,"UCM Risk Management Report","Physical Items","/shared/University of California System 01UCS_NETWORK/Reports/Local Requests/Annual Statistic Reports/Annual Stats FY 2025-2026/Final stats reports (for July 1)/Risk Management/UCM Risk Management Report",5,"inline","regularColumn","c377892e021ba2d7b","""Location"".""Location Code""","""Location"".""Location Code""",,,"sqlExpression","""Location"".""Location Code""",0,,,,,,,
"C230","report_column",125,"UCM Risk Management Report","Physical Items","/shared/University of California System 01UCS_NETWORK/Reports/Local Requests/Annual Statistic Reports/Annual Stats FY 2025-2026/Final stats reports (for July 1)/Risk Management/UCM Risk Management Report",6,"inline","regularColumn","cf4c81ae71bc766d6","""Bibliographic Details"".""Resource Type""","""Bibliographic Details"".""Resource Type""",,,"sqlExpression","""Bibliographic Details"".""Resource Type""",0,,,,,,,
"C231","report_column",125,"UCM Risk Management Report","Physical Items","/shared/University of California System 01UCS_NETWORK/Reports/Local Requests/Annual Statistic Reports/Annual Stats FY 2025-2026/Final stats reports (for July 1)/Risk Management/UCM Risk Management Report",7,"saved_reference","savedRegularColumnRef","cb394f0163c061473","Count of Physical Holdings","Count of Physical Holdings",,,,,0,,,,,"/shared/University of California System 01UCS_NETWORK/Reports/Local Requests/Annual Statistic Reports/Annual Stats FY 2025-2026/Count of Physical Holdings",FALSE,
"C232","report_column",130,"UCM Physical Collection Usage","Fulfillment","/shared/University of California System 01UCS_NETWORK/Reports/Local Requests/Annual Statistic Reports/Annual Stats FY 2025-2026/Final stats reports (for July 1)/Physical Collection Usage/UCM Physical Collection Usage",1,"saved_reference","savedRegularColumnRef","cfdc6a16f3e740561","Fulfillment Institution","Fulfillment - Fulfillment Institution",,,"binned","""Institution"".""Institution Name""",12,224,"Fulfillment - Fulfillment Institution","Institution","Fulfillment Institution","/shared/University of California System 01UCS_NETWORK/Reports/Local Requests/Annual Statistic Reports/Annual Stats FY 2025-2026/Fulfillment - Fulfillment Institution",TRUE,
"C233","report_column",130,"UCM Physical Collection Usage","Fulfillment","/shared/University of California System 01UCS_NETWORK/Reports/Local Requests/Annual Statistic Reports/Annual Stats FY 2025-2026/Final stats reports (for July 1)/Physical Collection Usage/UCM Physical Collection Usage",2,"saved_reference","savedRegularColumnRef","c9adebd9cbf82afc3","UCM Library Stats Category","Physical - UCM Library Stats Category",,,"binned","""Location"".""Location Code""",4,285,"Physical - UCM Library Stats Category","Location","UCM Library Stats Category","/shared/University of California System 01UCS_NETWORK/Reports/Local Requests/Annual Statistic Reports/Annual Stats FY 2025-2026/Physical - UCM Library Stats Category",TRUE,
"C234","report_column",130,"UCM Physical Collection Usage","Fulfillment","/shared/University of California System 01UCS_NETWORK/Reports/Local Requests/Annual Statistic Reports/Annual Stats FY 2025-2026/Final stats reports (for July 1)/Physical Collection Usage/UCM Physical Collection Usage",3,"inline","regularColumn","c5bada6ff10cb2a33","""Item Location at Time of Loan"".""Library Name""","""Item Location at Time of Loan"".""Library Name""",,,"sqlExpression","""Item Location at Time of Loan"".""Library Name""",0,,,,,,,
"C235","report_column",130,"UCM Physical Collection Usage","Fulfillment","/shared/University of California System 01UCS_NETWORK/Reports/Local Requests/Annual Statistic Reports/Annual Stats FY 2025-2026/Final stats reports (for July 1)/Physical Collection Usage/UCM Physical Collection Usage",4,"inline","regularColumn","c2ae23823ce767d95","""Item Location at Time of Loan"".""Library Code""","""Item Location at Time of Loan"".""Library Code""",,,"sqlExpression","""Item Location at Time of Loan"".""Library Code""",0,,,,,,,
"C236","report_column",130,"UCM Physical Collection Usage","Fulfillment","/shared/University of California System 01UCS_NETWORK/Reports/Local Requests/Annual Statistic Reports/Annual Stats FY 2025-2026/Final stats reports (for July 1)/Physical Collection Usage/UCM Physical Collection Usage",5,"inline","regularColumn","c23b27825941628fd","""Item Location at Time of Loan"".""Location Name""","""Item Location at Time of Loan"".""Location Name""",,,"sqlExpression","""Item Location at Time of Loan"".""Location Name""",0,,,,,,,
"C237","report_column",130,"UCM Physical Collection Usage","Fulfillment","/shared/University of California System 01UCS_NETWORK/Reports/Local Requests/Annual Statistic Reports/Annual Stats FY 2025-2026/Final stats reports (for July 1)/Physical Collection Usage/UCM Physical Collection Usage",6,"inline","regularColumn","c59004e0189098ed9","""Item Location at Time of Loan"".""Location Code""","""Item Location at Time of Loan"".""Location Code""",,,"sqlExpression","""Item Location at Time of Loan"".""Location Code""",0,,,,,,,
"C238","report_column",130,"UCM Physical Collection Usage","Fulfillment","/shared/University of California System 01UCS_NETWORK/Reports/Local Requests/Annual Statistic Reports/Annual Stats FY 2025-2026/Final stats reports (for July 1)/Physical Collection Usage/UCM Physical Collection Usage",7,"saved_reference","savedRegularColumnRef","c0548a8c9089fbee9","UCM Check-Out Type","Fulfillment - UCM Check-Out Type",,,"binned","""Item Location at Time of Loan"".""Location Code""",4,250,"Fulfillment - UCM Check-Out Type","Item Location at Time of Loan","UCM Check-Out Type","/shared/University of California System 01UCS_NETWORK/Reports/Local Requests/Annual Statistic Reports/Annual Stats FY 2025-2026/Fulfillment - UCM Check-Out Type",TRUE,
"C239","report_column",130,"UCM Physical Collection Usage","Fulfillment","/shared/University of California System 01UCS_NETWORK/Reports/Local Requests/Annual Statistic Reports/Annual Stats FY 2025-2026/Final stats reports (for July 1)/Physical Collection Usage/UCM Physical Collection Usage",8,"saved_reference","savedRegularColumnRef","cc8498fcc72e02f06","Alma User Group","Fulfillment - Alma User Group",,,"sqlExpression","""Borrower Details"".""User Group""",0,222,"Fulfillment - Alma User Group","Borrower Details","Alma User Group","/shared/University of California System 01UCS_NETWORK/Reports/Local Requests/Annual Statistic Reports/Annual Stats FY 2025-2026/Fulfillment - Alma User Group",TRUE,
"C240","report_column",130,"UCM Physical Collection Usage","Fulfillment","/shared/University of California System 01UCS_NETWORK/Reports/Local Requests/Annual Statistic Reports/Annual Stats FY 2025-2026/Final stats reports (for July 1)/Physical Collection Usage/UCM Physical Collection Usage",9,"saved_reference","savedRegularColumnRef","c1381a430e5814e59","UCM User Group (for reporting)","Fulfillment - UCM User Group",,,"binned","""Borrower Details"".""User Group""",8,251,"Fulfillment - UCM User Group","Borrower Details","UCM User Group (for reporting)","/shared/University of California System 01UCS_NETWORK/Reports/Local Requests/Annual Statistic Reports/Annual Stats FY 2025-2026/Fulfillment - UCM User Group",TRUE,
"C241","report_column",130,"UCM Physical Collection Usage","Fulfillment","/shared/University of California System 01UCS_NETWORK/Reports/Local Requests/Annual Statistic Reports/Annual Stats FY 2025-2026/Final stats reports (for July 1)/Physical Collection Usage/UCM Physical Collection Usage",10,"saved_reference","savedRegularColumnRef","c18284b5c4ab60b10","FY 2025-26 Loans (Not In House)","Fulfillment - FY 2025-26 Loans (Not In House)",,,"sqlExpression","""Loan"".""Loans (Not In House)""",0,229,"Fulfillment - FY 2025-26 Loans (Not In House)","Loan","FY 2025-26 Loans (Not In House)","/shared/University of California System 01UCS_NETWORK/Reports/Local Requests/Annual Statistic Reports/Annual Stats FY 2025-2026/Fulfillment - FY 2025-26 Loans (Not In House)",TRUE,
"C242","report_column",142,"SLF-S Added Physical Holdings and Titles Report part 1","Physical Items","/shared/University of California System 01UCS_NETWORK/Reports/Local Requests/Annual Statistic Reports/Annual Stats FY 2025-2026/Final stats reports (for July 1)/Physical/SLF-S Added Physical Holdings and Titles Report part 1",1,"saved_reference","savedRegularColumnRef","cdb4727d2a4bc0027","Systemwide Library Facility","Physical - Systemwide Library Facility",,,"binned","""Institution"".""Institution Name""",2,269,"Physical - Systemwide Library Facility","Institution","Systemwide Library Facility","/shared/University of California System 01UCS_NETWORK/Reports/Local Requests/Annual Statistic Reports/Annual Stats FY 2025-2026/Physical - Systemwide Library Facility",TRUE,
"C243","report_column",142,"SLF-S Added Physical Holdings and Titles Report part 1","Physical Items","/shared/University of California System 01UCS_NETWORK/Reports/Local Requests/Annual Statistic Reports/Annual Stats FY 2025-2026/Final stats reports (for July 1)/Physical/SLF-S Added Physical Holdings and Titles Report part 1",2,"saved_reference","savedRegularColumnRef","cebcc92d7b1b50b86","SLF Depositor","Physical - SLF Depositor",,,"binned","""Institution"".""Institution Name""",32,266,"Physical - SLF Depositor","Institution","SLF Depositor","/shared/University of California System 01UCS_NETWORK/Reports/Local Requests/Annual Statistic Reports/Annual Stats FY 2025-2026/Physical - SLF Depositor",TRUE,
"C244","report_column",142,"SLF-S Added Physical Holdings and Titles Report part 1","Physical Items","/shared/University of California System 01UCS_NETWORK/Reports/Local Requests/Annual Statistic Reports/Annual Stats FY 2025-2026/Final stats reports (for July 1)/Physical/SLF-S Added Physical Holdings and Titles Report part 1",3,"inline","regularColumn","cd4897b469b0520d2","""Location"".""Library Name""","""Location"".""Library Name""",,,"sqlExpression","""Location"".""Library Name""",0,,,,,,,
"C245","report_column",142,"SLF-S Added Physical Holdings and Titles Report part 1","Physical Items","/shared/University of California System 01UCS_NETWORK/Reports/Local Requests/Annual Statistic Reports/Annual Stats FY 2025-2026/Final stats reports (for July 1)/Physical/SLF-S Added Physical Holdings and Titles Report part 1",4,"inline","regularColumn","cb6b886e5442e7b4e","""Location"".""Library Code""","""Location"".""Library Code""",,,"sqlExpression","""Location"".""Library Code""",0,,,,,,,
"C246","report_column",142,"SLF-S Added Physical Holdings and Titles Report part 1","Physical Items","/shared/University of California System 01UCS_NETWORK/Reports/Local Requests/Annual Statistic Reports/Annual Stats FY 2025-2026/Final stats reports (for July 1)/Physical/SLF-S Added Physical Holdings and Titles Report part 1",5,"inline","regularColumn","c741826d9144c87ab","""Location"".""Location Name""","""Location"".""Location Name""",,,"sqlExpression","""Location"".""Location Name""",0,,,,,,,
"C247","report_column",142,"SLF-S Added Physical Holdings and Titles Report part 1","Physical Items","/shared/University of California System 01UCS_NETWORK/Reports/Local Requests/Annual Statistic Reports/Annual Stats FY 2025-2026/Final stats reports (for July 1)/Physical/SLF-S Added Physical Holdings and Titles Report part 1",6,"inline","regularColumn","c5f7c80cc993d72e0","""Location"".""Location Code""","""Location"".""Location Code""",,,"sqlExpression","""Location"".""Location Code""",0,,,,,,,
"C248","report_column",142,"SLF-S Added Physical Holdings and Titles Report part 1","Physical Items","/shared/University of California System 01UCS_NETWORK/Reports/Local Requests/Annual Statistic Reports/Annual Stats FY 2025-2026/Final stats reports (for July 1)/Physical/SLF-S Added Physical Holdings and Titles Report part 1",7,"inline","regularColumn","cf158c28723a11737","""Bibliographic Details"".""Resource Type""","""Bibliographic Details"".""Resource Type""",,,"sqlExpression","""Bibliographic Details"".""Resource Type""",0,,,,,,,
"C249","report_column",142,"SLF-S Added Physical Holdings and Titles Report part 1","Physical Items","/shared/University of California System 01UCS_NETWORK/Reports/Local Requests/Annual Statistic Reports/Annual Stats FY 2025-2026/Final stats reports (for July 1)/Physical/SLF-S Added Physical Holdings and Titles Report part 1",8,"inline","regularColumn","c3c18cc6d41630c5d","""Bibliographic Details"".""Material Type""","""Bibliographic Details"".""Material Type""",,,"sqlExpression","""Bibliographic Details"".""Material Type""",0,,,,,,,
"C250","report_column",142,"SLF-S Added Physical Holdings and Titles Report part 1","Physical Items","/shared/University of California System 01UCS_NETWORK/Reports/Local Requests/Annual Statistic Reports/Annual Stats FY 2025-2026/Final stats reports (for July 1)/Physical/SLF-S Added Physical Holdings and Titles Report part 1",9,"saved_reference","savedRegularColumnRef","c886b316b33474744","Holdings","Physical - Count of Physical Holdings",,,"sqlExpression","COUNT(DISTINCT ""Physical Item Details"".""Physical Item Id"")",0,262,"Physical - Count of Physical Holdings","Physical Item Details","Holdings","/shared/University of California System 01UCS_NETWORK/Reports/Local Requests/Annual Statistic Reports/Annual Stats FY 2025-2026/Physical - Count of Physical Holdings",TRUE,
"C251","report_column",142,"SLF-S Added Physical Holdings and Titles Report part 1","Physical Items","/shared/University of California System 01UCS_NETWORK/Reports/Local Requests/Annual Statistic Reports/Annual Stats FY 2025-2026/Final stats reports (for July 1)/Physical/SLF-S Added Physical Holdings and Titles Report part 1",10,"saved_reference","savedRegularColumnRef","c41b53947686dd560","Titles","Physical - Count of Physical Titles",,,"sqlExpression","COUNT(DISTINCT ""Bibliographic Details"".""MMS ID"")",0,263,"Physical - Count of Physical Titles","Bibliographic Details","Titles","/shared/University of California System 01UCS_NETWORK/Reports/Local Requests/Annual Statistic Reports/Annual Stats FY 2025-2026/Physical - Count of Physical Titles",TRUE,
"C252","report_column",144,"UCR Physical Collection Usage","Fulfillment","/shared/University of California System 01UCS_NETWORK/Reports/Local Requests/Annual Statistic Reports/Annual Stats FY 2025-2026/Final stats reports (for July 1)/Physical Collection Usage/UCR Physical Collection Usage",1,"saved_reference","savedRegularColumnRef","cb59751b5732fc1df","Fulfillment Institution","Fulfillment - Fulfillment Institution",,,"binned","""Institution"".""Institution Name""",12,224,"Fulfillment - Fulfillment Institution","Institution","Fulfillment Institution","/shared/University of California System 01UCS_NETWORK/Reports/Local Requests/Annual Statistic Reports/Annual Stats FY 2025-2026/Fulfillment - Fulfillment Institution",TRUE,
"C253","report_column",144,"UCR Physical Collection Usage","Fulfillment","/shared/University of California System 01UCS_NETWORK/Reports/Local Requests/Annual Statistic Reports/Annual Stats FY 2025-2026/Final stats reports (for July 1)/Physical Collection Usage/UCR Physical Collection Usage",2,"saved_reference","savedRegularColumnRef","cdec224e62d23c88b","UCR Library Stats Category","Physical - UCR Library Stats Category",,,"binned","""Location"".""Library Code""",7,287,"Physical - UCR Library Stats Category","Location","UCR Library Stats Category","/shared/University of California System 01UCS_NETWORK/Reports/Local Requests/Annual Statistic Reports/Annual Stats FY 2025-2026/Physical - UCR Library Stats Category",TRUE,
"C254","report_column",144,"UCR Physical Collection Usage","Fulfillment","/shared/University of California System 01UCS_NETWORK/Reports/Local Requests/Annual Statistic Reports/Annual Stats FY 2025-2026/Final stats reports (for July 1)/Physical Collection Usage/UCR Physical Collection Usage",3,"inline","regularColumn","c94820f7f6e331bdc","""Item Location at Time of Loan"".""Library Name""","""Item Location at Time of Loan"".""Library Name""",,,"sqlExpression","""Item Location at Time of Loan"".""Library Name""",0,,,,,,,
"C255","report_column",144,"UCR Physical Collection Usage","Fulfillment","/shared/University of California System 01UCS_NETWORK/Reports/Local Requests/Annual Statistic Reports/Annual Stats FY 2025-2026/Final stats reports (for July 1)/Physical Collection Usage/UCR Physical Collection Usage",4,"inline","regularColumn","c8ec0a3ab17aec1ad","""Item Location at Time of Loan"".""Library Code""","""Item Location at Time of Loan"".""Library Code""",,,"sqlExpression","""Item Location at Time of Loan"".""Library Code""",0,,,,,,,
"C256","report_column",144,"UCR Physical Collection Usage","Fulfillment","/shared/University of California System 01UCS_NETWORK/Reports/Local Requests/Annual Statistic Reports/Annual Stats FY 2025-2026/Final stats reports (for July 1)/Physical Collection Usage/UCR Physical Collection Usage",5,"inline","regularColumn","c9a6dd426a5e4ba5e","""Item Location at Time of Loan"".""Location Name""","""Item Location at Time of Loan"".""Location Name""",,,"sqlExpression","""Item Location at Time of Loan"".""Location Name""",0,,,,,,,
"C257","report_column",144,"UCR Physical Collection Usage","Fulfillment","/shared/University of California System 01UCS_NETWORK/Reports/Local Requests/Annual Statistic Reports/Annual Stats FY 2025-2026/Final stats reports (for July 1)/Physical Collection Usage/UCR Physical Collection Usage",6,"inline","regularColumn","c3c4c461f2b982cf9","""Item Location at Time of Loan"".""Location Code""","""Item Location at Time of Loan"".""Location Code""",,,"sqlExpression","""Item Location at Time of Loan"".""Location Code""",0,,,,,,,
"C258","report_column",144,"UCR Physical Collection Usage","Fulfillment","/shared/University of California System 01UCS_NETWORK/Reports/Local Requests/Annual Statistic Reports/Annual Stats FY 2025-2026/Final stats reports (for July 1)/Physical Collection Usage/UCR Physical Collection Usage",7,"saved_reference","savedRegularColumnRef","c4c2b7888fd7423ba","UCR Check-Out Type","Fulfillment - UCR Check-Out Type",,,"binned","""Item Location at Time of Loan"".""Location Code""",6,252,"Fulfillment - UCR Check-Out Type","Item Location at Time of Loan","UCR Check-Out Type","/shared/University of California System 01UCS_NETWORK/Reports/Local Requests/Annual Statistic Reports/Annual Stats FY 2025-2026/Fulfillment - UCR Check-Out Type",TRUE,
"C259","report_column",144,"UCR Physical Collection Usage","Fulfillment","/shared/University of California System 01UCS_NETWORK/Reports/Local Requests/Annual Statistic Reports/Annual Stats FY 2025-2026/Final stats reports (for July 1)/Physical Collection Usage/UCR Physical Collection Usage",8,"saved_reference","savedRegularColumnRef","cb9453be60d7601a7","Alma User Group","Fulfillment - Alma User Group",,,"sqlExpression","""Borrower Details"".""User Group""",0,222,"Fulfillment - Alma User Group","Borrower Details","Alma User Group","/shared/University of California System 01UCS_NETWORK/Reports/Local Requests/Annual Statistic Reports/Annual Stats FY 2025-2026/Fulfillment - Alma User Group",TRUE,
"C260","report_column",144,"UCR Physical Collection Usage","Fulfillment","/shared/University of California System 01UCS_NETWORK/Reports/Local Requests/Annual Statistic Reports/Annual Stats FY 2025-2026/Final stats reports (for July 1)/Physical Collection Usage/UCR Physical Collection Usage",9,"saved_reference","savedRegularColumnRef","c03a1ae5c28ae8901","UCR User Group (for reporting)","Fulfillment - UCR User Group",,,"binned","""Borrower Details"".""User Group""",10,253,"Fulfillment - UCR User Group","Borrower Details","UCR User Group (for reporting)","/shared/University of California System 01UCS_NETWORK/Reports/Local Requests/Annual Statistic Reports/Annual Stats FY 2025-2026/Fulfillment - UCR User Group",TRUE,
"C261","report_column",144,"UCR Physical Collection Usage","Fulfillment","/shared/University of California System 01UCS_NETWORK/Reports/Local Requests/Annual Statistic Reports/Annual Stats FY 2025-2026/Final stats reports (for July 1)/Physical Collection Usage/UCR Physical Collection Usage",10,"saved_reference","savedRegularColumnRef","c9e61e9ec377589a0","FY 2025-26 Loans (Not In House)","Fulfillment - FY 2025-26 Loans (Not In House)",,,"sqlExpression","""Loan"".""Loans (Not In House)""",0,229,"Fulfillment - FY 2025-26 Loans (Not In House)","Loan","FY 2025-26 Loans (Not In House)","/shared/University of California System 01UCS_NETWORK/Reports/Local Requests/Annual Statistic Reports/Annual Stats FY 2025-2026/Fulfillment - FY 2025-26 Loans (Not In House)",TRUE,
"C262","report_column",145,"UCM eResources Comparison Report","E-Inventory","/shared/University of California System 01UCS_NETWORK/Reports/Local Requests/Annual Statistic Reports/Annual Stats FY 2025-2026/Final stats reports (for July 1)/eResources Comparison/UCM eResources Comparison Report",1,"saved_reference","savedRegularColumnRef","c3167064b12534e5c","eResources include/exclude designator","excluded designator",,,"binned","""Electronic Collection"".""Electronic Collection Interface Name""",33,7,"Electronic - Global Stats Electronic included/excluded designator","Electronic Collection","eResources include/exclude designator","/shared/University of California System 01UCS_NETWORK/Reports/Local Requests/Annual Statistic Reports/Annual Stats FY 2025-2026/Electronic - Global Stats Electronic included/excluded designator",TRUE,
"C263","report_column",145,"UCM eResources Comparison Report","E-Inventory","/shared/University of California System 01UCS_NETWORK/Reports/Local Requests/Annual Statistic Reports/Annual Stats FY 2025-2026/Final stats reports (for July 1)/eResources Comparison/UCM eResources Comparison Report",2,"saved_reference","savedRegularColumnRef","ced345739d6943101","UCM eResources Managed By designator","Electronic - UCM eResources Managed By designator",,,"binned","""Institution"".""Institution Name""",3,165,"Electronic - UCM eResources Managed By designator","Institution","UCM eResources Managed By designator","/shared/University of California System 01UCS_NETWORK/Reports/Local Requests/Annual Statistic Reports/Annual Stats FY 2025-2026/Electronic - UCM eResources Managed By designator",TRUE,
"C264","report_column",145,"UCM eResources Comparison Report","E-Inventory","/shared/University of California System 01UCS_NETWORK/Reports/Local Requests/Annual Statistic Reports/Annual Stats FY 2025-2026/Final stats reports (for July 1)/eResources Comparison/UCM eResources Comparison Report",3,"saved_reference","savedRegularColumnRef","c22fca42134b43247","eResources Library Stats Category","Electronic - Global Stats Electronic Library Categories",,,"binned","""Portfolio Library Unit"".""Library Name""",4,24,"Electronic - Global Stats Electronic Library Categories","UCOP Stats","eResources Library Stats Category","/shared/University of California System 01UCS_NETWORK/Reports/Local Requests/Annual Statistic Reports/Annual Stats FY 2025-2026/Electronic - Global Stats Electronic Library Categories",TRUE,
"C265","report_column",145,"UCM eResources Comparison Report","E-Inventory","/shared/University of California System 01UCS_NETWORK/Reports/Local Requests/Annual Statistic Reports/Annual Stats FY 2025-2026/Final stats reports (for July 1)/eResources Comparison/UCM eResources Comparison Report",4,"inline","regularColumn","c4c6ffb8620dd8bdd","""Electronic Collection"".""Electronic Collection Interface Name""","""Electronic Collection"".""Electronic Collection Interface Name""",,,"sqlExpression","""Electronic Collection"".""Electronic Collection Interface Name""",0,,,,,,,
"C266","report_column",145,"UCM eResources Comparison Report","E-Inventory","/shared/University of California System 01UCS_NETWORK/Reports/Local Requests/Annual Statistic Reports/Annual Stats FY 2025-2026/Final stats reports (for July 1)/eResources Comparison/UCM eResources Comparison Report",5,"saved_reference","savedRegularColumnRef","c65315087015e0974","Holdings","Electronic - Count of Electronic Holdings",,,"sqlExpression","COUNT(DISTINCT ""Portfolio"".""Portfolio Id"")",0,1,"Electronic - Count of Electronic Holdings","Portfolio","Holdings","/shared/University of California System 01UCS_NETWORK/Reports/Local Requests/Annual Statistic Reports/Annual Stats FY 2025-2026/Electronic - Count of Electronic Holdings",TRUE,
"C267","report_column",145,"UCM eResources Comparison Report","E-Inventory","/shared/University of California System 01UCS_NETWORK/Reports/Local Requests/Annual Statistic Reports/Annual Stats FY 2025-2026/Final stats reports (for July 1)/eResources Comparison/UCM eResources Comparison Report",6,"saved_reference","savedRegularColumnRef","c566c40555a7517b6","Titles","Electronic - Count of Electronic Titles",,,"sqlExpression","COUNT(DISTINCT ""Bibliographic Details"".""MMS Id"")",0,2,"Electronic - Count of Electronic Titles","Bibliographic Details","Titles","/shared/University of California System 01UCS_NETWORK/Reports/Local Requests/Annual Statistic Reports/Annual Stats FY 2025-2026/Electronic - Count of Electronic Titles",TRUE,
"C268","report_column",148,"UCM Library Categorization Report","Physical Items","/shared/University of California System 01UCS_NETWORK/Reports/Local Requests/Annual Statistic Reports/Annual Stats FY 2025-2026/Preparation review reports/Physical preparation review reports/UCM Library Categorization Report",1,"saved_reference","savedRegularColumnRef","c26bf758146cba529","campus designator","campus designator",,,,,0,,,,,"/shared/University of California System 01UCS_NETWORK/Reports/Local Requests/Annual Statistic Reports/Annual Stats FY 2025-2026/UCM SLF/campus designator",FALSE,
"C269","report_column",148,"UCM Library Categorization Report","Physical Items","/shared/University of California System 01UCS_NETWORK/Reports/Local Requests/Annual Statistic Reports/Annual Stats FY 2025-2026/Preparation review reports/Physical preparation review reports/UCM Library Categorization Report",2,"saved_reference","savedRegularColumnRef","c5a52ce973de382e9","UCM Library Stats Category","UCM Library Stats Category",,,,,0,,,,,"/shared/University of California System 01UCS_NETWORK/Reports/Local Requests/Annual Statistic Reports/Annual Stats FY 2025-2026/UCM Library Stats Category",FALSE,
"C270","report_column",148,"UCM Library Categorization Report","Physical Items","/shared/University of California System 01UCS_NETWORK/Reports/Local Requests/Annual Statistic Reports/Annual Stats FY 2025-2026/Preparation review reports/Physical preparation review reports/UCM Library Categorization Report",3,"inline","regularColumn","ccb283a11aa8b6e6b","""Location"".""Library Name""","""Location"".""Library Name""",,,"sqlExpression","""Location"".""Library Name""",0,,,,,,,
"C271","report_column",148,"UCM Library Categorization Report","Physical Items","/shared/University of California System 01UCS_NETWORK/Reports/Local Requests/Annual Statistic Reports/Annual Stats FY 2025-2026/Preparation review reports/Physical preparation review reports/UCM Library Categorization Report",4,"inline","regularColumn","cbe3f8ce31d1b46f1","""Location"".""Library Code""","""Location"".""Library Code""",,,"sqlExpression","""Location"".""Library Code""",0,,,,,,,
"C272","report_column",148,"UCM Library Categorization Report","Physical Items","/shared/University of California System 01UCS_NETWORK/Reports/Local Requests/Annual Statistic Reports/Annual Stats FY 2025-2026/Preparation review reports/Physical preparation review reports/UCM Library Categorization Report",5,"inline","regularColumn","c60631ef88a59ef0f","""Location"".""Location Name""","""Location"".""Location Name""",,,"sqlExpression","""Location"".""Location Name""",0,,,,,,,
"C273","report_column",148,"UCM Library Categorization Report","Physical Items","/shared/University of California System 01UCS_NETWORK/Reports/Local Requests/Annual Statistic Reports/Annual Stats FY 2025-2026/Preparation review reports/Physical preparation review reports/UCM Library Categorization Report",6,"inline","regularColumn","c377892e021ba2d7b","""Location"".""Location Code""","""Location"".""Location Code""",,,"sqlExpression","""Location"".""Location Code""",0,,,,,,,
"C274","report_column",148,"UCM Library Categorization Report","Physical Items","/shared/University of California System 01UCS_NETWORK/Reports/Local Requests/Annual Statistic Reports/Annual Stats FY 2025-2026/Preparation review reports/Physical preparation review reports/UCM Library Categorization Report",7,"saved_reference","savedRegularColumnRef","cb394f0163c061473","Count of Physical Holdings","Count of Physical Holdings",,,,,0,,,,,"/shared/University of California System 01UCS_NETWORK/Reports/Local Requests/Annual Statistic Reports/Annual Stats FY 2025-2026/Count of Physical Holdings",FALSE,
"C275","report_column",148,"UCM Library Categorization Report","Physical Items","/shared/University of California System 01UCS_NETWORK/Reports/Local Requests/Annual Statistic Reports/Annual Stats FY 2025-2026/Preparation review reports/Physical preparation review reports/UCM Library Categorization Report",8,"saved_reference","savedRegularColumnRef","c9c5cdc70d81406c0","Count of Physical Titles","Count of Physical Titles",,,,,0,,,,,"/shared/University of California System 01UCS_NETWORK/Reports/Local Requests/Annual Statistic Reports/Annual Stats FY 2025-2026/Count of Physical Titles",FALSE,
"C276","report_column",151,"UCR Risk Management Report","Physical Items","/shared/University of California System 01UCS_NETWORK/Reports/Local Requests/Annual Statistic Reports/Annual Stats FY 2025-2026/Final stats reports (for July 1)/Risk Management/UCR Risk Management Report",1,"saved_reference","savedRegularColumnRef","c9e85a30596e786b8","campus designator","campus designator",,,,,0,,,,,"/shared/University of California System 01UCS_NETWORK/Reports/Local Requests/Annual Statistic Reports/Annual Stats FY 2025-2026/UCR SLF/campus designator",FALSE,
"C277","report_column",151,"UCR Risk Management Report","Physical Items","/shared/University of California System 01UCS_NETWORK/Reports/Local Requests/Annual Statistic Reports/Annual Stats FY 2025-2026/Final stats reports (for July 1)/Risk Management/UCR Risk Management Report",2,"inline","regularColumn","cafffd1e71a5a7ac8","""Location"".""Library Name""","""Location"".""Library Name""",,,"sqlExpression","""Location"".""Library Name""",0,,,,,,,
"C278","report_column",151,"UCR Risk Management Report","Physical Items","/shared/University of California System 01UCS_NETWORK/Reports/Local Requests/Annual Statistic Reports/Annual Stats FY 2025-2026/Final stats reports (for July 1)/Risk Management/UCR Risk Management Report",3,"inline","regularColumn","c0046ba395cf6caff","""Location"".""Library Code""","""Location"".""Library Code""",,,"sqlExpression","""Location"".""Library Code""",0,,,,,,,
"C279","report_column",151,"UCR Risk Management Report","Physical Items","/shared/University of California System 01UCS_NETWORK/Reports/Local Requests/Annual Statistic Reports/Annual Stats FY 2025-2026/Final stats reports (for July 1)/Risk Management/UCR Risk Management Report",4,"inline","regularColumn","c5e8cde1ba74beea7","""Location"".""Location Name""","""Location"".""Location Name""",,,"sqlExpression","""Location"".""Location Name""",0,,,,,,,
"C280","report_column",151,"UCR Risk Management Report","Physical Items","/shared/University of California System 01UCS_NETWORK/Reports/Local Requests/Annual Statistic Reports/Annual Stats FY 2025-2026/Final stats reports (for July 1)/Risk Management/UCR Risk Management Report",5,"inline","regularColumn","c3e3e024d301c6319","""Location"".""Location Code""","""Location"".""Location Code""",,,"sqlExpression","""Location"".""Location Code""",0,,,,,,,
"C281","report_column",151,"UCR Risk Management Report","Physical Items","/shared/University of California System 01UCS_NETWORK/Reports/Local Requests/Annual Statistic Reports/Annual Stats FY 2025-2026/Final stats reports (for July 1)/Risk Management/UCR Risk Management Report",6,"inline","regularColumn","cd536c10c479d7815","""Bibliographic Details"".""Resource Type""","""Bibliographic Details"".""Resource Type""",,,"sqlExpression","""Bibliographic Details"".""Resource Type""",0,,,,,,,
"C282","report_column",151,"UCR Risk Management Report","Physical Items","/shared/University of California System 01UCS_NETWORK/Reports/Local Requests/Annual Statistic Reports/Annual Stats FY 2025-2026/Final stats reports (for July 1)/Risk Management/UCR Risk Management Report",7,"saved_reference","savedRegularColumnRef","c4121df0acdd2ca3b","Count of Physical Holdings","Count of Physical Holdings",,,,,0,,,,,"/shared/University of California System 01UCS_NETWORK/Reports/Local Requests/Annual Statistic Reports/Annual Stats FY 2025-2026/Count of Physical Holdings",FALSE,
"C283","report_column",154,"UCM eResources Library Categorization Report","E-Inventory","/shared/University of California System 01UCS_NETWORK/Reports/Local Requests/Annual Statistic Reports/Annual Stats FY 2025-2026/Preparation review reports/Electronic preparation review reports/UCM eResources Library Categorization Report",1,"inline","regularColumn","c2a53da92d15619df","""Institution"".""Institution Name""","""Institution"".""Institution Name""",,,"sqlExpression","""Institution"".""Institution Name""",0,,,,,,,
"C284","report_column",154,"UCM eResources Library Categorization Report","E-Inventory","/shared/University of California System 01UCS_NETWORK/Reports/Local Requests/Annual Statistic Reports/Annual Stats FY 2025-2026/Preparation review reports/Electronic preparation review reports/UCM eResources Library Categorization Report",2,"saved_reference","savedRegularColumnRef","c93c38f9d46dde768","eResources Library Stats Category","Electronic - Global Stats Electronic Library Categories",,,"binned","""Portfolio Library Unit"".""Library Name""",4,24,"Electronic - Global Stats Electronic Library Categories","UCOP Stats","eResources Library Stats Category","/shared/University of California System 01UCS_NETWORK/Reports/Local Requests/Annual Statistic Reports/Annual Stats FY 2025-2026/Electronic - Global Stats Electronic Library Categories",TRUE,
"C285","report_column",154,"UCM eResources Library Categorization Report","E-Inventory","/shared/University of California System 01UCS_NETWORK/Reports/Local Requests/Annual Statistic Reports/Annual Stats FY 2025-2026/Preparation review reports/Electronic preparation review reports/UCM eResources Library Categorization Report",3,"inline","regularColumn","c16b804d4f2a9bfed","""Portfolio Library Unit"".""Library Name""","""Portfolio Library Unit"".""Library Name""",,,"sqlExpression","""Portfolio Library Unit"".""Library Name""",0,,,,,,,
"C286","report_column",154,"UCM eResources Library Categorization Report","E-Inventory","/shared/University of California System 01UCS_NETWORK/Reports/Local Requests/Annual Statistic Reports/Annual Stats FY 2025-2026/Preparation review reports/Electronic preparation review reports/UCM eResources Library Categorization Report",4,"inline","regularColumn","c9a2b1a7e8a8fa595","""Portfolio Library Unit"".""Library Code""","""Portfolio Library Unit"".""Library Code""",,,"sqlExpression","""Portfolio Library Unit"".""Library Code""",0,,,,,,,
"C287","report_column",162,"UCM Electronic Holdings and Titles Report","E-Inventory","/shared/University of California System 01UCS_NETWORK/Reports/Local Requests/Annual Statistic Reports/Annual Stats FY 2025-2026/Final stats reports (for July 1)/Electronic/UCM Electronic Holdings and Titles Report",1,"saved_reference","savedRegularColumnRef","c3167064b12534e5c","eResources include/exclude designator","excluded designator",,,"binned","""Electronic Collection"".""Electronic Collection Interface Name""",33,7,"Electronic - Global Stats Electronic included/excluded designator","Electronic Collection","eResources include/exclude designator","/shared/University of California System 01UCS_NETWORK/Reports/Local Requests/Annual Statistic Reports/Annual Stats FY 2025-2026/Electronic - Global Stats Electronic included/excluded designator",TRUE,
"C288","report_column",162,"UCM Electronic Holdings and Titles Report","E-Inventory","/shared/University of California System 01UCS_NETWORK/Reports/Local Requests/Annual Statistic Reports/Annual Stats FY 2025-2026/Final stats reports (for July 1)/Electronic/UCM Electronic Holdings and Titles Report",2,"saved_reference","savedRegularColumnRef","ced345739d6943101","UCM eResources Managed By designator","Electronic - UCM eResources Managed By designator",,,"binned","""Institution"".""Institution Name""",3,165,"Electronic - UCM eResources Managed By designator","Institution","UCM eResources Managed By designator","/shared/University of California System 01UCS_NETWORK/Reports/Local Requests/Annual Statistic Reports/Annual Stats FY 2025-2026/Electronic - UCM eResources Managed By designator",TRUE,
"C289","report_column",162,"UCM Electronic Holdings and Titles Report","E-Inventory","/shared/University of California System 01UCS_NETWORK/Reports/Local Requests/Annual Statistic Reports/Annual Stats FY 2025-2026/Final stats reports (for July 1)/Electronic/UCM Electronic Holdings and Titles Report",3,"saved_reference","savedRegularColumnRef","c22fca42134b43247","eResources Library Stats Category","Electronic - Global Stats Electronic Library Categories",,,"binned","""Portfolio Library Unit"".""Library Name""",4,24,"Electronic - Global Stats Electronic Library Categories","UCOP Stats","eResources Library Stats Category","/shared/University of California System 01UCS_NETWORK/Reports/Local Requests/Annual Statistic Reports/Annual Stats FY 2025-2026/Electronic - Global Stats Electronic Library Categories",TRUE,
"C290","report_column",162,"UCM Electronic Holdings and Titles Report","E-Inventory","/shared/University of California System 01UCS_NETWORK/Reports/Local Requests/Annual Statistic Reports/Annual Stats FY 2025-2026/Final stats reports (for July 1)/Electronic/UCM Electronic Holdings and Titles Report",4,"inline","regularColumn","c896ed44fc3546941","""Bibliographic Details"".""Resource Type""","""Bibliographic Details"".""Resource Type""",,,"sqlExpression","""Bibliographic Details"".""Resource Type""",0,,,,,,,
"C291","report_column",162,"UCM Electronic Holdings and Titles Report","E-Inventory","/shared/University of California System 01UCS_NETWORK/Reports/Local Requests/Annual Statistic Reports/Annual Stats FY 2025-2026/Final stats reports (for July 1)/Electronic/UCM Electronic Holdings and Titles Report",5,"saved_reference","savedRegularColumnRef","c65315087015e0974","Holdings","Electronic - Count of Electronic Holdings",,,"sqlExpression","COUNT(DISTINCT ""Portfolio"".""Portfolio Id"")",0,1,"Electronic - Count of Electronic Holdings","Portfolio","Holdings","/shared/University of California System 01UCS_NETWORK/Reports/Local Requests/Annual Statistic Reports/Annual Stats FY 2025-2026/Electronic - Count of Electronic Holdings",TRUE,
"C292","report_column",162,"UCM Electronic Holdings and Titles Report","E-Inventory","/shared/University of California System 01UCS_NETWORK/Reports/Local Requests/Annual Statistic Reports/Annual Stats FY 2025-2026/Final stats reports (for July 1)/Electronic/UCM Electronic Holdings and Titles Report",6,"saved_reference","savedRegularColumnRef","c566c40555a7517b6","Titles","Electronic - Count of Electronic Titles",,,"sqlExpression","COUNT(DISTINCT ""Bibliographic Details"".""MMS Id"")",0,2,"Electronic - Count of Electronic Titles","Bibliographic Details","Titles","/shared/University of California System 01UCS_NETWORK/Reports/Local Requests/Annual Statistic Reports/Annual Stats FY 2025-2026/Electronic - Count of Electronic Titles",TRUE,
"C293","report_column",164,"UCI Check-Out Type Categorization Report","Fulfillment","/shared/University of California System 01UCS_NETWORK/Reports/Local Requests/Annual Statistic Reports/Annual Stats FY 2025-2026/Preparation review reports/Fulfillment preparation review reports/UCI Check-Out Type Categorization Report",1,"inline","regularColumn","c34f76bfacb00c3a3","""Institution"".""Institution Name""","""Institution"".""Institution Name""",,,"sqlExpression","""Institution"".""Institution Name""",0,,,,,,,
"C294","report_column",164,"UCI Check-Out Type Categorization Report","Fulfillment","/shared/University of California System 01UCS_NETWORK/Reports/Local Requests/Annual Statistic Reports/Annual Stats FY 2025-2026/Preparation review reports/Fulfillment preparation review reports/UCI Check-Out Type Categorization Report",2,"saved_reference","savedRegularColumnRef","c5b4e30bb148eeb63","UCI Check-Out Type","UCI Check-Out Type",,,,,0,,,,,"/shared/University of California System 01UCS_NETWORK/Reports/Local Requests/Annual Statistic Reports/Annual Stats FY 2025-2026/UCI Check-Out Type",FALSE,
"C295","report_column",164,"UCI Check-Out Type Categorization Report","Fulfillment","/shared/University of California System 01UCS_NETWORK/Reports/Local Requests/Annual Statistic Reports/Annual Stats FY 2025-2026/Preparation review reports/Fulfillment preparation review reports/UCI Check-Out Type Categorization Report",3,"inline","regularColumn","c1bd54facdc32c0a1","""Item Location at Time of Loan"".""Library Name""","""Item Location at Time of Loan"".""Library Name""",,,"sqlExpression","""Item Location at Time of Loan"".""Library Name""",0,,,,,,,
"C296","report_column",164,"UCI Check-Out Type Categorization Report","Fulfillment","/shared/University of California System 01UCS_NETWORK/Reports/Local Requests/Annual Statistic Reports/Annual Stats FY 2025-2026/Preparation review reports/Fulfillment preparation review reports/UCI Check-Out Type Categorization Report",4,"inline","regularColumn","c62ac00ab510fc22f","""Item Location at Time of Loan"".""Library Code""","""Item Location at Time of Loan"".""Library Code""",,,"sqlExpression","""Item Location at Time of Loan"".""Library Code""",0,,,,,,,
"C297","report_column",164,"UCI Check-Out Type Categorization Report","Fulfillment","/shared/University of California System 01UCS_NETWORK/Reports/Local Requests/Annual Statistic Reports/Annual Stats FY 2025-2026/Preparation review reports/Fulfillment preparation review reports/UCI Check-Out Type Categorization Report",5,"inline","regularColumn","c4add33d3429b4f12","""Item Location at Time of Loan"".""Location Name""","""Item Location at Time of Loan"".""Location Name""",,,"sqlExpression","""Item Location at Time of Loan"".""Location Name""",0,,,,,,,
"C298","report_column",164,"UCI Check-Out Type Categorization Report","Fulfillment","/shared/University of California System 01UCS_NETWORK/Reports/Local Requests/Annual Statistic Reports/Annual Stats FY 2025-2026/Preparation review reports/Fulfillment preparation review reports/UCI Check-Out Type Categorization Report",6,"inline","regularColumn","c1a3202bb7ce6f4b7","""Item Location at Time of Loan"".""Location Code""","""Item Location at Time of Loan"".""Location Code""",,,"sqlExpression","""Item Location at Time of Loan"".""Location Code""",0,,,,,,,
"C299","report_column",164,"UCI Check-Out Type Categorization Report","Fulfillment","/shared/University of California System 01UCS_NETWORK/Reports/Local Requests/Annual Statistic Reports/Annual Stats FY 2025-2026/Preparation review reports/Fulfillment preparation review reports/UCI Check-Out Type Categorization Report",7,"saved_reference","savedRegularColumnRef","c37b3277854b960c2","FY 2025-26 Loans (Not In House)","FY 2025-26 Loans (Not In House)",,,,,0,,,,,"/shared/University of California System 01UCS_NETWORK/Reports/Local Requests/Annual Statistic Reports/Annual Stats FY 2025-2026/FY 2025-26 Loans (Not In House)",FALSE,
"C300","report_column",166,"UCSB Physical Collection Usage","Fulfillment","/shared/University of California System 01UCS_NETWORK/Reports/Local Requests/Annual Statistic Reports/Annual Stats FY 2025-2026/Final stats reports (for July 1)/Physical Collection Usage/UCSB Physical Collection Usage",1,"saved_reference","savedRegularColumnRef","c6af50930e383411e","Fulfillment Institution","Fulfillment - Fulfillment Institution",,,"binned","""Institution"".""Institution Name""",12,224,"Fulfillment - Fulfillment Institution","Institution","Fulfillment Institution","/shared/University of California System 01UCS_NETWORK/Reports/Local Requests/Annual Statistic Reports/Annual Stats FY 2025-2026/Fulfillment - Fulfillment Institution",TRUE,
"C301","report_column",166,"UCSB Physical Collection Usage","Fulfillment","/shared/University of California System 01UCS_NETWORK/Reports/Local Requests/Annual Statistic Reports/Annual Stats FY 2025-2026/Final stats reports (for July 1)/Physical Collection Usage/UCSB Physical Collection Usage",2,"saved_reference","savedRegularColumnRef","cd5d74027cc7c9461","UCSB Library Stats Category","Physical - UCSB Library Stats Category",,,"binned","""Location"".""Library Code""",6,291,"Physical - UCSB Library Stats Category","Location","UCSB Library Stats Category","/shared/University of California System 01UCS_NETWORK/Reports/Local Requests/Annual Statistic Reports/Annual Stats FY 2025-2026/Physical - UCSB Library Stats Category",TRUE,
"C302","report_column",166,"UCSB Physical Collection Usage","Fulfillment","/shared/University of California System 01UCS_NETWORK/Reports/Local Requests/Annual Statistic Reports/Annual Stats FY 2025-2026/Final stats reports (for July 1)/Physical Collection Usage/UCSB Physical Collection Usage",3,"inline","regularColumn","c51a373891ac05dc6","""Item Location at Time of Loan"".""Library Name""","""Item Location at Time of Loan"".""Library Name""",,,"sqlExpression","""Item Location at Time of Loan"".""Library Name""",0,,,,,,,
"C303","report_column",166,"UCSB Physical Collection Usage","Fulfillment","/shared/University of California System 01UCS_NETWORK/Reports/Local Requests/Annual Statistic Reports/Annual Stats FY 2025-2026/Final stats reports (for July 1)/Physical Collection Usage/UCSB Physical Collection Usage",4,"inline","regularColumn","c1bd01995cf6bcd2d","""Item Location at Time of Loan"".""Library Code""","""Item Location at Time of Loan"".""Library Code""",,,"sqlExpression","""Item Location at Time of Loan"".""Library Code""",0,,,,,,,
"C304","report_column",166,"UCSB Physical Collection Usage","Fulfillment","/shared/University of California System 01UCS_NETWORK/Reports/Local Requests/Annual Statistic Reports/Annual Stats FY 2025-2026/Final stats reports (for July 1)/Physical Collection Usage/UCSB Physical Collection Usage",5,"inline","regularColumn","c171d98dff491b246","""Item Location at Time of Loan"".""Location Name""","""Item Location at Time of Loan"".""Location Name""",,,"sqlExpression","""Item Location at Time of Loan"".""Location Name""",0,,,,,,,
"C305","report_column",166,"UCSB Physical Collection Usage","Fulfillment","/shared/University of California System 01UCS_NETWORK/Reports/Local Requests/Annual Statistic Reports/Annual Stats FY 2025-2026/Final stats reports (for July 1)/Physical Collection Usage/UCSB Physical Collection Usage",6,"inline","regularColumn","c462a2d0992dc7fb6","""Item Location at Time of Loan"".""Location Code""","""Item Location at Time of Loan"".""Location Code""",,,"sqlExpression","""Item Location at Time of Loan"".""Location Code""",0,,,,,,,
"C306","report_column",166,"UCSB Physical Collection Usage","Fulfillment","/shared/University of California System 01UCS_NETWORK/Reports/Local Requests/Annual Statistic Reports/Annual Stats FY 2025-2026/Final stats reports (for July 1)/Physical Collection Usage/UCSB Physical Collection Usage",7,"saved_reference","savedRegularColumnRef","c29a0c68ffbab61f1","UCSB Check-Out Type","Fulfillment - UCSB Check-Out Type",,,"binned","""Item Location at Time of Loan"".""Location Code""",7,254,"Fulfillment - UCSB Check-Out Type","Item Location at Time of Loan","UCSB Check-Out Type","/shared/University of California System 01UCS_NETWORK/Reports/Local Requests/Annual Statistic Reports/Annual Stats FY 2025-2026/Fulfillment - UCSB Check-Out Type",TRUE,
"C307","report_column",166,"UCSB Physical Collection Usage","Fulfillment","/shared/University of California System 01UCS_NETWORK/Reports/Local Requests/Annual Statistic Reports/Annual Stats FY 2025-2026/Final stats reports (for July 1)/Physical Collection Usage/UCSB Physical Collection Usage",8,"saved_reference","savedRegularColumnRef","ccd20af49afa0ed51","Alma User Group","Fulfillment - Alma User Group",,,"sqlExpression","""Borrower Details"".""User Group""",0,222,"Fulfillment - Alma User Group","Borrower Details","Alma User Group","/shared/University of California System 01UCS_NETWORK/Reports/Local Requests/Annual Statistic Reports/Annual Stats FY 2025-2026/Fulfillment - Alma User Group",TRUE,
"C308","report_column",166,"UCSB Physical Collection Usage","Fulfillment","/shared/University of California System 01UCS_NETWORK/Reports/Local Requests/Annual Statistic Reports/Annual Stats FY 2025-2026/Final stats reports (for July 1)/Physical Collection Usage/UCSB Physical Collection Usage",9,"saved_reference","savedRegularColumnRef","c2993cba366d35dca","UCSB User Group (for reporting)","Fulfillment - UCSB User Group",,,"binned","""Borrower Details"".""User Group""",10,255,"Fulfillment - UCSB User Group","Borrower Details","UCSB User Group (for reporting)","/shared/University of California System 01UCS_NETWORK/Reports/Local Requests/Annual Statistic Reports/Annual Stats FY 2025-2026/Fulfillment - UCSB User Group",TRUE,
"C309","report_column",166,"UCSB Physical Collection Usage","Fulfillment","/shared/University of California System 01UCS_NETWORK/Reports/Local Requests/Annual Statistic Reports/Annual Stats FY 2025-2026/Final stats reports (for July 1)/Physical Collection Usage/UCSB Physical Collection Usage",10,"saved_reference","savedRegularColumnRef","c7164f26c009be836","FY 2025-26 Loans (Not In House)","Fulfillment - FY 2025-26 Loans (Not In House)",,,"sqlExpression","""Loan"".""Loans (Not In House)""",0,229,"Fulfillment - FY 2025-26 Loans (Not In House)","Loan","FY 2025-26 Loans (Not In House)","/shared/University of California System 01UCS_NETWORK/Reports/Local Requests/Annual Statistic Reports/Annual Stats FY 2025-2026/Fulfillment - FY 2025-26 Loans (Not In House)",TRUE,
"C310","report_column",170,"UCSB Risk Management Report","Physical Items","/shared/University of California System 01UCS_NETWORK/Reports/Local Requests/Annual Statistic Reports/Annual Stats FY 2025-2026/Final stats reports (for July 1)/Risk Management/UCSB Risk Management Report",1,"saved_reference","savedRegularColumnRef","cca8ab1963e080dac","campus designator","campus designator",,,,,0,,,,,"/shared/University of California System 01UCS_NETWORK/Reports/Local Requests/Annual Statistic Reports/Annual Stats FY 2025-2026/UCSB SLF/campus designator",FALSE,
"C311","report_column",170,"UCSB Risk Management Report","Physical Items","/shared/University of California System 01UCS_NETWORK/Reports/Local Requests/Annual Statistic Reports/Annual Stats FY 2025-2026/Final stats reports (for July 1)/Risk Management/UCSB Risk Management Report",2,"inline","regularColumn","c2585db472a60f04b","""Location"".""Library Name""","""Location"".""Library Name""",,,"sqlExpression","""Location"".""Library Name""",0,,,,,,,
"C312","report_column",170,"UCSB Risk Management Report","Physical Items","/shared/University of California System 01UCS_NETWORK/Reports/Local Requests/Annual Statistic Reports/Annual Stats FY 2025-2026/Final stats reports (for July 1)/Risk Management/UCSB Risk Management Report",3,"inline","regularColumn","c29c00b20b93d6510","""Location"".""Library Code""","""Location"".""Library Code""",,,"sqlExpression","""Location"".""Library Code""",0,,,,,,,
"C313","report_column",170,"UCSB Risk Management Report","Physical Items","/shared/University of California System 01UCS_NETWORK/Reports/Local Requests/Annual Statistic Reports/Annual Stats FY 2025-2026/Final stats reports (for July 1)/Risk Management/UCSB Risk Management Report",4,"inline","regularColumn","ce80c79fe167b2f62","""Location"".""Location Name""","""Location"".""Location Name""",,,"sqlExpression","""Location"".""Location Name""",0,,,,,,,
"C314","report_column",170,"UCSB Risk Management Report","Physical Items","/shared/University of California System 01UCS_NETWORK/Reports/Local Requests/Annual Statistic Reports/Annual Stats FY 2025-2026/Final stats reports (for July 1)/Risk Management/UCSB Risk Management Report",5,"inline","regularColumn","c617c0d6880875dab","""Location"".""Location Code""","""Location"".""Location Code""",,,"sqlExpression","""Location"".""Location Code""",0,,,,,,,
"C315","report_column",170,"UCSB Risk Management Report","Physical Items","/shared/University of California System 01UCS_NETWORK/Reports/Local Requests/Annual Statistic Reports/Annual Stats FY 2025-2026/Final stats reports (for July 1)/Risk Management/UCSB Risk Management Report",6,"inline","regularColumn","cc8fb810eb21242a5","""Bibliographic Details"".""Resource Type""","""Bibliographic Details"".""Resource Type""",,,"sqlExpression","""Bibliographic Details"".""Resource Type""",0,,,,,,,
"C316","report_column",170,"UCSB Risk Management Report","Physical Items","/shared/University of California System 01UCS_NETWORK/Reports/Local Requests/Annual Statistic Reports/Annual Stats FY 2025-2026/Final stats reports (for July 1)/Risk Management/UCSB Risk Management Report",7,"saved_reference","savedRegularColumnRef","c4748f241953224ae","Count of Physical Holdings","Count of Physical Holdings",,,,,0,,,,,"/shared/University of California System 01UCS_NETWORK/Reports/Local Requests/Annual Statistic Reports/Annual Stats FY 2025-2026/Count of Physical Holdings",FALSE,
"C317","report_column",171,"UCI User Group Categorization Report","Fulfillment","/shared/University of California System 01UCS_NETWORK/Reports/Local Requests/Annual Statistic Reports/Annual Stats FY 2025-2026/Preparation review reports/Fulfillment preparation review reports/UCI User Group Categorization Report",1,"inline","regularColumn","c7354defbe70a2760","""Institution"".""Institution Name""","""Institution"".""Institution Name""",,,"sqlExpression","""Institution"".""Institution Name""",0,,,,,,,
"C318","report_column",171,"UCI User Group Categorization Report","Fulfillment","/shared/University of California System 01UCS_NETWORK/Reports/Local Requests/Annual Statistic Reports/Annual Stats FY 2025-2026/Preparation review reports/Fulfillment preparation review reports/UCI User Group Categorization Report",2,"saved_reference","savedRegularColumnRef","c7e283cf40b206838","UCI User Group","UCI User Group",,,,,0,,,,,"/shared/University of California System 01UCS_NETWORK/Reports/Local Requests/Annual Statistic Reports/Annual Stats FY 2025-2026/UCI User Group",FALSE,
"C319","report_column",171,"UCI User Group Categorization Report","Fulfillment","/shared/University of California System 01UCS_NETWORK/Reports/Local Requests/Annual Statistic Reports/Annual Stats FY 2025-2026/Preparation review reports/Fulfillment preparation review reports/UCI User Group Categorization Report",3,"inline","regularColumn","cb8d2bd0c4a449b3f","""Borrower Details"".""User Group""","""Borrower Details"".""User Group""",,,"sqlExpression","""Borrower Details"".""User Group""",0,,,,,,,
"C320","report_column",174,"UCR eResources Comparison Report","E-Inventory","/shared/University of California System 01UCS_NETWORK/Reports/Local Requests/Annual Statistic Reports/Annual Stats FY 2025-2026/Final stats reports (for July 1)/eResources Comparison/UCR eResources Comparison Report",1,"saved_reference","savedRegularColumnRef","c0ad6ee1e1e656a7d","eResources include/exclude designator","excluded designator",,,"binned","""Electronic Collection"".""Electronic Collection Interface Name""",33,7,"Electronic - Global Stats Electronic included/excluded designator","Electronic Collection","eResources include/exclude designator","/shared/University of California System 01UCS_NETWORK/Reports/Local Requests/Annual Statistic Reports/Annual Stats FY 2025-2026/Electronic - Global Stats Electronic included/excluded designator",TRUE,
"C321","report_column",174,"UCR eResources Comparison Report","E-Inventory","/shared/University of California System 01UCS_NETWORK/Reports/Local Requests/Annual Statistic Reports/Annual Stats FY 2025-2026/Final stats reports (for July 1)/eResources Comparison/UCR eResources Comparison Report",2,"saved_reference","savedRegularColumnRef","ca8cd2eee29d7f9ab","UCR eResources Managed By designator","Electronic - UCR eResources Managed By designator",,,"binned","""Institution"".""Institution Name""",3,179,"Electronic - UCR eResources Managed By designator","Institution","UCR eResources Managed By designator","/shared/University of California System 01UCS_NETWORK/Reports/Local Requests/Annual Statistic Reports/Annual Stats FY 2025-2026/Electronic - UCR eResources Managed By designator",TRUE,
"C322","report_column",174,"UCR eResources Comparison Report","E-Inventory","/shared/University of California System 01UCS_NETWORK/Reports/Local Requests/Annual Statistic Reports/Annual Stats FY 2025-2026/Final stats reports (for July 1)/eResources Comparison/UCR eResources Comparison Report",3,"saved_reference","savedRegularColumnRef","c522878cc99270e54","eResources Library Stats Category","Electronic - Global Stats Electronic Library Categories",,,"binned","""Portfolio Library Unit"".""Library Name""",4,24,"Electronic - Global Stats Electronic Library Categories","UCOP Stats","eResources Library Stats Category","/shared/University of California System 01UCS_NETWORK/Reports/Local Requests/Annual Statistic Reports/Annual Stats FY 2025-2026/Electronic - Global Stats Electronic Library Categories",TRUE,
"C323","report_column",174,"UCR eResources Comparison Report","E-Inventory","/shared/University of California System 01UCS_NETWORK/Reports/Local Requests/Annual Statistic Reports/Annual Stats FY 2025-2026/Final stats reports (for July 1)/eResources Comparison/UCR eResources Comparison Report",4,"inline","regularColumn","cb0eea3d634c8bf69","""Electronic Collection"".""Electronic Collection Interface Name""","""Electronic Collection"".""Electronic Collection Interface Name""",,,"sqlExpression","""Electronic Collection"".""Electronic Collection Interface Name""",0,,,,,,,
"C324","report_column",174,"UCR eResources Comparison Report","E-Inventory","/shared/University of California System 01UCS_NETWORK/Reports/Local Requests/Annual Statistic Reports/Annual Stats FY 2025-2026/Final stats reports (for July 1)/eResources Comparison/UCR eResources Comparison Report",5,"saved_reference","savedRegularColumnRef","c2d15ce3950148fb6","Holdings","Electronic - Count of Electronic Holdings",,,"sqlExpression","COUNT(DISTINCT ""Portfolio"".""Portfolio Id"")",0,1,"Electronic - Count of Electronic Holdings","Portfolio","Holdings","/shared/University of California System 01UCS_NETWORK/Reports/Local Requests/Annual Statistic Reports/Annual Stats FY 2025-2026/Electronic - Count of Electronic Holdings",TRUE,
"C325","report_column",174,"UCR eResources Comparison Report","E-Inventory","/shared/University of California System 01UCS_NETWORK/Reports/Local Requests/Annual Statistic Reports/Annual Stats FY 2025-2026/Final stats reports (for July 1)/eResources Comparison/UCR eResources Comparison Report",6,"saved_reference","savedRegularColumnRef","cfde45ba53c222294","Titles","Electronic - Count of Electronic Titles",,,"sqlExpression","COUNT(DISTINCT ""Bibliographic Details"".""MMS Id"")",0,2,"Electronic - Count of Electronic Titles","Bibliographic Details","Titles","/shared/University of California System 01UCS_NETWORK/Reports/Local Requests/Annual Statistic Reports/Annual Stats FY 2025-2026/Electronic - Count of Electronic Titles",TRUE,
"C326","report_column",175,"UCR eResources Library Categorization Report","E-Inventory","/shared/University of California System 01UCS_NETWORK/Reports/Local Requests/Annual Statistic Reports/Annual Stats FY 2025-2026/Preparation review reports/Electronic preparation review reports/UCR eResources Library Categorization Report",1,"inline","regularColumn","c2a53da92d15619df","""Institution"".""Institution Name""","""Institution"".""Institution Name""",,,"sqlExpression","""Institution"".""Institution Name""",0,,,,,,,
"C327","report_column",175,"UCR eResources Library Categorization Report","E-Inventory","/shared/University of California System 01UCS_NETWORK/Reports/Local Requests/Annual Statistic Reports/Annual Stats FY 2025-2026/Preparation review reports/Electronic preparation review reports/UCR eResources Library Categorization Report",2,"saved_reference","savedRegularColumnRef","c93c38f9d46dde768","eResources Library Stats Category","Electronic - Global Stats Electronic Library Categories",,,"binned","""Portfolio Library Unit"".""Library Name""",4,24,"Electronic - Global Stats Electronic Library Categories","UCOP Stats","eResources Library Stats Category","/shared/University of California System 01UCS_NETWORK/Reports/Local Requests/Annual Statistic Reports/Annual Stats FY 2025-2026/Electronic - Global Stats Electronic Library Categories",TRUE,
"C328","report_column",175,"UCR eResources Library Categorization Report","E-Inventory","/shared/University of California System 01UCS_NETWORK/Reports/Local Requests/Annual Statistic Reports/Annual Stats FY 2025-2026/Preparation review reports/Electronic preparation review reports/UCR eResources Library Categorization Report",3,"inline","regularColumn","c16b804d4f2a9bfed","""Portfolio Library Unit"".""Library Name""","""Portfolio Library Unit"".""Library Name""",,,"sqlExpression","""Portfolio Library Unit"".""Library Name""",0,,,,,,,
"C329","report_column",175,"UCR eResources Library Categorization Report","E-Inventory","/shared/University of California System 01UCS_NETWORK/Reports/Local Requests/Annual Statistic Reports/Annual Stats FY 2025-2026/Preparation review reports/Electronic preparation review reports/UCR eResources Library Categorization Report",4,"inline","regularColumn","c9a2b1a7e8a8fa595","""Portfolio Library Unit"".""Library Code""","""Portfolio Library Unit"".""Library Code""",,,"sqlExpression","""Portfolio Library Unit"".""Library Code""",0,,,,,,,
"C330","report_column",177,"UCR Library Categorization Report","Physical Items","/shared/University of California System 01UCS_NETWORK/Reports/Local Requests/Annual Statistic Reports/Annual Stats FY 2025-2026/Preparation review reports/Physical preparation review reports/UCR Library Categorization Report",1,"saved_reference","savedRegularColumnRef","c9e85a30596e786b8","campus designator","campus designator",,,,,0,,,,,"/shared/University of California System 01UCS_NETWORK/Reports/Local Requests/Annual Statistic Reports/Annual Stats FY 2025-2026/UCR SLF/campus designator",FALSE,
"C331","report_column",177,"UCR Library Categorization Report","Physical Items","/shared/University of California System 01UCS_NETWORK/Reports/Local Requests/Annual Statistic Reports/Annual Stats FY 2025-2026/Preparation review reports/Physical preparation review reports/UCR Library Categorization Report",2,"saved_reference","savedRegularColumnRef","c815a8c9612bce20a","UCR Library Stats Category","UCR Library Stats Category",,,,,0,,,,,"/shared/University of California System 01UCS_NETWORK/Reports/Local Requests/Annual Statistic Reports/Annual Stats FY 2025-2026/UCR Library Stats Category",FALSE,
"C332","report_column",177,"UCR Library Categorization Report","Physical Items","/shared/University of California System 01UCS_NETWORK/Reports/Local Requests/Annual Statistic Reports/Annual Stats FY 2025-2026/Preparation review reports/Physical preparation review reports/UCR Library Categorization Report",3,"inline","regularColumn","cafffd1e71a5a7ac8","""Location"".""Library Name""","""Location"".""Library Name""",,,"sqlExpression","""Location"".""Library Name""",0,,,,,,,
"C333","report_column",177,"UCR Library Categorization Report","Physical Items","/shared/University of California System 01UCS_NETWORK/Reports/Local Requests/Annual Statistic Reports/Annual Stats FY 2025-2026/Preparation review reports/Physical preparation review reports/UCR Library Categorization Report",4,"inline","regularColumn","c0046ba395cf6caff","""Location"".""Library Code""","""Location"".""Library Code""",,,"sqlExpression","""Location"".""Library Code""",0,,,,,,,
"C334","report_column",177,"UCR Library Categorization Report","Physical Items","/shared/University of California System 01UCS_NETWORK/Reports/Local Requests/Annual Statistic Reports/Annual Stats FY 2025-2026/Preparation review reports/Physical preparation review reports/UCR Library Categorization Report",5,"inline","regularColumn","c5e8cde1ba74beea7","""Location"".""Location Name""","""Location"".""Location Name""",,,"sqlExpression","""Location"".""Location Name""",0,,,,,,,
"C335","report_column",177,"UCR Library Categorization Report","Physical Items","/shared/University of California System 01UCS_NETWORK/Reports/Local Requests/Annual Statistic Reports/Annual Stats FY 2025-2026/Preparation review reports/Physical preparation review reports/UCR Library Categorization Report",6,"inline","regularColumn","c3e3e024d301c6319","""Location"".""Location Code""","""Location"".""Location Code""",,,"sqlExpression","""Location"".""Location Code""",0,,,,,,,
"C336","report_column",177,"UCR Library Categorization Report","Physical Items","/shared/University of California System 01UCS_NETWORK/Reports/Local Requests/Annual Statistic Reports/Annual Stats FY 2025-2026/Preparation review reports/Physical preparation review reports/UCR Library Categorization Report",7,"saved_reference","savedRegularColumnRef","c4121df0acdd2ca3b","Count of Physical Holdings","Count of Physical Holdings",,,,,0,,,,,"/shared/University of California System 01UCS_NETWORK/Reports/Local Requests/Annual Statistic Reports/Annual Stats FY 2025-2026/Count of Physical Holdings",FALSE,
"C337","report_column",177,"UCR Library Categorization Report","Physical Items","/shared/University of California System 01UCS_NETWORK/Reports/Local Requests/Annual Statistic Reports/Annual Stats FY 2025-2026/Preparation review reports/Physical preparation review reports/UCR Library Categorization Report",8,"saved_reference","savedRegularColumnRef","ce4948648c0ab650b","Count of Physical Titles","Count of Physical Titles",,,,,0,,,,,"/shared/University of California System 01UCS_NETWORK/Reports/Local Requests/Annual Statistic Reports/Annual Stats FY 2025-2026/Count of Physical Titles",FALSE,
"C338","report_column",178,"UCR Electronic Holdings and Titles Report","E-Inventory","/shared/University of California System 01UCS_NETWORK/Reports/Local Requests/Annual Statistic Reports/Annual Stats FY 2025-2026/Final stats reports (for July 1)/Electronic/UCR Electronic Holdings and Titles Report",1,"saved_reference","savedRegularColumnRef","c0ad6ee1e1e656a7d","eResources include/exclude designator","excluded designator",,,"binned","""Electronic Collection"".""Electronic Collection Interface Name""",33,7,"Electronic - Global Stats Electronic included/excluded designator","Electronic Collection","eResources include/exclude designator","/shared/University of California System 01UCS_NETWORK/Reports/Local Requests/Annual Statistic Reports/Annual Stats FY 2025-2026/Electronic - Global Stats Electronic included/excluded designator",TRUE,
"C339","report_column",178,"UCR Electronic Holdings and Titles Report","E-Inventory","/shared/University of California System 01UCS_NETWORK/Reports/Local Requests/Annual Statistic Reports/Annual Stats FY 2025-2026/Final stats reports (for July 1)/Electronic/UCR Electronic Holdings and Titles Report",2,"saved_reference","savedRegularColumnRef","ca8cd2eee29d7f9ab","UCR eResources Managed By designator","Electronic - UCR eResources Managed By designator",,,"binned","""Institution"".""Institution Name""",3,179,"Electronic - UCR eResources Managed By designator","Institution","UCR eResources Managed By designator","/shared/University of California System 01UCS_NETWORK/Reports/Local Requests/Annual Statistic Reports/Annual Stats FY 2025-2026/Electronic - UCR eResources Managed By designator",TRUE,
"C340","report_column",178,"UCR Electronic Holdings and Titles Report","E-Inventory","/shared/University of California System 01UCS_NETWORK/Reports/Local Requests/Annual Statistic Reports/Annual Stats FY 2025-2026/Final stats reports (for July 1)/Electronic/UCR Electronic Holdings and Titles Report",3,"saved_reference","savedRegularColumnRef","c522878cc99270e54","eResources Library Stats Category","Electronic - Global Stats Electronic Library Categories",,,"binned","""Portfolio Library Unit"".""Library Name""",4,24,"Electronic - Global Stats Electronic Library Categories","UCOP Stats","eResources Library Stats Category","/shared/University of California System 01UCS_NETWORK/Reports/Local Requests/Annual Statistic Reports/Annual Stats FY 2025-2026/Electronic - Global Stats Electronic Library Categories",TRUE,
"C341","report_column",178,"UCR Electronic Holdings and Titles Report","E-Inventory","/shared/University of California System 01UCS_NETWORK/Reports/Local Requests/Annual Statistic Reports/Annual Stats FY 2025-2026/Final stats reports (for July 1)/Electronic/UCR Electronic Holdings and Titles Report",4,"inline","regularColumn","cea5066c6462ce29f","""Bibliographic Details"".""Resource Type""","""Bibliographic Details"".""Resource Type""",,,"sqlExpression","""Bibliographic Details"".""Resource Type""",0,,,,,,,
"C342","report_column",178,"UCR Electronic Holdings and Titles Report","E-Inventory","/shared/University of California System 01UCS_NETWORK/Reports/Local Requests/Annual Statistic Reports/Annual Stats FY 2025-2026/Final stats reports (for July 1)/Electronic/UCR Electronic Holdings and Titles Report",5,"saved_reference","savedRegularColumnRef","c2d15ce3950148fb6","Holdings","Electronic - Count of Electronic Holdings",,,"sqlExpression","COUNT(DISTINCT ""Portfolio"".""Portfolio Id"")",0,1,"Electronic - Count of Electronic Holdings","Portfolio","Holdings","/shared/University of California System 01UCS_NETWORK/Reports/Local Requests/Annual Statistic Reports/Annual Stats FY 2025-2026/Electronic - Count of Electronic Holdings",TRUE,
"C343","report_column",178,"UCR Electronic Holdings and Titles Report","E-Inventory","/shared/University of California System 01UCS_NETWORK/Reports/Local Requests/Annual Statistic Reports/Annual Stats FY 2025-2026/Final stats reports (for July 1)/Electronic/UCR Electronic Holdings and Titles Report",6,"saved_reference","savedRegularColumnRef","cfde45ba53c222294","Titles","Electronic - Count of Electronic Titles",,,"sqlExpression","COUNT(DISTINCT ""Bibliographic Details"".""MMS Id"")",0,2,"Electronic - Count of Electronic Titles","Bibliographic Details","Titles","/shared/University of California System 01UCS_NETWORK/Reports/Local Requests/Annual Statistic Reports/Annual Stats FY 2025-2026/Electronic - Count of Electronic Titles",TRUE,
"C344","report_column",181,"UCLA Check-Out Type Categorization Report","Fulfillment","/shared/University of California System 01UCS_NETWORK/Reports/Local Requests/Annual Statistic Reports/Annual Stats FY 2025-2026/Preparation review reports/Fulfillment preparation review reports/UCLA Check-Out Type Categorization Report",1,"inline","regularColumn","caf0615f8c012c60c","""Institution"".""Institution Name""","""Institution"".""Institution Name""",,,"sqlExpression","""Institution"".""Institution Name""",0,,,,,,,
"C345","report_column",181,"UCLA Check-Out Type Categorization Report","Fulfillment","/shared/University of California System 01UCS_NETWORK/Reports/Local Requests/Annual Statistic Reports/Annual Stats FY 2025-2026/Preparation review reports/Fulfillment preparation review reports/UCLA Check-Out Type Categorization Report",2,"saved_reference","savedRegularColumnRef","c405cf6687833f496","UCLA Check-Out Type","UCLA Check-Out Type",,,,,0,,,,,"/shared/University of California System 01UCS_NETWORK/Reports/Local Requests/Annual Statistic Reports/Annual Stats FY 2025-2026/UCLA Check-Out Type",FALSE,
"C346","report_column",181,"UCLA Check-Out Type Categorization Report","Fulfillment","/shared/University of California System 01UCS_NETWORK/Reports/Local Requests/Annual Statistic Reports/Annual Stats FY 2025-2026/Preparation review reports/Fulfillment preparation review reports/UCLA Check-Out Type Categorization Report",3,"inline","regularColumn","cc001cd4b6c7866b7","""Item Location at Time of Loan"".""Library Name""","""Item Location at Time of Loan"".""Library Name""",,,"sqlExpression","""Item Location at Time of Loan"".""Library Name""",0,,,,,,,
"C347","report_column",181,"UCLA Check-Out Type Categorization Report","Fulfillment","/shared/University of California System 01UCS_NETWORK/Reports/Local Requests/Annual Statistic Reports/Annual Stats FY 2025-2026/Preparation review reports/Fulfillment preparation review reports/UCLA Check-Out Type Categorization Report",4,"inline","regularColumn","c3db5e9163a2cc3b1","""Item Location at Time of Loan"".""Library Code""","""Item Location at Time of Loan"".""Library Code""",,,"sqlExpression","""Item Location at Time of Loan"".""Library Code""",0,,,,,,,
"C348","report_column",181,"UCLA Check-Out Type Categorization Report","Fulfillment","/shared/University of California System 01UCS_NETWORK/Reports/Local Requests/Annual Statistic Reports/Annual Stats FY 2025-2026/Preparation review reports/Fulfillment preparation review reports/UCLA Check-Out Type Categorization Report",5,"inline","regularColumn","cece98683aeb26440","""Item Location at Time of Loan"".""Location Name""","""Item Location at Time of Loan"".""Location Name""",,,"sqlExpression","""Item Location at Time of Loan"".""Location Name""",0,,,,,,,
"C349","report_column",181,"UCLA Check-Out Type Categorization Report","Fulfillment","/shared/University of California System 01UCS_NETWORK/Reports/Local Requests/Annual Statistic Reports/Annual Stats FY 2025-2026/Preparation review reports/Fulfillment preparation review reports/UCLA Check-Out Type Categorization Report",6,"inline","regularColumn","ccdfa3a798e1323b7","""Item Location at Time of Loan"".""Location Code""","""Item Location at Time of Loan"".""Location Code""",,,"sqlExpression","""Item Location at Time of Loan"".""Location Code""",0,,,,,,,
"C350","report_column",181,"UCLA Check-Out Type Categorization Report","Fulfillment","/shared/University of California System 01UCS_NETWORK/Reports/Local Requests/Annual Statistic Reports/Annual Stats FY 2025-2026/Preparation review reports/Fulfillment preparation review reports/UCLA Check-Out Type Categorization Report",7,"saved_reference","savedRegularColumnRef","c095bc60c7fa4f03c","FY 2025-26 Loans (Not In House)","FY 2025-26 Loans (Not In House)",,,,,0,,,,,"/shared/University of California System 01UCS_NETWORK/Reports/Local Requests/Annual Statistic Reports/Annual Stats FY 2025-2026/FY 2025-26 Loans (Not In House)",FALSE,
"C351","report_column",182,"UCSC Physical Collection Usage","Fulfillment","/shared/University of California System 01UCS_NETWORK/Reports/Local Requests/Annual Statistic Reports/Annual Stats FY 2025-2026/Final stats reports (for July 1)/Physical Collection Usage/UCSC Physical Collection Usage",1,"saved_reference","savedRegularColumnRef","cf49e8bae56e580c2","Fulfillment Institution","Fulfillment - Fulfillment Institution",,,"binned","""Institution"".""Institution Name""",12,224,"Fulfillment - Fulfillment Institution","Institution","Fulfillment Institution","/shared/University of California System 01UCS_NETWORK/Reports/Local Requests/Annual Statistic Reports/Annual Stats FY 2025-2026/Fulfillment - Fulfillment Institution",TRUE,
"C352","report_column",182,"UCSC Physical Collection Usage","Fulfillment","/shared/University of California System 01UCS_NETWORK/Reports/Local Requests/Annual Statistic Reports/Annual Stats FY 2025-2026/Final stats reports (for July 1)/Physical Collection Usage/UCSC Physical Collection Usage",2,"saved_reference","savedRegularColumnRef","cdd045725507fe3cc","UCSC Library Stats Category","Physical - UCSC Library Stats Category",,,"binned","""Location"".""Library Code""",5,294,"Physical - UCSC Library Stats Category","Location","UCSC Library Stats Category","/shared/University of California System 01UCS_NETWORK/Reports/Local Requests/Annual Statistic Reports/Annual Stats FY 2025-2026/Physical - UCSC Library Stats Category",TRUE,
"C353","report_column",182,"UCSC Physical Collection Usage","Fulfillment","/shared/University of California System 01UCS_NETWORK/Reports/Local Requests/Annual Statistic Reports/Annual Stats FY 2025-2026/Final stats reports (for July 1)/Physical Collection Usage/UCSC Physical Collection Usage",3,"inline","regularColumn","cd139ae7b1f413cf9","""Item Location at Time of Loan"".""Library Name""","""Item Location at Time of Loan"".""Library Name""",,,"sqlExpression","""Item Location at Time of Loan"".""Library Name""",0,,,,,,,
"C354","report_column",182,"UCSC Physical Collection Usage","Fulfillment","/shared/University of California System 01UCS_NETWORK/Reports/Local Requests/Annual Statistic Reports/Annual Stats FY 2025-2026/Final stats reports (for July 1)/Physical Collection Usage/UCSC Physical Collection Usage",4,"inline","regularColumn","c2d7d25a7ca93bf64","""Item Location at Time of Loan"".""Library Code""","""Item Location at Time of Loan"".""Library Code""",,,"sqlExpression","""Item Location at Time of Loan"".""Library Code""",0,,,,,,,
"C355","report_column",182,"UCSC Physical Collection Usage","Fulfillment","/shared/University of California System 01UCS_NETWORK/Reports/Local Requests/Annual Statistic Reports/Annual Stats FY 2025-2026/Final stats reports (for July 1)/Physical Collection Usage/UCSC Physical Collection Usage",5,"inline","regularColumn","c7a4c238d21dcaa88","""Item Location at Time of Loan"".""Location Name""","""Item Location at Time of Loan"".""Location Name""",,,"sqlExpression","""Item Location at Time of Loan"".""Location Name""",0,,,,,,,
"C356","report_column",182,"UCSC Physical Collection Usage","Fulfillment","/shared/University of California System 01UCS_NETWORK/Reports/Local Requests/Annual Statistic Reports/Annual Stats FY 2025-2026/Final stats reports (for July 1)/Physical Collection Usage/UCSC Physical Collection Usage",6,"inline","regularColumn","cc95db8d91b637f58","""Item Location at Time of Loan"".""Location Code""","""Item Location at Time of Loan"".""Location Code""",,,"sqlExpression","""Item Location at Time of Loan"".""Location Code""",0,,,,,,,
"C357","report_column",182,"UCSC Physical Collection Usage","Fulfillment","/shared/University of California System 01UCS_NETWORK/Reports/Local Requests/Annual Statistic Reports/Annual Stats FY 2025-2026/Final stats reports (for July 1)/Physical Collection Usage/UCSC Physical Collection Usage",7,"saved_reference","savedRegularColumnRef","cecae5de29190e76c","UCSC Check-Out Type","Fulfillment - UCSC Check-Out Type",,,"binned","""Item Location at Time of Loan"".""Location Code""",6,256,"Fulfillment - UCSC Check-Out Type","Item Location at Time of Loan","UCSC Check-Out Type","/shared/University of California System 01UCS_NETWORK/Reports/Local Requests/Annual Statistic Reports/Annual Stats FY 2025-2026/Fulfillment - UCSC Check-Out Type",TRUE,
"C358","report_column",182,"UCSC Physical Collection Usage","Fulfillment","/shared/University of California System 01UCS_NETWORK/Reports/Local Requests/Annual Statistic Reports/Annual Stats FY 2025-2026/Final stats reports (for July 1)/Physical Collection Usage/UCSC Physical Collection Usage",8,"saved_reference","savedRegularColumnRef","c07d1c1a14c98ba59","Alma User Group","Fulfillment - Alma User Group",,,"sqlExpression","""Borrower Details"".""User Group""",0,222,"Fulfillment - Alma User Group","Borrower Details","Alma User Group","/shared/University of California System 01UCS_NETWORK/Reports/Local Requests/Annual Statistic Reports/Annual Stats FY 2025-2026/Fulfillment - Alma User Group",TRUE,
"C359","report_column",182,"UCSC Physical Collection Usage","Fulfillment","/shared/University of California System 01UCS_NETWORK/Reports/Local Requests/Annual Statistic Reports/Annual Stats FY 2025-2026/Final stats reports (for July 1)/Physical Collection Usage/UCSC Physical Collection Usage",9,"saved_reference","savedRegularColumnRef","c56b90fe1945bddbf","UCSC User Group (for reporting)","Fulfillment - UCSC User Group",,,"binned","""Borrower Details"".""User Group""",9,257,"Fulfillment - UCSC User Group","Borrower Details","UCSC User Group (for reporting)","/shared/University of California System 01UCS_NETWORK/Reports/Local Requests/Annual Statistic Reports/Annual Stats FY 2025-2026/Fulfillment - UCSC User Group",TRUE,
"C360","report_column",182,"UCSC Physical Collection Usage","Fulfillment","/shared/University of California System 01UCS_NETWORK/Reports/Local Requests/Annual Statistic Reports/Annual Stats FY 2025-2026/Final stats reports (for July 1)/Physical Collection Usage/UCSC Physical Collection Usage",10,"saved_reference","savedRegularColumnRef","c35269fba7a6a1f10","FY 2025-26 Loans (Not In House)","Fulfillment - FY 2025-26 Loans (Not In House)",,,"sqlExpression","""Loan"".""Loans (Not In House)""",0,229,"Fulfillment - FY 2025-26 Loans (Not In House)","Loan","FY 2025-26 Loans (Not In House)","/shared/University of California System 01UCS_NETWORK/Reports/Local Requests/Annual Statistic Reports/Annual Stats FY 2025-2026/Fulfillment - FY 2025-26 Loans (Not In House)",TRUE,
"C361","report_column",183,"UCSB eResources Comparison Report","E-Inventory","/shared/University of California System 01UCS_NETWORK/Reports/Local Requests/Annual Statistic Reports/Annual Stats FY 2025-2026/Final stats reports (for July 1)/eResources Comparison/UCSB eResources Comparison Report",1,"saved_reference","savedRegularColumnRef","c0ad6ee1e1e656a7d","eResources include/exclude designator","excluded designator",,,"binned","""Electronic Collection"".""Electronic Collection Interface Name""",33,7,"Electronic - Global Stats Electronic included/excluded designator","Electronic Collection","eResources include/exclude designator","/shared/University of California System 01UCS_NETWORK/Reports/Local Requests/Annual Statistic Reports/Annual Stats FY 2025-2026/Electronic - Global Stats Electronic included/excluded designator",TRUE,
"C362","report_column",183,"UCSB eResources Comparison Report","E-Inventory","/shared/University of California System 01UCS_NETWORK/Reports/Local Requests/Annual Statistic Reports/Annual Stats FY 2025-2026/Final stats reports (for July 1)/eResources Comparison/UCSB eResources Comparison Report",2,"saved_reference","savedRegularColumnRef","ca6a6fdc551ca91c6","UCSB eResources Managed By designator","Electronic - UCSB eResources Managed By designator",,,"binned","""Institution"".""Institution Name""",3,195,"Electronic - UCSB eResources Managed By designator","Institution","UCSB eResources Managed By designator","/shared/University of California System 01UCS_NETWORK/Reports/Local Requests/Annual Statistic Reports/Annual Stats FY 2025-2026/Electronic - UCSB eResources Managed By designator",TRUE,
"C363","report_column",183,"UCSB eResources Comparison Report","E-Inventory","/shared/University of California System 01UCS_NETWORK/Reports/Local Requests/Annual Statistic Reports/Annual Stats FY 2025-2026/Final stats reports (for July 1)/eResources Comparison/UCSB eResources Comparison Report",3,"saved_reference","savedRegularColumnRef","c522878cc99270e54","eResources Library Stats Category","Electronic - Global Stats Electronic Library Categories",,,"binned","""Portfolio Library Unit"".""Library Name""",4,24,"Electronic - Global Stats Electronic Library Categories","UCOP Stats","eResources Library Stats Category","/shared/University of California System 01UCS_NETWORK/Reports/Local Requests/Annual Statistic Reports/Annual Stats FY 2025-2026/Electronic - Global Stats Electronic Library Categories",TRUE,
"C364","report_column",183,"UCSB eResources Comparison Report","E-Inventory","/shared/University of California System 01UCS_NETWORK/Reports/Local Requests/Annual Statistic Reports/Annual Stats FY 2025-2026/Final stats reports (for July 1)/eResources Comparison/UCSB eResources Comparison Report",4,"inline","regularColumn","c6360a4842314b13c","""Electronic Collection"".""Electronic Collection Interface Name""","""Electronic Collection"".""Electronic Collection Interface Name""",,,"sqlExpression","""Electronic Collection"".""Electronic Collection Interface Name""",0,,,,,,,
"C365","report_column",183,"UCSB eResources Comparison Report","E-Inventory","/shared/University of California System 01UCS_NETWORK/Reports/Local Requests/Annual Statistic Reports/Annual Stats FY 2025-2026/Final stats reports (for July 1)/eResources Comparison/UCSB eResources Comparison Report",5,"saved_reference","savedRegularColumnRef","c2d15ce3950148fb6","Holdings","Electronic - Count of Electronic Holdings",,,"sqlExpression","COUNT(DISTINCT ""Portfolio"".""Portfolio Id"")",0,1,"Electronic - Count of Electronic Holdings","Portfolio","Holdings","/shared/University of California System 01UCS_NETWORK/Reports/Local Requests/Annual Statistic Reports/Annual Stats FY 2025-2026/Electronic - Count of Electronic Holdings",TRUE,
"C366","report_column",183,"UCSB eResources Comparison Report","E-Inventory","/shared/University of California System 01UCS_NETWORK/Reports/Local Requests/Annual Statistic Reports/Annual Stats FY 2025-2026/Final stats reports (for July 1)/eResources Comparison/UCSB eResources Comparison Report",6,"saved_reference","savedRegularColumnRef","cfde45ba53c222294","Titles","Electronic - Count of Electronic Titles",,,"sqlExpression","COUNT(DISTINCT ""Bibliographic Details"".""MMS Id"")",0,2,"Electronic - Count of Electronic Titles","Bibliographic Details","Titles","/shared/University of California System 01UCS_NETWORK/Reports/Local Requests/Annual Statistic Reports/Annual Stats FY 2025-2026/Electronic - Count of Electronic Titles",TRUE,
"C367","report_column",184,"UCSC Risk Management Report","Physical Items","/shared/University of California System 01UCS_NETWORK/Reports/Local Requests/Annual Statistic Reports/Annual Stats FY 2025-2026/Final stats reports (for July 1)/Risk Management/UCSC Risk Management Report",1,"saved_reference","savedRegularColumnRef","c82b594d56c75fadd","campus designator","campus designator",,,,,0,,,,,"/shared/University of California System 01UCS_NETWORK/Reports/Local Requests/Annual Statistic Reports/Annual Stats FY 2025-2026/UCSC SLF/campus designator",FALSE,
"C368","report_column",184,"UCSC Risk Management Report","Physical Items","/shared/University of California System 01UCS_NETWORK/Reports/Local Requests/Annual Statistic Reports/Annual Stats FY 2025-2026/Final stats reports (for July 1)/Risk Management/UCSC Risk Management Report",2,"inline","regularColumn","cee292e062dfd689d","""Location"".""Library Name""","""Location"".""Library Name""",,,"sqlExpression","""Location"".""Library Name""",0,,,,,,,
"C369","report_column",184,"UCSC Risk Management Report","Physical Items","/shared/University of California System 01UCS_NETWORK/Reports/Local Requests/Annual Statistic Reports/Annual Stats FY 2025-2026/Final stats reports (for July 1)/Risk Management/UCSC Risk Management Report",3,"inline","regularColumn","ccf9f61121ed5de7c","""Location"".""Library Code""","""Location"".""Library Code""",,,"sqlExpression","""Location"".""Library Code""",0,,,,,,,
"C370","report_column",184,"UCSC Risk Management Report","Physical Items","/shared/University of California System 01UCS_NETWORK/Reports/Local Requests/Annual Statistic Reports/Annual Stats FY 2025-2026/Final stats reports (for July 1)/Risk Management/UCSC Risk Management Report",4,"inline","regularColumn","c14b6455f3270569d","""Location"".""Location Name""","""Location"".""Location Name""",,,"sqlExpression","""Location"".""Location Name""",0,,,,,,,
"C371","report_column",184,"UCSC Risk Management Report","Physical Items","/shared/University of California System 01UCS_NETWORK/Reports/Local Requests/Annual Statistic Reports/Annual Stats FY 2025-2026/Final stats reports (for July 1)/Risk Management/UCSC Risk Management Report",5,"inline","regularColumn","c25515112241d7018","""Location"".""Location Code""","""Location"".""Location Code""",,,"sqlExpression","""Location"".""Location Code""",0,,,,,,,
"C372","report_column",184,"UCSC Risk Management Report","Physical Items","/shared/University of California System 01UCS_NETWORK/Reports/Local Requests/Annual Statistic Reports/Annual Stats FY 2025-2026/Final stats reports (for July 1)/Risk Management/UCSC Risk Management Report",6,"inline","regularColumn","c036c7c0e207c78b0","""Bibliographic Details"".""Resource Type""","""Bibliographic Details"".""Resource Type""",,,"sqlExpression","""Bibliographic Details"".""Resource Type""",0,,,,,,,
"C373","report_column",184,"UCSC Risk Management Report","Physical Items","/shared/University of California System 01UCS_NETWORK/Reports/Local Requests/Annual Statistic Reports/Annual Stats FY 2025-2026/Final stats reports (for July 1)/Risk Management/UCSC Risk Management Report",7,"saved_reference","savedRegularColumnRef","ce3ddafad98c1a502","Count of Physical Holdings","Count of Physical Holdings",,,,,0,,,,,"/shared/University of California System 01UCS_NETWORK/Reports/Local Requests/Annual Statistic Reports/Annual Stats FY 2025-2026/Count of Physical Holdings",FALSE,
"C374","report_column",185,"UCSB Electronic Holdings and Titles Report","E-Inventory","/shared/University of California System 01UCS_NETWORK/Reports/Local Requests/Annual Statistic Reports/Annual Stats FY 2025-2026/Final stats reports (for July 1)/Electronic/UCSB Electronic Holdings and Titles Report",1,"saved_reference","savedRegularColumnRef","c0ad6ee1e1e656a7d","eResources include/exclude designator","excluded designator",,,"binned","""Electronic Collection"".""Electronic Collection Interface Name""",33,7,"Electronic - Global Stats Electronic included/excluded designator","Electronic Collection","eResources include/exclude designator","/shared/University of California System 01UCS_NETWORK/Reports/Local Requests/Annual Statistic Reports/Annual Stats FY 2025-2026/Electronic - Global Stats Electronic included/excluded designator",TRUE,
"C375","report_column",185,"UCSB Electronic Holdings and Titles Report","E-Inventory","/shared/University of California System 01UCS_NETWORK/Reports/Local Requests/Annual Statistic Reports/Annual Stats FY 2025-2026/Final stats reports (for July 1)/Electronic/UCSB Electronic Holdings and Titles Report",2,"saved_reference","savedRegularColumnRef","ca6a6fdc551ca91c6","UCSB eResources Managed By designator","Electronic - UCSB eResources Managed By designator",,,"binned","""Institution"".""Institution Name""",3,195,"Electronic - UCSB eResources Managed By designator","Institution","UCSB eResources Managed By designator","/shared/University of California System 01UCS_NETWORK/Reports/Local Requests/Annual Statistic Reports/Annual Stats FY 2025-2026/Electronic - UCSB eResources Managed By designator",TRUE,
"C376","report_column",185,"UCSB Electronic Holdings and Titles Report","E-Inventory","/shared/University of California System 01UCS_NETWORK/Reports/Local Requests/Annual Statistic Reports/Annual Stats FY 2025-2026/Final stats reports (for July 1)/Electronic/UCSB Electronic Holdings and Titles Report",3,"saved_reference","savedRegularColumnRef","c522878cc99270e54","eResources Library Stats Category","Electronic - Global Stats Electronic Library Categories",,,"binned","""Portfolio Library Unit"".""Library Name""",4,24,"Electronic - Global Stats Electronic Library Categories","UCOP Stats","eResources Library Stats Category","/shared/University of California System 01UCS_NETWORK/Reports/Local Requests/Annual Statistic Reports/Annual Stats FY 2025-2026/Electronic - Global Stats Electronic Library Categories",TRUE,
"C377","report_column",185,"UCSB Electronic Holdings and Titles Report","E-Inventory","/shared/University of California System 01UCS_NETWORK/Reports/Local Requests/Annual Statistic Reports/Annual Stats FY 2025-2026/Final stats reports (for July 1)/Electronic/UCSB Electronic Holdings and Titles Report",4,"inline","regularColumn","cea5066c6462ce29f","""Bibliographic Details"".""Resource Type""","""Bibliographic Details"".""Resource Type""",,,"sqlExpression","""Bibliographic Details"".""Resource Type""",0,,,,,,,
"C378","report_column",185,"UCSB Electronic Holdings and Titles Report","E-Inventory","/shared/University of California System 01UCS_NETWORK/Reports/Local Requests/Annual Statistic Reports/Annual Stats FY 2025-2026/Final stats reports (for July 1)/Electronic/UCSB Electronic Holdings and Titles Report",5,"saved_reference","savedRegularColumnRef","c2d15ce3950148fb6","Holdings","Electronic - Count of Electronic Holdings",,,"sqlExpression","COUNT(DISTINCT ""Portfolio"".""Portfolio Id"")",0,1,"Electronic - Count of Electronic Holdings","Portfolio","Holdings","/shared/University of California System 01UCS_NETWORK/Reports/Local Requests/Annual Statistic Reports/Annual Stats FY 2025-2026/Electronic - Count of Electronic Holdings",TRUE,
"C379","report_column",185,"UCSB Electronic Holdings and Titles Report","E-Inventory","/shared/University of California System 01UCS_NETWORK/Reports/Local Requests/Annual Statistic Reports/Annual Stats FY 2025-2026/Final stats reports (for July 1)/Electronic/UCSB Electronic Holdings and Titles Report",6,"saved_reference","savedRegularColumnRef","cfde45ba53c222294","Titles","Electronic - Count of Electronic Titles",,,"sqlExpression","COUNT(DISTINCT ""Bibliographic Details"".""MMS Id"")",0,2,"Electronic - Count of Electronic Titles","Bibliographic Details","Titles","/shared/University of California System 01UCS_NETWORK/Reports/Local Requests/Annual Statistic Reports/Annual Stats FY 2025-2026/Electronic - Count of Electronic Titles",TRUE,
"C380","report_column",186,"UCSB eResources Library Categorization Report","E-Inventory","/shared/University of California System 01UCS_NETWORK/Reports/Local Requests/Annual Statistic Reports/Annual Stats FY 2025-2026/Preparation review reports/Electronic preparation review reports/UCSB eResources Library Categorization Report",1,"inline","regularColumn","c2a53da92d15619df","""Institution"".""Institution Name""","""Institution"".""Institution Name""",,,"sqlExpression","""Institution"".""Institution Name""",0,,,,,,,
"C381","report_column",186,"UCSB eResources Library Categorization Report","E-Inventory","/shared/University of California System 01UCS_NETWORK/Reports/Local Requests/Annual Statistic Reports/Annual Stats FY 2025-2026/Preparation review reports/Electronic preparation review reports/UCSB eResources Library Categorization Report",2,"saved_reference","savedRegularColumnRef","c93c38f9d46dde768","eResources Library Stats Category","Electronic - Global Stats Electronic Library Categories",,,"binned","""Portfolio Library Unit"".""Library Name""",4,24,"Electronic - Global Stats Electronic Library Categories","UCOP Stats","eResources Library Stats Category","/shared/University of California System 01UCS_NETWORK/Reports/Local Requests/Annual Statistic Reports/Annual Stats FY 2025-2026/Electronic - Global Stats Electronic Library Categories",TRUE,
"C382","report_column",186,"UCSB eResources Library Categorization Report","E-Inventory","/shared/University of California System 01UCS_NETWORK/Reports/Local Requests/Annual Statistic Reports/Annual Stats FY 2025-2026/Preparation review reports/Electronic preparation review reports/UCSB eResources Library Categorization Report",3,"inline","regularColumn","c16b804d4f2a9bfed","""Portfolio Library Unit"".""Library Name""","""Portfolio Library Unit"".""Library Name""",,,"sqlExpression","""Portfolio Library Unit"".""Library Name""",0,,,,,,,
"C383","report_column",186,"UCSB eResources Library Categorization Report","E-Inventory","/shared/University of California System 01UCS_NETWORK/Reports/Local Requests/Annual Statistic Reports/Annual Stats FY 2025-2026/Preparation review reports/Electronic preparation review reports/UCSB eResources Library Categorization Report",4,"inline","regularColumn","c9a2b1a7e8a8fa595","""Portfolio Library Unit"".""Library Code""","""Portfolio Library Unit"".""Library Code""",,,"sqlExpression","""Portfolio Library Unit"".""Library Code""",0,,,,,,,
"C384","report_column",187,"UCSB Library Categorization Report","Physical Items","/shared/University of California System 01UCS_NETWORK/Reports/Local Requests/Annual Statistic Reports/Annual Stats FY 2025-2026/Preparation review reports/Physical preparation review reports/UCSB Library Categorization Report",1,"saved_reference","savedRegularColumnRef","cca8ab1963e080dac","campus designator","campus designator",,,,,0,,,,,"/shared/University of California System 01UCS_NETWORK/Reports/Local Requests/Annual Statistic Reports/Annual Stats FY 2025-2026/UCSB SLF/campus designator",FALSE,
"C385","report_column",187,"UCSB Library Categorization Report","Physical Items","/shared/University of California System 01UCS_NETWORK/Reports/Local Requests/Annual Statistic Reports/Annual Stats FY 2025-2026/Preparation review reports/Physical preparation review reports/UCSB Library Categorization Report",2,"saved_reference","savedRegularColumnRef","c247e71ec8482d941","UCSB Library Stats Category","UCSB Library Stats Category",,,,,0,,,,,"/shared/University of California System 01UCS_NETWORK/Reports/Local Requests/Annual Statistic Reports/Annual Stats FY 2025-2026/UCSB Library Stats Category",FALSE,
"C386","report_column",187,"UCSB Library Categorization Report","Physical Items","/shared/University of California System 01UCS_NETWORK/Reports/Local Requests/Annual Statistic Reports/Annual Stats FY 2025-2026/Preparation review reports/Physical preparation review reports/UCSB Library Categorization Report",3,"inline","regularColumn","c2585db472a60f04b","""Location"".""Library Name""","""Location"".""Library Name""",,,"sqlExpression","""Location"".""Library Name""",0,,,,,,,
"C387","report_column",187,"UCSB Library Categorization Report","Physical Items","/shared/University of California System 01UCS_NETWORK/Reports/Local Requests/Annual Statistic Reports/Annual Stats FY 2025-2026/Preparation review reports/Physical preparation review reports/UCSB Library Categorization Report",4,"inline","regularColumn","c29c00b20b93d6510","""Location"".""Library Code""","""Location"".""Library Code""",,,"sqlExpression","""Location"".""Library Code""",0,,,,,,,
"C388","report_column",187,"UCSB Library Categorization Report","Physical Items","/shared/University of California System 01UCS_NETWORK/Reports/Local Requests/Annual Statistic Reports/Annual Stats FY 2025-2026/Preparation review reports/Physical preparation review reports/UCSB Library Categorization Report",5,"inline","regularColumn","ce80c79fe167b2f62","""Location"".""Location Name""","""Location"".""Location Name""",,,"sqlExpression","""Location"".""Location Name""",0,,,,,,,
"C389","report_column",187,"UCSB Library Categorization Report","Physical Items","/shared/University of California System 01UCS_NETWORK/Reports/Local Requests/Annual Statistic Reports/Annual Stats FY 2025-2026/Preparation review reports/Physical preparation review reports/UCSB Library Categorization Report",6,"inline","regularColumn","c617c0d6880875dab","""Location"".""Location Code""","""Location"".""Location Code""",,,"sqlExpression","""Location"".""Location Code""",0,,,,,,,
"C390","report_column",187,"UCSB Library Categorization Report","Physical Items","/shared/University of California System 01UCS_NETWORK/Reports/Local Requests/Annual Statistic Reports/Annual Stats FY 2025-2026/Preparation review reports/Physical preparation review reports/UCSB Library Categorization Report",7,"saved_reference","savedRegularColumnRef","c4748f241953224ae","Count of Physical Holdings","Count of Physical Holdings",,,,,0,,,,,"/shared/University of California System 01UCS_NETWORK/Reports/Local Requests/Annual Statistic Reports/Annual Stats FY 2025-2026/Count of Physical Holdings",FALSE,
"C391","report_column",187,"UCSB Library Categorization Report","Physical Items","/shared/University of California System 01UCS_NETWORK/Reports/Local Requests/Annual Statistic Reports/Annual Stats FY 2025-2026/Preparation review reports/Physical preparation review reports/UCSB Library Categorization Report",8,"saved_reference","savedRegularColumnRef","c6452c41b1c4cda5f","Count of Physical Titles","Count of Physical Titles",,,,,0,,,,,"/shared/University of California System 01UCS_NETWORK/Reports/Local Requests/Annual Statistic Reports/Annual Stats FY 2025-2026/Count of Physical Titles",FALSE,
"C392","report_column",188,"SLF-S Added Physical Holdings and Titles Report part 2","Physical Items","/shared/University of California System 01UCS_NETWORK/Reports/Local Requests/Annual Statistic Reports/Annual Stats FY 2025-2026/Final stats reports (for July 1)/Physical/SLF-S Added Physical Holdings and Titles Report part 2",1,"saved_reference","savedRegularColumnRef","cdb4727d2a4bc0027","Systemwide Library Facility","Physical - Systemwide Library Facility",,,"binned","""Institution"".""Institution Name""",2,269,"Physical - Systemwide Library Facility","Institution","Systemwide Library Facility","/shared/University of California System 01UCS_NETWORK/Reports/Local Requests/Annual Statistic Reports/Annual Stats FY 2025-2026/Physical - Systemwide Library Facility",TRUE,
"C393","report_column",188,"SLF-S Added Physical Holdings and Titles Report part 2","Physical Items","/shared/University of California System 01UCS_NETWORK/Reports/Local Requests/Annual Statistic Reports/Annual Stats FY 2025-2026/Final stats reports (for July 1)/Physical/SLF-S Added Physical Holdings and Titles Report part 2",2,"saved_reference","savedRegularColumnRef","cebcc92d7b1b50b86","SLF Depositor","Physical - SLF Depositor",,,"binned","""Institution"".""Institution Name""",32,266,"Physical - SLF Depositor","Institution","SLF Depositor","/shared/University of California System 01UCS_NETWORK/Reports/Local Requests/Annual Statistic Reports/Annual Stats FY 2025-2026/Physical - SLF Depositor",TRUE,
"C394","report_column",188,"SLF-S Added Physical Holdings and Titles Report part 2","Physical Items","/shared/University of California System 01UCS_NETWORK/Reports/Local Requests/Annual Statistic Reports/Annual Stats FY 2025-2026/Final stats reports (for July 1)/Physical/SLF-S Added Physical Holdings and Titles Report part 2",3,"inline","regularColumn","cd4897b469b0520d2","""Location"".""Library Name""","""Location"".""Library Name""",,,"sqlExpression","""Location"".""Library Name""",0,,,,,,,
"C395","report_column",188,"SLF-S Added Physical Holdings and Titles Report part 2","Physical Items","/shared/University of California System 01UCS_NETWORK/Reports/Local Requests/Annual Statistic Reports/Annual Stats FY 2025-2026/Final stats reports (for July 1)/Physical/SLF-S Added Physical Holdings and Titles Report part 2",4,"inline","regularColumn","cb6b886e5442e7b4e","""Location"".""Library Code""","""Location"".""Library Code""",,,"sqlExpression","""Location"".""Library Code""",0,,,,,,,
"C396","report_column",188,"SLF-S Added Physical Holdings and Titles Report part 2","Physical Items","/shared/University of California System 01UCS_NETWORK/Reports/Local Requests/Annual Statistic Reports/Annual Stats FY 2025-2026/Final stats reports (for July 1)/Physical/SLF-S Added Physical Holdings and Titles Report part 2",5,"inline","regularColumn","c741826d9144c87ab","""Location"".""Location Name""","""Location"".""Location Name""",,,"sqlExpression","""Location"".""Location Name""",0,,,,,,,
"C397","report_column",188,"SLF-S Added Physical Holdings and Titles Report part 2","Physical Items","/shared/University of California System 01UCS_NETWORK/Reports/Local Requests/Annual Statistic Reports/Annual Stats FY 2025-2026/Final stats reports (for July 1)/Physical/SLF-S Added Physical Holdings and Titles Report part 2",6,"inline","regularColumn","c5f7c80cc993d72e0","""Location"".""Location Code""","""Location"".""Location Code""",,,"sqlExpression","""Location"".""Location Code""",0,,,,,,,
"C398","report_column",188,"SLF-S Added Physical Holdings and Titles Report part 2","Physical Items","/shared/University of California System 01UCS_NETWORK/Reports/Local Requests/Annual Statistic Reports/Annual Stats FY 2025-2026/Final stats reports (for July 1)/Physical/SLF-S Added Physical Holdings and Titles Report part 2",7,"inline","regularColumn","cf158c28723a11737","""Bibliographic Details"".""Resource Type""","""Bibliographic Details"".""Resource Type""",,,"sqlExpression","""Bibliographic Details"".""Resource Type""",0,,,,,,,
"C399","report_column",188,"SLF-S Added Physical Holdings and Titles Report part 2","Physical Items","/shared/University of California System 01UCS_NETWORK/Reports/Local Requests/Annual Statistic Reports/Annual Stats FY 2025-2026/Final stats reports (for July 1)/Physical/SLF-S Added Physical Holdings and Titles Report part 2",8,"inline","regularColumn","c3c18cc6d41630c5d","""Bibliographic Details"".""Material Type""","""Bibliographic Details"".""Material Type""",,,"sqlExpression","""Bibliographic Details"".""Material Type""",0,,,,,,,
"C400","report_column",188,"SLF-S Added Physical Holdings and Titles Report part 2","Physical Items","/shared/University of California System 01UCS_NETWORK/Reports/Local Requests/Annual Statistic Reports/Annual Stats FY 2025-2026/Final stats reports (for July 1)/Physical/SLF-S Added Physical Holdings and Titles Report part 2",9,"saved_reference","savedRegularColumnRef","c886b316b33474744","Holdings","Physical - Count of Physical Holdings",,,"sqlExpression","COUNT(DISTINCT ""Physical Item Details"".""Physical Item Id"")",0,262,"Physical - Count of Physical Holdings","Physical Item Details","Holdings","/shared/University of California System 01UCS_NETWORK/Reports/Local Requests/Annual Statistic Reports/Annual Stats FY 2025-2026/Physical - Count of Physical Holdings",TRUE,
"C401","report_column",188,"SLF-S Added Physical Holdings and Titles Report part 2","Physical Items","/shared/University of California System 01UCS_NETWORK/Reports/Local Requests/Annual Statistic Reports/Annual Stats FY 2025-2026/Final stats reports (for July 1)/Physical/SLF-S Added Physical Holdings and Titles Report part 2",10,"saved_reference","savedRegularColumnRef","c41b53947686dd560","Titles","Physical - Count of Physical Titles",,,"sqlExpression","COUNT(DISTINCT ""Bibliographic Details"".""MMS ID"")",0,263,"Physical - Count of Physical Titles","Bibliographic Details","Titles","/shared/University of California System 01UCS_NETWORK/Reports/Local Requests/Annual Statistic Reports/Annual Stats FY 2025-2026/Physical - Count of Physical Titles",TRUE,
"C402","report_column",189,"UCB physical holdings and titles report","Physical Items","/shared/University of California System 01UCS_NETWORK/Reports/Local Requests/Annual Statistic Reports/Annual Stats FY 2025-2026/Final stats reports (for July 1)/Physical/UCB physical holdings and titles report",1,"saved_reference","savedRegularColumnRef","cecd143a46aafb659","Campus designator","Campus designator",,,,,0,,,,,"/shared/University of California System 01UCS_NETWORK/Reports/Local Requests/Annual Statistic Reports/Annual Stats FY 2025-2026/UCB SLF/Campus designator",FALSE,
"C403","report_column",189,"UCB physical holdings and titles report","Physical Items","/shared/University of California System 01UCS_NETWORK/Reports/Local Requests/Annual Statistic Reports/Annual Stats FY 2025-2026/Final stats reports (for July 1)/Physical/UCB physical holdings and titles report",2,"saved_reference","savedRegularColumnRef","c99e3c2efb0c6520c","UCB Library Stats Category","UCB Library Stats Category",,,,,0,,,,,"/shared/University of California System 01UCS_NETWORK/Reports/Local Requests/Annual Statistic Reports/Annual Stats FY 2025-2026/UCB Library Stats Category",FALSE,
"C404","report_column",189,"UCB physical holdings and titles report","Physical Items","/shared/University of California System 01UCS_NETWORK/Reports/Local Requests/Annual Statistic Reports/Annual Stats FY 2025-2026/Final stats reports (for July 1)/Physical/UCB physical holdings and titles report",3,"inline","regularColumn","c91ff931798db204d","""Location"".""Library Name""","""Location"".""Library Name""",,,"sqlExpression","""Location"".""Library Name""",0,,,,,,,
"C405","report_column",189,"UCB physical holdings and titles report","Physical Items","/shared/University of California System 01UCS_NETWORK/Reports/Local Requests/Annual Statistic Reports/Annual Stats FY 2025-2026/Final stats reports (for July 1)/Physical/UCB physical holdings and titles report",4,"inline","regularColumn","c0a97a99fcff08d4d","""Location"".""Library Code""","""Location"".""Library Code""",,,"sqlExpression","""Location"".""Library Code""",0,,,,,,,
"C406","report_column",189,"UCB physical holdings and titles report","Physical Items","/shared/University of California System 01UCS_NETWORK/Reports/Local Requests/Annual Statistic Reports/Annual Stats FY 2025-2026/Final stats reports (for July 1)/Physical/UCB physical holdings and titles report",5,"inline","regularColumn","cd78d80d9721dafa1","""Location"".""Location Name""","""Location"".""Location Name""",,,"sqlExpression","""Location"".""Location Name""",0,,,,,,,
"C407","report_column",189,"UCB physical holdings and titles report","Physical Items","/shared/University of California System 01UCS_NETWORK/Reports/Local Requests/Annual Statistic Reports/Annual Stats FY 2025-2026/Final stats reports (for July 1)/Physical/UCB physical holdings and titles report",6,"inline","regularColumn","cca373db07e6d8158","""Location"".""Location Code""","""Location"".""Location Code""",,,"sqlExpression","""Location"".""Location Code""",0,,,,,,,
"C408","report_column",189,"UCB physical holdings and titles report","Physical Items","/shared/University of California System 01UCS_NETWORK/Reports/Local Requests/Annual Statistic Reports/Annual Stats FY 2025-2026/Final stats reports (for July 1)/Physical/UCB physical holdings and titles report",7,"inline","regularColumn","c5857dd5f99741e00","""Bibliographic Details"".""Resource Type""","""Bibliographic Details"".""Resource Type""",,,"sqlExpression","""Bibliographic Details"".""Resource Type""",0,,,,,,,
"C409","report_column",189,"UCB physical holdings and titles report","Physical Items","/shared/University of California System 01UCS_NETWORK/Reports/Local Requests/Annual Statistic Reports/Annual Stats FY 2025-2026/Final stats reports (for July 1)/Physical/UCB physical holdings and titles report",8,"saved_reference","savedRegularColumnRef","c4ed051dbe14f3e88","Holdings Added Year","Physical - Holdings Added Year",,,"binned","""Item Creation Date"".""Item Creation Date""",1,265,"Physical - Holdings Added Year","Item Creation Date","Holdings Added Year","/shared/University of California System 01UCS_NETWORK/Reports/Local Requests/Annual Statistic Reports/Annual Stats FY 2025-2026/Physical - Holdings Added Year",TRUE,
"C410","report_column",189,"UCB physical holdings and titles report","Physical Items","/shared/University of California System 01UCS_NETWORK/Reports/Local Requests/Annual Statistic Reports/Annual Stats FY 2025-2026/Final stats reports (for July 1)/Physical/UCB physical holdings and titles report",9,"saved_reference","savedRegularColumnRef","c36d41845231ae347","Count of Physical Holdings","Count of Physical Holdings",,,,,0,,,,,"/shared/University of California System 01UCS_NETWORK/Reports/Local Requests/Annual Statistic Reports/Annual Stats FY 2025-2026/Count of Physical Holdings",FALSE,
"C411","report_column",189,"UCB physical holdings and titles report","Physical Items","/shared/University of California System 01UCS_NETWORK/Reports/Local Requests/Annual Statistic Reports/Annual Stats FY 2025-2026/Final stats reports (for July 1)/Physical/UCB physical holdings and titles report",10,"saved_reference","savedRegularColumnRef","c750011e955f0e06f","Count of Physical Titles","Count of Physical Titles",,,,,0,,,,,"/shared/University of California System 01UCS_NETWORK/Reports/Local Requests/Annual Statistic Reports/Annual Stats FY 2025-2026/Count of Physical Titles",FALSE,
"C412","report_column",190,"UCLA User Group Categorization Report","Fulfillment","/shared/University of California System 01UCS_NETWORK/Reports/Local Requests/Annual Statistic Reports/Annual Stats FY 2025-2026/Preparation review reports/Fulfillment preparation review reports/UCLA User Group Categorization Report",1,"inline","regularColumn","c6f364742ef92f055","""Institution"".""Institution Name""","""Institution"".""Institution Name""",,,"sqlExpression","""Institution"".""Institution Name""",0,,,,,,,
"C413","report_column",190,"UCLA User Group Categorization Report","Fulfillment","/shared/University of California System 01UCS_NETWORK/Reports/Local Requests/Annual Statistic Reports/Annual Stats FY 2025-2026/Preparation review reports/Fulfillment preparation review reports/UCLA User Group Categorization Report",2,"saved_reference","savedRegularColumnRef","c959a38404bb1a509","UCLA User Group","UCLA User Group",,,,,0,,,,,"/shared/University of California System 01UCS_NETWORK/Reports/Local Requests/Annual Statistic Reports/Annual Stats FY 2025-2026/UCLA User Group",FALSE,
"C414","report_column",190,"UCLA User Group Categorization Report","Fulfillment","/shared/University of California System 01UCS_NETWORK/Reports/Local Requests/Annual Statistic Reports/Annual Stats FY 2025-2026/Preparation review reports/Fulfillment preparation review reports/UCLA User Group Categorization Report",3,"inline","regularColumn","cc7f612ed03527616","""Borrower Details"".""User Group""","""Borrower Details"".""User Group""",,,"sqlExpression","""Borrower Details"".""User Group""",0,,,,,,,
"C415","report_column",191,"UCSD Risk Management Report","Physical Items","/shared/University of California System 01UCS_NETWORK/Reports/Local Requests/Annual Statistic Reports/Annual Stats FY 2025-2026/Final stats reports (for July 1)/Risk Management/UCSD Risk Management Report",1,"saved_reference","savedRegularColumnRef","c5c7362e4876eb782","campus designator","campus designator",,,,,0,,,,,"/shared/University of California System 01UCS_NETWORK/Reports/Local Requests/Annual Statistic Reports/Annual Stats FY 2025-2026/UCSD SLF/campus designator",FALSE,
"C416","report_column",191,"UCSD Risk Management Report","Physical Items","/shared/University of California System 01UCS_NETWORK/Reports/Local Requests/Annual Statistic Reports/Annual Stats FY 2025-2026/Final stats reports (for July 1)/Risk Management/UCSD Risk Management Report",2,"inline","regularColumn","c11f1bc37045f5246","""Location"".""Library Name""","""Location"".""Library Name""",,,"sqlExpression","""Location"".""Library Name""",0,,,,,,,
"C417","report_column",191,"UCSD Risk Management Report","Physical Items","/shared/University of California System 01UCS_NETWORK/Reports/Local Requests/Annual Statistic Reports/Annual Stats FY 2025-2026/Final stats reports (for July 1)/Risk Management/UCSD Risk Management Report",3,"inline","regularColumn","c5b753ac3507179de","""Location"".""Library Code""","""Location"".""Library Code""",,,"sqlExpression","""Location"".""Library Code""",0,,,,,,,
"C418","report_column",191,"UCSD Risk Management Report","Physical Items","/shared/University of California System 01UCS_NETWORK/Reports/Local Requests/Annual Statistic Reports/Annual Stats FY 2025-2026/Final stats reports (for July 1)/Risk Management/UCSD Risk Management Report",4,"inline","regularColumn","cca8e491579614ace","""Location"".""Location Name""","""Location"".""Location Name""",,,"sqlExpression","""Location"".""Location Name""",0,,,,,,,
"C419","report_column",191,"UCSD Risk Management Report","Physical Items","/shared/University of California System 01UCS_NETWORK/Reports/Local Requests/Annual Statistic Reports/Annual Stats FY 2025-2026/Final stats reports (for July 1)/Risk Management/UCSD Risk Management Report",5,"inline","regularColumn","c0a6425ae82f111ec","""Location"".""Location Code""","""Location"".""Location Code""",,,"sqlExpression","""Location"".""Location Code""",0,,,,,,,
"C420","report_column",191,"UCSD Risk Management Report","Physical Items","/shared/University of California System 01UCS_NETWORK/Reports/Local Requests/Annual Statistic Reports/Annual Stats FY 2025-2026/Final stats reports (for July 1)/Risk Management/UCSD Risk Management Report",6,"inline","regularColumn","c4a02cb4f64daa673","""Bibliographic Details"".""Resource Type""","""Bibliographic Details"".""Resource Type""",,,"sqlExpression","""Bibliographic Details"".""Resource Type""",0,,,,,,,
"C421","report_column",191,"UCSD Risk Management Report","Physical Items","/shared/University of California System 01UCS_NETWORK/Reports/Local Requests/Annual Statistic Reports/Annual Stats FY 2025-2026/Final stats reports (for July 1)/Risk Management/UCSD Risk Management Report",7,"saved_reference","savedRegularColumnRef","c4580f55e0701575e","Count of Physical Holdings","Count of Physical Holdings",,,,,0,,,,,"/shared/University of California System 01UCS_NETWORK/Reports/Local Requests/Annual Statistic Reports/Annual Stats FY 2025-2026/Count of Physical Holdings",FALSE,
"C422","report_column",193,"UCSC Library Categorization Report","Physical Items","/shared/University of California System 01UCS_NETWORK/Reports/Local Requests/Annual Statistic Reports/Annual Stats FY 2025-2026/Preparation review reports/Physical preparation review reports/UCSC Library Categorization Report",1,"saved_reference","savedRegularColumnRef","c82b594d56c75fadd","campus designator","campus designator",,,,,0,,,,,"/shared/University of California System 01UCS_NETWORK/Reports/Local Requests/Annual Statistic Reports/Annual Stats FY 2025-2026/UCSC SLF/campus designator",FALSE,
"C423","report_column",193,"UCSC Library Categorization Report","Physical Items","/shared/University of California System 01UCS_NETWORK/Reports/Local Requests/Annual Statistic Reports/Annual Stats FY 2025-2026/Preparation review reports/Physical preparation review reports/UCSC Library Categorization Report",2,"saved_reference","savedRegularColumnRef","c13c5a4f7c6307b3c","UCSC Library Stats Category","UCSC Library Stats Category",,,,,0,,,,,"/shared/University of California System 01UCS_NETWORK/Reports/Local Requests/Annual Statistic Reports/Annual Stats FY 2025-2026/UCSC Library Stats Category",FALSE,
"C424","report_column",193,"UCSC Library Categorization Report","Physical Items","/shared/University of California System 01UCS_NETWORK/Reports/Local Requests/Annual Statistic Reports/Annual Stats FY 2025-2026/Preparation review reports/Physical preparation review reports/UCSC Library Categorization Report",3,"inline","regularColumn","cee292e062dfd689d","""Location"".""Library Name""","""Location"".""Library Name""",,,"sqlExpression","""Location"".""Library Name""",0,,,,,,,
"C425","report_column",193,"UCSC Library Categorization Report","Physical Items","/shared/University of California System 01UCS_NETWORK/Reports/Local Requests/Annual Statistic Reports/Annual Stats FY 2025-2026/Preparation review reports/Physical preparation review reports/UCSC Library Categorization Report",4,"inline","regularColumn","ccf9f61121ed5de7c","""Location"".""Library Code""","""Location"".""Library Code""",,,"sqlExpression","""Location"".""Library Code""",0,,,,,,,
"C426","report_column",193,"UCSC Library Categorization Report","Physical Items","/shared/University of California System 01UCS_NETWORK/Reports/Local Requests/Annual Statistic Reports/Annual Stats FY 2025-2026/Preparation review reports/Physical preparation review reports/UCSC Library Categorization Report",5,"inline","regularColumn","c14b6455f3270569d","""Location"".""Location Name""","""Location"".""Location Name""",,,"sqlExpression","""Location"".""Location Name""",0,,,,,,,
"C427","report_column",193,"UCSC Library Categorization Report","Physical Items","/shared/University of California System 01UCS_NETWORK/Reports/Local Requests/Annual Statistic Reports/Annual Stats FY 2025-2026/Preparation review reports/Physical preparation review reports/UCSC Library Categorization Report",6,"inline","regularColumn","c25515112241d7018","""Location"".""Location Code""","""Location"".""Location Code""",,,"sqlExpression","""Location"".""Location Code""",0,,,,,,,
"C428","report_column",193,"UCSC Library Categorization Report","Physical Items","/shared/University of California System 01UCS_NETWORK/Reports/Local Requests/Annual Statistic Reports/Annual Stats FY 2025-2026/Preparation review reports/Physical preparation review reports/UCSC Library Categorization Report",7,"saved_reference","savedRegularColumnRef","ce3ddafad98c1a502","Count of Physical Holdings","Count of Physical Holdings",,,,,0,,,,,"/shared/University of California System 01UCS_NETWORK/Reports/Local Requests/Annual Statistic Reports/Annual Stats FY 2025-2026/Count of Physical Holdings",FALSE,
"C429","report_column",193,"UCSC Library Categorization Report","Physical Items","/shared/University of California System 01UCS_NETWORK/Reports/Local Requests/Annual Statistic Reports/Annual Stats FY 2025-2026/Preparation review reports/Physical preparation review reports/UCSC Library Categorization Report",8,"saved_reference","savedRegularColumnRef","ce9c5538760833a0c","Count of Physical Titles","Count of Physical Titles",,,,,0,,,,,"/shared/University of California System 01UCS_NETWORK/Reports/Local Requests/Annual Statistic Reports/Annual Stats FY 2025-2026/Count of Physical Titles",FALSE,
"C430","report_column",194,"UCSD Physical Collection Usage","Fulfillment","/shared/University of California System 01UCS_NETWORK/Reports/Local Requests/Annual Statistic Reports/Annual Stats FY 2025-2026/Final stats reports (for July 1)/Physical Collection Usage/UCSD Physical Collection Usage",1,"saved_reference","savedRegularColumnRef","cbed14dc8bb19e018","Fulfillment Institution","Fulfillment - Fulfillment Institution",,,"binned","""Institution"".""Institution Name""",12,224,"Fulfillment - Fulfillment Institution","Institution","Fulfillment Institution","/shared/University of California System 01UCS_NETWORK/Reports/Local Requests/Annual Statistic Reports/Annual Stats FY 2025-2026/Fulfillment - Fulfillment Institution",TRUE,
"C431","report_column",194,"UCSD Physical Collection Usage","Fulfillment","/shared/University of California System 01UCS_NETWORK/Reports/Local Requests/Annual Statistic Reports/Annual Stats FY 2025-2026/Final stats reports (for July 1)/Physical Collection Usage/UCSD Physical Collection Usage",2,"saved_reference","savedRegularColumnRef","c9f0ddcc0f126eec8","UCSD Library Stats Category","Physical - UCSD Library Stats Category",,,"binned","""Location"".""Library Code""",5,298,"Physical - UCSD Library Stats Category","Location","UCSD Library Stats Category","/shared/University of California System 01UCS_NETWORK/Reports/Local Requests/Annual Statistic Reports/Annual Stats FY 2025-2026/Physical - UCSD Library Stats Category",TRUE,
"C432","report_column",194,"UCSD Physical Collection Usage","Fulfillment","/shared/University of California System 01UCS_NETWORK/Reports/Local Requests/Annual Statistic Reports/Annual Stats FY 2025-2026/Final stats reports (for July 1)/Physical Collection Usage/UCSD Physical Collection Usage",3,"inline","regularColumn","c306960efd3a29bf0","""Item Location at Time of Loan"".""Library Name""","""Item Location at Time of Loan"".""Library Name""",,,"sqlExpression","""Item Location at Time of Loan"".""Library Name""",0,,,,,,,
"C433","report_column",194,"UCSD Physical Collection Usage","Fulfillment","/shared/University of California System 01UCS_NETWORK/Reports/Local Requests/Annual Statistic Reports/Annual Stats FY 2025-2026/Final stats reports (for July 1)/Physical Collection Usage/UCSD Physical Collection Usage",4,"inline","regularColumn","ccefb4f4948ec5b6f","""Item Location at Time of Loan"".""Library Code""","""Item Location at Time of Loan"".""Library Code""",,,"sqlExpression","""Item Location at Time of Loan"".""Library Code""",0,,,,,,,
"C434","report_column",194,"UCSD Physical Collection Usage","Fulfillment","/shared/University of California System 01UCS_NETWORK/Reports/Local Requests/Annual Statistic Reports/Annual Stats FY 2025-2026/Final stats reports (for July 1)/Physical Collection Usage/UCSD Physical Collection Usage",5,"inline","regularColumn","cbab4f172104345cc","""Item Location at Time of Loan"".""Location Name""","""Item Location at Time of Loan"".""Location Name""",,,"sqlExpression","""Item Location at Time of Loan"".""Location Name""",0,,,,,,,
"C435","report_column",194,"UCSD Physical Collection Usage","Fulfillment","/shared/University of California System 01UCS_NETWORK/Reports/Local Requests/Annual Statistic Reports/Annual Stats FY 2025-2026/Final stats reports (for July 1)/Physical Collection Usage/UCSD Physical Collection Usage",6,"inline","regularColumn","ce4dbd60e6f6f3246","""Item Location at Time of Loan"".""Location Code""","""Item Location at Time of Loan"".""Location Code""",,,"sqlExpression","""Item Location at Time of Loan"".""Location Code""",0,,,,,,,
"C436","report_column",194,"UCSD Physical Collection Usage","Fulfillment","/shared/University of California System 01UCS_NETWORK/Reports/Local Requests/Annual Statistic Reports/Annual Stats FY 2025-2026/Final stats reports (for July 1)/Physical Collection Usage/UCSD Physical Collection Usage",7,"saved_reference","savedRegularColumnRef","c000b40a5ff7884d8","UCSD Check-Out Type","Fulfillment - UCSD Check-Out Type",,,"binned","""Item Location at Time of Loan"".""Location Code""",5,258,"Fulfillment - UCSD Check-Out Type","Item Location at Time of Loan","UCSD Check-Out Type","/shared/University of California System 01UCS_NETWORK/Reports/Local Requests/Annual Statistic Reports/Annual Stats FY 2025-2026/Fulfillment - UCSD Check-Out Type",TRUE,
"C437","report_column",194,"UCSD Physical Collection Usage","Fulfillment","/shared/University of California System 01UCS_NETWORK/Reports/Local Requests/Annual Statistic Reports/Annual Stats FY 2025-2026/Final stats reports (for July 1)/Physical Collection Usage/UCSD Physical Collection Usage",8,"saved_reference","savedRegularColumnRef","c5793c1fffd0cd0a7","Alma User Group","Fulfillment - Alma User Group",,,"sqlExpression","""Borrower Details"".""User Group""",0,222,"Fulfillment - Alma User Group","Borrower Details","Alma User Group","/shared/University of California System 01UCS_NETWORK/Reports/Local Requests/Annual Statistic Reports/Annual Stats FY 2025-2026/Fulfillment - Alma User Group",TRUE,
"C438","report_column",194,"UCSD Physical Collection Usage","Fulfillment","/shared/University of California System 01UCS_NETWORK/Reports/Local Requests/Annual Statistic Reports/Annual Stats FY 2025-2026/Final stats reports (for July 1)/Physical Collection Usage/UCSD Physical Collection Usage",9,"saved_reference","savedRegularColumnRef","cc3cb928d5f10a72f","UCSD User Group (for reporting)","Fulfillment - UCSD User Group",,,"binned","""Borrower Details"".""User Group""",10,259,"Fulfillment - UCSD User Group","Borrower Details","UCSD User Group (for reporting)","/shared/University of California System 01UCS_NETWORK/Reports/Local Requests/Annual Statistic Reports/Annual Stats FY 2025-2026/Fulfillment - UCSD User Group",TRUE,
"C439","report_column",194,"UCSD Physical Collection Usage","Fulfillment","/shared/University of California System 01UCS_NETWORK/Reports/Local Requests/Annual Statistic Reports/Annual Stats FY 2025-2026/Final stats reports (for July 1)/Physical Collection Usage/UCSD Physical Collection Usage",10,"saved_reference","savedRegularColumnRef","cb90ca9b474de9343","FY 2025-26 Loans (Not In House)","Fulfillment - FY 2025-26 Loans (Not In House)",,,"sqlExpression","""Loan"".""Loans (Not In House)""",0,229,"Fulfillment - FY 2025-26 Loans (Not In House)","Loan","FY 2025-26 Loans (Not In House)","/shared/University of California System 01UCS_NETWORK/Reports/Local Requests/Annual Statistic Reports/Annual Stats FY 2025-2026/Fulfillment - FY 2025-26 Loans (Not In House)",TRUE,
"C440","report_column",196,"UCSC eResources Comparison Report","E-Inventory","/shared/University of California System 01UCS_NETWORK/Reports/Local Requests/Annual Statistic Reports/Annual Stats FY 2025-2026/Final stats reports (for July 1)/eResources Comparison/UCSC eResources Comparison Report",1,"saved_reference","savedRegularColumnRef","c4c9eaf1086948281","eResources include/exclude designator","excluded designator",,,"binned","""Electronic Collection"".""Electronic Collection Interface Name""",33,7,"Electronic - Global Stats Electronic included/excluded designator","Electronic Collection","eResources include/exclude designator","/shared/University of California System 01UCS_NETWORK/Reports/Local Requests/Annual Statistic Reports/Annual Stats FY 2025-2026/Electronic - Global Stats Electronic included/excluded designator",TRUE,
"C441","report_column",196,"UCSC eResources Comparison Report","E-Inventory","/shared/University of California System 01UCS_NETWORK/Reports/Local Requests/Annual Statistic Reports/Annual Stats FY 2025-2026/Final stats reports (for July 1)/eResources Comparison/UCSC eResources Comparison Report",2,"saved_reference","savedRegularColumnRef","cc3459c48d39152ec","UCSC eResources Managed By designator","Electronic - UCSC eResources Managed By designator",,,"binned","""Institution"".""Institution Name""",3,200,"Electronic - UCSC eResources Managed By designator","Institution","UCSC eResources Managed By designator","/shared/University of California System 01UCS_NETWORK/Reports/Local Requests/Annual Statistic Reports/Annual Stats FY 2025-2026/Electronic - UCSC eResources Managed By designator",TRUE,
"C442","report_column",196,"UCSC eResources Comparison Report","E-Inventory","/shared/University of California System 01UCS_NETWORK/Reports/Local Requests/Annual Statistic Reports/Annual Stats FY 2025-2026/Final stats reports (for July 1)/eResources Comparison/UCSC eResources Comparison Report",3,"saved_reference","savedRegularColumnRef","c992d1aea7fa30575","eResources Library Stats Category","Electronic - Global Stats Electronic Library Categories",,,"binned","""Portfolio Library Unit"".""Library Name""",4,24,"Electronic - Global Stats Electronic Library Categories","UCOP Stats","eResources Library Stats Category","/shared/University of California System 01UCS_NETWORK/Reports/Local Requests/Annual Statistic Reports/Annual Stats FY 2025-2026/Electronic - Global Stats Electronic Library Categories",TRUE,
"C443","report_column",196,"UCSC eResources Comparison Report","E-Inventory","/shared/University of California System 01UCS_NETWORK/Reports/Local Requests/Annual Statistic Reports/Annual Stats FY 2025-2026/Final stats reports (for July 1)/eResources Comparison/UCSC eResources Comparison Report",4,"inline","regularColumn","cf11640a564ae4a9a","""Electronic Collection"".""Electronic Collection Interface Name""","""Electronic Collection"".""Electronic Collection Interface Name""",,,"sqlExpression","""Electronic Collection"".""Electronic Collection Interface Name""",0,,,,,,,
"C444","report_column",196,"UCSC eResources Comparison Report","E-Inventory","/shared/University of California System 01UCS_NETWORK/Reports/Local Requests/Annual Statistic Reports/Annual Stats FY 2025-2026/Final stats reports (for July 1)/eResources Comparison/UCSC eResources Comparison Report",5,"saved_reference","savedRegularColumnRef","ce68d8173c2f92fb7","Holdings","Electronic - Count of Electronic Holdings",,,"sqlExpression","COUNT(DISTINCT ""Portfolio"".""Portfolio Id"")",0,1,"Electronic - Count of Electronic Holdings","Portfolio","Holdings","/shared/University of California System 01UCS_NETWORK/Reports/Local Requests/Annual Statistic Reports/Annual Stats FY 2025-2026/Electronic - Count of Electronic Holdings",TRUE,
"C445","report_column",196,"UCSC eResources Comparison Report","E-Inventory","/shared/University of California System 01UCS_NETWORK/Reports/Local Requests/Annual Statistic Reports/Annual Stats FY 2025-2026/Final stats reports (for July 1)/eResources Comparison/UCSC eResources Comparison Report",6,"saved_reference","savedRegularColumnRef","c063746732ed44082","Titles","Electronic - Count of Electronic Titles",,,"sqlExpression","COUNT(DISTINCT ""Bibliographic Details"".""MMS Id"")",0,2,"Electronic - Count of Electronic Titles","Bibliographic Details","Titles","/shared/University of California System 01UCS_NETWORK/Reports/Local Requests/Annual Statistic Reports/Annual Stats FY 2025-2026/Electronic - Count of Electronic Titles",TRUE,
"C446","report_column",197,"UCSC Electronic Holdings and Titles Report","E-Inventory","/shared/University of California System 01UCS_NETWORK/Reports/Local Requests/Annual Statistic Reports/Annual Stats FY 2025-2026/Final stats reports (for July 1)/Electronic/UCSC Electronic Holdings and Titles Report",1,"saved_reference","savedRegularColumnRef","c4c9eaf1086948281","eResources include/exclude designator","excluded designator",,,"binned","""Electronic Collection"".""Electronic Collection Interface Name""",33,7,"Electronic - Global Stats Electronic included/excluded designator","Electronic Collection","eResources include/exclude designator","/shared/University of California System 01UCS_NETWORK/Reports/Local Requests/Annual Statistic Reports/Annual Stats FY 2025-2026/Electronic - Global Stats Electronic included/excluded designator",TRUE,
"C447","report_column",197,"UCSC Electronic Holdings and Titles Report","E-Inventory","/shared/University of California System 01UCS_NETWORK/Reports/Local Requests/Annual Statistic Reports/Annual Stats FY 2025-2026/Final stats reports (for July 1)/Electronic/UCSC Electronic Holdings and Titles Report",2,"saved_reference","savedRegularColumnRef","cc3459c48d39152ec","UCSC eResources Managed By designator","Electronic - UCSC eResources Managed By designator",,,"binned","""Institution"".""Institution Name""",3,200,"Electronic - UCSC eResources Managed By designator","Institution","UCSC eResources Managed By designator","/shared/University of California System 01UCS_NETWORK/Reports/Local Requests/Annual Statistic Reports/Annual Stats FY 2025-2026/Electronic - UCSC eResources Managed By designator",TRUE,
"C448","report_column",197,"UCSC Electronic Holdings and Titles Report","E-Inventory","/shared/University of California System 01UCS_NETWORK/Reports/Local Requests/Annual Statistic Reports/Annual Stats FY 2025-2026/Final stats reports (for July 1)/Electronic/UCSC Electronic Holdings and Titles Report",3,"saved_reference","savedRegularColumnRef","c992d1aea7fa30575","eResources Library Stats Category","Electronic - Global Stats Electronic Library Categories",,,"binned","""Portfolio Library Unit"".""Library Name""",4,24,"Electronic - Global Stats Electronic Library Categories","UCOP Stats","eResources Library Stats Category","/shared/University of California System 01UCS_NETWORK/Reports/Local Requests/Annual Statistic Reports/Annual Stats FY 2025-2026/Electronic - Global Stats Electronic Library Categories",TRUE,
"C449","report_column",197,"UCSC Electronic Holdings and Titles Report","E-Inventory","/shared/University of California System 01UCS_NETWORK/Reports/Local Requests/Annual Statistic Reports/Annual Stats FY 2025-2026/Final stats reports (for July 1)/Electronic/UCSC Electronic Holdings and Titles Report",4,"inline","regularColumn","c5e3481f0a5949f71","""Bibliographic Details"".""Resource Type""","""Bibliographic Details"".""Resource Type""",,,"sqlExpression","""Bibliographic Details"".""Resource Type""",0,,,,,,,
"C450","report_column",197,"UCSC Electronic Holdings and Titles Report","E-Inventory","/shared/University of California System 01UCS_NETWORK/Reports/Local Requests/Annual Statistic Reports/Annual Stats FY 2025-2026/Final stats reports (for July 1)/Electronic/UCSC Electronic Holdings and Titles Report",5,"saved_reference","savedRegularColumnRef","ce68d8173c2f92fb7","Holdings","Electronic - Count of Electronic Holdings",,,"sqlExpression","COUNT(DISTINCT ""Portfolio"".""Portfolio Id"")",0,1,"Electronic - Count of Electronic Holdings","Portfolio","Holdings","/shared/University of California System 01UCS_NETWORK/Reports/Local Requests/Annual Statistic Reports/Annual Stats FY 2025-2026/Electronic - Count of Electronic Holdings",TRUE,
"C451","report_column",197,"UCSC Electronic Holdings and Titles Report","E-Inventory","/shared/University of California System 01UCS_NETWORK/Reports/Local Requests/Annual Statistic Reports/Annual Stats FY 2025-2026/Final stats reports (for July 1)/Electronic/UCSC Electronic Holdings and Titles Report",6,"saved_reference","savedRegularColumnRef","c063746732ed44082","Titles","Electronic - Count of Electronic Titles",,,"sqlExpression","COUNT(DISTINCT ""Bibliographic Details"".""MMS Id"")",0,2,"Electronic - Count of Electronic Titles","Bibliographic Details","Titles","/shared/University of California System 01UCS_NETWORK/Reports/Local Requests/Annual Statistic Reports/Annual Stats FY 2025-2026/Electronic - Count of Electronic Titles",TRUE,
"C452","report_column",198,"UCSC eResources Library Categorization Report","E-Inventory","/shared/University of California System 01UCS_NETWORK/Reports/Local Requests/Annual Statistic Reports/Annual Stats FY 2025-2026/Preparation review reports/Electronic preparation review reports/UCSC eResources Library Categorization Report",1,"inline","regularColumn","c2a53da92d15619df","""Institution"".""Institution Name""","""Institution"".""Institution Name""",,,"sqlExpression","""Institution"".""Institution Name""",0,,,,,,,
"C453","report_column",198,"UCSC eResources Library Categorization Report","E-Inventory","/shared/University of California System 01UCS_NETWORK/Reports/Local Requests/Annual Statistic Reports/Annual Stats FY 2025-2026/Preparation review reports/Electronic preparation review reports/UCSC eResources Library Categorization Report",2,"saved_reference","savedRegularColumnRef","c93c38f9d46dde768","eResources Library Stats Category","Electronic - Global Stats Electronic Library Categories",,,"binned","""Portfolio Library Unit"".""Library Name""",4,24,"Electronic - Global Stats Electronic Library Categories","UCOP Stats","eResources Library Stats Category","/shared/University of California System 01UCS_NETWORK/Reports/Local Requests/Annual Statistic Reports/Annual Stats FY 2025-2026/Electronic - Global Stats Electronic Library Categories",TRUE,
"C454","report_column",198,"UCSC eResources Library Categorization Report","E-Inventory","/shared/University of California System 01UCS_NETWORK/Reports/Local Requests/Annual Statistic Reports/Annual Stats FY 2025-2026/Preparation review reports/Electronic preparation review reports/UCSC eResources Library Categorization Report",3,"inline","regularColumn","c16b804d4f2a9bfed","""Portfolio Library Unit"".""Library Name""","""Portfolio Library Unit"".""Library Name""",,,"sqlExpression","""Portfolio Library Unit"".""Library Name""",0,,,,,,,
"C455","report_column",198,"UCSC eResources Library Categorization Report","E-Inventory","/shared/University of California System 01UCS_NETWORK/Reports/Local Requests/Annual Statistic Reports/Annual Stats FY 2025-2026/Preparation review reports/Electronic preparation review reports/UCSC eResources Library Categorization Report",4,"inline","regularColumn","c9a2b1a7e8a8fa595","""Portfolio Library Unit"".""Library Code""","""Portfolio Library Unit"".""Library Code""",,,"sqlExpression","""Portfolio Library Unit"".""Library Code""",0,,,,,,,
"C456","report_column",199,"UCD Physical Holdings and Titles Report","Physical Items","/shared/University of California System 01UCS_NETWORK/Reports/Local Requests/Annual Statistic Reports/Annual Stats FY 2025-2026/Final stats reports (for July 1)/Physical/UCD Physical Holdings and Titles Report",1,"saved_reference","savedRegularColumnRef","c21b2e4b70db7edf9","campus designator","campus designator",,,,,0,,,,,"/shared/University of California System 01UCS_NETWORK/Reports/Local Requests/Annual Statistic Reports/Annual Stats FY 2025-2026/UCD SLF/campus designator",FALSE,
"C457","report_column",199,"UCD Physical Holdings and Titles Report","Physical Items","/shared/University of California System 01UCS_NETWORK/Reports/Local Requests/Annual Statistic Reports/Annual Stats FY 2025-2026/Final stats reports (for July 1)/Physical/UCD Physical Holdings and Titles Report",2,"saved_reference","savedRegularColumnRef","c2798a8e7f608032b","UCD Library Stats Category","UCD Library Stats Category",,,,,0,,,,,"/shared/University of California System 01UCS_NETWORK/Reports/Local Requests/Annual Statistic Reports/Annual Stats FY 2025-2026/UCD Library Stats Category",FALSE,
"C458","report_column",199,"UCD Physical Holdings and Titles Report","Physical Items","/shared/University of California System 01UCS_NETWORK/Reports/Local Requests/Annual Statistic Reports/Annual Stats FY 2025-2026/Final stats reports (for July 1)/Physical/UCD Physical Holdings and Titles Report",3,"inline","regularColumn","cda1deb08987e1fa6","""Location"".""Library Name""","""Location"".""Library Name""",,,"sqlExpression","""Location"".""Library Name""",0,,,,,,,
"C459","report_column",199,"UCD Physical Holdings and Titles Report","Physical Items","/shared/University of California System 01UCS_NETWORK/Reports/Local Requests/Annual Statistic Reports/Annual Stats FY 2025-2026/Final stats reports (for July 1)/Physical/UCD Physical Holdings and Titles Report",4,"inline","regularColumn","cadaf9cc700ae3f42","""Location"".""Library Code""","""Location"".""Library Code""",,,"sqlExpression","""Location"".""Library Code""",0,,,,,,,
"C460","report_column",199,"UCD Physical Holdings and Titles Report","Physical Items","/shared/University of California System 01UCS_NETWORK/Reports/Local Requests/Annual Statistic Reports/Annual Stats FY 2025-2026/Final stats reports (for July 1)/Physical/UCD Physical Holdings and Titles Report",5,"inline","regularColumn","c5afc6e62fd22fed4","""Location"".""Location Name""","""Location"".""Location Name""",,,"sqlExpression","""Location"".""Location Name""",0,,,,,,,
"C461","report_column",199,"UCD Physical Holdings and Titles Report","Physical Items","/shared/University of California System 01UCS_NETWORK/Reports/Local Requests/Annual Statistic Reports/Annual Stats FY 2025-2026/Final stats reports (for July 1)/Physical/UCD Physical Holdings and Titles Report",6,"inline","regularColumn","c4bd0ce8049e7404a","""Location"".""Location Code""","""Location"".""Location Code""",,,"sqlExpression","""Location"".""Location Code""",0,,,,,,,
"C462","report_column",199,"UCD Physical Holdings and Titles Report","Physical Items","/shared/University of California System 01UCS_NETWORK/Reports/Local Requests/Annual Statistic Reports/Annual Stats FY 2025-2026/Final stats reports (for July 1)/Physical/UCD Physical Holdings and Titles Report",7,"inline","regularColumn","c3fbb3c640afacc26","""Bibliographic Details"".""Resource Type""","""Bibliographic Details"".""Resource Type""",,,"sqlExpression","""Bibliographic Details"".""Resource Type""",0,,,,,,,
"C463","report_column",199,"UCD Physical Holdings and Titles Report","Physical Items","/shared/University of California System 01UCS_NETWORK/Reports/Local Requests/Annual Statistic Reports/Annual Stats FY 2025-2026/Final stats reports (for July 1)/Physical/UCD Physical Holdings and Titles Report",8,"saved_reference","savedRegularColumnRef","c3745e82da13e7333","Holdings Added Year","Physical - Holdings Added Year",,,"binned","""Item Creation Date"".""Item Creation Date""",1,265,"Physical - Holdings Added Year","Item Creation Date","Holdings Added Year","/shared/University of California System 01UCS_NETWORK/Reports/Local Requests/Annual Statistic Reports/Annual Stats FY 2025-2026/Physical - Holdings Added Year",TRUE,
"C464","report_column",199,"UCD Physical Holdings and Titles Report","Physical Items","/shared/University of California System 01UCS_NETWORK/Reports/Local Requests/Annual Statistic Reports/Annual Stats FY 2025-2026/Final stats reports (for July 1)/Physical/UCD Physical Holdings and Titles Report",9,"saved_reference","savedRegularColumnRef","c58d561c93b74bb3b","Count of Physical Holdings","Count of Physical Holdings",,,,,0,,,,,"/shared/University of California System 01UCS_NETWORK/Reports/Local Requests/Annual Statistic Reports/Annual Stats FY 2025-2026/Count of Physical Holdings",FALSE,
"C465","report_column",199,"UCD Physical Holdings and Titles Report","Physical Items","/shared/University of California System 01UCS_NETWORK/Reports/Local Requests/Annual Statistic Reports/Annual Stats FY 2025-2026/Final stats reports (for July 1)/Physical/UCD Physical Holdings and Titles Report",10,"saved_reference","savedRegularColumnRef","cffeca8ebc78e9327","Count of Physical Titles","Count of Physical Titles",,,,,0,,,,,"/shared/University of California System 01UCS_NETWORK/Reports/Local Requests/Annual Statistic Reports/Annual Stats FY 2025-2026/Count of Physical Titles",FALSE,
"C466","report_column",201,"UCSD eResources Comparison Report","E-Inventory","/shared/University of California System 01UCS_NETWORK/Reports/Local Requests/Annual Statistic Reports/Annual Stats FY 2025-2026/Final stats reports (for July 1)/eResources Comparison/UCSD eResources Comparison Report",1,"saved_reference","savedRegularColumnRef","c02690a55b95aba77","eResources include/exclude designator","excluded designator",,,"binned","""Electronic Collection"".""Electronic Collection Interface Name""",33,7,"Electronic - Global Stats Electronic included/excluded designator","Electronic Collection","eResources include/exclude designator","/shared/University of California System 01UCS_NETWORK/Reports/Local Requests/Annual Statistic Reports/Annual Stats FY 2025-2026/Electronic - Global Stats Electronic included/excluded designator",TRUE,
"C467","report_column",201,"UCSD eResources Comparison Report","E-Inventory","/shared/University of California System 01UCS_NETWORK/Reports/Local Requests/Annual Statistic Reports/Annual Stats FY 2025-2026/Final stats reports (for July 1)/eResources Comparison/UCSD eResources Comparison Report",2,"saved_reference","savedRegularColumnRef","c19d9f141c13abe4a","UCSD eResources Managed By designator","Electronic - UCSD eResources Managed By designator",,,"binned","""Institution"".""Institution Name""",3,209,"Electronic - UCSD eResources Managed By designator","Institution","UCSD eResources Managed By designator","/shared/University of California System 01UCS_NETWORK/Reports/Local Requests/Annual Statistic Reports/Annual Stats FY 2025-2026/Electronic - UCSD eResources Managed By designator",TRUE,
"C468","report_column",201,"UCSD eResources Comparison Report","E-Inventory","/shared/University of California System 01UCS_NETWORK/Reports/Local Requests/Annual Statistic Reports/Annual Stats FY 2025-2026/Final stats reports (for July 1)/eResources Comparison/UCSD eResources Comparison Report",3,"saved_reference","savedRegularColumnRef","c9bcf36c7cb272dee","eResources Library Stats Category","Electronic - Global Stats Electronic Library Categories",,,"binned","""Portfolio Library Unit"".""Library Name""",4,24,"Electronic - Global Stats Electronic Library Categories","UCOP Stats","eResources Library Stats Category","/shared/University of California System 01UCS_NETWORK/Reports/Local Requests/Annual Statistic Reports/Annual Stats FY 2025-2026/Electronic - Global Stats Electronic Library Categories",TRUE,
"C469","report_column",201,"UCSD eResources Comparison Report","E-Inventory","/shared/University of California System 01UCS_NETWORK/Reports/Local Requests/Annual Statistic Reports/Annual Stats FY 2025-2026/Final stats reports (for July 1)/eResources Comparison/UCSD eResources Comparison Report",4,"inline","regularColumn","c016e0632eb30a180","""Electronic Collection"".""Electronic Collection Interface Name""","""Electronic Collection"".""Electronic Collection Interface Name""",,,"sqlExpression","""Electronic Collection"".""Electronic Collection Interface Name""",0,,,,,,,
"C470","report_column",201,"UCSD eResources Comparison Report","E-Inventory","/shared/University of California System 01UCS_NETWORK/Reports/Local Requests/Annual Statistic Reports/Annual Stats FY 2025-2026/Final stats reports (for July 1)/eResources Comparison/UCSD eResources Comparison Report",5,"saved_reference","savedRegularColumnRef","c708545ebb9da0a4d","Holdings","Electronic - Count of Electronic Holdings",,,"sqlExpression","COUNT(DISTINCT ""Portfolio"".""Portfolio Id"")",0,1,"Electronic - Count of Electronic Holdings","Portfolio","Holdings","/shared/University of California System 01UCS_NETWORK/Reports/Local Requests/Annual Statistic Reports/Annual Stats FY 2025-2026/Electronic - Count of Electronic Holdings",TRUE,
"C471","report_column",201,"UCSD eResources Comparison Report","E-Inventory","/shared/University of California System 01UCS_NETWORK/Reports/Local Requests/Annual Statistic Reports/Annual Stats FY 2025-2026/Final stats reports (for July 1)/eResources Comparison/UCSD eResources Comparison Report",6,"saved_reference","savedRegularColumnRef","c522c03a2b09413e5","Titles","Electronic - Count of Electronic Titles",,,"sqlExpression","COUNT(DISTINCT ""Bibliographic Details"".""MMS Id"")",0,2,"Electronic - Count of Electronic Titles","Bibliographic Details","Titles","/shared/University of California System 01UCS_NETWORK/Reports/Local Requests/Annual Statistic Reports/Annual Stats FY 2025-2026/Electronic - Count of Electronic Titles",TRUE,
"C472","report_column",202,"UCM Check-Out Type Categorization Report","Fulfillment","/shared/University of California System 01UCS_NETWORK/Reports/Local Requests/Annual Statistic Reports/Annual Stats FY 2025-2026/Preparation review reports/Fulfillment preparation review reports/UCM Check-Out Type Categorization Report",1,"inline","regularColumn","c23cc5eeeae7ad97e","""Institution"".""Institution Name""","""Institution"".""Institution Name""",,,"sqlExpression","""Institution"".""Institution Name""",0,,,,,,,
"C473","report_column",202,"UCM Check-Out Type Categorization Report","Fulfillment","/shared/University of California System 01UCS_NETWORK/Reports/Local Requests/Annual Statistic Reports/Annual Stats FY 2025-2026/Preparation review reports/Fulfillment preparation review reports/UCM Check-Out Type Categorization Report",2,"saved_reference","savedRegularColumnRef","cf3b9677da47bf41d","UCM Check-Out Type","UCM Check-Out Type",,,,,0,,,,,"/shared/University of California System 01UCS_NETWORK/Reports/Local Requests/Annual Statistic Reports/Annual Stats FY 2025-2026/UCM Check-Out Type",FALSE,
"C474","report_column",202,"UCM Check-Out Type Categorization Report","Fulfillment","/shared/University of California System 01UCS_NETWORK/Reports/Local Requests/Annual Statistic Reports/Annual Stats FY 2025-2026/Preparation review reports/Fulfillment preparation review reports/UCM Check-Out Type Categorization Report",3,"inline","regularColumn","c5ffbccacf52ca449","""Item Location at Time of Loan"".""Library Name""","""Item Location at Time of Loan"".""Library Name""",,,"sqlExpression","""Item Location at Time of Loan"".""Library Name""",0,,,,,,,
"C475","report_column",202,"UCM Check-Out Type Categorization Report","Fulfillment","/shared/University of California System 01UCS_NETWORK/Reports/Local Requests/Annual Statistic Reports/Annual Stats FY 2025-2026/Preparation review reports/Fulfillment preparation review reports/UCM Check-Out Type Categorization Report",4,"inline","regularColumn","c8c3bea60a6baa8ee","""Item Location at Time of Loan"".""Library Code""","""Item Location at Time of Loan"".""Library Code""",,,"sqlExpression","""Item Location at Time of Loan"".""Library Code""",0,,,,,,,
"C476","report_column",202,"UCM Check-Out Type Categorization Report","Fulfillment","/shared/University of California System 01UCS_NETWORK/Reports/Local Requests/Annual Statistic Reports/Annual Stats FY 2025-2026/Preparation review reports/Fulfillment preparation review reports/UCM Check-Out Type Categorization Report",5,"inline","regularColumn","cafca0e6039247eb7","""Item Location at Time of Loan"".""Location Name""","""Item Location at Time of Loan"".""Location Name""",,,"sqlExpression","""Item Location at Time of Loan"".""Location Name""",0,,,,,,,
"C477","report_column",202,"UCM Check-Out Type Categorization Report","Fulfillment","/shared/University of California System 01UCS_NETWORK/Reports/Local Requests/Annual Statistic Reports/Annual Stats FY 2025-2026/Preparation review reports/Fulfillment preparation review reports/UCM Check-Out Type Categorization Report",6,"inline","regularColumn","cfc94a605d75c6d31","""Item Location at Time of Loan"".""Location Code""","""Item Location at Time of Loan"".""Location Code""",,,"sqlExpression","""Item Location at Time of Loan"".""Location Code""",0,,,,,,,
"C478","report_column",202,"UCM Check-Out Type Categorization Report","Fulfillment","/shared/University of California System 01UCS_NETWORK/Reports/Local Requests/Annual Statistic Reports/Annual Stats FY 2025-2026/Preparation review reports/Fulfillment preparation review reports/UCM Check-Out Type Categorization Report",7,"saved_reference","savedRegularColumnRef","c0cdc0ba9c6b2e5bd","FY 2025-26 Loans (Not In House)","FY 2025-26 Loans (Not In House)",,,,,0,,,,,"/shared/University of California System 01UCS_NETWORK/Reports/Local Requests/Annual Statistic Reports/Annual Stats FY 2025-2026/FY 2025-26 Loans (Not In House)",FALSE,
"C479","report_column",204,"UCSD Library Categorization Report","Physical Items","/shared/University of California System 01UCS_NETWORK/Reports/Local Requests/Annual Statistic Reports/Annual Stats FY 2025-2026/Preparation review reports/Physical preparation review reports/UCSD Library Categorization Report",1,"saved_reference","savedRegularColumnRef","c5c7362e4876eb782","campus designator","campus designator",,,,,0,,,,,"/shared/University of California System 01UCS_NETWORK/Reports/Local Requests/Annual Statistic Reports/Annual Stats FY 2025-2026/UCSD SLF/campus designator",FALSE,
"C480","report_column",204,"UCSD Library Categorization Report","Physical Items","/shared/University of California System 01UCS_NETWORK/Reports/Local Requests/Annual Statistic Reports/Annual Stats FY 2025-2026/Preparation review reports/Physical preparation review reports/UCSD Library Categorization Report",2,"saved_reference","savedRegularColumnRef","cd0b1e0e65675e95f","UCSD Library Stats Category","UCSD Library Stats Category",,,,,0,,,,,"/shared/University of California System 01UCS_NETWORK/Reports/Local Requests/Annual Statistic Reports/Annual Stats FY 2025-2026/UCSD Library Stats Category",FALSE,
"C481","report_column",204,"UCSD Library Categorization Report","Physical Items","/shared/University of California System 01UCS_NETWORK/Reports/Local Requests/Annual Statistic Reports/Annual Stats FY 2025-2026/Preparation review reports/Physical preparation review reports/UCSD Library Categorization Report",3,"inline","regularColumn","c11f1bc37045f5246","""Location"".""Library Name""","""Location"".""Library Name""",,,"sqlExpression","""Location"".""Library Name""",0,,,,,,,
"C482","report_column",204,"UCSD Library Categorization Report","Physical Items","/shared/University of California System 01UCS_NETWORK/Reports/Local Requests/Annual Statistic Reports/Annual Stats FY 2025-2026/Preparation review reports/Physical preparation review reports/UCSD Library Categorization Report",4,"inline","regularColumn","c5b753ac3507179de","""Location"".""Library Code""","""Location"".""Library Code""",,,"sqlExpression","""Location"".""Library Code""",0,,,,,,,
"C483","report_column",204,"UCSD Library Categorization Report","Physical Items","/shared/University of California System 01UCS_NETWORK/Reports/Local Requests/Annual Statistic Reports/Annual Stats FY 2025-2026/Preparation review reports/Physical preparation review reports/UCSD Library Categorization Report",5,"inline","regularColumn","cca8e491579614ace","""Location"".""Location Name""","""Location"".""Location Name""",,,"sqlExpression","""Location"".""Location Name""",0,,,,,,,
"C484","report_column",204,"UCSD Library Categorization Report","Physical Items","/shared/University of California System 01UCS_NETWORK/Reports/Local Requests/Annual Statistic Reports/Annual Stats FY 2025-2026/Preparation review reports/Physical preparation review reports/UCSD Library Categorization Report",6,"inline","regularColumn","c0a6425ae82f111ec","""Location"".""Location Code""","""Location"".""Location Code""",,,"sqlExpression","""Location"".""Location Code""",0,,,,,,,
"C485","report_column",204,"UCSD Library Categorization Report","Physical Items","/shared/University of California System 01UCS_NETWORK/Reports/Local Requests/Annual Statistic Reports/Annual Stats FY 2025-2026/Preparation review reports/Physical preparation review reports/UCSD Library Categorization Report",7,"saved_reference","savedRegularColumnRef","c4580f55e0701575e","Count of Physical Holdings","Count of Physical Holdings",,,,,0,,,,,"/shared/University of California System 01UCS_NETWORK/Reports/Local Requests/Annual Statistic Reports/Annual Stats FY 2025-2026/Count of Physical Holdings",FALSE,
"C486","report_column",204,"UCSD Library Categorization Report","Physical Items","/shared/University of California System 01UCS_NETWORK/Reports/Local Requests/Annual Statistic Reports/Annual Stats FY 2025-2026/Preparation review reports/Physical preparation review reports/UCSD Library Categorization Report",8,"saved_reference","savedRegularColumnRef","c07cc92cf4907e63a","Count of Physical Titles","Count of Physical Titles",,,,,0,,,,,"/shared/University of California System 01UCS_NETWORK/Reports/Local Requests/Annual Statistic Reports/Annual Stats FY 2025-2026/Count of Physical Titles",FALSE,
"C487","report_column",205,"UCSF Risk Management Report","Physical Items","/shared/University of California System 01UCS_NETWORK/Reports/Local Requests/Annual Statistic Reports/Annual Stats FY 2025-2026/Final stats reports (for July 1)/Risk Management/UCSF Risk Management Report",1,"saved_reference","savedRegularColumnRef","cc58e9ddfaf723776","campus designator","campus designator",,,,,0,,,,,"/shared/University of California System 01UCS_NETWORK/Reports/Local Requests/Annual Statistic Reports/Annual Stats FY 2025-2026/UCSF SLF/campus designator",FALSE,
"C488","report_column",205,"UCSF Risk Management Report","Physical Items","/shared/University of California System 01UCS_NETWORK/Reports/Local Requests/Annual Statistic Reports/Annual Stats FY 2025-2026/Final stats reports (for July 1)/Risk Management/UCSF Risk Management Report",2,"inline","regularColumn","c5f9aa39ec6d7a429","""Location"".""Library Name""","""Location"".""Library Name""",,,"sqlExpression","""Location"".""Library Name""",0,,,,,,,
"C489","report_column",205,"UCSF Risk Management Report","Physical Items","/shared/University of California System 01UCS_NETWORK/Reports/Local Requests/Annual Statistic Reports/Annual Stats FY 2025-2026/Final stats reports (for July 1)/Risk Management/UCSF Risk Management Report",3,"inline","regularColumn","c9b9b555ed2aa8caa","""Location"".""Library Code""","""Location"".""Library Code""",,,"sqlExpression","""Location"".""Library Code""",0,,,,,,,
"C490","report_column",205,"UCSF Risk Management Report","Physical Items","/shared/University of California System 01UCS_NETWORK/Reports/Local Requests/Annual Statistic Reports/Annual Stats FY 2025-2026/Final stats reports (for July 1)/Risk Management/UCSF Risk Management Report",4,"inline","regularColumn","c7ae27ad3719e42bb","""Location"".""Location Name""","""Location"".""Location Name""",,,"sqlExpression","""Location"".""Location Name""",0,,,,,,,
"C491","report_column",205,"UCSF Risk Management Report","Physical Items","/shared/University of California System 01UCS_NETWORK/Reports/Local Requests/Annual Statistic Reports/Annual Stats FY 2025-2026/Final stats reports (for July 1)/Risk Management/UCSF Risk Management Report",5,"inline","regularColumn","c5671a1363a940746","""Location"".""Location Code""","""Location"".""Location Code""",,,"sqlExpression","""Location"".""Location Code""",0,,,,,,,
"C492","report_column",205,"UCSF Risk Management Report","Physical Items","/shared/University of California System 01UCS_NETWORK/Reports/Local Requests/Annual Statistic Reports/Annual Stats FY 2025-2026/Final stats reports (for July 1)/Risk Management/UCSF Risk Management Report",6,"inline","regularColumn","cb573d5683ec2a325","""Bibliographic Details"".""Resource Type""","""Bibliographic Details"".""Resource Type""",,,"sqlExpression","""Bibliographic Details"".""Resource Type""",0,,,,,,,
"C493","report_column",205,"UCSF Risk Management Report","Physical Items","/shared/University of California System 01UCS_NETWORK/Reports/Local Requests/Annual Statistic Reports/Annual Stats FY 2025-2026/Final stats reports (for July 1)/Risk Management/UCSF Risk Management Report",7,"saved_reference","savedRegularColumnRef","cd7a08c12c4defb0d","Count of Physical Holdings","Count of Physical Holdings",,,,,0,,,,,"/shared/University of California System 01UCS_NETWORK/Reports/Local Requests/Annual Statistic Reports/Annual Stats FY 2025-2026/Count of Physical Holdings",FALSE,
"C494","report_column",206,"UCSD eResources Library Categorization Report","E-Inventory","/shared/University of California System 01UCS_NETWORK/Reports/Local Requests/Annual Statistic Reports/Annual Stats FY 2025-2026/Preparation review reports/Electronic preparation review reports/UCSD eResources Library Categorization Report",1,"inline","regularColumn","c2a53da92d15619df","""Institution"".""Institution Name""","""Institution"".""Institution Name""",,,"sqlExpression","""Institution"".""Institution Name""",0,,,,,,,
"C495","report_column",206,"UCSD eResources Library Categorization Report","E-Inventory","/shared/University of California System 01UCS_NETWORK/Reports/Local Requests/Annual Statistic Reports/Annual Stats FY 2025-2026/Preparation review reports/Electronic preparation review reports/UCSD eResources Library Categorization Report",2,"saved_reference","savedRegularColumnRef","c93c38f9d46dde768","eResources Library Stats Category","Electronic - Global Stats Electronic Library Categories",,,"binned","""Portfolio Library Unit"".""Library Name""",4,24,"Electronic - Global Stats Electronic Library Categories","UCOP Stats","eResources Library Stats Category","/shared/University of California System 01UCS_NETWORK/Reports/Local Requests/Annual Statistic Reports/Annual Stats FY 2025-2026/Electronic - Global Stats Electronic Library Categories",TRUE,
"C496","report_column",206,"UCSD eResources Library Categorization Report","E-Inventory","/shared/University of California System 01UCS_NETWORK/Reports/Local Requests/Annual Statistic Reports/Annual Stats FY 2025-2026/Preparation review reports/Electronic preparation review reports/UCSD eResources Library Categorization Report",3,"inline","regularColumn","c16b804d4f2a9bfed","""Portfolio Library Unit"".""Library Name""","""Portfolio Library Unit"".""Library Name""",,,"sqlExpression","""Portfolio Library Unit"".""Library Name""",0,,,,,,,
"C497","report_column",206,"UCSD eResources Library Categorization Report","E-Inventory","/shared/University of California System 01UCS_NETWORK/Reports/Local Requests/Annual Statistic Reports/Annual Stats FY 2025-2026/Preparation review reports/Electronic preparation review reports/UCSD eResources Library Categorization Report",4,"inline","regularColumn","c9a2b1a7e8a8fa595","""Portfolio Library Unit"".""Library Code""","""Portfolio Library Unit"".""Library Code""",,,"sqlExpression","""Portfolio Library Unit"".""Library Code""",0,,,,,,,
"C498","report_column",207,"UCSD Electronic Holdings and Titles Report","E-Inventory","/shared/University of California System 01UCS_NETWORK/Reports/Local Requests/Annual Statistic Reports/Annual Stats FY 2025-2026/Final stats reports (for July 1)/Electronic/UCSD Electronic Holdings and Titles Report",1,"saved_reference","savedRegularColumnRef","c02690a55b95aba77","eResources include/exclude designator","excluded designator",,,"binned","""Electronic Collection"".""Electronic Collection Interface Name""",33,7,"Electronic - Global Stats Electronic included/excluded designator","Electronic Collection","eResources include/exclude designator","/shared/University of California System 01UCS_NETWORK/Reports/Local Requests/Annual Statistic Reports/Annual Stats FY 2025-2026/Electronic - Global Stats Electronic included/excluded designator",TRUE,
"C499","report_column",207,"UCSD Electronic Holdings and Titles Report","E-Inventory","/shared/University of California System 01UCS_NETWORK/Reports/Local Requests/Annual Statistic Reports/Annual Stats FY 2025-2026/Final stats reports (for July 1)/Electronic/UCSD Electronic Holdings and Titles Report",2,"saved_reference","savedRegularColumnRef","c19d9f141c13abe4a","UCSD eResources Managed By designator","Electronic - UCSD eResources Managed By designator",,,"binned","""Institution"".""Institution Name""",3,209,"Electronic - UCSD eResources Managed By designator","Institution","UCSD eResources Managed By designator","/shared/University of California System 01UCS_NETWORK/Reports/Local Requests/Annual Statistic Reports/Annual Stats FY 2025-2026/Electronic - UCSD eResources Managed By designator",TRUE,
"C500","report_column",207,"UCSD Electronic Holdings and Titles Report","E-Inventory","/shared/University of California System 01UCS_NETWORK/Reports/Local Requests/Annual Statistic Reports/Annual Stats FY 2025-2026/Final stats reports (for July 1)/Electronic/UCSD Electronic Holdings and Titles Report",3,"saved_reference","savedRegularColumnRef","c9bcf36c7cb272dee","eResources Library Stats Category","Electronic - Global Stats Electronic Library Categories",,,"binned","""Portfolio Library Unit"".""Library Name""",4,24,"Electronic - Global Stats Electronic Library Categories","UCOP Stats","eResources Library Stats Category","/shared/University of California System 01UCS_NETWORK/Reports/Local Requests/Annual Statistic Reports/Annual Stats FY 2025-2026/Electronic - Global Stats Electronic Library Categories",TRUE,
"C501","report_column",207,"UCSD Electronic Holdings and Titles Report","E-Inventory","/shared/University of California System 01UCS_NETWORK/Reports/Local Requests/Annual Statistic Reports/Annual Stats FY 2025-2026/Final stats reports (for July 1)/Electronic/UCSD Electronic Holdings and Titles Report",4,"inline","regularColumn","c516de8829a7f5e09","""Bibliographic Details"".""Resource Type""","""Bibliographic Details"".""Resource Type""",,,"sqlExpression","""Bibliographic Details"".""Resource Type""",0,,,,,,,
"C502","report_column",207,"UCSD Electronic Holdings and Titles Report","E-Inventory","/shared/University of California System 01UCS_NETWORK/Reports/Local Requests/Annual Statistic Reports/Annual Stats FY 2025-2026/Final stats reports (for July 1)/Electronic/UCSD Electronic Holdings and Titles Report",5,"saved_reference","savedRegularColumnRef","c708545ebb9da0a4d","Holdings","Electronic - Count of Electronic Holdings",,,"sqlExpression","COUNT(DISTINCT ""Portfolio"".""Portfolio Id"")",0,1,"Electronic - Count of Electronic Holdings","Portfolio","Holdings","/shared/University of California System 01UCS_NETWORK/Reports/Local Requests/Annual Statistic Reports/Annual Stats FY 2025-2026/Electronic - Count of Electronic Holdings",TRUE,
"C503","report_column",207,"UCSD Electronic Holdings and Titles Report","E-Inventory","/shared/University of California System 01UCS_NETWORK/Reports/Local Requests/Annual Statistic Reports/Annual Stats FY 2025-2026/Final stats reports (for July 1)/Electronic/UCSD Electronic Holdings and Titles Report",6,"saved_reference","savedRegularColumnRef","c522c03a2b09413e5","Titles","Electronic - Count of Electronic Titles",,,"sqlExpression","COUNT(DISTINCT ""Bibliographic Details"".""MMS Id"")",0,2,"Electronic - Count of Electronic Titles","Bibliographic Details","Titles","/shared/University of California System 01UCS_NETWORK/Reports/Local Requests/Annual Statistic Reports/Annual Stats FY 2025-2026/Electronic - Count of Electronic Titles",TRUE,
"C504","report_column",208,"UCSF Physical Collection Usage","Fulfillment","/shared/University of California System 01UCS_NETWORK/Reports/Local Requests/Annual Statistic Reports/Annual Stats FY 2025-2026/Final stats reports (for July 1)/Physical Collection Usage/UCSF Physical Collection Usage",1,"saved_reference","savedRegularColumnRef","cd6ad68b2587538d5","Fulfillment Institution","Fulfillment - Fulfillment Institution",,,"binned","""Institution"".""Institution Name""",12,224,"Fulfillment - Fulfillment Institution","Institution","Fulfillment Institution","/shared/University of California System 01UCS_NETWORK/Reports/Local Requests/Annual Statistic Reports/Annual Stats FY 2025-2026/Fulfillment - Fulfillment Institution",TRUE,
"C505","report_column",208,"UCSF Physical Collection Usage","Fulfillment","/shared/University of California System 01UCS_NETWORK/Reports/Local Requests/Annual Statistic Reports/Annual Stats FY 2025-2026/Final stats reports (for July 1)/Physical Collection Usage/UCSF Physical Collection Usage",2,"saved_reference","savedRegularColumnRef","c3978eb5d768d8288","UCSF Library Stats Category","Physical - UCSF Library Stats Category",,,"binned","""Location"".""Library Code""",5,302,"Physical - UCSF Library Stats Category","Location","UCSF Library Stats Category","/shared/University of California System 01UCS_NETWORK/Reports/Local Requests/Annual Statistic Reports/Annual Stats FY 2025-2026/Physical - UCSF Library Stats Category",TRUE,
"C506","report_column",208,"UCSF Physical Collection Usage","Fulfillment","/shared/University of California System 01UCS_NETWORK/Reports/Local Requests/Annual Statistic Reports/Annual Stats FY 2025-2026/Final stats reports (for July 1)/Physical Collection Usage/UCSF Physical Collection Usage",3,"inline","regularColumn","cc86c5ed0f3411e3a","""Item Location at Time of Loan"".""Library Name""","""Item Location at Time of Loan"".""Library Name""",,,"sqlExpression","""Item Location at Time of Loan"".""Library Name""",0,,,,,,,
"C507","report_column",208,"UCSF Physical Collection Usage","Fulfillment","/shared/University of California System 01UCS_NETWORK/Reports/Local Requests/Annual Statistic Reports/Annual Stats FY 2025-2026/Final stats reports (for July 1)/Physical Collection Usage/UCSF Physical Collection Usage",4,"inline","regularColumn","c7064db9789b3f6fb","""Item Location at Time of Loan"".""Library Code""","""Item Location at Time of Loan"".""Library Code""",,,"sqlExpression","""Item Location at Time of Loan"".""Library Code""",0,,,,,,,
"C508","report_column",208,"UCSF Physical Collection Usage","Fulfillment","/shared/University of California System 01UCS_NETWORK/Reports/Local Requests/Annual Statistic Reports/Annual Stats FY 2025-2026/Final stats reports (for July 1)/Physical Collection Usage/UCSF Physical Collection Usage",5,"inline","regularColumn","c69e4ce5b955b1774","""Item Location at Time of Loan"".""Location Name""","""Item Location at Time of Loan"".""Location Name""",,,"sqlExpression","""Item Location at Time of Loan"".""Location Name""",0,,,,,,,
"C509","report_column",208,"UCSF Physical Collection Usage","Fulfillment","/shared/University of California System 01UCS_NETWORK/Reports/Local Requests/Annual Statistic Reports/Annual Stats FY 2025-2026/Final stats reports (for July 1)/Physical Collection Usage/UCSF Physical Collection Usage",6,"inline","regularColumn","cababd2320251aad6","""Item Location at Time of Loan"".""Location Code""","""Item Location at Time of Loan"".""Location Code""",,,"sqlExpression","""Item Location at Time of Loan"".""Location Code""",0,,,,,,,
"C510","report_column",208,"UCSF Physical Collection Usage","Fulfillment","/shared/University of California System 01UCS_NETWORK/Reports/Local Requests/Annual Statistic Reports/Annual Stats FY 2025-2026/Final stats reports (for July 1)/Physical Collection Usage/UCSF Physical Collection Usage",7,"saved_reference","savedRegularColumnRef","c381e18281ab79798","UCSF Check-Out Type","Fulfillment - UCSF Check-Out Type",,,"binned","""Item Location at Time of Loan"".""Location Code""",5,260,"Fulfillment - UCSF Check-Out Type","Item Location at Time of Loan","UCSF Check-Out Type","/shared/University of California System 01UCS_NETWORK/Reports/Local Requests/Annual Statistic Reports/Annual Stats FY 2025-2026/Fulfillment - UCSF Check-Out Type",TRUE,
"C511","report_column",208,"UCSF Physical Collection Usage","Fulfillment","/shared/University of California System 01UCS_NETWORK/Reports/Local Requests/Annual Statistic Reports/Annual Stats FY 2025-2026/Final stats reports (for July 1)/Physical Collection Usage/UCSF Physical Collection Usage",8,"saved_reference","savedRegularColumnRef","c93f53203aa7b7952","Alma User Group","Fulfillment - Alma User Group",,,"sqlExpression","""Borrower Details"".""User Group""",0,222,"Fulfillment - Alma User Group","Borrower Details","Alma User Group","/shared/University of California System 01UCS_NETWORK/Reports/Local Requests/Annual Statistic Reports/Annual Stats FY 2025-2026/Fulfillment - Alma User Group",TRUE,
"C512","report_column",208,"UCSF Physical Collection Usage","Fulfillment","/shared/University of California System 01UCS_NETWORK/Reports/Local Requests/Annual Statistic Reports/Annual Stats FY 2025-2026/Final stats reports (for July 1)/Physical Collection Usage/UCSF Physical Collection Usage",9,"saved_reference","savedRegularColumnRef","c6215ed5597427900","UCSF User Group (for reporting)","Fulfillment - UCSF User Group",,,"binned","""Borrower Details"".""User Group""",5,261,"Fulfillment - UCSF User Group","Borrower Details","UCSF User Group (for reporting)","/shared/University of California System 01UCS_NETWORK/Reports/Local Requests/Annual Statistic Reports/Annual Stats FY 2025-2026/Fulfillment - UCSF User Group",TRUE,
"C513","report_column",208,"UCSF Physical Collection Usage","Fulfillment","/shared/University of California System 01UCS_NETWORK/Reports/Local Requests/Annual Statistic Reports/Annual Stats FY 2025-2026/Final stats reports (for July 1)/Physical Collection Usage/UCSF Physical Collection Usage",10,"saved_reference","savedRegularColumnRef","c48609981ac4c5f9a","FY 2025-26 Loans (Not In House)","Fulfillment - FY 2025-26 Loans (Not In House)",,,"sqlExpression","""Loan"".""Loans (Not In House)""",0,229,"Fulfillment - FY 2025-26 Loans (Not In House)","Loan","FY 2025-26 Loans (Not In House)","/shared/University of California System 01UCS_NETWORK/Reports/Local Requests/Annual Statistic Reports/Annual Stats FY 2025-2026/Fulfillment - FY 2025-26 Loans (Not In House)",TRUE,
"C514","report_column",211,"UCSF eResources Library Categorization Report","E-Inventory","/shared/University of California System 01UCS_NETWORK/Reports/Local Requests/Annual Statistic Reports/Annual Stats FY 2025-2026/Preparation review reports/Electronic preparation review reports/UCSF eResources Library Categorization Report",1,"inline","regularColumn","c2a53da92d15619df","""Institution"".""Institution Name""","""Institution"".""Institution Name""",,,"sqlExpression","""Institution"".""Institution Name""",0,,,,,,,
"C515","report_column",211,"UCSF eResources Library Categorization Report","E-Inventory","/shared/University of California System 01UCS_NETWORK/Reports/Local Requests/Annual Statistic Reports/Annual Stats FY 2025-2026/Preparation review reports/Electronic preparation review reports/UCSF eResources Library Categorization Report",2,"saved_reference","savedRegularColumnRef","c93c38f9d46dde768","eResources Library Stats Category","Electronic - Global Stats Electronic Library Categories",,,"binned","""Portfolio Library Unit"".""Library Name""",4,24,"Electronic - Global Stats Electronic Library Categories","UCOP Stats","eResources Library Stats Category","/shared/University of California System 01UCS_NETWORK/Reports/Local Requests/Annual Statistic Reports/Annual Stats FY 2025-2026/Electronic - Global Stats Electronic Library Categories",TRUE,
"C516","report_column",211,"UCSF eResources Library Categorization Report","E-Inventory","/shared/University of California System 01UCS_NETWORK/Reports/Local Requests/Annual Statistic Reports/Annual Stats FY 2025-2026/Preparation review reports/Electronic preparation review reports/UCSF eResources Library Categorization Report",3,"inline","regularColumn","c16b804d4f2a9bfed","""Portfolio Library Unit"".""Library Name""","""Portfolio Library Unit"".""Library Name""",,,"sqlExpression","""Portfolio Library Unit"".""Library Name""",0,,,,,,,
"C517","report_column",211,"UCSF eResources Library Categorization Report","E-Inventory","/shared/University of California System 01UCS_NETWORK/Reports/Local Requests/Annual Statistic Reports/Annual Stats FY 2025-2026/Preparation review reports/Electronic preparation review reports/UCSF eResources Library Categorization Report",4,"inline","regularColumn","c9a2b1a7e8a8fa595","""Portfolio Library Unit"".""Library Code""","""Portfolio Library Unit"".""Library Code""",,,"sqlExpression","""Portfolio Library Unit"".""Library Code""",0,,,,,,,
"C518","report_column",212,"UCM User Group categorization report","Fulfillment","/shared/University of California System 01UCS_NETWORK/Reports/Local Requests/Annual Statistic Reports/Annual Stats FY 2025-2026/Preparation review reports/Fulfillment preparation review reports/UCM User Group categorization report",1,"inline","regularColumn","c0b9069ebb3112696","""Institution"".""Institution Name""","""Institution"".""Institution Name""",,,"sqlExpression","""Institution"".""Institution Name""",0,,,,,,,
"C519","report_column",212,"UCM User Group categorization report","Fulfillment","/shared/University of California System 01UCS_NETWORK/Reports/Local Requests/Annual Statistic Reports/Annual Stats FY 2025-2026/Preparation review reports/Fulfillment preparation review reports/UCM User Group categorization report",2,"saved_reference","savedRegularColumnRef","cb9ca7f0400687eaf","UCM User Group","UCM User Group",,,,,0,,,,,"/shared/University of California System 01UCS_NETWORK/Reports/Local Requests/Annual Statistic Reports/Annual Stats FY 2025-2026/UCM User Group",FALSE,
"C520","report_column",212,"UCM User Group categorization report","Fulfillment","/shared/University of California System 01UCS_NETWORK/Reports/Local Requests/Annual Statistic Reports/Annual Stats FY 2025-2026/Preparation review reports/Fulfillment preparation review reports/UCM User Group categorization report",3,"inline","regularColumn","cd035c9b380e2047f","""Borrower Details"".""User Group""","""Borrower Details"".""User Group""",,,"sqlExpression","""Borrower Details"".""User Group""",0,,,,,,,
"C521","report_column",213,"UCSF Library Categorization Report","Physical Items","/shared/University of California System 01UCS_NETWORK/Reports/Local Requests/Annual Statistic Reports/Annual Stats FY 2025-2026/Preparation review reports/Physical preparation review reports/UCSF Library Categorization Report",1,"saved_reference","savedRegularColumnRef","cc58e9ddfaf723776","campus designator","campus designator",,,,,0,,,,,"/shared/University of California System 01UCS_NETWORK/Reports/Local Requests/Annual Statistic Reports/Annual Stats FY 2025-2026/UCSF SLF/campus designator",FALSE,
"C522","report_column",213,"UCSF Library Categorization Report","Physical Items","/shared/University of California System 01UCS_NETWORK/Reports/Local Requests/Annual Statistic Reports/Annual Stats FY 2025-2026/Preparation review reports/Physical preparation review reports/UCSF Library Categorization Report",2,"saved_reference","savedRegularColumnRef","c4ab6c1e180550974","UCSF Library Stats Category","UCSF Library Stats Category",,,,,0,,,,,"/shared/University of California System 01UCS_NETWORK/Reports/Local Requests/Annual Statistic Reports/Annual Stats FY 2025-2026/UCSF Library Stats Category",FALSE,
"C523","report_column",213,"UCSF Library Categorization Report","Physical Items","/shared/University of California System 01UCS_NETWORK/Reports/Local Requests/Annual Statistic Reports/Annual Stats FY 2025-2026/Preparation review reports/Physical preparation review reports/UCSF Library Categorization Report",3,"inline","regularColumn","c5f9aa39ec6d7a429","""Location"".""Library Name""","""Location"".""Library Name""",,,"sqlExpression","""Location"".""Library Name""",0,,,,,,,
"C524","report_column",213,"UCSF Library Categorization Report","Physical Items","/shared/University of California System 01UCS_NETWORK/Reports/Local Requests/Annual Statistic Reports/Annual Stats FY 2025-2026/Preparation review reports/Physical preparation review reports/UCSF Library Categorization Report",4,"inline","regularColumn","c9b9b555ed2aa8caa","""Location"".""Library Code""","""Location"".""Library Code""",,,"sqlExpression","""Location"".""Library Code""",0,,,,,,,
"C525","report_column",213,"UCSF Library Categorization Report","Physical Items","/shared/University of California System 01UCS_NETWORK/Reports/Local Requests/Annual Statistic Reports/Annual Stats FY 2025-2026/Preparation review reports/Physical preparation review reports/UCSF Library Categorization Report",5,"inline","regularColumn","c7ae27ad3719e42bb","""Location"".""Location Name""","""Location"".""Location Name""",,,"sqlExpression","""Location"".""Location Name""",0,,,,,,,
"C526","report_column",213,"UCSF Library Categorization Report","Physical Items","/shared/University of California System 01UCS_NETWORK/Reports/Local Requests/Annual Statistic Reports/Annual Stats FY 2025-2026/Preparation review reports/Physical preparation review reports/UCSF Library Categorization Report",6,"inline","regularColumn","c5671a1363a940746","""Location"".""Location Code""","""Location"".""Location Code""",,,"sqlExpression","""Location"".""Location Code""",0,,,,,,,
"C527","report_column",213,"UCSF Library Categorization Report","Physical Items","/shared/University of California System 01UCS_NETWORK/Reports/Local Requests/Annual Statistic Reports/Annual Stats FY 2025-2026/Preparation review reports/Physical preparation review reports/UCSF Library Categorization Report",7,"saved_reference","savedRegularColumnRef","cd7a08c12c4defb0d","Count of Physical Holdings","Count of Physical Holdings",,,,,0,,,,,"/shared/University of California System 01UCS_NETWORK/Reports/Local Requests/Annual Statistic Reports/Annual Stats FY 2025-2026/Count of Physical Holdings",FALSE,
"C528","report_column",213,"UCSF Library Categorization Report","Physical Items","/shared/University of California System 01UCS_NETWORK/Reports/Local Requests/Annual Statistic Reports/Annual Stats FY 2025-2026/Preparation review reports/Physical preparation review reports/UCSF Library Categorization Report",8,"saved_reference","savedRegularColumnRef","cbe8a14003d344c94","Count of Physical Titles","Count of Physical Titles",,,,,0,,,,,"/shared/University of California System 01UCS_NETWORK/Reports/Local Requests/Annual Statistic Reports/Annual Stats FY 2025-2026/Count of Physical Titles",FALSE,
"C529","report_column",214,"UCSF Electronic Holdings and Titles Report","E-Inventory","/shared/University of California System 01UCS_NETWORK/Reports/Local Requests/Annual Statistic Reports/Annual Stats FY 2025-2026/Final stats reports (for July 1)/Electronic/UCSF Electronic Holdings and Titles Report",1,"saved_reference","savedRegularColumnRef","ca15fe28ee9943cfd","eResources include/exclude designator","excluded designator",,,"binned","""Electronic Collection"".""Electronic Collection Interface Name""",33,7,"Electronic - Global Stats Electronic included/excluded designator","Electronic Collection","eResources include/exclude designator","/shared/University of California System 01UCS_NETWORK/Reports/Local Requests/Annual Statistic Reports/Annual Stats FY 2025-2026/Electronic - Global Stats Electronic included/excluded designator",TRUE,
"C530","report_column",214,"UCSF Electronic Holdings and Titles Report","E-Inventory","/shared/University of California System 01UCS_NETWORK/Reports/Local Requests/Annual Statistic Reports/Annual Stats FY 2025-2026/Final stats reports (for July 1)/Electronic/UCSF Electronic Holdings and Titles Report",2,"saved_reference","savedRegularColumnRef","c423b8c740affd4db","UCSF eResources Managed By designator","Electronic UCSF eResources Managed By designator",,,"binned","""Institution"".""Institution Name""",3,218,"Electronic UCSF eResources Managed By designator","Institution","UCSF eResources Managed By designator","/shared/University of California System 01UCS_NETWORK/Reports/Local Requests/Annual Statistic Reports/Annual Stats FY 2025-2026/Electronic UCSF eResources Managed By designator",TRUE,
"C531","report_column",214,"UCSF Electronic Holdings and Titles Report","E-Inventory","/shared/University of California System 01UCS_NETWORK/Reports/Local Requests/Annual Statistic Reports/Annual Stats FY 2025-2026/Final stats reports (for July 1)/Electronic/UCSF Electronic Holdings and Titles Report",3,"saved_reference","savedRegularColumnRef","c34c8e3be659c877f","eResources Library Stats Category","Electronic - Global Stats Electronic Library Categories",,,"binned","""Portfolio Library Unit"".""Library Name""",4,24,"Electronic - Global Stats Electronic Library Categories","UCOP Stats","eResources Library Stats Category","/shared/University of California System 01UCS_NETWORK/Reports/Local Requests/Annual Statistic Reports/Annual Stats FY 2025-2026/Electronic - Global Stats Electronic Library Categories",TRUE,
"C532","report_column",214,"UCSF Electronic Holdings and Titles Report","E-Inventory","/shared/University of California System 01UCS_NETWORK/Reports/Local Requests/Annual Statistic Reports/Annual Stats FY 2025-2026/Final stats reports (for July 1)/Electronic/UCSF Electronic Holdings and Titles Report",4,"inline","regularColumn","cd88fd49eb02ff47b","""Bibliographic Details"".""Resource Type""","""Bibliographic Details"".""Resource Type""",,,"sqlExpression","""Bibliographic Details"".""Resource Type""",0,,,,,,,
"C533","report_column",214,"UCSF Electronic Holdings and Titles Report","E-Inventory","/shared/University of California System 01UCS_NETWORK/Reports/Local Requests/Annual Statistic Reports/Annual Stats FY 2025-2026/Final stats reports (for July 1)/Electronic/UCSF Electronic Holdings and Titles Report",5,"saved_reference","savedRegularColumnRef","c0a7973e25dc56ece","Holdings","Electronic - Count of Electronic Holdings",,,"sqlExpression","COUNT(DISTINCT ""Portfolio"".""Portfolio Id"")",0,1,"Electronic - Count of Electronic Holdings","Portfolio","Holdings","/shared/University of California System 01UCS_NETWORK/Reports/Local Requests/Annual Statistic Reports/Annual Stats FY 2025-2026/Electronic - Count of Electronic Holdings",TRUE,
"C534","report_column",214,"UCSF Electronic Holdings and Titles Report","E-Inventory","/shared/University of California System 01UCS_NETWORK/Reports/Local Requests/Annual Statistic Reports/Annual Stats FY 2025-2026/Final stats reports (for July 1)/Electronic/UCSF Electronic Holdings and Titles Report",6,"saved_reference","savedRegularColumnRef","c1c9417af7a150c46","Titles","Electronic - Count of Electronic Titles",,,"sqlExpression","COUNT(DISTINCT ""Bibliographic Details"".""MMS Id"")",0,2,"Electronic - Count of Electronic Titles","Bibliographic Details","Titles","/shared/University of California System 01UCS_NETWORK/Reports/Local Requests/Annual Statistic Reports/Annual Stats FY 2025-2026/Electronic - Count of Electronic Titles",TRUE,
"C535","report_column",215,"UCSF eResources Comparison Report","E-Inventory","/shared/University of California System 01UCS_NETWORK/Reports/Local Requests/Annual Statistic Reports/Annual Stats FY 2025-2026/Final stats reports (for July 1)/eResources Comparison/UCSF eResources Comparison Report",1,"saved_reference","savedRegularColumnRef","ca15fe28ee9943cfd","eResources include/exclude designator","excluded designator",,,"binned","""Electronic Collection"".""Electronic Collection Interface Name""",33,7,"Electronic - Global Stats Electronic included/excluded designator","Electronic Collection","eResources include/exclude designator","/shared/University of California System 01UCS_NETWORK/Reports/Local Requests/Annual Statistic Reports/Annual Stats FY 2025-2026/Electronic - Global Stats Electronic included/excluded designator",TRUE,
"C536","report_column",215,"UCSF eResources Comparison Report","E-Inventory","/shared/University of California System 01UCS_NETWORK/Reports/Local Requests/Annual Statistic Reports/Annual Stats FY 2025-2026/Final stats reports (for July 1)/eResources Comparison/UCSF eResources Comparison Report",2,"saved_reference","savedRegularColumnRef","c423b8c740affd4db","UCSF eResources Managed By designator","Electronic UCSF eResources Managed By designator",,,"binned","""Institution"".""Institution Name""",3,218,"Electronic UCSF eResources Managed By designator","Institution","UCSF eResources Managed By designator","/shared/University of California System 01UCS_NETWORK/Reports/Local Requests/Annual Statistic Reports/Annual Stats FY 2025-2026/Electronic UCSF eResources Managed By designator",TRUE,
"C537","report_column",215,"UCSF eResources Comparison Report","E-Inventory","/shared/University of California System 01UCS_NETWORK/Reports/Local Requests/Annual Statistic Reports/Annual Stats FY 2025-2026/Final stats reports (for July 1)/eResources Comparison/UCSF eResources Comparison Report",3,"saved_reference","savedRegularColumnRef","c34c8e3be659c877f","eResources Library Stats Category","Electronic - Global Stats Electronic Library Categories",,,"binned","""Portfolio Library Unit"".""Library Name""",4,24,"Electronic - Global Stats Electronic Library Categories","UCOP Stats","eResources Library Stats Category","/shared/University of California System 01UCS_NETWORK/Reports/Local Requests/Annual Statistic Reports/Annual Stats FY 2025-2026/Electronic - Global Stats Electronic Library Categories",TRUE,
"C538","report_column",215,"UCSF eResources Comparison Report","E-Inventory","/shared/University of California System 01UCS_NETWORK/Reports/Local Requests/Annual Statistic Reports/Annual Stats FY 2025-2026/Final stats reports (for July 1)/eResources Comparison/UCSF eResources Comparison Report",4,"inline","regularColumn","c8db56c0dad189260","""Electronic Collection"".""Electronic Collection Interface Name""","""Electronic Collection"".""Electronic Collection Interface Name""",,,"sqlExpression","""Electronic Collection"".""Electronic Collection Interface Name""",0,,,,,,,
"C539","report_column",215,"UCSF eResources Comparison Report","E-Inventory","/shared/University of California System 01UCS_NETWORK/Reports/Local Requests/Annual Statistic Reports/Annual Stats FY 2025-2026/Final stats reports (for July 1)/eResources Comparison/UCSF eResources Comparison Report",5,"saved_reference","savedRegularColumnRef","c0a7973e25dc56ece","Holdings","Electronic - Count of Electronic Holdings",,,"sqlExpression","COUNT(DISTINCT ""Portfolio"".""Portfolio Id"")",0,1,"Electronic - Count of Electronic Holdings","Portfolio","Holdings","/shared/University of California System 01UCS_NETWORK/Reports/Local Requests/Annual Statistic Reports/Annual Stats FY 2025-2026/Electronic - Count of Electronic Holdings",TRUE,
"C540","report_column",215,"UCSF eResources Comparison Report","E-Inventory","/shared/University of California System 01UCS_NETWORK/Reports/Local Requests/Annual Statistic Reports/Annual Stats FY 2025-2026/Final stats reports (for July 1)/eResources Comparison/UCSF eResources Comparison Report",6,"saved_reference","savedRegularColumnRef","c1c9417af7a150c46","Titles","Electronic - Count of Electronic Titles",,,"sqlExpression","COUNT(DISTINCT ""Bibliographic Details"".""MMS Id"")",0,2,"Electronic - Count of Electronic Titles","Bibliographic Details","Titles","/shared/University of California System 01UCS_NETWORK/Reports/Local Requests/Annual Statistic Reports/Annual Stats FY 2025-2026/Electronic - Count of Electronic Titles",TRUE,
"C541","report_column",216,"UCI Physical Holdings and Titles Report","Physical Items","/shared/University of California System 01UCS_NETWORK/Reports/Local Requests/Annual Statistic Reports/Annual Stats FY 2025-2026/Final stats reports (for July 1)/Physical/UCI Physical Holdings and Titles Report",1,"saved_reference","savedRegularColumnRef","c4f42de06c3c981e3","campus designator","campus designator",,,,,0,,,,,"/shared/University of California System 01UCS_NETWORK/Reports/Local Requests/Annual Statistic Reports/Annual Stats FY 2025-2026/UCI SLF/campus designator",FALSE,
"C542","report_column",216,"UCI Physical Holdings and Titles Report","Physical Items","/shared/University of California System 01UCS_NETWORK/Reports/Local Requests/Annual Statistic Reports/Annual Stats FY 2025-2026/Final stats reports (for July 1)/Physical/UCI Physical Holdings and Titles Report",2,"saved_reference","savedRegularColumnRef","ce45cf41d57b6d04c","UCI Library Stats Category","UCI Library Stats Category",,,,,0,,,,,"/shared/University of California System 01UCS_NETWORK/Reports/Local Requests/Annual Statistic Reports/Annual Stats FY 2025-2026/UCI Library Stats Category",FALSE,
"C543","report_column",216,"UCI Physical Holdings and Titles Report","Physical Items","/shared/University of California System 01UCS_NETWORK/Reports/Local Requests/Annual Statistic Reports/Annual Stats FY 2025-2026/Final stats reports (for July 1)/Physical/UCI Physical Holdings and Titles Report",3,"inline","regularColumn","c3393832fcfb7bd4f","""Location"".""Library Name""","""Location"".""Library Name""",,,"sqlExpression","""Location"".""Library Name""",0,,,,,,,
"C544","report_column",216,"UCI Physical Holdings and Titles Report","Physical Items","/shared/University of California System 01UCS_NETWORK/Reports/Local Requests/Annual Statistic Reports/Annual Stats FY 2025-2026/Final stats reports (for July 1)/Physical/UCI Physical Holdings and Titles Report",4,"inline","regularColumn","c470460ecab5eb441","""Location"".""Library Code""","""Location"".""Library Code""",,,"sqlExpression","""Location"".""Library Code""",0,,,,,,,
"C545","report_column",216,"UCI Physical Holdings and Titles Report","Physical Items","/shared/University of California System 01UCS_NETWORK/Reports/Local Requests/Annual Statistic Reports/Annual Stats FY 2025-2026/Final stats reports (for July 1)/Physical/UCI Physical Holdings and Titles Report",5,"inline","regularColumn","caf603af9b0cd11dc","""Location"".""Location Name""","""Location"".""Location Name""",,,"sqlExpression","""Location"".""Location Name""",0,,,,,,,
"C546","report_column",216,"UCI Physical Holdings and Titles Report","Physical Items","/shared/University of California System 01UCS_NETWORK/Reports/Local Requests/Annual Statistic Reports/Annual Stats FY 2025-2026/Final stats reports (for July 1)/Physical/UCI Physical Holdings and Titles Report",6,"inline","regularColumn","ce5897f198b4b1081","""Location"".""Location Code""","""Location"".""Location Code""",,,"sqlExpression","""Location"".""Location Code""",0,,,,,,,
"C547","report_column",216,"UCI Physical Holdings and Titles Report","Physical Items","/shared/University of California System 01UCS_NETWORK/Reports/Local Requests/Annual Statistic Reports/Annual Stats FY 2025-2026/Final stats reports (for July 1)/Physical/UCI Physical Holdings and Titles Report",7,"inline","regularColumn","c3454e0b5095af659","""Bibliographic Details"".""Resource Type""","""Bibliographic Details"".""Resource Type""",,,"sqlExpression","""Bibliographic Details"".""Resource Type""",0,,,,,,,
"C548","report_column",216,"UCI Physical Holdings and Titles Report","Physical Items","/shared/University of California System 01UCS_NETWORK/Reports/Local Requests/Annual Statistic Reports/Annual Stats FY 2025-2026/Final stats reports (for July 1)/Physical/UCI Physical Holdings and Titles Report",8,"saved_reference","savedRegularColumnRef","cd55a153d395e01f2","Holdings Added Year","Physical - Holdings Added Year",,,"binned","""Item Creation Date"".""Item Creation Date""",1,265,"Physical - Holdings Added Year","Item Creation Date","Holdings Added Year","/shared/University of California System 01UCS_NETWORK/Reports/Local Requests/Annual Statistic Reports/Annual Stats FY 2025-2026/Physical - Holdings Added Year",TRUE,
"C549","report_column",216,"UCI Physical Holdings and Titles Report","Physical Items","/shared/University of California System 01UCS_NETWORK/Reports/Local Requests/Annual Statistic Reports/Annual Stats FY 2025-2026/Final stats reports (for July 1)/Physical/UCI Physical Holdings and Titles Report",9,"saved_reference","savedRegularColumnRef","c1bdbb3535ba01246","Count of Physical Holdings","Count of Physical Holdings",,,,,0,,,,,"/shared/University of California System 01UCS_NETWORK/Reports/Local Requests/Annual Statistic Reports/Annual Stats FY 2025-2026/Count of Physical Holdings",FALSE,
"C550","report_column",216,"UCI Physical Holdings and Titles Report","Physical Items","/shared/University of California System 01UCS_NETWORK/Reports/Local Requests/Annual Statistic Reports/Annual Stats FY 2025-2026/Final stats reports (for July 1)/Physical/UCI Physical Holdings and Titles Report",10,"saved_reference","savedRegularColumnRef","c7b942a9dc7fc789c","Count of Physical Titles","Count of Physical Titles",,,,,0,,,,,"/shared/University of California System 01UCS_NETWORK/Reports/Local Requests/Annual Statistic Reports/Annual Stats FY 2025-2026/Count of Physical Titles",FALSE,
"C551","report_column",219,"UCI Physical Holdings and Titles Report - all data with all exclusions noted","Physical Items","/shared/University of California System 01UCS_NETWORK/Reports/Local Requests/Annual Statistic Reports/Annual Stats FY 2025-2026/Final stats reports (for July 1)/Physical/UCI Physical Holdings and Titles Report - all data with all exclusions noted",1,"saved_reference","savedRegularColumnRef","c4f42de06c3c981e3","campus designator","campus designator",,,,,0,,,,,"/shared/University of California System 01UCS_NETWORK/Reports/Local Requests/Annual Statistic Reports/Annual Stats FY 2025-2026/UCI SLF/campus designator",FALSE,
"C552","report_column",219,"UCI Physical Holdings and Titles Report - all data with all exclusions noted","Physical Items","/shared/University of California System 01UCS_NETWORK/Reports/Local Requests/Annual Statistic Reports/Annual Stats FY 2025-2026/Final stats reports (for July 1)/Physical/UCI Physical Holdings and Titles Report - all data with all exclusions noted",2,"saved_reference","savedRegularColumnRef","ce45cf41d57b6d04c","UCI Library Stats Category","UCI Library Stats Category",,,,,0,,,,,"/shared/University of California System 01UCS_NETWORK/Reports/Local Requests/Annual Statistic Reports/Annual Stats FY 2025-2026/UCI Library Stats Category",FALSE,
"C553","report_column",219,"UCI Physical Holdings and Titles Report - all data with all exclusions noted","Physical Items","/shared/University of California System 01UCS_NETWORK/Reports/Local Requests/Annual Statistic Reports/Annual Stats FY 2025-2026/Final stats reports (for July 1)/Physical/UCI Physical Holdings and Titles Report - all data with all exclusions noted",3,"inline","regularColumn","c3393832fcfb7bd4f","""Location"".""Library Name""","""Location"".""Library Name""",,,"sqlExpression","""Location"".""Library Name""",0,,,,,,,
"C554","report_column",219,"UCI Physical Holdings and Titles Report - all data with all exclusions noted","Physical Items","/shared/University of California System 01UCS_NETWORK/Reports/Local Requests/Annual Statistic Reports/Annual Stats FY 2025-2026/Final stats reports (for July 1)/Physical/UCI Physical Holdings and Titles Report - all data with all exclusions noted",4,"inline","regularColumn","c470460ecab5eb441","""Location"".""Library Code""","""Location"".""Library Code""",,,"sqlExpression","""Location"".""Library Code""",0,,,,,,,
"C555","report_column",219,"UCI Physical Holdings and Titles Report - all data with all exclusions noted","Physical Items","/shared/University of California System 01UCS_NETWORK/Reports/Local Requests/Annual Statistic Reports/Annual Stats FY 2025-2026/Final stats reports (for July 1)/Physical/UCI Physical Holdings and Titles Report - all data with all exclusions noted",5,"inline","regularColumn","caf603af9b0cd11dc","""Location"".""Location Name""","""Location"".""Location Name""",,,"sqlExpression","""Location"".""Location Name""",0,,,,,,,
"C556","report_column",219,"UCI Physical Holdings and Titles Report - all data with all exclusions noted","Physical Items","/shared/University of California System 01UCS_NETWORK/Reports/Local Requests/Annual Statistic Reports/Annual Stats FY 2025-2026/Final stats reports (for July 1)/Physical/UCI Physical Holdings and Titles Report - all data with all exclusions noted",6,"inline","regularColumn","ce5897f198b4b1081","""Location"".""Location Code""","""Location"".""Location Code""",,,"sqlExpression","""Location"".""Location Code""",0,,,,,,,
"C557","report_column",219,"UCI Physical Holdings and Titles Report - all data with all exclusions noted","Physical Items","/shared/University of California System 01UCS_NETWORK/Reports/Local Requests/Annual Statistic Reports/Annual Stats FY 2025-2026/Final stats reports (for July 1)/Physical/UCI Physical Holdings and Titles Report - all data with all exclusions noted",7,"inline","regularColumn","c3454e0b5095af659","""Bibliographic Details"".""Resource Type""","""Bibliographic Details"".""Resource Type""",,,"sqlExpression","""Bibliographic Details"".""Resource Type""",0,,,,,,,
"C558","report_column",219,"UCI Physical Holdings and Titles Report - all data with all exclusions noted","Physical Items","/shared/University of California System 01UCS_NETWORK/Reports/Local Requests/Annual Statistic Reports/Annual Stats FY 2025-2026/Final stats reports (for July 1)/Physical/UCI Physical Holdings and Titles Report - all data with all exclusions noted",8,"saved_reference","savedRegularColumnRef","cd55a153d395e01f2","Holdings Added Year","Physical - Holdings Added Year",,,"binned","""Item Creation Date"".""Item Creation Date""",1,265,"Physical - Holdings Added Year","Item Creation Date","Holdings Added Year","/shared/University of California System 01UCS_NETWORK/Reports/Local Requests/Annual Statistic Reports/Annual Stats FY 2025-2026/Physical - Holdings Added Year",TRUE,
"C559","report_column",219,"UCI Physical Holdings and Titles Report - all data with all exclusions noted","Physical Items","/shared/University of California System 01UCS_NETWORK/Reports/Local Requests/Annual Statistic Reports/Annual Stats FY 2025-2026/Final stats reports (for July 1)/Physical/UCI Physical Holdings and Titles Report - all data with all exclusions noted",9,"saved_reference","savedRegularColumnRef","c1bdbb3535ba01246","Count of Physical Holdings","Count of Physical Holdings",,,,,0,,,,,"/shared/University of California System 01UCS_NETWORK/Reports/Local Requests/Annual Statistic Reports/Annual Stats FY 2025-2026/Count of Physical Holdings",FALSE,
"C560","report_column",219,"UCI Physical Holdings and Titles Report - all data with all exclusions noted","Physical Items","/shared/University of California System 01UCS_NETWORK/Reports/Local Requests/Annual Statistic Reports/Annual Stats FY 2025-2026/Final stats reports (for July 1)/Physical/UCI Physical Holdings and Titles Report - all data with all exclusions noted",10,"saved_reference","savedRegularColumnRef","c7b942a9dc7fc789c","Count of Physical Titles","Count of Physical Titles",,,,,0,,,,,"/shared/University of California System 01UCS_NETWORK/Reports/Local Requests/Annual Statistic Reports/Annual Stats FY 2025-2026/Count of Physical Titles",FALSE,
"C561","report_column",219,"UCI Physical Holdings and Titles Report - all data with all exclusions noted","Physical Items","/shared/University of California System 01UCS_NETWORK/Reports/Local Requests/Annual Statistic Reports/Annual Stats FY 2025-2026/Final stats reports (for July 1)/Physical/UCI Physical Holdings and Titles Report - all data with all exclusions noted",11,"inline","regularColumn","c36bedd0e271e506e","EXCLUSION category (for testing)","EXCLUSION category (for testing)","Institution","EXCLUSION category (for testing)","binned","""Institution"".""Institution Name""",28,,,,,,,
"C562","report_column",219,"UCI Physical Holdings and Titles Report - all data with all exclusions noted","Physical Items","/shared/University of California System 01UCS_NETWORK/Reports/Local Requests/Annual Statistic Reports/Annual Stats FY 2025-2026/Final stats reports (for July 1)/Physical/UCI Physical Holdings and Titles Report - all data with all exclusions noted",12,"inline","regularColumn","c3a392d7c8b8daab5","""Physical Item Details"".""Lifecycle""","""Physical Item Details"".""Lifecycle""",,,"sqlExpression","""Physical Item Details"".""Lifecycle""",0,,,,,,,
"C563","report_column",219,"UCI Physical Holdings and Titles Report - all data with all exclusions noted","Physical Items","/shared/University of California System 01UCS_NETWORK/Reports/Local Requests/Annual Statistic Reports/Annual Stats FY 2025-2026/Final stats reports (for July 1)/Physical/UCI Physical Holdings and Titles Report - all data with all exclusions noted",13,"inline","regularColumn","c6ea2a0df73dbcc1c","Library Unit.Library Code","Library Unit.Library Code","Library Unit","Library Unit.Library Code","sqlExpression","""Library Unit"".""Library Code""",0,,,,,,,
"C564","report_column",219,"UCI Physical Holdings and Titles Report - all data with all exclusions noted","Physical Items","/shared/University of California System 01UCS_NETWORK/Reports/Local Requests/Annual Statistic Reports/Annual Stats FY 2025-2026/Final stats reports (for July 1)/Physical/UCI Physical Holdings and Titles Report - all data with all exclusions noted",14,"inline","regularColumn","c8e899941a96c70a9","""Physical Item Details"".""Statistics Note 2""","""Physical Item Details"".""Statistics Note 2""",,,"sqlExpression","""Physical Item Details"".""Statistics Note 2""",0,,,,,,,
"C565","report_column",219,"UCI Physical Holdings and Titles Report - all data with all exclusions noted","Physical Items","/shared/University of California System 01UCS_NETWORK/Reports/Local Requests/Annual Statistic Reports/Annual Stats FY 2025-2026/Final stats reports (for July 1)/Physical/UCI Physical Holdings and Titles Report - all data with all exclusions noted",15,"inline","regularColumn","c310edc5f47837df2","""Physical Item Details"".""Item Policy""","""Physical Item Details"".""Item Policy""",,,"sqlExpression","""Physical Item Details"".""Item Policy""",0,,,,,,,
"C566","report_column",219,"UCI Physical Holdings and Titles Report - all data with all exclusions noted","Physical Items","/shared/University of California System 01UCS_NETWORK/Reports/Local Requests/Annual Statistic Reports/Annual Stats FY 2025-2026/Final stats reports (for July 1)/Physical/UCI Physical Holdings and Titles Report - all data with all exclusions noted",16,"inline","regularColumn","c9e77be7c93beb7cd","""Physical Item Details"".""Physical Item Id""","""Physical Item Details"".""Physical Item Id""",,,"sqlExpression","""Physical Item Details"".""Physical Item Id""",0,,,,,,,
"C567","report_column",219,"UCI Physical Holdings and Titles Report - all data with all exclusions noted","Physical Items","/shared/University of California System 01UCS_NETWORK/Reports/Local Requests/Annual Statistic Reports/Annual Stats FY 2025-2026/Final stats reports (for July 1)/Physical/UCI Physical Holdings and Titles Report - all data with all exclusions noted",17,"inline","regularColumn","cf455aef45c7f7222","Bibliographic Details.Suppressed From Discovery","Bibliographic Details.Suppressed From Discovery","Bibliographic Details","Bibliographic Details.Suppressed From Discovery","sqlExpression","""Bibliographic Details"".""Suppressed From Discovery""",0,,,,,,,
"C568","report_column",219,"UCI Physical Holdings and Titles Report - all data with all exclusions noted","Physical Items","/shared/University of California System 01UCS_NETWORK/Reports/Local Requests/Annual Statistic Reports/Annual Stats FY 2025-2026/Final stats reports (for July 1)/Physical/UCI Physical Holdings and Titles Report - all data with all exclusions noted",18,"inline","regularColumn","c9b2c25fb41d8e48f","Location.Suppressed from Discovery","Location.Suppressed from Discovery","Location","Location.Suppressed from Discovery","sqlExpression","""Location"".""Suppressed from Discovery""",0,,,,,,,
"C569","report_column",219,"UCI Physical Holdings and Titles Report - all data with all exclusions noted","Physical Items","/shared/University of California System 01UCS_NETWORK/Reports/Local Requests/Annual Statistic Reports/Annual Stats FY 2025-2026/Final stats reports (for July 1)/Physical/UCI Physical Holdings and Titles Report - all data with all exclusions noted",19,"inline","regularColumn","ca058f13027ee1aa3","Holdings Details.Suppressed from Discovery","Holdings Details.Suppressed from Discovery","Holdings Details","Holdings Details.Suppressed from Discovery","sqlExpression","""Holdings Details"".""Suppressed from Discovery""",0,,,,,,,
"C570","report_column",219,"UCI Physical Holdings and Titles Report - all data with all exclusions noted","Physical Items","/shared/University of California System 01UCS_NETWORK/Reports/Local Requests/Annual Statistic Reports/Annual Stats FY 2025-2026/Final stats reports (for July 1)/Physical/UCI Physical Holdings and Titles Report - all data with all exclusions noted",20,"inline","regularColumn","c2d1ffd0d1a711088","Holdings Details.Suppressed from Discovery by Suppressed Location","Holdings Details.Suppressed from Discovery by Suppressed Location","Holdings Details","Holdings Details.Suppressed from Discovery by Suppressed Location","sqlExpression","""Holdings Details"".""Suppressed from Discovery by Suppressed Location""",0,,,,,,,
"C571","report_column",219,"UCI Physical Holdings and Titles Report - all data with all exclusions noted","Physical Items","/shared/University of California System 01UCS_NETWORK/Reports/Local Requests/Annual Statistic Reports/Annual Stats FY 2025-2026/Final stats reports (for July 1)/Physical/UCI Physical Holdings and Titles Report - all data with all exclusions noted",21,"inline","regularColumn","cc7ebf0d695c93dbc","""Bibliographic Details"".""Uniform Resource Identifier""","""Bibliographic Details"".""Uniform Resource Identifier""",,,"sqlExpression","""Bibliographic Details"".""Uniform Resource Identifier""",0,,,,,,,
"C572","report_column",219,"UCI Physical Holdings and Titles Report - all data with all exclusions noted","Physical Items","/shared/University of California System 01UCS_NETWORK/Reports/Local Requests/Annual Statistic Reports/Annual Stats FY 2025-2026/Final stats reports (for July 1)/Physical/UCI Physical Holdings and Titles Report - all data with all exclusions noted",22,"inline","regularColumn","c1ab7b2a8031c0ee2","""Bibliographic Details"".""MMS Id""","""Bibliographic Details"".""MMS Id""",,,"sqlExpression","""Bibliographic Details"".""MMS Id""",0,,,,,,,
"C573","report_column",220,"UCR Check-Out Type Categorization Report","Fulfillment","/shared/University of California System 01UCS_NETWORK/Reports/Local Requests/Annual Statistic Reports/Annual Stats FY 2025-2026/Preparation review reports/Fulfillment preparation review reports/UCR Check-Out Type Categorization Report",1,"inline","regularColumn","c1dd75bb8745f81b3","""Institution"".""Institution Name""","""Institution"".""Institution Name""",,,"sqlExpression","""Institution"".""Institution Name""",0,,,,,,,
"C574","report_column",220,"UCR Check-Out Type Categorization Report","Fulfillment","/shared/University of California System 01UCS_NETWORK/Reports/Local Requests/Annual Statistic Reports/Annual Stats FY 2025-2026/Preparation review reports/Fulfillment preparation review reports/UCR Check-Out Type Categorization Report",2,"saved_reference","savedRegularColumnRef","cd8bb23fbc1b21ed8","UCR Check-Out Type","UCR Check-Out Type",,,,,0,,,,,"/shared/University of California System 01UCS_NETWORK/Reports/Local Requests/Annual Statistic Reports/Annual Stats FY 2025-2026/UCR Check-Out Type",FALSE,
"C575","report_column",220,"UCR Check-Out Type Categorization Report","Fulfillment","/shared/University of California System 01UCS_NETWORK/Reports/Local Requests/Annual Statistic Reports/Annual Stats FY 2025-2026/Preparation review reports/Fulfillment preparation review reports/UCR Check-Out Type Categorization Report",3,"inline","regularColumn","c927692f1cd705021","""Item Location at Time of Loan"".""Library Name""","""Item Location at Time of Loan"".""Library Name""",,,"sqlExpression","""Item Location at Time of Loan"".""Library Name""",0,,,,,,,
"C576","report_column",220,"UCR Check-Out Type Categorization Report","Fulfillment","/shared/University of California System 01UCS_NETWORK/Reports/Local Requests/Annual Statistic Reports/Annual Stats FY 2025-2026/Preparation review reports/Fulfillment preparation review reports/UCR Check-Out Type Categorization Report",4,"inline","regularColumn","c4d5c697d28573c83","""Item Location at Time of Loan"".""Library Code""","""Item Location at Time of Loan"".""Library Code""",,,"sqlExpression","""Item Location at Time of Loan"".""Library Code""",0,,,,,,,
"C577","report_column",220,"UCR Check-Out Type Categorization Report","Fulfillment","/shared/University of California System 01UCS_NETWORK/Reports/Local Requests/Annual Statistic Reports/Annual Stats FY 2025-2026/Preparation review reports/Fulfillment preparation review reports/UCR Check-Out Type Categorization Report",5,"inline","regularColumn","ceb7f5391f7776379","""Item Location at Time of Loan"".""Location Name""","""Item Location at Time of Loan"".""Location Name""",,,"sqlExpression","""Item Location at Time of Loan"".""Location Name""",0,,,,,,,
"C578","report_column",220,"UCR Check-Out Type Categorization Report","Fulfillment","/shared/University of California System 01UCS_NETWORK/Reports/Local Requests/Annual Statistic Reports/Annual Stats FY 2025-2026/Preparation review reports/Fulfillment preparation review reports/UCR Check-Out Type Categorization Report",6,"inline","regularColumn","cb1f208b2ef8ba1b5","""Item Location at Time of Loan"".""Location Code""","""Item Location at Time of Loan"".""Location Code""",,,"sqlExpression","""Item Location at Time of Loan"".""Location Code""",0,,,,,,,
"C579","report_column",220,"UCR Check-Out Type Categorization Report","Fulfillment","/shared/University of California System 01UCS_NETWORK/Reports/Local Requests/Annual Statistic Reports/Annual Stats FY 2025-2026/Preparation review reports/Fulfillment preparation review reports/UCR Check-Out Type Categorization Report",7,"saved_reference","savedRegularColumnRef","cf1ebc6114a8a5efa","FY 2025-26 Loans (Not In House)","FY 2025-26 Loans (Not In House)",,,,,0,,,,,"/shared/University of California System 01UCS_NETWORK/Reports/Local Requests/Annual Statistic Reports/Annual Stats FY 2025-2026/FY 2025-26 Loans (Not In House)",FALSE,
"C580","report_column",221,"UCR User Group categorization report","Fulfillment","/shared/University of California System 01UCS_NETWORK/Reports/Local Requests/Annual Statistic Reports/Annual Stats FY 2025-2026/Preparation review reports/Fulfillment preparation review reports/UCR User Group categorization report",1,"inline","regularColumn","ce3c570053857fbdf","""Institution"".""Institution Name""","""Institution"".""Institution Name""",,,"sqlExpression","""Institution"".""Institution Name""",0,,,,,,,
"C581","report_column",221,"UCR User Group categorization report","Fulfillment","/shared/University of California System 01UCS_NETWORK/Reports/Local Requests/Annual Statistic Reports/Annual Stats FY 2025-2026/Preparation review reports/Fulfillment preparation review reports/UCR User Group categorization report",2,"saved_reference","savedRegularColumnRef","ceb599d26cd947b3a","UCR User Group","UCR User Group",,,,,0,,,,,"/shared/University of California System 01UCS_NETWORK/Reports/Local Requests/Annual Statistic Reports/Annual Stats FY 2025-2026/UCR User Group",FALSE,
"C582","report_column",221,"UCR User Group categorization report","Fulfillment","/shared/University of California System 01UCS_NETWORK/Reports/Local Requests/Annual Statistic Reports/Annual Stats FY 2025-2026/Preparation review reports/Fulfillment preparation review reports/UCR User Group categorization report",3,"inline","regularColumn","cfe30d860f8b2beb5","""Borrower Details"".""User Group""","""Borrower Details"".""User Group""",,,"sqlExpression","""Borrower Details"".""User Group""",0,,,,,,,
"C583","report_column",223,"UCLA Physical Holdings and Titles Report","Physical Items","/shared/University of California System 01UCS_NETWORK/Reports/Local Requests/Annual Statistic Reports/Annual Stats FY 2025-2026/Final stats reports (for July 1)/Physical/UCLA Physical Holdings and Titles Report",1,"saved_reference","savedRegularColumnRef","cf296931493645e9f","UCLA SLF/campus designator","campus designator",,,"binned","""Institution"".""Institution Name""",5,284,"Physical - UCLA SLF/campus designator","Institution","UCLA SLF/campus designator","/shared/University of California System 01UCS_NETWORK/Reports/Local Requests/Annual Statistic Reports/Annual Stats FY 2025-2026/Physical - UCLA SLF/campus designator",TRUE,
"C584","report_column",223,"UCLA Physical Holdings and Titles Report","Physical Items","/shared/University of California System 01UCS_NETWORK/Reports/Local Requests/Annual Statistic Reports/Annual Stats FY 2025-2026/Final stats reports (for July 1)/Physical/UCLA Physical Holdings and Titles Report",2,"saved_reference","savedRegularColumnRef","cc6c73b4a647065fb","UCLA Library Stats Category","UCLA Library Stats Category",,,,,0,,,,,"/shared/University of California System 01UCS_NETWORK/Reports/Local Requests/Annual Statistic Reports/Annual Stats FY 2025-2026/UCLA Library Stats Category",FALSE,
"C585","report_column",223,"UCLA Physical Holdings and Titles Report","Physical Items","/shared/University of California System 01UCS_NETWORK/Reports/Local Requests/Annual Statistic Reports/Annual Stats FY 2025-2026/Final stats reports (for July 1)/Physical/UCLA Physical Holdings and Titles Report",3,"inline","regularColumn","cef0eeaa37f790512","""Location"".""Library Name""","""Location"".""Library Name""",,,"sqlExpression","""Location"".""Library Name""",0,,,,,,,
"C586","report_column",223,"UCLA Physical Holdings and Titles Report","Physical Items","/shared/University of California System 01UCS_NETWORK/Reports/Local Requests/Annual Statistic Reports/Annual Stats FY 2025-2026/Final stats reports (for July 1)/Physical/UCLA Physical Holdings and Titles Report",4,"inline","regularColumn","c90eced759e6c5798","""Location"".""Library Code""","""Location"".""Library Code""",,,"sqlExpression","""Location"".""Library Code""",0,,,,,,,
"C587","report_column",223,"UCLA Physical Holdings and Titles Report","Physical Items","/shared/University of California System 01UCS_NETWORK/Reports/Local Requests/Annual Statistic Reports/Annual Stats FY 2025-2026/Final stats reports (for July 1)/Physical/UCLA Physical Holdings and Titles Report",5,"inline","regularColumn","c157e5aae90941fda","""Location"".""Location Name""","""Location"".""Location Name""",,,"sqlExpression","""Location"".""Location Name""",0,,,,,,,
"C588","report_column",223,"UCLA Physical Holdings and Titles Report","Physical Items","/shared/University of California System 01UCS_NETWORK/Reports/Local Requests/Annual Statistic Reports/Annual Stats FY 2025-2026/Final stats reports (for July 1)/Physical/UCLA Physical Holdings and Titles Report",6,"inline","regularColumn","c7d4ef11e2620d334","""Location"".""Location Code""","""Location"".""Location Code""",,,"sqlExpression","""Location"".""Location Code""",0,,,,,,,
"C589","report_column",223,"UCLA Physical Holdings and Titles Report","Physical Items","/shared/University of California System 01UCS_NETWORK/Reports/Local Requests/Annual Statistic Reports/Annual Stats FY 2025-2026/Final stats reports (for July 1)/Physical/UCLA Physical Holdings and Titles Report",7,"inline","regularColumn","c4ab6dc400aea3680","""Bibliographic Details"".""Resource Type""","""Bibliographic Details"".""Resource Type""",,,"sqlExpression","""Bibliographic Details"".""Resource Type""",0,,,,,,,
"C590","report_column",223,"UCLA Physical Holdings and Titles Report","Physical Items","/shared/University of California System 01UCS_NETWORK/Reports/Local Requests/Annual Statistic Reports/Annual Stats FY 2025-2026/Final stats reports (for July 1)/Physical/UCLA Physical Holdings and Titles Report",8,"saved_reference","savedRegularColumnRef","c4067449352bd274e","Holdings Added Year","Physical - Holdings Added Year",,,"binned","""Item Creation Date"".""Item Creation Date""",1,265,"Physical - Holdings Added Year","Item Creation Date","Holdings Added Year","/shared/University of California System 01UCS_NETWORK/Reports/Local Requests/Annual Statistic Reports/Annual Stats FY 2025-2026/Physical - Holdings Added Year",TRUE,
"C591","report_column",223,"UCLA Physical Holdings and Titles Report","Physical Items","/shared/University of California System 01UCS_NETWORK/Reports/Local Requests/Annual Statistic Reports/Annual Stats FY 2025-2026/Final stats reports (for July 1)/Physical/UCLA Physical Holdings and Titles Report",9,"saved_reference","savedRegularColumnRef","c7627a31e783be0dd","Count of Physical Holdings","Count of Physical Holdings",,,,,0,,,,,"/shared/University of California System 01UCS_NETWORK/Reports/Local Requests/Annual Statistic Reports/Annual Stats FY 2025-2026/Count of Physical Holdings",FALSE,
"C592","report_column",223,"UCLA Physical Holdings and Titles Report","Physical Items","/shared/University of California System 01UCS_NETWORK/Reports/Local Requests/Annual Statistic Reports/Annual Stats FY 2025-2026/Final stats reports (for July 1)/Physical/UCLA Physical Holdings and Titles Report",10,"saved_reference","savedRegularColumnRef","cc483d35555242a31","Count of Physical Titles","Count of Physical Titles",,,,,0,,,,,"/shared/University of California System 01UCS_NETWORK/Reports/Local Requests/Annual Statistic Reports/Annual Stats FY 2025-2026/Count of Physical Titles",FALSE,
"C593","report_column",225,"UCM Physical Holdings and Titles Report","Physical Items","/shared/University of California System 01UCS_NETWORK/Reports/Local Requests/Annual Statistic Reports/Annual Stats FY 2025-2026/Final stats reports (for July 1)/Physical/UCM Physical Holdings and Titles Report",1,"saved_reference","savedRegularColumnRef","c26bf758146cba529","campus designator","campus designator",,,,,0,,,,,"/shared/University of California System 01UCS_NETWORK/Reports/Local Requests/Annual Statistic Reports/Annual Stats FY 2025-2026/UCM SLF/campus designator",FALSE,
"C594","report_column",225,"UCM Physical Holdings and Titles Report","Physical Items","/shared/University of California System 01UCS_NETWORK/Reports/Local Requests/Annual Statistic Reports/Annual Stats FY 2025-2026/Final stats reports (for July 1)/Physical/UCM Physical Holdings and Titles Report",2,"saved_reference","savedRegularColumnRef","c5a52ce973de382e9","UCM Library Stats Category","UCM Library Stats Category",,,,,0,,,,,"/shared/University of California System 01UCS_NETWORK/Reports/Local Requests/Annual Statistic Reports/Annual Stats FY 2025-2026/UCM Library Stats Category",FALSE,
"C595","report_column",225,"UCM Physical Holdings and Titles Report","Physical Items","/shared/University of California System 01UCS_NETWORK/Reports/Local Requests/Annual Statistic Reports/Annual Stats FY 2025-2026/Final stats reports (for July 1)/Physical/UCM Physical Holdings and Titles Report",3,"inline","regularColumn","ccb283a11aa8b6e6b","""Location"".""Library Name""","""Location"".""Library Name""",,,"sqlExpression","""Location"".""Library Name""",0,,,,,,,
"C596","report_column",225,"UCM Physical Holdings and Titles Report","Physical Items","/shared/University of California System 01UCS_NETWORK/Reports/Local Requests/Annual Statistic Reports/Annual Stats FY 2025-2026/Final stats reports (for July 1)/Physical/UCM Physical Holdings and Titles Report",4,"inline","regularColumn","cbe3f8ce31d1b46f1","""Location"".""Library Code""","""Location"".""Library Code""",,,"sqlExpression","""Location"".""Library Code""",0,,,,,,,
"C597","report_column",225,"UCM Physical Holdings and Titles Report","Physical Items","/shared/University of California System 01UCS_NETWORK/Reports/Local Requests/Annual Statistic Reports/Annual Stats FY 2025-2026/Final stats reports (for July 1)/Physical/UCM Physical Holdings and Titles Report",5,"inline","regularColumn","c60631ef88a59ef0f","""Location"".""Location Name""","""Location"".""Location Name""",,,"sqlExpression","""Location"".""Location Name""",0,,,,,,,
"C598","report_column",225,"UCM Physical Holdings and Titles Report","Physical Items","/shared/University of California System 01UCS_NETWORK/Reports/Local Requests/Annual Statistic Reports/Annual Stats FY 2025-2026/Final stats reports (for July 1)/Physical/UCM Physical Holdings and Titles Report",6,"inline","regularColumn","c377892e021ba2d7b","""Location"".""Location Code""","""Location"".""Location Code""",,,"sqlExpression","""Location"".""Location Code""",0,,,,,,,
"C599","report_column",225,"UCM Physical Holdings and Titles Report","Physical Items","/shared/University of California System 01UCS_NETWORK/Reports/Local Requests/Annual Statistic Reports/Annual Stats FY 2025-2026/Final stats reports (for July 1)/Physical/UCM Physical Holdings and Titles Report",7,"inline","regularColumn","cf4c81ae71bc766d6","""Bibliographic Details"".""Resource Type""","""Bibliographic Details"".""Resource Type""",,,"sqlExpression","""Bibliographic Details"".""Resource Type""",0,,,,,,,
"C600","report_column",225,"UCM Physical Holdings and Titles Report","Physical Items","/shared/University of California System 01UCS_NETWORK/Reports/Local Requests/Annual Statistic Reports/Annual Stats FY 2025-2026/Final stats reports (for July 1)/Physical/UCM Physical Holdings and Titles Report",8,"saved_reference","savedRegularColumnRef","c6a31583775fae036","Holdings Added Year","Physical - Holdings Added Year",,,"binned","""Item Creation Date"".""Item Creation Date""",1,265,"Physical - Holdings Added Year","Item Creation Date","Holdings Added Year","/shared/University of California System 01UCS_NETWORK/Reports/Local Requests/Annual Statistic Reports/Annual Stats FY 2025-2026/Physical - Holdings Added Year",TRUE,
"C601","report_column",225,"UCM Physical Holdings and Titles Report","Physical Items","/shared/University of California System 01UCS_NETWORK/Reports/Local Requests/Annual Statistic Reports/Annual Stats FY 2025-2026/Final stats reports (for July 1)/Physical/UCM Physical Holdings and Titles Report",9,"saved_reference","savedRegularColumnRef","cb394f0163c061473","Count of Physical Holdings","Count of Physical Holdings",,,,,0,,,,,"/shared/University of California System 01UCS_NETWORK/Reports/Local Requests/Annual Statistic Reports/Annual Stats FY 2025-2026/Count of Physical Holdings",FALSE,
"C602","report_column",225,"UCM Physical Holdings and Titles Report","Physical Items","/shared/University of California System 01UCS_NETWORK/Reports/Local Requests/Annual Statistic Reports/Annual Stats FY 2025-2026/Final stats reports (for July 1)/Physical/UCM Physical Holdings and Titles Report",10,"saved_reference","savedRegularColumnRef","c9c5cdc70d81406c0","Count of Physical Titles","Count of Physical Titles",,,,,0,,,,,"/shared/University of California System 01UCS_NETWORK/Reports/Local Requests/Annual Statistic Reports/Annual Stats FY 2025-2026/Count of Physical Titles",FALSE,
"C603","report_column",227,"UCR Physical Holdings and Titles Report","Physical Items","/shared/University of California System 01UCS_NETWORK/Reports/Local Requests/Annual Statistic Reports/Annual Stats FY 2025-2026/Final stats reports (for July 1)/Physical/UCR Physical Holdings and Titles Report",1,"saved_reference","savedRegularColumnRef","c9e85a30596e786b8","campus designator","campus designator",,,,,0,,,,,"/shared/University of California System 01UCS_NETWORK/Reports/Local Requests/Annual Statistic Reports/Annual Stats FY 2025-2026/UCR SLF/campus designator",FALSE,
"C604","report_column",227,"UCR Physical Holdings and Titles Report","Physical Items","/shared/University of California System 01UCS_NETWORK/Reports/Local Requests/Annual Statistic Reports/Annual Stats FY 2025-2026/Final stats reports (for July 1)/Physical/UCR Physical Holdings and Titles Report",2,"saved_reference","savedRegularColumnRef","c815a8c9612bce20a","UCR Library Stats Category","UCR Library Stats Category",,,,,0,,,,,"/shared/University of California System 01UCS_NETWORK/Reports/Local Requests/Annual Statistic Reports/Annual Stats FY 2025-2026/UCR Library Stats Category",FALSE,
"C605","report_column",227,"UCR Physical Holdings and Titles Report","Physical Items","/shared/University of California System 01UCS_NETWORK/Reports/Local Requests/Annual Statistic Reports/Annual Stats FY 2025-2026/Final stats reports (for July 1)/Physical/UCR Physical Holdings and Titles Report",3,"inline","regularColumn","cafffd1e71a5a7ac8","""Location"".""Library Name""","""Location"".""Library Name""",,,"sqlExpression","""Location"".""Library Name""",0,,,,,,,
"C606","report_column",227,"UCR Physical Holdings and Titles Report","Physical Items","/shared/University of California System 01UCS_NETWORK/Reports/Local Requests/Annual Statistic Reports/Annual Stats FY 2025-2026/Final stats reports (for July 1)/Physical/UCR Physical Holdings and Titles Report",4,"inline","regularColumn","c0046ba395cf6caff","""Location"".""Library Code""","""Location"".""Library Code""",,,"sqlExpression","""Location"".""Library Code""",0,,,,,,,
"C607","report_column",227,"UCR Physical Holdings and Titles Report","Physical Items","/shared/University of California System 01UCS_NETWORK/Reports/Local Requests/Annual Statistic Reports/Annual Stats FY 2025-2026/Final stats reports (for July 1)/Physical/UCR Physical Holdings and Titles Report",5,"inline","regularColumn","c5e8cde1ba74beea7","""Location"".""Location Name""","""Location"".""Location Name""",,,"sqlExpression","""Location"".""Location Name""",0,,,,,,,
"C608","report_column",227,"UCR Physical Holdings and Titles Report","Physical Items","/shared/University of California System 01UCS_NETWORK/Reports/Local Requests/Annual Statistic Reports/Annual Stats FY 2025-2026/Final stats reports (for July 1)/Physical/UCR Physical Holdings and Titles Report",6,"inline","regularColumn","c3e3e024d301c6319","""Location"".""Location Code""","""Location"".""Location Code""",,,"sqlExpression","""Location"".""Location Code""",0,,,,,,,
"C609","report_column",227,"UCR Physical Holdings and Titles Report","Physical Items","/shared/University of California System 01UCS_NETWORK/Reports/Local Requests/Annual Statistic Reports/Annual Stats FY 2025-2026/Final stats reports (for July 1)/Physical/UCR Physical Holdings and Titles Report",7,"inline","regularColumn","cd536c10c479d7815","""Bibliographic Details"".""Resource Type""","""Bibliographic Details"".""Resource Type""",,,"sqlExpression","""Bibliographic Details"".""Resource Type""",0,,,,,,,
"C610","report_column",227,"UCR Physical Holdings and Titles Report","Physical Items","/shared/University of California System 01UCS_NETWORK/Reports/Local Requests/Annual Statistic Reports/Annual Stats FY 2025-2026/Final stats reports (for July 1)/Physical/UCR Physical Holdings and Titles Report",8,"saved_reference","savedRegularColumnRef","c9670a771fe2ad617","Holdings Added Year","Physical - Holdings Added Year",,,"binned","""Item Creation Date"".""Item Creation Date""",1,265,"Physical - Holdings Added Year","Item Creation Date","Holdings Added Year","/shared/University of California System 01UCS_NETWORK/Reports/Local Requests/Annual Statistic Reports/Annual Stats FY 2025-2026/Physical - Holdings Added Year",TRUE,
"C611","report_column",227,"UCR Physical Holdings and Titles Report","Physical Items","/shared/University of California System 01UCS_NETWORK/Reports/Local Requests/Annual Statistic Reports/Annual Stats FY 2025-2026/Final stats reports (for July 1)/Physical/UCR Physical Holdings and Titles Report",9,"saved_reference","savedRegularColumnRef","c4121df0acdd2ca3b","Count of Physical Holdings","Count of Physical Holdings",,,,,0,,,,,"/shared/University of California System 01UCS_NETWORK/Reports/Local Requests/Annual Statistic Reports/Annual Stats FY 2025-2026/Count of Physical Holdings",FALSE,
"C612","report_column",227,"UCR Physical Holdings and Titles Report","Physical Items","/shared/University of California System 01UCS_NETWORK/Reports/Local Requests/Annual Statistic Reports/Annual Stats FY 2025-2026/Final stats reports (for July 1)/Physical/UCR Physical Holdings and Titles Report",10,"saved_reference","savedRegularColumnRef","ce4948648c0ab650b","Count of Physical Titles","Count of Physical Titles",,,,,0,,,,,"/shared/University of California System 01UCS_NETWORK/Reports/Local Requests/Annual Statistic Reports/Annual Stats FY 2025-2026/Count of Physical Titles",FALSE,
"C613","report_column",228,"UCSB Check-Out Type Categorization Report","Fulfillment","/shared/University of California System 01UCS_NETWORK/Reports/Local Requests/Annual Statistic Reports/Annual Stats FY 2025-2026/Preparation review reports/Fulfillment preparation review reports/UCSB Check-Out Type Categorization Report",1,"inline","regularColumn","ca1ce52137e00fd72","""Institution"".""Institution Name""","""Institution"".""Institution Name""",,,"sqlExpression","""Institution"".""Institution Name""",0,,,,,,,
"C614","report_column",228,"UCSB Check-Out Type Categorization Report","Fulfillment","/shared/University of California System 01UCS_NETWORK/Reports/Local Requests/Annual Statistic Reports/Annual Stats FY 2025-2026/Preparation review reports/Fulfillment preparation review reports/UCSB Check-Out Type Categorization Report",2,"saved_reference","savedRegularColumnRef","cda42d3d3310d2cf4","UCSB Check-Out Type","UCSB Check-Out Type",,,,,0,,,,,"/shared/University of California System 01UCS_NETWORK/Reports/Local Requests/Annual Statistic Reports/Annual Stats FY 2025-2026/UCSB Check-Out Type",FALSE,
"C615","report_column",228,"UCSB Check-Out Type Categorization Report","Fulfillment","/shared/University of California System 01UCS_NETWORK/Reports/Local Requests/Annual Statistic Reports/Annual Stats FY 2025-2026/Preparation review reports/Fulfillment preparation review reports/UCSB Check-Out Type Categorization Report",3,"inline","regularColumn","cab698e1a09687d7d","""Item Location at Time of Loan"".""Library Name""","""Item Location at Time of Loan"".""Library Name""",,,"sqlExpression","""Item Location at Time of Loan"".""Library Name""",0,,,,,,,
"C616","report_column",228,"UCSB Check-Out Type Categorization Report","Fulfillment","/shared/University of California System 01UCS_NETWORK/Reports/Local Requests/Annual Statistic Reports/Annual Stats FY 2025-2026/Preparation review reports/Fulfillment preparation review reports/UCSB Check-Out Type Categorization Report",4,"inline","regularColumn","c451ce4a330cea57c","""Item Location at Time of Loan"".""Library Code""","""Item Location at Time of Loan"".""Library Code""",,,"sqlExpression","""Item Location at Time of Loan"".""Library Code""",0,,,,,,,
"C617","report_column",228,"UCSB Check-Out Type Categorization Report","Fulfillment","/shared/University of California System 01UCS_NETWORK/Reports/Local Requests/Annual Statistic Reports/Annual Stats FY 2025-2026/Preparation review reports/Fulfillment preparation review reports/UCSB Check-Out Type Categorization Report",5,"inline","regularColumn","c5b9951b3d992d6a8","""Item Location at Time of Loan"".""Location Name""","""Item Location at Time of Loan"".""Location Name""",,,"sqlExpression","""Item Location at Time of Loan"".""Location Name""",0,,,,,,,
"C618","report_column",228,"UCSB Check-Out Type Categorization Report","Fulfillment","/shared/University of California System 01UCS_NETWORK/Reports/Local Requests/Annual Statistic Reports/Annual Stats FY 2025-2026/Preparation review reports/Fulfillment preparation review reports/UCSB Check-Out Type Categorization Report",6,"inline","regularColumn","ccece23b38799fff5","""Item Location at Time of Loan"".""Location Code""","""Item Location at Time of Loan"".""Location Code""",,,"sqlExpression","""Item Location at Time of Loan"".""Location Code""",0,,,,,,,
"C619","report_column",228,"UCSB Check-Out Type Categorization Report","Fulfillment","/shared/University of California System 01UCS_NETWORK/Reports/Local Requests/Annual Statistic Reports/Annual Stats FY 2025-2026/Preparation review reports/Fulfillment preparation review reports/UCSB Check-Out Type Categorization Report",7,"saved_reference","savedRegularColumnRef","c6d16040bf27c4377","FY 2025-26 Loans (Not In House)","FY 2025-26 Loans (Not In House)",,,,,0,,,,,"/shared/University of California System 01UCS_NETWORK/Reports/Local Requests/Annual Statistic Reports/Annual Stats FY 2025-2026/FY 2025-26 Loans (Not In House)",FALSE,
"C620","report_column",230,"UCSB Physical Holdings and Titles Report","Physical Items","/shared/University of California System 01UCS_NETWORK/Reports/Local Requests/Annual Statistic Reports/Annual Stats FY 2025-2026/Final stats reports (for July 1)/Physical/UCSB Physical Holdings and Titles Report",1,"saved_reference","savedRegularColumnRef","cca8ab1963e080dac","campus designator","campus designator",,,,,0,,,,,"/shared/University of California System 01UCS_NETWORK/Reports/Local Requests/Annual Statistic Reports/Annual Stats FY 2025-2026/UCSB SLF/campus designator",FALSE,
"C621","report_column",230,"UCSB Physical Holdings and Titles Report","Physical Items","/shared/University of California System 01UCS_NETWORK/Reports/Local Requests/Annual Statistic Reports/Annual Stats FY 2025-2026/Final stats reports (for July 1)/Physical/UCSB Physical Holdings and Titles Report",2,"saved_reference","savedRegularColumnRef","c247e71ec8482d941","UCSB Library Stats Category","UCSB Library Stats Category",,,,,0,,,,,"/shared/University of California System 01UCS_NETWORK/Reports/Local Requests/Annual Statistic Reports/Annual Stats FY 2025-2026/UCSB Library Stats Category",FALSE,
"C622","report_column",230,"UCSB Physical Holdings and Titles Report","Physical Items","/shared/University of California System 01UCS_NETWORK/Reports/Local Requests/Annual Statistic Reports/Annual Stats FY 2025-2026/Final stats reports (for July 1)/Physical/UCSB Physical Holdings and Titles Report",3,"inline","regularColumn","c2585db472a60f04b","""Location"".""Library Name""","""Location"".""Library Name""",,,"sqlExpression","""Location"".""Library Name""",0,,,,,,,
"C623","report_column",230,"UCSB Physical Holdings and Titles Report","Physical Items","/shared/University of California System 01UCS_NETWORK/Reports/Local Requests/Annual Statistic Reports/Annual Stats FY 2025-2026/Final stats reports (for July 1)/Physical/UCSB Physical Holdings and Titles Report",4,"inline","regularColumn","c29c00b20b93d6510","""Location"".""Library Code""","""Location"".""Library Code""",,,"sqlExpression","""Location"".""Library Code""",0,,,,,,,
"C624","report_column",230,"UCSB Physical Holdings and Titles Report","Physical Items","/shared/University of California System 01UCS_NETWORK/Reports/Local Requests/Annual Statistic Reports/Annual Stats FY 2025-2026/Final stats reports (for July 1)/Physical/UCSB Physical Holdings and Titles Report",5,"inline","regularColumn","ce80c79fe167b2f62","""Location"".""Location Name""","""Location"".""Location Name""",,,"sqlExpression","""Location"".""Location Name""",0,,,,,,,
"C625","report_column",230,"UCSB Physical Holdings and Titles Report","Physical Items","/shared/University of California System 01UCS_NETWORK/Reports/Local Requests/Annual Statistic Reports/Annual Stats FY 2025-2026/Final stats reports (for July 1)/Physical/UCSB Physical Holdings and Titles Report",6,"inline","regularColumn","c617c0d6880875dab","""Location"".""Location Code""","""Location"".""Location Code""",,,"sqlExpression","""Location"".""Location Code""",0,,,,,,,
"C626","report_column",230,"UCSB Physical Holdings and Titles Report","Physical Items","/shared/University of California System 01UCS_NETWORK/Reports/Local Requests/Annual Statistic Reports/Annual Stats FY 2025-2026/Final stats reports (for July 1)/Physical/UCSB Physical Holdings and Titles Report",7,"inline","regularColumn","cc8fb810eb21242a5","""Bibliographic Details"".""Resource Type""","""Bibliographic Details"".""Resource Type""",,,"sqlExpression","""Bibliographic Details"".""Resource Type""",0,,,,,,,
"C627","report_column",230,"UCSB Physical Holdings and Titles Report","Physical Items","/shared/University of California System 01UCS_NETWORK/Reports/Local Requests/Annual Statistic Reports/Annual Stats FY 2025-2026/Final stats reports (for July 1)/Physical/UCSB Physical Holdings and Titles Report",8,"saved_reference","savedRegularColumnRef","c698baabdb96f1f88","Holdings Added Year","Physical - Holdings Added Year",,,"binned","""Item Creation Date"".""Item Creation Date""",1,265,"Physical - Holdings Added Year","Item Creation Date","Holdings Added Year","/shared/University of California System 01UCS_NETWORK/Reports/Local Requests/Annual Statistic Reports/Annual Stats FY 2025-2026/Physical - Holdings Added Year",TRUE,
"C628","report_column",230,"UCSB Physical Holdings and Titles Report","Physical Items","/shared/University of California System 01UCS_NETWORK/Reports/Local Requests/Annual Statistic Reports/Annual Stats FY 2025-2026/Final stats reports (for July 1)/Physical/UCSB Physical Holdings and Titles Report",9,"saved_reference","savedRegularColumnRef","c4748f241953224ae","Count of Physical Holdings","Count of Physical Holdings",,,,,0,,,,,"/shared/University of California System 01UCS_NETWORK/Reports/Local Requests/Annual Statistic Reports/Annual Stats FY 2025-2026/Count of Physical Holdings",FALSE,
"C629","report_column",230,"UCSB Physical Holdings and Titles Report","Physical Items","/shared/University of California System 01UCS_NETWORK/Reports/Local Requests/Annual Statistic Reports/Annual Stats FY 2025-2026/Final stats reports (for July 1)/Physical/UCSB Physical Holdings and Titles Report",10,"saved_reference","savedRegularColumnRef","c6452c41b1c4cda5f","Count of Physical Titles","Count of Physical Titles",,,,,0,,,,,"/shared/University of California System 01UCS_NETWORK/Reports/Local Requests/Annual Statistic Reports/Annual Stats FY 2025-2026/Count of Physical Titles",FALSE,
"C630","report_column",231,"UCSB User Group Categorization Report","Fulfillment","/shared/University of California System 01UCS_NETWORK/Reports/Local Requests/Annual Statistic Reports/Annual Stats FY 2025-2026/Preparation review reports/Fulfillment preparation review reports/UCSB User Group Categorization Report",1,"inline","regularColumn","cb15c00add4ea074b","""Institution"".""Institution Name""","""Institution"".""Institution Name""",,,"sqlExpression","""Institution"".""Institution Name""",0,,,,,,,
"C631","report_column",231,"UCSB User Group Categorization Report","Fulfillment","/shared/University of California System 01UCS_NETWORK/Reports/Local Requests/Annual Statistic Reports/Annual Stats FY 2025-2026/Preparation review reports/Fulfillment preparation review reports/UCSB User Group Categorization Report",2,"saved_reference","savedRegularColumnRef","c046977140fb1c455","UCSB User Group","UCSB User Group",,,,,0,,,,,"/shared/University of California System 01UCS_NETWORK/Reports/Local Requests/Annual Statistic Reports/Annual Stats FY 2025-2026/UCSB User Group",FALSE,
"C632","report_column",231,"UCSB User Group Categorization Report","Fulfillment","/shared/University of California System 01UCS_NETWORK/Reports/Local Requests/Annual Statistic Reports/Annual Stats FY 2025-2026/Preparation review reports/Fulfillment preparation review reports/UCSB User Group Categorization Report",3,"inline","regularColumn","c40172d38767c09a5","""Borrower Details"".""User Group""","""Borrower Details"".""User Group""",,,"sqlExpression","""Borrower Details"".""User Group""",0,,,,,,,
"C633","report_column",232,"UCSC Physical Holdings and Titles Report","Physical Items","/shared/University of California System 01UCS_NETWORK/Reports/Local Requests/Annual Statistic Reports/Annual Stats FY 2025-2026/Final stats reports (for July 1)/Physical/UCSC Physical Holdings and Titles Report",1,"saved_reference","savedRegularColumnRef","c82b594d56c75fadd","campus designator","campus designator",,,,,0,,,,,"/shared/University of California System 01UCS_NETWORK/Reports/Local Requests/Annual Statistic Reports/Annual Stats FY 2025-2026/UCSC SLF/campus designator",FALSE,
"C634","report_column",232,"UCSC Physical Holdings and Titles Report","Physical Items","/shared/University of California System 01UCS_NETWORK/Reports/Local Requests/Annual Statistic Reports/Annual Stats FY 2025-2026/Final stats reports (for July 1)/Physical/UCSC Physical Holdings and Titles Report",2,"saved_reference","savedRegularColumnRef","c13c5a4f7c6307b3c","UCSC Library Stats Category","UCSC Library Stats Category",,,,,0,,,,,"/shared/University of California System 01UCS_NETWORK/Reports/Local Requests/Annual Statistic Reports/Annual Stats FY 2025-2026/UCSC Library Stats Category",FALSE,
"C635","report_column",232,"UCSC Physical Holdings and Titles Report","Physical Items","/shared/University of California System 01UCS_NETWORK/Reports/Local Requests/Annual Statistic Reports/Annual Stats FY 2025-2026/Final stats reports (for July 1)/Physical/UCSC Physical Holdings and Titles Report",3,"inline","regularColumn","cee292e062dfd689d","""Location"".""Library Name""","""Location"".""Library Name""",,,"sqlExpression","""Location"".""Library Name""",0,,,,,,,
"C636","report_column",232,"UCSC Physical Holdings and Titles Report","Physical Items","/shared/University of California System 01UCS_NETWORK/Reports/Local Requests/Annual Statistic Reports/Annual Stats FY 2025-2026/Final stats reports (for July 1)/Physical/UCSC Physical Holdings and Titles Report",4,"inline","regularColumn","ccf9f61121ed5de7c","""Location"".""Library Code""","""Location"".""Library Code""",,,"sqlExpression","""Location"".""Library Code""",0,,,,,,,
"C637","report_column",232,"UCSC Physical Holdings and Titles Report","Physical Items","/shared/University of California System 01UCS_NETWORK/Reports/Local Requests/Annual Statistic Reports/Annual Stats FY 2025-2026/Final stats reports (for July 1)/Physical/UCSC Physical Holdings and Titles Report",5,"inline","regularColumn","c14b6455f3270569d","""Location"".""Location Name""","""Location"".""Location Name""",,,"sqlExpression","""Location"".""Location Name""",0,,,,,,,
"C638","report_column",232,"UCSC Physical Holdings and Titles Report","Physical Items","/shared/University of California System 01UCS_NETWORK/Reports/Local Requests/Annual Statistic Reports/Annual Stats FY 2025-2026/Final stats reports (for July 1)/Physical/UCSC Physical Holdings and Titles Report",6,"inline","regularColumn","c25515112241d7018","""Location"".""Location Code""","""Location"".""Location Code""",,,"sqlExpression","""Location"".""Location Code""",0,,,,,,,
"C639","report_column",232,"UCSC Physical Holdings and Titles Report","Physical Items","/shared/University of California System 01UCS_NETWORK/Reports/Local Requests/Annual Statistic Reports/Annual Stats FY 2025-2026/Final stats reports (for July 1)/Physical/UCSC Physical Holdings and Titles Report",7,"inline","regularColumn","c036c7c0e207c78b0","""Bibliographic Details"".""Resource Type""","""Bibliographic Details"".""Resource Type""",,,"sqlExpression","""Bibliographic Details"".""Resource Type""",0,,,,,,,
"C640","report_column",232,"UCSC Physical Holdings and Titles Report","Physical Items","/shared/University of California System 01UCS_NETWORK/Reports/Local Requests/Annual Statistic Reports/Annual Stats FY 2025-2026/Final stats reports (for July 1)/Physical/UCSC Physical Holdings and Titles Report",8,"saved_reference","savedRegularColumnRef","c75ea8d1be2790cef","Holdings Added Year","Physical - Holdings Added Year",,,"binned","""Item Creation Date"".""Item Creation Date""",1,265,"Physical - Holdings Added Year","Item Creation Date","Holdings Added Year","/shared/University of California System 01UCS_NETWORK/Reports/Local Requests/Annual Statistic Reports/Annual Stats FY 2025-2026/Physical - Holdings Added Year",TRUE,
"C641","report_column",232,"UCSC Physical Holdings and Titles Report","Physical Items","/shared/University of California System 01UCS_NETWORK/Reports/Local Requests/Annual Statistic Reports/Annual Stats FY 2025-2026/Final stats reports (for July 1)/Physical/UCSC Physical Holdings and Titles Report",9,"saved_reference","savedRegularColumnRef","ce3ddafad98c1a502","Count of Physical Holdings","Count of Physical Holdings",,,,,0,,,,,"/shared/University of California System 01UCS_NETWORK/Reports/Local Requests/Annual Statistic Reports/Annual Stats FY 2025-2026/Count of Physical Holdings",FALSE,
"C642","report_column",232,"UCSC Physical Holdings and Titles Report","Physical Items","/shared/University of California System 01UCS_NETWORK/Reports/Local Requests/Annual Statistic Reports/Annual Stats FY 2025-2026/Final stats reports (for July 1)/Physical/UCSC Physical Holdings and Titles Report",10,"saved_reference","savedRegularColumnRef","ce9c5538760833a0c","Count of Physical Titles","Count of Physical Titles",,,,,0,,,,,"/shared/University of California System 01UCS_NETWORK/Reports/Local Requests/Annual Statistic Reports/Annual Stats FY 2025-2026/Count of Physical Titles",FALSE,
"C643","report_column",234,"UCSD Physical Holdings and Titles Report","Physical Items","/shared/University of California System 01UCS_NETWORK/Reports/Local Requests/Annual Statistic Reports/Annual Stats FY 2025-2026/Final stats reports (for July 1)/Physical/UCSD Physical Holdings and Titles Report",1,"saved_reference","savedRegularColumnRef","c5c7362e4876eb782","campus designator","campus designator",,,,,0,,,,,"/shared/University of California System 01UCS_NETWORK/Reports/Local Requests/Annual Statistic Reports/Annual Stats FY 2025-2026/UCSD SLF/campus designator",FALSE,
"C644","report_column",234,"UCSD Physical Holdings and Titles Report","Physical Items","/shared/University of California System 01UCS_NETWORK/Reports/Local Requests/Annual Statistic Reports/Annual Stats FY 2025-2026/Final stats reports (for July 1)/Physical/UCSD Physical Holdings and Titles Report",2,"saved_reference","savedRegularColumnRef","cd0b1e0e65675e95f","UCSD Library Stats Category","UCSD Library Stats Category",,,,,0,,,,,"/shared/University of California System 01UCS_NETWORK/Reports/Local Requests/Annual Statistic Reports/Annual Stats FY 2025-2026/UCSD Library Stats Category",FALSE,
"C645","report_column",234,"UCSD Physical Holdings and Titles Report","Physical Items","/shared/University of California System 01UCS_NETWORK/Reports/Local Requests/Annual Statistic Reports/Annual Stats FY 2025-2026/Final stats reports (for July 1)/Physical/UCSD Physical Holdings and Titles Report",3,"inline","regularColumn","c11f1bc37045f5246","""Location"".""Library Name""","""Location"".""Library Name""",,,"sqlExpression","""Location"".""Library Name""",0,,,,,,,
"C646","report_column",234,"UCSD Physical Holdings and Titles Report","Physical Items","/shared/University of California System 01UCS_NETWORK/Reports/Local Requests/Annual Statistic Reports/Annual Stats FY 2025-2026/Final stats reports (for July 1)/Physical/UCSD Physical Holdings and Titles Report",4,"inline","regularColumn","c5b753ac3507179de","""Location"".""Library Code""","""Location"".""Library Code""",,,"sqlExpression","""Location"".""Library Code""",0,,,,,,,
"C647","report_column",234,"UCSD Physical Holdings and Titles Report","Physical Items","/shared/University of California System 01UCS_NETWORK/Reports/Local Requests/Annual Statistic Reports/Annual Stats FY 2025-2026/Final stats reports (for July 1)/Physical/UCSD Physical Holdings and Titles Report",5,"inline","regularColumn","cca8e491579614ace","""Location"".""Location Name""","""Location"".""Location Name""",,,"sqlExpression","""Location"".""Location Name""",0,,,,,,,
"C648","report_column",234,"UCSD Physical Holdings and Titles Report","Physical Items","/shared/University of California System 01UCS_NETWORK/Reports/Local Requests/Annual Statistic Reports/Annual Stats FY 2025-2026/Final stats reports (for July 1)/Physical/UCSD Physical Holdings and Titles Report",6,"inline","regularColumn","c0a6425ae82f111ec","""Location"".""Location Code""","""Location"".""Location Code""",,,"sqlExpression","""Location"".""Location Code""",0,,,,,,,
"C649","report_column",234,"UCSD Physical Holdings and Titles Report","Physical Items","/shared/University of California System 01UCS_NETWORK/Reports/Local Requests/Annual Statistic Reports/Annual Stats FY 2025-2026/Final stats reports (for July 1)/Physical/UCSD Physical Holdings and Titles Report",7,"inline","regularColumn","c4a02cb4f64daa673","""Bibliographic Details"".""Resource Type""","""Bibliographic Details"".""Resource Type""",,,"sqlExpression","""Bibliographic Details"".""Resource Type""",0,,,,,,,
"C650","report_column",234,"UCSD Physical Holdings and Titles Report","Physical Items","/shared/University of California System 01UCS_NETWORK/Reports/Local Requests/Annual Statistic Reports/Annual Stats FY 2025-2026/Final stats reports (for July 1)/Physical/UCSD Physical Holdings and Titles Report",8,"saved_reference","savedRegularColumnRef","c58db3f667872a2b5","Holdings Added Year","Physical - Holdings Added Year",,,"binned","""Item Creation Date"".""Item Creation Date""",1,265,"Physical - Holdings Added Year","Item Creation Date","Holdings Added Year","/shared/University of California System 01UCS_NETWORK/Reports/Local Requests/Annual Statistic Reports/Annual Stats FY 2025-2026/Physical - Holdings Added Year",TRUE,
"C651","report_column",234,"UCSD Physical Holdings and Titles Report","Physical Items","/shared/University of California System 01UCS_NETWORK/Reports/Local Requests/Annual Statistic Reports/Annual Stats FY 2025-2026/Final stats reports (for July 1)/Physical/UCSD Physical Holdings and Titles Report",9,"saved_reference","savedRegularColumnRef","c4580f55e0701575e","Count of Physical Holdings","Count of Physical Holdings",,,,,0,,,,,"/shared/University of California System 01UCS_NETWORK/Reports/Local Requests/Annual Statistic Reports/Annual Stats FY 2025-2026/Count of Physical Holdings",FALSE,
"C652","report_column",234,"UCSD Physical Holdings and Titles Report","Physical Items","/shared/University of California System 01UCS_NETWORK/Reports/Local Requests/Annual Statistic Reports/Annual Stats FY 2025-2026/Final stats reports (for July 1)/Physical/UCSD Physical Holdings and Titles Report",10,"saved_reference","savedRegularColumnRef","c07cc92cf4907e63a","Count of Physical Titles","Count of Physical Titles",,,,,0,,,,,"/shared/University of California System 01UCS_NETWORK/Reports/Local Requests/Annual Statistic Reports/Annual Stats FY 2025-2026/Count of Physical Titles",FALSE,
"C653","report_column",236,"UCSC Check-Out Type Categorization Report","Fulfillment","/shared/University of California System 01UCS_NETWORK/Reports/Local Requests/Annual Statistic Reports/Annual Stats FY 2025-2026/Preparation review reports/Fulfillment preparation review reports/UCSC Check-Out Type Categorization Report",1,"inline","regularColumn","c3c9abbd35e9a9c56","""Institution"".""Institution Name""","""Institution"".""Institution Name""",,,"sqlExpression","""Institution"".""Institution Name""",0,,,,,,,
"C654","report_column",236,"UCSC Check-Out Type Categorization Report","Fulfillment","/shared/University of California System 01UCS_NETWORK/Reports/Local Requests/Annual Statistic Reports/Annual Stats FY 2025-2026/Preparation review reports/Fulfillment preparation review reports/UCSC Check-Out Type Categorization Report",2,"saved_reference","savedRegularColumnRef","caffb1bfdc6fba0fe","UCSC Check-Out Type","UCSC Check-Out Type",,,,,0,,,,,"/shared/University of California System 01UCS_NETWORK/Reports/Local Requests/Annual Statistic Reports/Annual Stats FY 2025-2026/UCSC Check-Out Type",FALSE,
"C655","report_column",236,"UCSC Check-Out Type Categorization Report","Fulfillment","/shared/University of California System 01UCS_NETWORK/Reports/Local Requests/Annual Statistic Reports/Annual Stats FY 2025-2026/Preparation review reports/Fulfillment preparation review reports/UCSC Check-Out Type Categorization Report",3,"inline","regularColumn","c9a9faa4ac839c891","""Item Location at Time of Loan"".""Library Name""","""Item Location at Time of Loan"".""Library Name""",,,"sqlExpression","""Item Location at Time of Loan"".""Library Name""",0,,,,,,,
"C656","report_column",236,"UCSC Check-Out Type Categorization Report","Fulfillment","/shared/University of California System 01UCS_NETWORK/Reports/Local Requests/Annual Statistic Reports/Annual Stats FY 2025-2026/Preparation review reports/Fulfillment preparation review reports/UCSC Check-Out Type Categorization Report",4,"inline","regularColumn","c4e6743790fc53661","""Item Location at Time of Loan"".""Library Code""","""Item Location at Time of Loan"".""Library Code""",,,"sqlExpression","""Item Location at Time of Loan"".""Library Code""",0,,,,,,,
"C657","report_column",236,"UCSC Check-Out Type Categorization Report","Fulfillment","/shared/University of California System 01UCS_NETWORK/Reports/Local Requests/Annual Statistic Reports/Annual Stats FY 2025-2026/Preparation review reports/Fulfillment preparation review reports/UCSC Check-Out Type Categorization Report",5,"inline","regularColumn","c9ab8f8d1e5996a23","""Item Location at Time of Loan"".""Location Name""","""Item Location at Time of Loan"".""Location Name""",,,"sqlExpression","""Item Location at Time of Loan"".""Location Name""",0,,,,,,,
"C658","report_column",236,"UCSC Check-Out Type Categorization Report","Fulfillment","/shared/University of California System 01UCS_NETWORK/Reports/Local Requests/Annual Statistic Reports/Annual Stats FY 2025-2026/Preparation review reports/Fulfillment preparation review reports/UCSC Check-Out Type Categorization Report",6,"inline","regularColumn","c8c827589850d51c5","""Item Location at Time of Loan"".""Location Code""","""Item Location at Time of Loan"".""Location Code""",,,"sqlExpression","""Item Location at Time of Loan"".""Location Code""",0,,,,,,,
"C659","report_column",236,"UCSC Check-Out Type Categorization Report","Fulfillment","/shared/University of California System 01UCS_NETWORK/Reports/Local Requests/Annual Statistic Reports/Annual Stats FY 2025-2026/Preparation review reports/Fulfillment preparation review reports/UCSC Check-Out Type Categorization Report",7,"saved_reference","savedRegularColumnRef","c547c5f1c7e3c8648","FY 2025-26 Loans (Not In House)","FY 2025-26 Loans (Not In House)",,,,,0,,,,,"/shared/University of California System 01UCS_NETWORK/Reports/Local Requests/Annual Statistic Reports/Annual Stats FY 2025-2026/FY 2025-26 Loans (Not In House)",FALSE,
"C660","report_column",237,"UCSC User Group Categorization Report","Fulfillment","/shared/University of California System 01UCS_NETWORK/Reports/Local Requests/Annual Statistic Reports/Annual Stats FY 2025-2026/Preparation review reports/Fulfillment preparation review reports/UCSC User Group Categorization Report",1,"inline","regularColumn","c8ab9f303935e00f4","""Institution"".""Institution Name""","""Institution"".""Institution Name""",,,"sqlExpression","""Institution"".""Institution Name""",0,,,,,,,
"C661","report_column",237,"UCSC User Group Categorization Report","Fulfillment","/shared/University of California System 01UCS_NETWORK/Reports/Local Requests/Annual Statistic Reports/Annual Stats FY 2025-2026/Preparation review reports/Fulfillment preparation review reports/UCSC User Group Categorization Report",2,"saved_reference","savedRegularColumnRef","cada37f5435e9240a","UCSC User Group","UCSC User Group",,,,,0,,,,,"/shared/University of California System 01UCS_NETWORK/Reports/Local Requests/Annual Statistic Reports/Annual Stats FY 2025-2026/UCSC User Group",FALSE,
"C662","report_column",237,"UCSC User Group Categorization Report","Fulfillment","/shared/University of California System 01UCS_NETWORK/Reports/Local Requests/Annual Statistic Reports/Annual Stats FY 2025-2026/Preparation review reports/Fulfillment preparation review reports/UCSC User Group Categorization Report",3,"inline","regularColumn","ce93de805713965e1","""Borrower Details"".""User Group""","""Borrower Details"".""User Group""",,,"sqlExpression","""Borrower Details"".""User Group""",0,,,,,,,
"C663","report_column",238,"UCSF Physical Holdings and Titles Report","Physical Items","/shared/University of California System 01UCS_NETWORK/Reports/Local Requests/Annual Statistic Reports/Annual Stats FY 2025-2026/Final stats reports (for July 1)/Physical/UCSF Physical Holdings and Titles Report",1,"saved_reference","savedRegularColumnRef","cc58e9ddfaf723776","campus designator","campus designator",,,,,0,,,,,"/shared/University of California System 01UCS_NETWORK/Reports/Local Requests/Annual Statistic Reports/Annual Stats FY 2025-2026/UCSF SLF/campus designator",FALSE,
"C664","report_column",238,"UCSF Physical Holdings and Titles Report","Physical Items","/shared/University of California System 01UCS_NETWORK/Reports/Local Requests/Annual Statistic Reports/Annual Stats FY 2025-2026/Final stats reports (for July 1)/Physical/UCSF Physical Holdings and Titles Report",2,"saved_reference","savedRegularColumnRef","c4ab6c1e180550974","UCSF Library Stats Category","UCSF Library Stats Category",,,,,0,,,,,"/shared/University of California System 01UCS_NETWORK/Reports/Local Requests/Annual Statistic Reports/Annual Stats FY 2025-2026/UCSF Library Stats Category",FALSE,
"C665","report_column",238,"UCSF Physical Holdings and Titles Report","Physical Items","/shared/University of California System 01UCS_NETWORK/Reports/Local Requests/Annual Statistic Reports/Annual Stats FY 2025-2026/Final stats reports (for July 1)/Physical/UCSF Physical Holdings and Titles Report",3,"inline","regularColumn","c5f9aa39ec6d7a429","""Location"".""Library Name""","""Location"".""Library Name""",,,"sqlExpression","""Location"".""Library Name""",0,,,,,,,
"C666","report_column",238,"UCSF Physical Holdings and Titles Report","Physical Items","/shared/University of California System 01UCS_NETWORK/Reports/Local Requests/Annual Statistic Reports/Annual Stats FY 2025-2026/Final stats reports (for July 1)/Physical/UCSF Physical Holdings and Titles Report",4,"inline","regularColumn","c9b9b555ed2aa8caa","""Location"".""Library Code""","""Location"".""Library Code""",,,"sqlExpression","""Location"".""Library Code""",0,,,,,,,
"C667","report_column",238,"UCSF Physical Holdings and Titles Report","Physical Items","/shared/University of California System 01UCS_NETWORK/Reports/Local Requests/Annual Statistic Reports/Annual Stats FY 2025-2026/Final stats reports (for July 1)/Physical/UCSF Physical Holdings and Titles Report",5,"inline","regularColumn","c7ae27ad3719e42bb","""Location"".""Location Name""","""Location"".""Location Name""",,,"sqlExpression","""Location"".""Location Name""",0,,,,,,,
"C668","report_column",238,"UCSF Physical Holdings and Titles Report","Physical Items","/shared/University of California System 01UCS_NETWORK/Reports/Local Requests/Annual Statistic Reports/Annual Stats FY 2025-2026/Final stats reports (for July 1)/Physical/UCSF Physical Holdings and Titles Report",6,"inline","regularColumn","c5671a1363a940746","""Location"".""Location Code""","""Location"".""Location Code""",,,"sqlExpression","""Location"".""Location Code""",0,,,,,,,
"C669","report_column",238,"UCSF Physical Holdings and Titles Report","Physical Items","/shared/University of California System 01UCS_NETWORK/Reports/Local Requests/Annual Statistic Reports/Annual Stats FY 2025-2026/Final stats reports (for July 1)/Physical/UCSF Physical Holdings and Titles Report",7,"inline","regularColumn","cb573d5683ec2a325","""Bibliographic Details"".""Resource Type""","""Bibliographic Details"".""Resource Type""",,,"sqlExpression","""Bibliographic Details"".""Resource Type""",0,,,,,,,
"C670","report_column",238,"UCSF Physical Holdings and Titles Report","Physical Items","/shared/University of California System 01UCS_NETWORK/Reports/Local Requests/Annual Statistic Reports/Annual Stats FY 2025-2026/Final stats reports (for July 1)/Physical/UCSF Physical Holdings and Titles Report",8,"saved_reference","savedRegularColumnRef","c5a75ac9dae819352","Holdings Added Year","Physical - Holdings Added Year",,,"binned","""Item Creation Date"".""Item Creation Date""",1,265,"Physical - Holdings Added Year","Item Creation Date","Holdings Added Year","/shared/University of California System 01UCS_NETWORK/Reports/Local Requests/Annual Statistic Reports/Annual Stats FY 2025-2026/Physical - Holdings Added Year",TRUE,
"C671","report_column",238,"UCSF Physical Holdings and Titles Report","Physical Items","/shared/University of California System 01UCS_NETWORK/Reports/Local Requests/Annual Statistic Reports/Annual Stats FY 2025-2026/Final stats reports (for July 1)/Physical/UCSF Physical Holdings and Titles Report",9,"saved_reference","savedRegularColumnRef","cd7a08c12c4defb0d","Count of Physical Holdings","Count of Physical Holdings",,,,,0,,,,,"/shared/University of California System 01UCS_NETWORK/Reports/Local Requests/Annual Statistic Reports/Annual Stats FY 2025-2026/Count of Physical Holdings",FALSE,
"C672","report_column",238,"UCSF Physical Holdings and Titles Report","Physical Items","/shared/University of California System 01UCS_NETWORK/Reports/Local Requests/Annual Statistic Reports/Annual Stats FY 2025-2026/Final stats reports (for July 1)/Physical/UCSF Physical Holdings and Titles Report",10,"saved_reference","savedRegularColumnRef","cbe8a14003d344c94","Count of Physical Titles","Count of Physical Titles",,,,,0,,,,,"/shared/University of California System 01UCS_NETWORK/Reports/Local Requests/Annual Statistic Reports/Annual Stats FY 2025-2026/Count of Physical Titles",FALSE,
"C673","report_column",241,"zz_old_UCI testing updated SCA exclusion filter","Physical Items","/shared/University of California System 01UCS_NETWORK/Reports/Local Requests/Annual Statistic Reports/Annual Stats FY 2025-2026/Final stats reports (for July 1)/Physical/zz_old_UCI testing updated SCA exclusion filter",1,"saved_reference","savedRegularColumnRef","c9f387e6abff41fe5","UCI Library Stats Category","Physical - UCI Library Stats Category",,,"binned","""Location"".""Library Code""",7,277,"Physical - UCI Library Stats Category","Location","UCI Library Stats Category","/shared/University of California System 01UCS_NETWORK/Reports/Local Requests/Annual Statistic Reports/Annual Stats FY 2025-2026/Physical - UCI Library Stats Category",TRUE,
"C674","report_column",241,"zz_old_UCI testing updated SCA exclusion filter","Physical Items","/shared/University of California System 01UCS_NETWORK/Reports/Local Requests/Annual Statistic Reports/Annual Stats FY 2025-2026/Final stats reports (for July 1)/Physical/zz_old_UCI testing updated SCA exclusion filter",2,"inline","regularColumn","cbb64281f1cc2cbf4","""Location"".""Library Name""","""Location"".""Library Name""",,,"sqlExpression","""Location"".""Library Name""",0,,,,,,,
"C675","report_column",241,"zz_old_UCI testing updated SCA exclusion filter","Physical Items","/shared/University of California System 01UCS_NETWORK/Reports/Local Requests/Annual Statistic Reports/Annual Stats FY 2025-2026/Final stats reports (for July 1)/Physical/zz_old_UCI testing updated SCA exclusion filter",3,"inline","regularColumn","c6437d802ca592d95","""Location"".""Location Code""","""Location"".""Location Code""",,,"sqlExpression","""Location"".""Location Code""",0,,,,,,,
"C676","report_column",241,"zz_old_UCI testing updated SCA exclusion filter","Physical Items","/shared/University of California System 01UCS_NETWORK/Reports/Local Requests/Annual Statistic Reports/Annual Stats FY 2025-2026/Final stats reports (for July 1)/Physical/zz_old_UCI testing updated SCA exclusion filter",4,"inline","regularColumn","c0fbcd1c1de33aeb5","Uniform Resource Identifier","Uniform Resource Identifier","Bibliographic Details","Uniform Resource Identifier","binned","""Bibliographic Details"".""Uniform Resource Identifier""",4,,,,,,,
"C677","report_column",241,"zz_old_UCI testing updated SCA exclusion filter","Physical Items","/shared/University of California System 01UCS_NETWORK/Reports/Local Requests/Annual Statistic Reports/Annual Stats FY 2025-2026/Final stats reports (for July 1)/Physical/zz_old_UCI testing updated SCA exclusion filter",5,"saved_reference","savedRegularColumnRef","c258102b3cf17aeba","Holdings","Physical - Count of Physical Holdings",,,"sqlExpression","COUNT(DISTINCT ""Physical Item Details"".""Physical Item Id"")",0,262,"Physical - Count of Physical Holdings","Physical Item Details","Holdings","/shared/University of California System 01UCS_NETWORK/Reports/Local Requests/Annual Statistic Reports/Annual Stats FY 2025-2026/Physical - Count of Physical Holdings",TRUE,
"C678","report_column",243,"UCSD Check-Out Type Categorization Report","Fulfillment","/shared/University of California System 01UCS_NETWORK/Reports/Local Requests/Annual Statistic Reports/Annual Stats FY 2025-2026/Preparation review reports/Fulfillment preparation review reports/UCSD Check-Out Type Categorization Report",1,"inline","regularColumn","caa051d764f8c5b61","""Institution"".""Institution Name""","""Institution"".""Institution Name""",,,"sqlExpression","""Institution"".""Institution Name""",0,,,,,,,
"C679","report_column",243,"UCSD Check-Out Type Categorization Report","Fulfillment","/shared/University of California System 01UCS_NETWORK/Reports/Local Requests/Annual Statistic Reports/Annual Stats FY 2025-2026/Preparation review reports/Fulfillment preparation review reports/UCSD Check-Out Type Categorization Report",2,"saved_reference","savedRegularColumnRef","c21aac88c3cc850c5","UCSD Check-Out Type","UCSD Check-Out Type",,,,,0,,,,,"/shared/University of California System 01UCS_NETWORK/Reports/Local Requests/Annual Statistic Reports/Annual Stats FY 2025-2026/UCSD Check-Out Type",FALSE,
"C680","report_column",243,"UCSD Check-Out Type Categorization Report","Fulfillment","/shared/University of California System 01UCS_NETWORK/Reports/Local Requests/Annual Statistic Reports/Annual Stats FY 2025-2026/Preparation review reports/Fulfillment preparation review reports/UCSD Check-Out Type Categorization Report",3,"inline","regularColumn","cfaaedd428aaac90f","""Item Location at Time of Loan"".""Library Name""","""Item Location at Time of Loan"".""Library Name""",,,"sqlExpression","""Item Location at Time of Loan"".""Library Name""",0,,,,,,,
"C681","report_column",243,"UCSD Check-Out Type Categorization Report","Fulfillment","/shared/University of California System 01UCS_NETWORK/Reports/Local Requests/Annual Statistic Reports/Annual Stats FY 2025-2026/Preparation review reports/Fulfillment preparation review reports/UCSD Check-Out Type Categorization Report",4,"inline","regularColumn","c0d088ab0250e4f10","""Item Location at Time of Loan"".""Library Code""","""Item Location at Time of Loan"".""Library Code""",,,"sqlExpression","""Item Location at Time of Loan"".""Library Code""",0,,,,,,,
"C682","report_column",243,"UCSD Check-Out Type Categorization Report","Fulfillment","/shared/University of California System 01UCS_NETWORK/Reports/Local Requests/Annual Statistic Reports/Annual Stats FY 2025-2026/Preparation review reports/Fulfillment preparation review reports/UCSD Check-Out Type Categorization Report",5,"inline","regularColumn","cfc2e07e4425fd15e","""Item Location at Time of Loan"".""Location Name""","""Item Location at Time of Loan"".""Location Name""",,,"sqlExpression","""Item Location at Time of Loan"".""Location Name""",0,,,,,,,
"C683","report_column",243,"UCSD Check-Out Type Categorization Report","Fulfillment","/shared/University of California System 01UCS_NETWORK/Reports/Local Requests/Annual Statistic Reports/Annual Stats FY 2025-2026/Preparation review reports/Fulfillment preparation review reports/UCSD Check-Out Type Categorization Report",6,"inline","regularColumn","c2215a678dd4a6a09","""Item Location at Time of Loan"".""Location Code""","""Item Location at Time of Loan"".""Location Code""",,,"sqlExpression","""Item Location at Time of Loan"".""Location Code""",0,,,,,,,
"C684","report_column",243,"UCSD Check-Out Type Categorization Report","Fulfillment","/shared/University of California System 01UCS_NETWORK/Reports/Local Requests/Annual Statistic Reports/Annual Stats FY 2025-2026/Preparation review reports/Fulfillment preparation review reports/UCSD Check-Out Type Categorization Report",7,"saved_reference","savedRegularColumnRef","c58650ab2da46c47d","FY 2025-26 Loans (Not In House)","FY 2025-26 Loans (Not In House)",,,,,0,,,,,"/shared/University of California System 01UCS_NETWORK/Reports/Local Requests/Annual Statistic Reports/Annual Stats FY 2025-2026/FY 2025-26 Loans (Not In House)",FALSE,
"C685","report_column",245,"UCSD User Group Categorization Report","Fulfillment","/shared/University of California System 01UCS_NETWORK/Reports/Local Requests/Annual Statistic Reports/Annual Stats FY 2025-2026/Preparation review reports/Fulfillment preparation review reports/UCSD User Group Categorization Report",1,"inline","regularColumn","c077ccd7606c1076e","""Institution"".""Institution Name""","""Institution"".""Institution Name""",,,"sqlExpression","""Institution"".""Institution Name""",0,,,,,,,
"C686","report_column",245,"UCSD User Group Categorization Report","Fulfillment","/shared/University of California System 01UCS_NETWORK/Reports/Local Requests/Annual Statistic Reports/Annual Stats FY 2025-2026/Preparation review reports/Fulfillment preparation review reports/UCSD User Group Categorization Report",2,"saved_reference","savedRegularColumnRef","c4690729bb23bdfab","UCSD User Group","UCSD User Group",,,,,0,,,,,"/shared/University of California System 01UCS_NETWORK/Reports/Local Requests/Annual Statistic Reports/Annual Stats FY 2025-2026/UCSD User Group",FALSE,
"C687","report_column",245,"UCSD User Group Categorization Report","Fulfillment","/shared/University of California System 01UCS_NETWORK/Reports/Local Requests/Annual Statistic Reports/Annual Stats FY 2025-2026/Preparation review reports/Fulfillment preparation review reports/UCSD User Group Categorization Report",3,"inline","regularColumn","cd550f215e5ffdcfc","""Borrower Details"".""User Group""","""Borrower Details"".""User Group""",,,"sqlExpression","""Borrower Details"".""User Group""",0,,,,,,,
"C688","report_column",247,"UCSF Check-Out Type Categorization Report","Fulfillment","/shared/University of California System 01UCS_NETWORK/Reports/Local Requests/Annual Statistic Reports/Annual Stats FY 2025-2026/Preparation review reports/Fulfillment preparation review reports/UCSF Check-Out Type Categorization Report",1,"inline","regularColumn","c0cd8926747a5d51e","""Institution"".""Institution Name""","""Institution"".""Institution Name""",,,"sqlExpression","""Institution"".""Institution Name""",0,,,,,,,
"C689","report_column",247,"UCSF Check-Out Type Categorization Report","Fulfillment","/shared/University of California System 01UCS_NETWORK/Reports/Local Requests/Annual Statistic Reports/Annual Stats FY 2025-2026/Preparation review reports/Fulfillment preparation review reports/UCSF Check-Out Type Categorization Report",2,"saved_reference","savedRegularColumnRef","c06bcb56b7fd06ce8","UCSF Check-Out Type","UCSF Check-Out Type",,,,,0,,,,,"/shared/University of California System 01UCS_NETWORK/Reports/Local Requests/Annual Statistic Reports/Annual Stats FY 2025-2026/UCSF Check-Out Type",FALSE,
"C690","report_column",247,"UCSF Check-Out Type Categorization Report","Fulfillment","/shared/University of California System 01UCS_NETWORK/Reports/Local Requests/Annual Statistic Reports/Annual Stats FY 2025-2026/Preparation review reports/Fulfillment preparation review reports/UCSF Check-Out Type Categorization Report",3,"inline","regularColumn","ce44e7111f713aab3","""Item Location at Time of Loan"".""Library Name""","""Item Location at Time of Loan"".""Library Name""",,,"sqlExpression","""Item Location at Time of Loan"".""Library Name""",0,,,,,,,
"C691","report_column",247,"UCSF Check-Out Type Categorization Report","Fulfillment","/shared/University of California System 01UCS_NETWORK/Reports/Local Requests/Annual Statistic Reports/Annual Stats FY 2025-2026/Preparation review reports/Fulfillment preparation review reports/UCSF Check-Out Type Categorization Report",4,"inline","regularColumn","c2eb159b2afba343e","""Item Location at Time of Loan"".""Library Code""","""Item Location at Time of Loan"".""Library Code""",,,"sqlExpression","""Item Location at Time of Loan"".""Library Code""",0,,,,,,,
"C692","report_column",247,"UCSF Check-Out Type Categorization Report","Fulfillment","/shared/University of California System 01UCS_NETWORK/Reports/Local Requests/Annual Statistic Reports/Annual Stats FY 2025-2026/Preparation review reports/Fulfillment preparation review reports/UCSF Check-Out Type Categorization Report",5,"inline","regularColumn","c232961617f29413c","""Item Location at Time of Loan"".""Location Name""","""Item Location at Time of Loan"".""Location Name""",,,"sqlExpression","""Item Location at Time of Loan"".""Location Name""",0,,,,,,,
"C693","report_column",247,"UCSF Check-Out Type Categorization Report","Fulfillment","/shared/University of California System 01UCS_NETWORK/Reports/Local Requests/Annual Statistic Reports/Annual Stats FY 2025-2026/Preparation review reports/Fulfillment preparation review reports/UCSF Check-Out Type Categorization Report",6,"inline","regularColumn","c4d45b377206574cb","""Item Location at Time of Loan"".""Location Code""","""Item Location at Time of Loan"".""Location Code""",,,"sqlExpression","""Item Location at Time of Loan"".""Location Code""",0,,,,,,,
"C694","report_column",247,"UCSF Check-Out Type Categorization Report","Fulfillment","/shared/University of California System 01UCS_NETWORK/Reports/Local Requests/Annual Statistic Reports/Annual Stats FY 2025-2026/Preparation review reports/Fulfillment preparation review reports/UCSF Check-Out Type Categorization Report",7,"saved_reference","savedRegularColumnRef","cd121e19a20ecb043","FY 2025-26 Loans (Not In House)","FY 2025-26 Loans (Not In House)",,,,,0,,,,,"/shared/University of California System 01UCS_NETWORK/Reports/Local Requests/Annual Statistic Reports/Annual Stats FY 2025-2026/FY 2025-26 Loans (Not In House)",FALSE,
"C695","report_column",248,"UCSF User Group Categorization Report","Fulfillment","/shared/University of California System 01UCS_NETWORK/Reports/Local Requests/Annual Statistic Reports/Annual Stats FY 2025-2026/Preparation review reports/Fulfillment preparation review reports/UCSF User Group Categorization Report",1,"inline","regularColumn","c0e92f7b1e3616399","""Institution"".""Institution Name""","""Institution"".""Institution Name""",,,"sqlExpression","""Institution"".""Institution Name""",0,,,,,,,
"C696","report_column",248,"UCSF User Group Categorization Report","Fulfillment","/shared/University of California System 01UCS_NETWORK/Reports/Local Requests/Annual Statistic Reports/Annual Stats FY 2025-2026/Preparation review reports/Fulfillment preparation review reports/UCSF User Group Categorization Report",2,"saved_reference","savedRegularColumnRef","cb0259ff4d690a8b3","UCSF User Group","UCSF User Group",,,,,0,,,,,"/shared/University of California System 01UCS_NETWORK/Reports/Local Requests/Annual Statistic Reports/Annual Stats FY 2025-2026/UCSF User Group",FALSE,
"C697","report_column",248,"UCSF User Group Categorization Report","Fulfillment","/shared/University of California System 01UCS_NETWORK/Reports/Local Requests/Annual Statistic Reports/Annual Stats FY 2025-2026/Preparation review reports/Fulfillment preparation review reports/UCSF User Group Categorization Report",3,"inline","regularColumn","cc093b1c39c0a0317","""Borrower Details"".""User Group""","""Borrower Details"".""User Group""",,,"sqlExpression","""Borrower Details"".""User Group""",0,,,,,,,
"C698","standalone_saved_object",,,,,,"standalone_saved_object","regularColumn",,"Holdings",,"Portfolio","Holdings","sqlExpression","COUNT(DISTINCT ""Portfolio"".""Portfolio Id"")",0,1,"Electronic - Count of Electronic Holdings","Portfolio","Holdings","/shared/University of California System 01UCS_NETWORK/Reports/Local Requests/Annual Statistic Reports/Annual Stats FY 2025-2026/Electronic - Count of Electronic Holdings",TRUE,TRUE
"C699","standalone_saved_object",,,,,,"standalone_saved_object","regularColumn",,"Titles",,"Bibliographic Details","Titles","sqlExpression","COUNT(DISTINCT ""Bibliographic Details"".""MMS Id"")",0,2,"Electronic - Count of Electronic Titles","Bibliographic Details","Titles","/shared/University of California System 01UCS_NETWORK/Reports/Local Requests/Annual Statistic Reports/Annual Stats FY 2025-2026/Electronic - Count of Electronic Titles",TRUE,TRUE
"C700","standalone_saved_object",,,,,,"standalone_saved_object","regularColumn",,"eResources include/exclude designator",,"Electronic Collection","eResources include/exclude designator","binned","""Electronic Collection"".""Electronic Collection Interface Name""",33,7,"Electronic - Global Stats Electronic included/excluded designator","Electronic Collection","eResources include/exclude designator","/shared/University of California System 01UCS_NETWORK/Reports/Local Requests/Annual Statistic Reports/Annual Stats FY 2025-2026/Electronic - Global Stats Electronic included/excluded designator",TRUE,TRUE
"C701","standalone_saved_object",,,,,,"standalone_saved_object","regularColumn",,"eResources Library Stats Category",,"UCOP Stats","eResources Library Stats Category","binned","""Portfolio Library Unit"".""Library Name""",4,24,"Electronic - Global Stats Electronic Library Categories","UCOP Stats","eResources Library Stats Category","/shared/University of California System 01UCS_NETWORK/Reports/Local Requests/Annual Statistic Reports/Annual Stats FY 2025-2026/Electronic - Global Stats Electronic Library Categories",TRUE,TRUE
"C702","standalone_saved_object",,,,,,"standalone_saved_object","regularColumn",,"UCB eResources Managed By designator",,"Institution","UCB eResources Managed By designator","binned","""Institution"".""Institution Name""",3,57,"Electronic - UCB eResources Managed By designator","Institution","UCB eResources Managed By designator","/shared/University of California System 01UCS_NETWORK/Reports/Local Requests/Annual Statistic Reports/Annual Stats FY 2025-2026/Electronic - UCB eResources Managed By designator",TRUE,TRUE
"C703","standalone_saved_object",,,,,,"standalone_saved_object","regularColumn",,"UCD eResources Managed By designator",,"Institution","UCD eResources Managed By designator","binned","""Institution"".""Institution Name""",3,100,"Electronic - UCD eResources Managed By designator","Institution","UCD eResources Managed By designator","/shared/University of California System 01UCS_NETWORK/Reports/Local Requests/Annual Statistic Reports/Annual Stats FY 2025-2026/Electronic - UCD eResources Managed By designator",TRUE,TRUE
"C704","standalone_saved_object",,,,,,"standalone_saved_object","regularColumn",,"UCI eResources Managed By designator",,"Institution","UCI eResources Managed By designator","binned","""Institution"".""Institution Name""",3,114,"Electronic - UCI eResources Managed By designator","Institution","UCI eResources Managed By designator","/shared/University of California System 01UCS_NETWORK/Reports/Local Requests/Annual Statistic Reports/Annual Stats FY 2025-2026/Electronic - UCI eResources Managed By designator",TRUE,TRUE
"C705","standalone_saved_object",,,,,,"standalone_saved_object","regularColumn",,"UCLA eResources Managed By designator",,"Institution","UCLA eResources Managed By designator","binned","""Institution"".""Institution Name""",3,143,"Electronic - UCLA eResources Managed By designator","Institution","UCLA eResources Managed By designator","/shared/University of California System 01UCS_NETWORK/Reports/Local Requests/Annual Statistic Reports/Annual Stats FY 2025-2026/Electronic - UCLA eResources Managed By designator",TRUE,TRUE
"C706","standalone_saved_object",,,,,,"standalone_saved_object","regularColumn",,"UCM eResources Managed By designator",,"Institution","UCM eResources Managed By designator","binned","""Institution"".""Institution Name""",3,165,"Electronic - UCM eResources Managed By designator","Institution","UCM eResources Managed By designator","/shared/University of California System 01UCS_NETWORK/Reports/Local Requests/Annual Statistic Reports/Annual Stats FY 2025-2026/Electronic - UCM eResources Managed By designator",TRUE,TRUE
"C707","standalone_saved_object",,,,,,"standalone_saved_object","regularColumn",,"UCR eResources Managed By designator",,"Institution","UCR eResources Managed By designator","binned","""Institution"".""Institution Name""",3,179,"Electronic - UCR eResources Managed By designator","Institution","UCR eResources Managed By designator","/shared/University of California System 01UCS_NETWORK/Reports/Local Requests/Annual Statistic Reports/Annual Stats FY 2025-2026/Electronic - UCR eResources Managed By designator",TRUE,TRUE
"C708","standalone_saved_object",,,,,,"standalone_saved_object","regularColumn",,"UCSB eResources Managed By designator",,"Institution","UCSB eResources Managed By designator","binned","""Institution"".""Institution Name""",3,195,"Electronic - UCSB eResources Managed By designator","Institution","UCSB eResources Managed By designator","/shared/University of California System 01UCS_NETWORK/Reports/Local Requests/Annual Statistic Reports/Annual Stats FY 2025-2026/Electronic - UCSB eResources Managed By designator",TRUE,TRUE
"C709","standalone_saved_object",,,,,,"standalone_saved_object","regularColumn",,"UCSC eResources Managed By designator",,"Institution","UCSC eResources Managed By designator","binned","""Institution"".""Institution Name""",3,200,"Electronic - UCSC eResources Managed By designator","Institution","UCSC eResources Managed By designator","/shared/University of California System 01UCS_NETWORK/Reports/Local Requests/Annual Statistic Reports/Annual Stats FY 2025-2026/Electronic - UCSC eResources Managed By designator",TRUE,TRUE
"C710","standalone_saved_object",,,,,,"standalone_saved_object","regularColumn",,"UCSD eResources Managed By designator",,"Institution","UCSD eResources Managed By designator","binned","""Institution"".""Institution Name""",3,209,"Electronic - UCSD eResources Managed By designator","Institution","UCSD eResources Managed By designator","/shared/University of California System 01UCS_NETWORK/Reports/Local Requests/Annual Statistic Reports/Annual Stats FY 2025-2026/Electronic - UCSD eResources Managed By designator",TRUE,TRUE
"C711","standalone_saved_object",,,,,,"standalone_saved_object","regularColumn",,"UCSF eResources Managed By designator",,"Institution","UCSF eResources Managed By designator","binned","""Institution"".""Institution Name""",3,218,"Electronic UCSF eResources Managed By designator","Institution","UCSF eResources Managed By designator","/shared/University of California System 01UCS_NETWORK/Reports/Local Requests/Annual Statistic Reports/Annual Stats FY 2025-2026/Electronic UCSF eResources Managed By designator",TRUE,TRUE
"C712","standalone_saved_object",,,,,,"standalone_saved_object","regularColumn",,"Alma User Group",,"Borrower Details","Alma User Group","sqlExpression","""Borrower Details"".""User Group""",0,222,"Fulfillment - Alma User Group","Borrower Details","Alma User Group","/shared/University of California System 01UCS_NETWORK/Reports/Local Requests/Annual Statistic Reports/Annual Stats FY 2025-2026/Fulfillment - Alma User Group",TRUE,TRUE
"C713","standalone_saved_object",,,,,,"standalone_saved_object","regularColumn",,"Fulfillment Institution",,"Institution","Fulfillment Institution","binned","""Institution"".""Institution Name""",12,224,"Fulfillment - Fulfillment Institution","Institution","Fulfillment Institution","/shared/University of California System 01UCS_NETWORK/Reports/Local Requests/Annual Statistic Reports/Annual Stats FY 2025-2026/Fulfillment - Fulfillment Institution",TRUE,TRUE
"C714","standalone_saved_object",,,,,,"standalone_saved_object","regularColumn",,"FY 2025-26 Loans (Not In House)",,"Loan","FY 2025-26 Loans (Not In House)","sqlExpression","""Loan"".""Loans (Not In House)""",0,229,"Fulfillment - FY 2025-26 Loans (Not In House)","Loan","FY 2025-26 Loans (Not In House)","/shared/University of California System 01UCS_NETWORK/Reports/Local Requests/Annual Statistic Reports/Annual Stats FY 2025-2026/Fulfillment - FY 2025-26 Loans (Not In House)",TRUE,TRUE
"C715","standalone_saved_object",,,,,,"standalone_saved_object","regularColumn",,"UCB Check-Out Type",,"Item Location at Time of Loan","UCB Check-Out Type","binned","""Item Location at Time of Loan"".""Location Code""",5,233,"Fulfillment - UCB Check-Out Type","Item Location at Time of Loan","UCB Check-Out Type","/shared/University of California System 01UCS_NETWORK/Reports/Local Requests/Annual Statistic Reports/Annual Stats FY 2025-2026/Fulfillment - UCB Check-Out Type",TRUE,TRUE
"C716","standalone_saved_object",,,,,,"standalone_saved_object","regularColumn",,"UCB User Group (for reporting)",,"Borrower Details","UCB User Group (for reporting)","binned","""Borrower Details"".""User Group""",11,235,"Fulfillment - UCB User Group","Borrower Details","UCB User Group (for reporting)","/shared/University of California System 01UCS_NETWORK/Reports/Local Requests/Annual Statistic Reports/Annual Stats FY 2025-2026/Fulfillment - UCB User Group",TRUE,TRUE
"C717","standalone_saved_object",,,,,,"standalone_saved_object","regularColumn",,"UCD Check-Out Type",,"Item Location at Time of Loan","UCD Check-Out Type","binned","""Item Location at Time of Loan"".""Location Code""",5,239,"Fulfillment - UCD Check-Out Type","Item Location at Time of Loan","UCD Check-Out Type","/shared/University of California System 01UCS_NETWORK/Reports/Local Requests/Annual Statistic Reports/Annual Stats FY 2025-2026/Fulfillment - UCD Check-Out Type",TRUE,TRUE
"C718","standalone_saved_object",,,,,,"standalone_saved_object","regularColumn",,"UCD User Group (for reporting)",,"Borrower Details","UCD User Group (for reporting)","binned","""Borrower Details"".""User Group""",10,240,"Fulfillment - UCD User Group","Borrower Details","UCD User Group (for reporting)","/shared/University of California System 01UCS_NETWORK/Reports/Local Requests/Annual Statistic Reports/Annual Stats FY 2025-2026/Fulfillment - UCD User Group",TRUE,TRUE
"C719","standalone_saved_object",,,,,,"standalone_saved_object","regularColumn",,"UCI Check-Out Type",,"Item Location at Time of Loan","UCI Check-Out Type","binned","""Item Location at Time of Loan"".""Location Code""",7,242,"Fulfillment - UCI Check-Out Type","Item Location at Time of Loan","UCI Check-Out Type","/shared/University of California System 01UCS_NETWORK/Reports/Local Requests/Annual Statistic Reports/Annual Stats FY 2025-2026/Fulfillment - UCI Check-Out Type",TRUE,TRUE
"C720","standalone_saved_object",,,,,,"standalone_saved_object","regularColumn",,"UCI User Group (for reporting)",,"Borrower Details","UCI User Group (for reporting)","binned","""Borrower Details"".""User Group""",10,244,"Fulfillment - UCI User Group","Borrower Details","UCI User Group (for reporting)","/shared/University of California System 01UCS_NETWORK/Reports/Local Requests/Annual Statistic Reports/Annual Stats FY 2025-2026/Fulfillment - UCI User Group",TRUE,TRUE
"C721","standalone_saved_object",,,,,,"standalone_saved_object","regularColumn",,"UCLA Check-Out Type",,"Item Location at Time of Loan","UCLA Check-Out Type","binned","""Item Location at Time of Loan"".""Location Code""",6,246,"Fulfillment - UCLA Check-Out Type","Item Location at Time of Loan","UCLA Check-Out Type","/shared/University of California System 01UCS_NETWORK/Reports/Local Requests/Annual Statistic Reports/Annual Stats FY 2025-2026/Fulfillment - UCLA Check-Out Type",TRUE,TRUE
"C722","standalone_saved_object",,,,,,"standalone_saved_object","regularColumn",,"UCLA User Group (for reporting)",,"Borrower Details","UCLA User Group (for reporting)","binned","""Borrower Details"".""User Group""",10,249,"Fulfillment - UCLA User Group","Borrower Details","UCLA User Group (for reporting)","/shared/University of California System 01UCS_NETWORK/Reports/Local Requests/Annual Statistic Reports/Annual Stats FY 2025-2026/Fulfillment - UCLA User Group",TRUE,TRUE
"C723","standalone_saved_object",,,,,,"standalone_saved_object","regularColumn",,"UCM Check-Out Type",,"Item Location at Time of Loan","UCM Check-Out Type","binned","""Item Location at Time of Loan"".""Location Code""",4,250,"Fulfillment - UCM Check-Out Type","Item Location at Time of Loan","UCM Check-Out Type","/shared/University of California System 01UCS_NETWORK/Reports/Local Requests/Annual Statistic Reports/Annual Stats FY 2025-2026/Fulfillment - UCM Check-Out Type",TRUE,TRUE
"C724","standalone_saved_object",,,,,,"standalone_saved_object","regularColumn",,"UCM User Group (for reporting)",,"Borrower Details","UCM User Group (for reporting)","binned","""Borrower Details"".""User Group""",8,251,"Fulfillment - UCM User Group","Borrower Details","UCM User Group (for reporting)","/shared/University of California System 01UCS_NETWORK/Reports/Local Requests/Annual Statistic Reports/Annual Stats FY 2025-2026/Fulfillment - UCM User Group",TRUE,TRUE
"C725","standalone_saved_object",,,,,,"standalone_saved_object","regularColumn",,"UCR Check-Out Type",,"Item Location at Time of Loan","UCR Check-Out Type","binned","""Item Location at Time of Loan"".""Location Code""",6,252,"Fulfillment - UCR Check-Out Type","Item Location at Time of Loan","UCR Check-Out Type","/shared/University of California System 01UCS_NETWORK/Reports/Local Requests/Annual Statistic Reports/Annual Stats FY 2025-2026/Fulfillment - UCR Check-Out Type",TRUE,TRUE
"C726","standalone_saved_object",,,,,,"standalone_saved_object","regularColumn",,"UCR User Group (for reporting)",,"Borrower Details","UCR User Group (for reporting)","binned","""Borrower Details"".""User Group""",10,253,"Fulfillment - UCR User Group","Borrower Details","UCR User Group (for reporting)","/shared/University of California System 01UCS_NETWORK/Reports/Local Requests/Annual Statistic Reports/Annual Stats FY 2025-2026/Fulfillment - UCR User Group",TRUE,TRUE
"C727","standalone_saved_object",,,,,,"standalone_saved_object","regularColumn",,"UCSB Check-Out Type",,"Item Location at Time of Loan","UCSB Check-Out Type","binned","""Item Location at Time of Loan"".""Location Code""",7,254,"Fulfillment - UCSB Check-Out Type","Item Location at Time of Loan","UCSB Check-Out Type","/shared/University of California System 01UCS_NETWORK/Reports/Local Requests/Annual Statistic Reports/Annual Stats FY 2025-2026/Fulfillment - UCSB Check-Out Type",TRUE,TRUE
"C728","standalone_saved_object",,,,,,"standalone_saved_object","regularColumn",,"UCSB User Group (for reporting)",,"Borrower Details","UCSB User Group (for reporting)","binned","""Borrower Details"".""User Group""",10,255,"Fulfillment - UCSB User Group","Borrower Details","UCSB User Group (for reporting)","/shared/University of California System 01UCS_NETWORK/Reports/Local Requests/Annual Statistic Reports/Annual Stats FY 2025-2026/Fulfillment - UCSB User Group",TRUE,TRUE
"C729","standalone_saved_object",,,,,,"standalone_saved_object","regularColumn",,"UCSC Check-Out Type",,"Item Location at Time of Loan","UCSC Check-Out Type","binned","""Item Location at Time of Loan"".""Location Code""",6,256,"Fulfillment - UCSC Check-Out Type","Item Location at Time of Loan","UCSC Check-Out Type","/shared/University of California System 01UCS_NETWORK/Reports/Local Requests/Annual Statistic Reports/Annual Stats FY 2025-2026/Fulfillment - UCSC Check-Out Type",TRUE,TRUE
"C730","standalone_saved_object",,,,,,"standalone_saved_object","regularColumn",,"UCSC User Group (for reporting)",,"Borrower Details","UCSC User Group (for reporting)","binned","""Borrower Details"".""User Group""",9,257,"Fulfillment - UCSC User Group","Borrower Details","UCSC User Group (for reporting)","/shared/University of California System 01UCS_NETWORK/Reports/Local Requests/Annual Statistic Reports/Annual Stats FY 2025-2026/Fulfillment - UCSC User Group",TRUE,TRUE
"C731","standalone_saved_object",,,,,,"standalone_saved_object","regularColumn",,"UCSD Check-Out Type",,"Item Location at Time of Loan","UCSD Check-Out Type","binned","""Item Location at Time of Loan"".""Location Code""",5,258,"Fulfillment - UCSD Check-Out Type","Item Location at Time of Loan","UCSD Check-Out Type","/shared/University of California System 01UCS_NETWORK/Reports/Local Requests/Annual Statistic Reports/Annual Stats FY 2025-2026/Fulfillment - UCSD Check-Out Type",TRUE,TRUE
"C732","standalone_saved_object",,,,,,"standalone_saved_object","regularColumn",,"UCSD User Group (for reporting)",,"Borrower Details","UCSD User Group (for reporting)","binned","""Borrower Details"".""User Group""",10,259,"Fulfillment - UCSD User Group","Borrower Details","UCSD User Group (for reporting)","/shared/University of California System 01UCS_NETWORK/Reports/Local Requests/Annual Statistic Reports/Annual Stats FY 2025-2026/Fulfillment - UCSD User Group",TRUE,TRUE
"C733","standalone_saved_object",,,,,,"standalone_saved_object","regularColumn",,"UCSF Check-Out Type",,"Item Location at Time of Loan","UCSF Check-Out Type","binned","""Item Location at Time of Loan"".""Location Code""",5,260,"Fulfillment - UCSF Check-Out Type","Item Location at Time of Loan","UCSF Check-Out Type","/shared/University of California System 01UCS_NETWORK/Reports/Local Requests/Annual Statistic Reports/Annual Stats FY 2025-2026/Fulfillment - UCSF Check-Out Type",TRUE,TRUE
"C734","standalone_saved_object",,,,,,"standalone_saved_object","regularColumn",,"UCSF User Group (for reporting)",,"Borrower Details","UCSF User Group (for reporting)","binned","""Borrower Details"".""User Group""",5,261,"Fulfillment - UCSF User Group","Borrower Details","UCSF User Group (for reporting)","/shared/University of California System 01UCS_NETWORK/Reports/Local Requests/Annual Statistic Reports/Annual Stats FY 2025-2026/Fulfillment - UCSF User Group",TRUE,TRUE
"C735","standalone_saved_object",,,,,,"standalone_saved_object","regularColumn",,"Holdings",,"Physical Item Details","Holdings","sqlExpression","COUNT(DISTINCT ""Physical Item Details"".""Physical Item Id"")",0,262,"Physical - Count of Physical Holdings","Physical Item Details","Holdings","/shared/University of California System 01UCS_NETWORK/Reports/Local Requests/Annual Statistic Reports/Annual Stats FY 2025-2026/Physical - Count of Physical Holdings",TRUE,TRUE
"C736","standalone_saved_object",,,,,,"standalone_saved_object","regularColumn",,"Titles",,"Bibliographic Details","Titles","sqlExpression","COUNT(DISTINCT ""Bibliographic Details"".""MMS ID"")",0,263,"Physical - Count of Physical Titles","Bibliographic Details","Titles","/shared/University of California System 01UCS_NETWORK/Reports/Local Requests/Annual Statistic Reports/Annual Stats FY 2025-2026/Physical - Count of Physical Titles",TRUE,TRUE
"C737","standalone_saved_object",,,,,,"standalone_saved_object","regularColumn",,"Holdings Added Year",,"Item Creation Date","Holdings Added Year","binned","""Item Creation Date"".""Item Creation Date""",1,265,"Physical - Holdings Added Year","Item Creation Date","Holdings Added Year","/shared/University of California System 01UCS_NETWORK/Reports/Local Requests/Annual Statistic Reports/Annual Stats FY 2025-2026/Physical - Holdings Added Year",TRUE,TRUE
"C738","standalone_saved_object",,,,,,"standalone_saved_object","regularColumn",,"SLF Depositor",,"Institution","SLF Depositor","binned","""Institution"".""Institution Name""",32,266,"Physical - SLF Depositor","Institution","SLF Depositor","/shared/University of California System 01UCS_NETWORK/Reports/Local Requests/Annual Statistic Reports/Annual Stats FY 2025-2026/Physical - SLF Depositor",TRUE,TRUE
"C739","standalone_saved_object",,,,,,"standalone_saved_object","regularColumn",,"Systemwide Library Facility",,"Institution","Systemwide Library Facility","binned","""Institution"".""Institution Name""",2,269,"Physical - Systemwide Library Facility","Institution","Systemwide Library Facility","/shared/University of California System 01UCS_NETWORK/Reports/Local Requests/Annual Statistic Reports/Annual Stats FY 2025-2026/Physical - Systemwide Library Facility",TRUE,TRUE
"C740","standalone_saved_object",,,,,,"standalone_saved_object","regularColumn",,"UCB Library Stats Category",,"Location","UCB Library Stats Category","binned","""Location"".""Library Code""",12,270,"Physical - UCB Library Stats Category","Location","UCB Library Stats Category","/shared/University of California System 01UCS_NETWORK/Reports/Local Requests/Annual Statistic Reports/Annual Stats FY 2025-2026/Physical - UCB Library Stats Category",TRUE,TRUE
"C741","standalone_saved_object",,,,,,"standalone_saved_object","regularColumn",,"UCB SLF/campus designator",,"Institution","UCB SLF/campus designator","binned","""Institution"".""Institution Name""",7,273,"Physical - UCB SLF/Campus designator","Institution","UCB SLF/campus designator","/shared/University of California System 01UCS_NETWORK/Reports/Local Requests/Annual Statistic Reports/Annual Stats FY 2025-2026/Physical - UCB SLF/Campus designator",TRUE,FALSE
"C742","standalone_saved_object",,,,,,"standalone_saved_object","regularColumn",,"UCD Library Stats Category",,"Location","UCD Library Stats Category","binned","""Location"".""Library Code""",10,274,"Physical - UCD Library Stats Category","Location","UCD Library Stats Category","/shared/University of California System 01UCS_NETWORK/Reports/Local Requests/Annual Statistic Reports/Annual Stats FY 2025-2026/Physical - UCD Library Stats Category",TRUE,TRUE
"C743","standalone_saved_object",,,,,,"standalone_saved_object","regularColumn",,"UCD SLF/campus designator",,"Institution","UCD SLF/campus designator","binned","""Institution"".""Institution Name""",6,276,"Physical - UCD SLF/campus designator","Institution","UCD SLF/campus designator","/shared/University of California System 01UCS_NETWORK/Reports/Local Requests/Annual Statistic Reports/Annual Stats FY 2025-2026/Physical - UCD SLF/campus designator",TRUE,FALSE
"C744","standalone_saved_object",,,,,,"standalone_saved_object","regularColumn",,"UCI Library Stats Category",,"Location","UCI Library Stats Category","binned","""Location"".""Library Code""",7,277,"Physical - UCI Library Stats Category","Location","UCI Library Stats Category","/shared/University of California System 01UCS_NETWORK/Reports/Local Requests/Annual Statistic Reports/Annual Stats FY 2025-2026/Physical - UCI Library Stats Category",TRUE,TRUE
"C745","standalone_saved_object",,,,,,"standalone_saved_object","regularColumn",,"UCI SLF/campus designator",,"Institution","UCI SLF/campus designator","binned","""Institution"".""Institution Name""",4,280,"Physical - UCI SLF/campus designator","Institution","UCI SLF/campus designator","/shared/University of California System 01UCS_NETWORK/Reports/Local Requests/Annual Statistic Reports/Annual Stats FY 2025-2026/Physical - UCI SLF/campus designator",TRUE,FALSE
"C746","standalone_saved_object",,,,,,"standalone_saved_object","regularColumn",,"UCLA Library Stats Category",,"Location","UCLA Library Stats Category","binned","""Location"".""Library Code""",12,281,"Physical - UCLA Library Stats Category","Location","UCLA Library Stats Category","/shared/University of California System 01UCS_NETWORK/Reports/Local Requests/Annual Statistic Reports/Annual Stats FY 2025-2026/Physical - UCLA Library Stats Category",TRUE,TRUE
"C747","standalone_saved_object",,,,,,"standalone_saved_object","regularColumn",,"UCLA SLF/campus designator",,"Institution","UCLA SLF/campus designator","binned","""Institution"".""Institution Name""",5,284,"Physical - UCLA SLF/campus designator","Institution","UCLA SLF/campus designator","/shared/University of California System 01UCS_NETWORK/Reports/Local Requests/Annual Statistic Reports/Annual Stats FY 2025-2026/Physical - UCLA SLF/campus designator",TRUE,TRUE
"C748","standalone_saved_object",,,,,,"standalone_saved_object","regularColumn",,"UCM Library Stats Category",,"Location","UCM Library Stats Category","binned","""Location"".""Location Code""",4,285,"Physical - UCM Library Stats Category","Location","UCM Library Stats Category","/shared/University of California System 01UCS_NETWORK/Reports/Local Requests/Annual Statistic Reports/Annual Stats FY 2025-2026/Physical - UCM Library Stats Category",TRUE,TRUE
"C749","standalone_saved_object",,,,,,"standalone_saved_object","regularColumn",,"UCM SLF/campus designator",,"Institution","UCM SLF/campus designator","binned","""Institution"".""Institution Name""",2,286,"Physical - UCM SLF/campus designator","Institution","UCM SLF/campus designator","/shared/University of California System 01UCS_NETWORK/Reports/Local Requests/Annual Statistic Reports/Annual Stats FY 2025-2026/Physical - UCM SLF/campus designator",TRUE,FALSE
"C750","standalone_saved_object",,,,,,"standalone_saved_object","regularColumn",,"UCR Library Stats Category",,"Location","UCR Library Stats Category","binned","""Location"".""Library Code""",7,287,"Physical - UCR Library Stats Category","Location","UCR Library Stats Category","/shared/University of California System 01UCS_NETWORK/Reports/Local Requests/Annual Statistic Reports/Annual Stats FY 2025-2026/Physical - UCR Library Stats Category",TRUE,TRUE
"C751","standalone_saved_object",,,,,,"standalone_saved_object","regularColumn",,"UCR SLF/campus designator",,"Institution","UCR SLF/campus designator","binned","""Institution"".""Institution Name""",4,290,"Physical - UCR SLF/campus designator","Institution","UCR SLF/campus designator","/shared/University of California System 01UCS_NETWORK/Reports/Local Requests/Annual Statistic Reports/Annual Stats FY 2025-2026/Physical - UCR SLF/campus designator",TRUE,FALSE
"C752","standalone_saved_object",,,,,,"standalone_saved_object","regularColumn",,"UCSB Library Stats Category",,"Location","UCSB Library Stats Category","binned","""Location"".""Library Code""",6,291,"Physical - UCSB Library Stats Category","Location","UCSB Library Stats Category","/shared/University of California System 01UCS_NETWORK/Reports/Local Requests/Annual Statistic Reports/Annual Stats FY 2025-2026/Physical - UCSB Library Stats Category",TRUE,TRUE
"C753","standalone_saved_object",,,,,,"standalone_saved_object","regularColumn",,"UCSB SLF/campus designator",,"Institution","UCSB SLF/campus designator","binned","""Institution"".""Institution Name""",4,293,"Physical - UCSB SLF/campus designator","Institution","UCSB SLF/campus designator","/shared/University of California System 01UCS_NETWORK/Reports/Local Requests/Annual Statistic Reports/Annual Stats FY 2025-2026/Physical - UCSB SLF/campus designator",TRUE,FALSE
"C754","standalone_saved_object",,,,,,"standalone_saved_object","regularColumn",,"UCSC Library Stats Category",,"Location","UCSC Library Stats Category","binned","""Location"".""Library Code""",5,294,"Physical - UCSC Library Stats Category","Location","UCSC Library Stats Category","/shared/University of California System 01UCS_NETWORK/Reports/Local Requests/Annual Statistic Reports/Annual Stats FY 2025-2026/Physical - UCSC Library Stats Category",TRUE,TRUE
"C755","standalone_saved_object",,,,,,"standalone_saved_object","regularColumn",,"UCSC SLF/campus designator",,"Institution","UCSC SLF/campus designator","binned","""Institution"".""Institution Name""",4,297,"Physical - UCSC SLF/campus designator","Institution","UCSC SLF/campus designator","/shared/University of California System 01UCS_NETWORK/Reports/Local Requests/Annual Statistic Reports/Annual Stats FY 2025-2026/Physical - UCSC SLF/campus designator",TRUE,FALSE
"C756","standalone_saved_object",,,,,,"standalone_saved_object","regularColumn",,"UCSD Library Stats Category",,"Location","UCSD Library Stats Category","binned","""Location"".""Library Code""",5,298,"Physical - UCSD Library Stats Category","Location","UCSD Library Stats Category","/shared/University of California System 01UCS_NETWORK/Reports/Local Requests/Annual Statistic Reports/Annual Stats FY 2025-2026/Physical - UCSD Library Stats Category",TRUE,TRUE
"C757","standalone_saved_object",,,,,,"standalone_saved_object","regularColumn",,"UCSD SLF/campus designator",,"Institution","UCSD SLF/campus designator","binned","""Institution"".""Institution Name""",4,301,"Physical - UCSD SLF/campus designator","Institution","UCSD SLF/campus designator","/shared/University of California System 01UCS_NETWORK/Reports/Local Requests/Annual Statistic Reports/Annual Stats FY 2025-2026/Physical - UCSD SLF/campus designator",TRUE,FALSE
"C758","standalone_saved_object",,,,,,"standalone_saved_object","regularColumn",,"UCSF Library Stats Category",,"Location","UCSF Library Stats Category","binned","""Location"".""Library Code""",5,302,"Physical - UCSF Library Stats Category","Location","UCSF Library Stats Category","/shared/University of California System 01UCS_NETWORK/Reports/Local Requests/Annual Statistic Reports/Annual Stats FY 2025-2026/Physical - UCSF Library Stats Category",TRUE,TRUE
"C759","standalone_saved_object",,,,,,"standalone_saved_object","regularColumn",,"UCSF SLF/campus designator",,"Institution","UCSF SLF/campus designator","binned","""Institution"".""Institution Name""",4,304,"Physical - UCSF SLF/campus designator","Institution","UCSF SLF/campus designator","/shared/University of California System 01UCS_NETWORK/Reports/Local Requests/Annual Statistic Reports/Annual Stats FY 2025-2026/Physical - UCSF SLF/campus designator",TRUE,FALSE
"C760","standalone_saved_object",,,,,,"standalone_saved_object","regularColumn",,"Building",,"Location","Building","binned","""Location"".""Location Code""",32,305,"RM Building - UCB","Location","Building","/shared/University of California System 01UCS_NETWORK/Reports/Local Requests/Annual Statistic Reports/Annual Stats FY 2025-2026/RM Building - UCB",TRUE,TRUE
"C761","standalone_saved_object",,,,,,"standalone_saved_object","regularColumn",,"eResources include/exclude designator",,"UCOP Stats","eResources include/exclude designator","binned","""Electronic Collection"".""Electronic Collection Public Name""",35,308,"zzBACKUP Electronic - Global Stats Electronic included/excluded designator","UCOP Stats","eResources include/exclude designator","/shared/University of California System 01UCS_NETWORK/Reports/Local Requests/Annual Statistic Reports/Annual Stats FY 2025-2026/zzBACKUP Electronic - Global Stats Electronic included/excluded designator",TRUE,FALSE
