"rule_id","rule_type","source_type","record_scope","rule_name","rule_index","criterion_text","review_label","explanation","criterion_text_category","join_operator","value_count","report_catalog_index","report_title","report_path","report_filter_index","definition_catalog_index","definition_name","definition_path"
"RF3-R1","Filter","inline","report_inline","test2 UCB physical holdings and titles report (no SLF)",1,"""Institution"".""Institution Name"" = 6532","","",,"and",1,3,"test2 UCB physical holdings and titles report (no SLF)","/shared/University of California System 01UCS_NETWORK/Reports/Local Requests/Annual Statistic Reports/Annual Stats FY 2025-2026/Final stats reports (for July 1)/test2 UCB physical holdings and titles report (no SLF)",1,,,
"RF3-R2","Filter","inline","report_inline","test2 UCB physical holdings and titles report (no SLF)",2,"""Location"".""Library Code"" <> 'NRLF'","","",,"and",1,3,"test2 UCB physical holdings and titles report (no SLF)","/shared/University of California System 01UCS_NETWORK/Reports/Local Requests/Annual Statistic Reports/Annual Stats FY 2025-2026/Final stats reports (for July 1)/test2 UCB physical holdings and titles report (no SLF)",2,,,
"RF3-R6","Filter","inline","report_inline","test2 UCB physical holdings and titles report (no SLF)",6,"""Item Creation Date"".""Item Creation Date"" IN ('Added FY 2025-26', 'Added prior to FY 2025-26')","","",,"and",2,3,"test2 UCB physical holdings and titles report (no SLF)","/shared/University of California System 01UCS_NETWORK/Reports/Local Requests/Annual Statistic Reports/Annual Stats FY 2025-2026/Final stats reports (for July 1)/test2 UCB physical holdings and titles report (no SLF)",6,,,
"RF10-R1","Filter","inline","report_inline","UCB Physical Collection Usage",1,"""Institution"".""Institution Name"" = 6532","","",,"and",1,10,"UCB Physical Collection Usage","/shared/University of California System 01UCS_NETWORK/Reports/Local Requests/Annual Statistic Reports/Annual Stats FY 2025-2026/Final stats reports (for July 1)/Physical Collection Usage/UCB Physical Collection Usage",1,,,
"RF10-R3","Filter","inline","report_inline","UCB Physical Collection Usage",3,"""Loan"".""Loans (Not In House)"" > 0","","",,"and",1,10,"UCB Physical Collection Usage","/shared/University of California System 01UCS_NETWORK/Reports/Local Requests/Annual Statistic Reports/Annual Stats FY 2025-2026/Final stats reports (for July 1)/Physical Collection Usage/UCB Physical Collection Usage",3,,,
"RF16-R1","Filter","inline","report_inline","UCB Risk Management Report",1,"""Institution"".""Institution Name"" IN (6532, 6533)","","",,"and",2,16,"UCB Risk Management Report","/shared/University of California System 01UCS_NETWORK/Reports/Local Requests/Annual Statistic Reports/Annual Stats FY 2025-2026/Final stats reports (for July 1)/Risk Management/UCB Risk Management Report",1,,,
"RF16-R2","Filter","inline","report_inline","UCB Risk Management Report",2,"""Institution"".""Institution Name"" IN ('SLF-N', 'SLF-S', 'UCB')","","",,"and",3,16,"UCB Risk Management Report","/shared/University of California System 01UCS_NETWORK/Reports/Local Requests/Annual Statistic Reports/Annual Stats FY 2025-2026/Final stats reports (for July 1)/Risk Management/UCB Risk Management Report",2,,,
"RF17-R1","Filter","inline","report_inline","SLF Physical Holdings and Titles Report",1,"""Institution"".""Institution Name"" IN (6532, 6533)","","",,"and",2,17,"SLF Physical Holdings and Titles Report","/shared/University of California System 01UCS_NETWORK/Reports/Local Requests/Annual Statistic Reports/Annual Stats FY 2025-2026/Final stats reports (for July 1)/Physical/SLF Physical Holdings and Titles Report",1,,,
"RF17-R2","Filter","inline","report_inline","SLF Physical Holdings and Titles Report",2,"""Location"".""Library Code"" IN ('NRLF', 'SRLF')","","",,"and",2,17,"SLF Physical Holdings and Titles Report","/shared/University of California System 01UCS_NETWORK/Reports/Local Requests/Annual Statistic Reports/Annual Stats FY 2025-2026/Final stats reports (for July 1)/Physical/SLF Physical Holdings and Titles Report",2,,,
"RF23-R1","Filter","inline","report_inline","UCB Library categorization report",1,"""Institution"".""Institution Name"" IN (6532, 6533)","","",,"and",2,23,"UCB Library categorization report","/shared/University of California System 01UCS_NETWORK/Reports/Local Requests/Annual Statistic Reports/Annual Stats FY 2025-2026/Preparation review reports/Physical preparation review reports/UCB Library categorization report",1,,,
"RF23-R2","Filter","inline","report_inline","UCB Library categorization report",2,"""Institution"".""Institution Name"" IN ('SLF-N', 'SLF-S', 'UCB')","","",,"and",3,23,"UCB Library categorization report","/shared/University of California System 01UCS_NETWORK/Reports/Local Requests/Annual Statistic Reports/Annual Stats FY 2025-2026/Preparation review reports/Physical preparation review reports/UCB Library categorization report",2,,,
"RF25-R1","Filter","inline","report_inline","UCB eResources Library Categorization Report",1,"""Institution"".""Institution Name"" = 6532","","",,,1,25,"UCB eResources Library Categorization Report","/shared/University of California System 01UCS_NETWORK/Reports/Local Requests/Annual Statistic Reports/Annual Stats FY 2025-2026/Preparation review reports/Electronic preparation review reports/UCB eResources Library Categorization Report",1,,,
"RF27-R1","Filter","inline","report_inline","UCB Electronic Holdings and Titles Report",1,"""Institution"".""Institution Name"" IN (6532, 6531)","","",,"and",2,27,"UCB Electronic Holdings and Titles Report","/shared/University of California System 01UCS_NETWORK/Reports/Local Requests/Annual Statistic Reports/Annual Stats FY 2025-2026/Final stats reports (for July 1)/Electronic/UCB Electronic Holdings and Titles Report",1,,,
"RF27-R2","Filter","inline","report_inline","UCB Electronic Holdings and Titles Report",2,"""Institution"".""Institution Name"" IN ('Managed by CDL', 'Managed by UCB')","","",,"and",2,27,"UCB Electronic Holdings and Titles Report","/shared/University of California System 01UCS_NETWORK/Reports/Local Requests/Annual Statistic Reports/Annual Stats FY 2025-2026/Final stats reports (for July 1)/Electronic/UCB Electronic Holdings and Titles Report",2,,,
"RF33-R1","Filter","inline","report_inline","UCB eResources Comparison Report",1,"""Institution"".""Institution Name"" IN (6532, 6531)","","",,"and",2,33,"UCB eResources Comparison Report","/shared/University of California System 01UCS_NETWORK/Reports/Local Requests/Annual Statistic Reports/Annual Stats FY 2025-2026/Final stats reports (for July 1)/eResources Comparison/UCB eResources Comparison Report",1,,,
"RF33-R2","Filter","inline","report_inline","UCB eResources Comparison Report",2,"""Institution"".""Institution Name"" IN ('Managed by CDL', 'Managed by UCB')","","",,"and",2,33,"UCB eResources Comparison Report","/shared/University of California System 01UCS_NETWORK/Reports/Local Requests/Annual Statistic Reports/Annual Stats FY 2025-2026/Final stats reports (for July 1)/eResources Comparison/UCB eResources Comparison Report",2,,,
"RF35-R1","Filter","inline","report_inline","SLF-N Added Physical Holdings and Titles Report",1,"""Institution"".""Institution Name"" = 6532","","",,"and",1,35,"SLF-N Added Physical Holdings and Titles Report","/shared/University of California System 01UCS_NETWORK/Reports/Local Requests/Annual Statistic Reports/Annual Stats FY 2025-2026/Final stats reports (for July 1)/Physical/SLF-N Added Physical Holdings and Titles Report",1,,,
"RF35-R2","Filter","inline","report_inline","SLF-N Added Physical Holdings and Titles Report",2,"""Location"".""Library Code"" IN ('NRLF', 'SRLF')","","",,"and",2,35,"SLF-N Added Physical Holdings and Titles Report","/shared/University of California System 01UCS_NETWORK/Reports/Local Requests/Annual Statistic Reports/Annual Stats FY 2025-2026/Final stats reports (for July 1)/Physical/SLF-N Added Physical Holdings and Titles Report",2,,,
"RF37-R1","Filter","inline","report_inline","UCD Physical Collection Usage",1,"""Institution"".""Institution Name"" = 3126","","",,"and",1,37,"UCD Physical Collection Usage","/shared/University of California System 01UCS_NETWORK/Reports/Local Requests/Annual Statistic Reports/Annual Stats FY 2025-2026/Final stats reports (for July 1)/Physical Collection Usage/UCD Physical Collection Usage",1,,,
"RF37-R3","Filter","inline","report_inline","UCD Physical Collection Usage",3,"""Loan"".""Loans (Not In House)"" > 0","","",,"and",1,37,"UCD Physical Collection Usage","/shared/University of California System 01UCS_NETWORK/Reports/Local Requests/Annual Statistic Reports/Annual Stats FY 2025-2026/Final stats reports (for July 1)/Physical Collection Usage/UCD Physical Collection Usage",3,,,
"RF47-R1","Filter","inline","report_inline","UCD Risk Management Report",1,"""Institution"".""Institution Name"" IN (6532, 3126, 6533)","","",,"and",3,47,"UCD Risk Management Report","/shared/University of California System 01UCS_NETWORK/Reports/Local Requests/Annual Statistic Reports/Annual Stats FY 2025-2026/Final stats reports (for July 1)/Risk Management/UCD Risk Management Report",1,,,
"RF47-R2","Filter","inline","report_inline","UCD Risk Management Report",2,"""Institution"".""Institution Name"" IN ('SLF-N', 'SLF-S', 'UCD')","","",,"and",3,47,"UCD Risk Management Report","/shared/University of California System 01UCS_NETWORK/Reports/Local Requests/Annual Statistic Reports/Annual Stats FY 2025-2026/Final stats reports (for July 1)/Risk Management/UCD Risk Management Report",2,,,
"RF51-R1","Filter","inline","report_inline","UCB Check-Out Type Categorization Report",1,"""Institution"".""Institution Name"" = 6532","","",,"and",1,51,"UCB Check-Out Type Categorization Report","/shared/University of California System 01UCS_NETWORK/Reports/Local Requests/Annual Statistic Reports/Annual Stats FY 2025-2026/Preparation review reports/Fulfillment preparation review reports/UCB Check-Out Type Categorization Report",1,,,
"RF51-R3","Filter","inline","report_inline","UCB Check-Out Type Categorization Report",3,"""Loan Details"".""In House Loan Indicator"" = 'N'","","",,"and",1,51,"UCB Check-Out Type Categorization Report","/shared/University of California System 01UCS_NETWORK/Reports/Local Requests/Annual Statistic Reports/Annual Stats FY 2025-2026/Preparation review reports/Fulfillment preparation review reports/UCB Check-Out Type Categorization Report",3,,,
"RF52-R1","Filter","inline","report_inline","UCD eResources Library Categorization Report",1,"""Institution"".""Institution Name"" = 3126","","",,,1,52,"UCD eResources Library Categorization Report","/shared/University of California System 01UCS_NETWORK/Reports/Local Requests/Annual Statistic Reports/Annual Stats FY 2025-2026/Preparation review reports/Electronic preparation review reports/UCD eResources Library Categorization Report",1,,,
"RF55-R1","Filter","inline","report_inline","UCD Library categorization report",1,"""Institution"".""Institution Name"" IN (6532, 3126, 6533)","","",,"and",3,55,"UCD Library categorization report","/shared/University of California System 01UCS_NETWORK/Reports/Local Requests/Annual Statistic Reports/Annual Stats FY 2025-2026/Preparation review reports/Physical preparation review reports/UCD Library categorization report",1,,,
"RF55-R2","Filter","inline","report_inline","UCD Library categorization report",2,"""Institution"".""Institution Name"" IN ('SLF-N', 'SLF-S', 'UCD')","","",,"and",3,55,"UCD Library categorization report","/shared/University of California System 01UCS_NETWORK/Reports/Local Requests/Annual Statistic Reports/Annual Stats FY 2025-2026/Preparation review reports/Physical preparation review reports/UCD Library categorization report",2,,,
"RF56-R1","Filter","inline","report_inline","UCD eResources Comparison Report",1,"""Institution"".""Institution Name"" IN (3126, 6531)","","",,"and",2,56,"UCD eResources Comparison Report","/shared/University of California System 01UCS_NETWORK/Reports/Local Requests/Annual Statistic Reports/Annual Stats FY 2025-2026/Final stats reports (for July 1)/eResources Comparison/UCD eResources Comparison Report",1,,,
"RF56-R2","Filter","inline","report_inline","UCD eResources Comparison Report",2,"""Institution"".""Institution Name"" IN ('Managed by CDL', 'Managed by UCD')","","",,"and",2,56,"UCD eResources Comparison Report","/shared/University of California System 01UCS_NETWORK/Reports/Local Requests/Annual Statistic Reports/Annual Stats FY 2025-2026/Final stats reports (for July 1)/eResources Comparison/UCD eResources Comparison Report",2,,,
"RF60-R1","Filter","inline","report_inline","UCB User Group Categorization Report",1,"""Institution"".""Institution Name"" = 6532","","",,,1,60,"UCB User Group Categorization Report","/shared/University of California System 01UCS_NETWORK/Reports/Local Requests/Annual Statistic Reports/Annual Stats FY 2025-2026/Preparation review reports/Fulfillment preparation review reports/UCB User Group Categorization Report",1,,,
"RF65-R1","Filter","inline","report_inline","UCD Electronic Holdings and Titles Report",1,"""Institution"".""Institution Name"" IN (3126, 6531)","","",,"and",2,65,"UCD Electronic Holdings and Titles Report","/shared/University of California System 01UCS_NETWORK/Reports/Local Requests/Annual Statistic Reports/Annual Stats FY 2025-2026/Final stats reports (for July 1)/Electronic/UCD Electronic Holdings and Titles Report",1,,,
"RF65-R2","Filter","inline","report_inline","UCD Electronic Holdings and Titles Report",2,"""Institution"".""Institution Name"" IN ('Managed by CDL', 'Managed by UCD')","","",,"and",2,65,"UCD Electronic Holdings and Titles Report","/shared/University of California System 01UCS_NETWORK/Reports/Local Requests/Annual Statistic Reports/Annual Stats FY 2025-2026/Final stats reports (for July 1)/Electronic/UCD Electronic Holdings and Titles Report",2,,,
"RF66-R1","Filter","inline","report_inline","UCI Physical Collection Usage",1,"""Institution"".""Institution Name"" = 4701","","",,"and",1,66,"UCI Physical Collection Usage","/shared/University of California System 01UCS_NETWORK/Reports/Local Requests/Annual Statistic Reports/Annual Stats FY 2025-2026/Final stats reports (for July 1)/Physical Collection Usage/UCI Physical Collection Usage",1,,,
"RF66-R3","Filter","inline","report_inline","UCI Physical Collection Usage",3,"""Loan"".""Loans (Not In House)"" > 0","","",,"and",1,66,"UCI Physical Collection Usage","/shared/University of California System 01UCS_NETWORK/Reports/Local Requests/Annual Statistic Reports/Annual Stats FY 2025-2026/Final stats reports (for July 1)/Physical Collection Usage/UCI Physical Collection Usage",3,,,
"RF67-R1","Filter","inline","report_inline","UCI Risk Management Report",1,"""Institution"".""Institution Name"" IN (6532, 4701, 6533)","","",,"and",3,67,"UCI Risk Management Report","/shared/University of California System 01UCS_NETWORK/Reports/Local Requests/Annual Statistic Reports/Annual Stats FY 2025-2026/Final stats reports (for July 1)/Risk Management/UCI Risk Management Report",1,,,
"RF67-R2","Filter","inline","report_inline","UCI Risk Management Report",2,"""Institution"".""Institution Name"" IN ('SLF-N', 'SLF-S', 'UCI')","","",,"and",3,67,"UCI Risk Management Report","/shared/University of California System 01UCS_NETWORK/Reports/Local Requests/Annual Statistic Reports/Annual Stats FY 2025-2026/Final stats reports (for July 1)/Risk Management/UCI Risk Management Report",2,,,
"RF74-R1","Filter","inline","report_inline","SLF-S Added Physical Holdings and Titles Report",1,"""Institution"".""Institution Name"" = 6533","","",,"and",1,74,"SLF-S Added Physical Holdings and Titles Report","/shared/University of California System 01UCS_NETWORK/Reports/Local Requests/Annual Statistic Reports/Annual Stats FY 2025-2026/Final stats reports (for July 1)/Physical/SLF-S Added Physical Holdings and Titles Report",1,,,
"RF74-R2","Filter","inline","report_inline","SLF-S Added Physical Holdings and Titles Report",2,"""Location"".""Library Code"" IN ('NRLF', 'SRLF')","","",,"and",2,74,"SLF-S Added Physical Holdings and Titles Report","/shared/University of California System 01UCS_NETWORK/Reports/Local Requests/Annual Statistic Reports/Annual Stats FY 2025-2026/Final stats reports (for July 1)/Physical/SLF-S Added Physical Holdings and Titles Report",2,,,
"RF83-R1","Filter","inline","report_inline","UCI Library Categorization Report",1,"""Institution"".""Institution Name"" IN (6532, 4701, 6533)","","",,"and",3,83,"UCI Library Categorization Report","/shared/University of California System 01UCS_NETWORK/Reports/Local Requests/Annual Statistic Reports/Annual Stats FY 2025-2026/Preparation review reports/Physical preparation review reports/UCI Library Categorization Report",1,,,
"RF83-R2","Filter","inline","report_inline","UCI Library Categorization Report",2,"""Institution"".""Institution Name"" IN ('SLF-N', 'SLF-S', 'UCI')","","",,"and",3,83,"UCI Library Categorization Report","/shared/University of California System 01UCS_NETWORK/Reports/Local Requests/Annual Statistic Reports/Annual Stats FY 2025-2026/Preparation review reports/Physical preparation review reports/UCI Library Categorization Report",2,,,
"RF85-R1","Filter","inline","report_inline","UCI eResources Library Categorization Report",1,"""Institution"".""Institution Name"" = 4701","","",,,1,85,"UCI eResources Library Categorization Report","/shared/University of California System 01UCS_NETWORK/Reports/Local Requests/Annual Statistic Reports/Annual Stats FY 2025-2026/Preparation review reports/Electronic preparation review reports/UCI eResources Library Categorization Report",1,,,
"RF89-R1","Filter","inline","report_inline","UCD Check-Out Type Categorization Report",1,"""Institution"".""Institution Name"" = 3126","","",,"and",1,89,"UCD Check-Out Type Categorization Report","/shared/University of California System 01UCS_NETWORK/Reports/Local Requests/Annual Statistic Reports/Annual Stats FY 2025-2026/Preparation review reports/Fulfillment preparation review reports/UCD Check-Out Type Categorization Report",1,,,
"RF89-R3","Filter","inline","report_inline","UCD Check-Out Type Categorization Report",3,"""Loan Details"".""In House Loan Indicator"" = 'N'","","",,"and",1,89,"UCD Check-Out Type Categorization Report","/shared/University of California System 01UCS_NETWORK/Reports/Local Requests/Annual Statistic Reports/Annual Stats FY 2025-2026/Preparation review reports/Fulfillment preparation review reports/UCD Check-Out Type Categorization Report",3,,,
"RF92-R1","Filter","inline","report_inline","UCI Electronic Holdings and Titles Report",1,"""Institution"".""Institution Name"" IN (4701, 6531)","","",,"and",2,92,"UCI Electronic Holdings and Titles Report","/shared/University of California System 01UCS_NETWORK/Reports/Local Requests/Annual Statistic Reports/Annual Stats FY 2025-2026/Final stats reports (for July 1)/Electronic/UCI Electronic Holdings and Titles Report",1,,,
"RF92-R2","Filter","inline","report_inline","UCI Electronic Holdings and Titles Report",2,"""Institution"".""Institution Name"" IN ('Managed by CDL', 'Managed by UCI')","","",,"and",2,92,"UCI Electronic Holdings and Titles Report","/shared/University of California System 01UCS_NETWORK/Reports/Local Requests/Annual Statistic Reports/Annual Stats FY 2025-2026/Final stats reports (for July 1)/Electronic/UCI Electronic Holdings and Titles Report",2,,,
"RF95-R1","Filter","inline","report_inline","UCLA Risk Management Report",1,"""Institution"".""Institution Name"" IN (6532, 6533)","","",,"and",2,95,"UCLA Risk Management Report","/shared/University of California System 01UCS_NETWORK/Reports/Local Requests/Annual Statistic Reports/Annual Stats FY 2025-2026/Final stats reports (for July 1)/Risk Management/UCLA Risk Management Report",1,,,
"RF95-R5","Filter","inline","report_inline","UCLA Risk Management Report",5,"""Institution"".""Institution Name"" IN ('SLF-N', 'SLF-S', 'UCLA')","","",,"and",3,95,"UCLA Risk Management Report","/shared/University of California System 01UCS_NETWORK/Reports/Local Requests/Annual Statistic Reports/Annual Stats FY 2025-2026/Final stats reports (for July 1)/Risk Management/UCLA Risk Management Report",5,,,
"RF96-R1","Filter","inline","report_inline","UCLA Physical Collection Usage",1,"""Institution"".""Institution Name"" = 6533","","",,"and",1,96,"UCLA Physical Collection Usage","/shared/University of California System 01UCS_NETWORK/Reports/Local Requests/Annual Statistic Reports/Annual Stats FY 2025-2026/Final stats reports (for July 1)/Physical Collection Usage/UCLA Physical Collection Usage",1,,,
"RF96-R3","Filter","inline","report_inline","UCLA Physical Collection Usage",3,"""Loan"".""Loans (Not In House)"" > 0","","",,"and",1,96,"UCLA Physical Collection Usage","/shared/University of California System 01UCS_NETWORK/Reports/Local Requests/Annual Statistic Reports/Annual Stats FY 2025-2026/Final stats reports (for July 1)/Physical Collection Usage/UCLA Physical Collection Usage",3,,,
"RF105-R1","Filter","inline","report_inline","UCI eResources Comparison Report",1,"""Institution"".""Institution Name"" IN (4701, 6531)","","",,"and",2,105,"UCI eResources Comparison Report","/shared/University of California System 01UCS_NETWORK/Reports/Local Requests/Annual Statistic Reports/Annual Stats FY 2025-2026/Final stats reports (for July 1)/eResources Comparison/UCI eResources Comparison Report",1,,,
"RF105-R2","Filter","inline","report_inline","UCI eResources Comparison Report",2,"""Institution"".""Institution Name"" IN ('Managed by CDL', 'Managed by UCI')","","",,"and",2,105,"UCI eResources Comparison Report","/shared/University of California System 01UCS_NETWORK/Reports/Local Requests/Annual Statistic Reports/Annual Stats FY 2025-2026/Final stats reports (for July 1)/eResources Comparison/UCI eResources Comparison Report",2,,,
"RF113-R1","Filter","inline","report_inline","UCLA Library Categorization Report",1,"""Institution"".""Institution Name"" IN (6532, 6533)","","",,"and",2,113,"UCLA Library Categorization Report","/shared/University of California System 01UCS_NETWORK/Reports/Local Requests/Annual Statistic Reports/Annual Stats FY 2025-2026/Preparation review reports/Physical preparation review reports/UCLA Library Categorization Report",1,,,
"RF113-R5","Filter","inline","report_inline","UCLA Library Categorization Report",5,"""Institution"".""Institution Name"" IN ('SLF-N', 'SLF-S', 'UCLA')","","",,"and",3,113,"UCLA Library Categorization Report","/shared/University of California System 01UCS_NETWORK/Reports/Local Requests/Annual Statistic Reports/Annual Stats FY 2025-2026/Preparation review reports/Physical preparation review reports/UCLA Library Categorization Report",5,,,
"RF116-R1","Filter","inline","report_inline","UCD User Group Categorization Report",1,"""Institution"".""Institution Name"" = 3126","","",,,1,116,"UCD User Group Categorization Report","/shared/University of California System 01UCS_NETWORK/Reports/Local Requests/Annual Statistic Reports/Annual Stats FY 2025-2026/Preparation review reports/Fulfillment preparation review reports/UCD User Group Categorization Report",1,,,
"RF119-R1","Filter","inline","report_inline","UCLA Electronic Holdings and Titles Report",1,"""Institution"".""Institution Name"" IN (6533, 6531)","","",,"and",2,119,"UCLA Electronic Holdings and Titles Report","/shared/University of California System 01UCS_NETWORK/Reports/Local Requests/Annual Statistic Reports/Annual Stats FY 2025-2026/Final stats reports (for July 1)/Electronic/UCLA Electronic Holdings and Titles Report",1,,,
"RF119-R2","Filter","inline","report_inline","UCLA Electronic Holdings and Titles Report",2,"""Institution"".""Institution Name"" IN ('Managed by CDL', 'Managed by UCLA')","","",,"and",2,119,"UCLA Electronic Holdings and Titles Report","/shared/University of California System 01UCS_NETWORK/Reports/Local Requests/Annual Statistic Reports/Annual Stats FY 2025-2026/Final stats reports (for July 1)/Electronic/UCLA Electronic Holdings and Titles Report",2,,,
"RF123-R1","Filter","inline","report_inline","UCLA eResources Library Categorization Report",1,"""Institution"".""Institution Name"" = 6533","","",,,1,123,"UCLA eResources Library Categorization Report","/shared/University of California System 01UCS_NETWORK/Reports/Local Requests/Annual Statistic Reports/Annual Stats FY 2025-2026/Preparation review reports/Electronic preparation review reports/UCLA eResources Library Categorization Report",1,,,
"RF124-R1","Filter","inline","report_inline","UCLA eResources Comparison Report",1,"""Institution"".""Institution Name"" IN (6533, 6531)","","",,"and",2,124,"UCLA eResources Comparison Report","/shared/University of California System 01UCS_NETWORK/Reports/Local Requests/Annual Statistic Reports/Annual Stats FY 2025-2026/Final stats reports (for July 1)/eResources Comparison/UCLA eResources Comparison Report",1,,,
"RF124-R2","Filter","inline","report_inline","UCLA eResources Comparison Report",2,"""Institution"".""Institution Name"" IN ('Managed by CDL', 'Managed by UCLA')","","",,"and",2,124,"UCLA eResources Comparison Report","/shared/University of California System 01UCS_NETWORK/Reports/Local Requests/Annual Statistic Reports/Annual Stats FY 2025-2026/Final stats reports (for July 1)/eResources Comparison/UCLA eResources Comparison Report",2,,,
"RF125-R1","Filter","inline","report_inline","UCM Risk Management Report",1,"""Institution"".""Institution Name"" IN (6532, 6533, 6534)","","",,"and",3,125,"UCM Risk Management Report","/shared/University of California System 01UCS_NETWORK/Reports/Local Requests/Annual Statistic Reports/Annual Stats FY 2025-2026/Final stats reports (for July 1)/Risk Management/UCM Risk Management Report",1,,,
"RF125-R2","Filter","inline","report_inline","UCM Risk Management Report",2,"""Institution"".""Institution Name"" IN ('SLF-S', 'UCM')","","",,"and",2,125,"UCM Risk Management Report","/shared/University of California System 01UCS_NETWORK/Reports/Local Requests/Annual Statistic Reports/Annual Stats FY 2025-2026/Final stats reports (for July 1)/Risk Management/UCM Risk Management Report",2,,,
"RF130-R1","Filter","inline","report_inline","UCM Physical Collection Usage",1,"""Institution"".""Institution Name"" = 6534","","",,"and",1,130,"UCM Physical Collection Usage","/shared/University of California System 01UCS_NETWORK/Reports/Local Requests/Annual Statistic Reports/Annual Stats FY 2025-2026/Final stats reports (for July 1)/Physical Collection Usage/UCM Physical Collection Usage",1,,,
"RF130-R3","Filter","inline","report_inline","UCM Physical Collection Usage",3,"""Loan"".""Loans (Not In House)"" > 0","","",,"and",1,130,"UCM Physical Collection Usage","/shared/University of California System 01UCS_NETWORK/Reports/Local Requests/Annual Statistic Reports/Annual Stats FY 2025-2026/Final stats reports (for July 1)/Physical Collection Usage/UCM Physical Collection Usage",3,,,
"RF142-R1","Filter","inline","report_inline","SLF-S Added Physical Holdings and Titles Report part 1",1,"""Institution"".""Institution Name"" = 6533","","",,"and",1,142,"SLF-S Added Physical Holdings and Titles Report part 1","/shared/University of California System 01UCS_NETWORK/Reports/Local Requests/Annual Statistic Reports/Annual Stats FY 2025-2026/Final stats reports (for July 1)/Physical/SLF-S Added Physical Holdings and Titles Report part 1",1,,,
"RF142-R2","Filter","inline","report_inline","SLF-S Added Physical Holdings and Titles Report part 1",2,"""Location"".""Library Code"" IN ('NRLF', 'SRLF')","","",,"and",2,142,"SLF-S Added Physical Holdings and Titles Report part 1","/shared/University of California System 01UCS_NETWORK/Reports/Local Requests/Annual Statistic Reports/Annual Stats FY 2025-2026/Final stats reports (for July 1)/Physical/SLF-S Added Physical Holdings and Titles Report part 1",2,,,
"RF142-R5","Filter","inline","report_inline","SLF-S Added Physical Holdings and Titles Report part 1",5,"""Physical Item Details"".""Barcode"" IN ('A0000020156', 'A0000020164', 'A0000021477', 'A0000031344', 'A0000038950', 'A0000043620', 'A0000045625', 'A0000050088', 'A0000076042', 'A0000094227', … (+9989 more))","","",,"or",9999,142,"SLF-S Added Physical Holdings and Titles Report part 1","/shared/University of California System 01UCS_NETWORK/Reports/Local Requests/Annual Statistic Reports/Annual Stats FY 2025-2026/Final stats reports (for July 1)/Physical/SLF-S Added Physical Holdings and Titles Report part 1",5,,,
"RF142-R6","Filter","inline","report_inline","SLF-S Added Physical Holdings and Titles Report part 1",6,"""Physical Item Details"".""Barcode"" IN ('A0013504139', 'A0013504154', 'A0013510979', 'A0013511241', 'A0013512744', 'A0013513155', 'A0013513163', 'A0013513254', 'A0013514146', 'A0013514542', … (+9989 more))","","",,"or",9999,142,"SLF-S Added Physical Holdings and Titles Report part 1","/shared/University of California System 01UCS_NETWORK/Reports/Local Requests/Annual Statistic Reports/Annual Stats FY 2025-2026/Final stats reports (for July 1)/Physical/SLF-S Added Physical Holdings and Titles Report part 1",6,,,
"RF142-R7","Filter","inline","report_inline","SLF-S Added Physical Holdings and Titles Report part 1",7,"""Physical Item Details"".""Barcode"" IN ('AX0010723435', 'AX0010723443', 'AX0010723450', 'AX0010723468', 'AX0010723476', 'AX0010723484', 'AX0010723492', 'AX0010723500', 'AX0010723518', 'AX0010723526', … (+9989 more))","","",,"or",9999,142,"SLF-S Added Physical Holdings and Titles Report part 1","/shared/University of California System 01UCS_NETWORK/Reports/Local Requests/Annual Statistic Reports/Annual Stats FY 2025-2026/Final stats reports (for July 1)/Physical/SLF-S Added Physical Holdings and Titles Report part 1",7,,,
"RF142-R8","Filter","inline","report_inline","SLF-S Added Physical Holdings and Titles Report part 1",8,"""Physical Item Details"".""Barcode"" IN ('AX0010823516', 'AX0010823524', 'AX0010823532', 'AX0010823540', 'AX0010823557', 'AX0010823565', 'AX0010823573', 'AX0010823581', 'AX0010823599', 'AX0010823607', … (+9989 more))","","",,"or",9999,142,"SLF-S Added Physical Holdings and Titles Report part 1","/shared/University of California System 01UCS_NETWORK/Reports/Local Requests/Annual Statistic Reports/Annual Stats FY 2025-2026/Final stats reports (for July 1)/Physical/SLF-S Added Physical Holdings and Titles Report part 1",8,,,
"RF142-R9","Filter","inline","report_inline","SLF-S Added Physical Holdings and Titles Report part 1",9,"""Physical Item Details"".""Barcode"" IN ('DD0004355392', 'DD0004355400', 'DD0004355418', 'DD0004355426', 'DD0004355434', 'DD0004355442', 'DD0004355459', 'DD0004355467', 'DD0004355475', 'DD0004355483', … (+9989 more))","","",,"or",9999,142,"SLF-S Added Physical Holdings and Titles Report part 1","/shared/University of California System 01UCS_NETWORK/Reports/Local Requests/Annual Statistic Reports/Annual Stats FY 2025-2026/Final stats reports (for July 1)/Physical/SLF-S Added Physical Holdings and Titles Report part 1",9,,,
"RF144-R1","Filter","inline","report_inline","UCR Physical Collection Usage",1,"""Institution"".""Institution Name"" = 4706","","",,"and",1,144,"UCR Physical Collection Usage","/shared/University of California System 01UCS_NETWORK/Reports/Local Requests/Annual Statistic Reports/Annual Stats FY 2025-2026/Final stats reports (for July 1)/Physical Collection Usage/UCR Physical Collection Usage",1,,,
"RF144-R3","Filter","inline","report_inline","UCR Physical Collection Usage",3,"""Loan"".""Loans (Not In House)"" > 0","","",,"and",1,144,"UCR Physical Collection Usage","/shared/University of California System 01UCS_NETWORK/Reports/Local Requests/Annual Statistic Reports/Annual Stats FY 2025-2026/Final stats reports (for July 1)/Physical Collection Usage/UCR Physical Collection Usage",3,,,
"RF145-R1","Filter","inline","report_inline","UCM eResources Comparison Report",1,"""Institution"".""Institution Name"" IN (6531, 6534)","","",,"and",2,145,"UCM eResources Comparison Report","/shared/University of California System 01UCS_NETWORK/Reports/Local Requests/Annual Statistic Reports/Annual Stats FY 2025-2026/Final stats reports (for July 1)/eResources Comparison/UCM eResources Comparison Report",1,,,
"RF145-R2","Filter","inline","report_inline","UCM eResources Comparison Report",2,"""Institution"".""Institution Name"" IN ('Managed by CDL', 'Managed by UCM')","","",,"and",2,145,"UCM eResources Comparison Report","/shared/University of California System 01UCS_NETWORK/Reports/Local Requests/Annual Statistic Reports/Annual Stats FY 2025-2026/Final stats reports (for July 1)/eResources Comparison/UCM eResources Comparison Report",2,,,
"RF148-R1","Filter","inline","report_inline","UCM Library Categorization Report",1,"""Institution"".""Institution Name"" IN (6532, 6533, 6534)","","",,"and",3,148,"UCM Library Categorization Report","/shared/University of California System 01UCS_NETWORK/Reports/Local Requests/Annual Statistic Reports/Annual Stats FY 2025-2026/Preparation review reports/Physical preparation review reports/UCM Library Categorization Report",1,,,
"RF148-R2","Filter","inline","report_inline","UCM Library Categorization Report",2,"""Institution"".""Institution Name"" IN ('SLF-S', 'UCM')","","",,"and",2,148,"UCM Library Categorization Report","/shared/University of California System 01UCS_NETWORK/Reports/Local Requests/Annual Statistic Reports/Annual Stats FY 2025-2026/Preparation review reports/Physical preparation review reports/UCM Library Categorization Report",2,,,
"RF151-R1","Filter","inline","report_inline","UCR Risk Management Report",1,"""Institution"".""Institution Name"" IN (6532, 6533, 4706)","","",,"and",3,151,"UCR Risk Management Report","/shared/University of California System 01UCS_NETWORK/Reports/Local Requests/Annual Statistic Reports/Annual Stats FY 2025-2026/Final stats reports (for July 1)/Risk Management/UCR Risk Management Report",1,,,
"RF151-R2","Filter","inline","report_inline","UCR Risk Management Report",2,"""Institution"".""Institution Name"" IN ('SLF-N', 'SLF-S', 'UCR')","","",,"and",3,151,"UCR Risk Management Report","/shared/University of California System 01UCS_NETWORK/Reports/Local Requests/Annual Statistic Reports/Annual Stats FY 2025-2026/Final stats reports (for July 1)/Risk Management/UCR Risk Management Report",2,,,
"RF154-R1","Filter","inline","report_inline","UCM eResources Library Categorization Report",1,"""Institution"".""Institution Name"" = 6534","","",,,1,154,"UCM eResources Library Categorization Report","/shared/University of California System 01UCS_NETWORK/Reports/Local Requests/Annual Statistic Reports/Annual Stats FY 2025-2026/Preparation review reports/Electronic preparation review reports/UCM eResources Library Categorization Report",1,,,
"RF162-R1","Filter","inline","report_inline","UCM Electronic Holdings and Titles Report",1,"""Institution"".""Institution Name"" IN (6531, 6534)","","",,"and",2,162,"UCM Electronic Holdings and Titles Report","/shared/University of California System 01UCS_NETWORK/Reports/Local Requests/Annual Statistic Reports/Annual Stats FY 2025-2026/Final stats reports (for July 1)/Electronic/UCM Electronic Holdings and Titles Report",1,,,
"RF162-R2","Filter","inline","report_inline","UCM Electronic Holdings and Titles Report",2,"""Institution"".""Institution Name"" IN ('Managed by CDL', 'Managed by UCM')","","",,"and",2,162,"UCM Electronic Holdings and Titles Report","/shared/University of California System 01UCS_NETWORK/Reports/Local Requests/Annual Statistic Reports/Annual Stats FY 2025-2026/Final stats reports (for July 1)/Electronic/UCM Electronic Holdings and Titles Report",2,,,
"RF164-R1","Filter","inline","report_inline","UCI Check-Out Type Categorization Report",1,"""Institution"".""Institution Name"" = 4701","","",,"and",1,164,"UCI Check-Out Type Categorization Report","/shared/University of California System 01UCS_NETWORK/Reports/Local Requests/Annual Statistic Reports/Annual Stats FY 2025-2026/Preparation review reports/Fulfillment preparation review reports/UCI Check-Out Type Categorization Report",1,,,
"RF164-R3","Filter","inline","report_inline","UCI Check-Out Type Categorization Report",3,"""Loan Details"".""In House Loan Indicator"" = 'N'","","",,"and",1,164,"UCI Check-Out Type Categorization Report","/shared/University of California System 01UCS_NETWORK/Reports/Local Requests/Annual Statistic Reports/Annual Stats FY 2025-2026/Preparation review reports/Fulfillment preparation review reports/UCI Check-Out Type Categorization Report",3,,,
"RF166-R1","Filter","inline","report_inline","UCSB Physical Collection Usage",1,"""Institution"".""Institution Name"" = 3776","","",,"and",1,166,"UCSB Physical Collection Usage","/shared/University of California System 01UCS_NETWORK/Reports/Local Requests/Annual Statistic Reports/Annual Stats FY 2025-2026/Final stats reports (for July 1)/Physical Collection Usage/UCSB Physical Collection Usage",1,,,
"RF166-R3","Filter","inline","report_inline","UCSB Physical Collection Usage",3,"""Loan"".""Loans (Not In House)"" > 0","","",,"and",1,166,"UCSB Physical Collection Usage","/shared/University of California System 01UCS_NETWORK/Reports/Local Requests/Annual Statistic Reports/Annual Stats FY 2025-2026/Final stats reports (for July 1)/Physical Collection Usage/UCSB Physical Collection Usage",3,,,
"RF170-R1","Filter","inline","report_inline","UCSB Risk Management Report",1,"""Institution"".""Institution Name"" IN (6532, 6533, 3776)","","",,"and",3,170,"UCSB Risk Management Report","/shared/University of California System 01UCS_NETWORK/Reports/Local Requests/Annual Statistic Reports/Annual Stats FY 2025-2026/Final stats reports (for July 1)/Risk Management/UCSB Risk Management Report",1,,,
"RF170-R2","Filter","inline","report_inline","UCSB Risk Management Report",2,"""Institution"".""Institution Name"" IN ('SLF-N', 'SLF-S', 'UCSB')","","",,"and",3,170,"UCSB Risk Management Report","/shared/University of California System 01UCS_NETWORK/Reports/Local Requests/Annual Statistic Reports/Annual Stats FY 2025-2026/Final stats reports (for July 1)/Risk Management/UCSB Risk Management Report",2,,,
"RF171-R1","Filter","inline","report_inline","UCI User Group Categorization Report",1,"""Institution"".""Institution Name"" = 4701","","",,,1,171,"UCI User Group Categorization Report","/shared/University of California System 01UCS_NETWORK/Reports/Local Requests/Annual Statistic Reports/Annual Stats FY 2025-2026/Preparation review reports/Fulfillment preparation review reports/UCI User Group Categorization Report",1,,,
"RF174-R1","Filter","inline","report_inline","UCR eResources Comparison Report",1,"""Institution"".""Institution Name"" IN (4706, 6531)","","",,"and",2,174,"UCR eResources Comparison Report","/shared/University of California System 01UCS_NETWORK/Reports/Local Requests/Annual Statistic Reports/Annual Stats FY 2025-2026/Final stats reports (for July 1)/eResources Comparison/UCR eResources Comparison Report",1,,,
"RF174-R2","Filter","inline","report_inline","UCR eResources Comparison Report",2,"""Institution"".""Institution Name"" IN ('Managed by CDL', 'Managed by UCR')","","",,"and",2,174,"UCR eResources Comparison Report","/shared/University of California System 01UCS_NETWORK/Reports/Local Requests/Annual Statistic Reports/Annual Stats FY 2025-2026/Final stats reports (for July 1)/eResources Comparison/UCR eResources Comparison Report",2,,,
"RF175-R1","Filter","inline","report_inline","UCR eResources Library Categorization Report",1,"""Institution"".""Institution Name"" = 4706","","",,,1,175,"UCR eResources Library Categorization Report","/shared/University of California System 01UCS_NETWORK/Reports/Local Requests/Annual Statistic Reports/Annual Stats FY 2025-2026/Preparation review reports/Electronic preparation review reports/UCR eResources Library Categorization Report",1,,,
"RF177-R1","Filter","inline","report_inline","UCR Library Categorization Report",1,"""Institution"".""Institution Name"" IN (6532, 6533, 4706)","","",,"and",3,177,"UCR Library Categorization Report","/shared/University of California System 01UCS_NETWORK/Reports/Local Requests/Annual Statistic Reports/Annual Stats FY 2025-2026/Preparation review reports/Physical preparation review reports/UCR Library Categorization Report",1,,,
"RF177-R2","Filter","inline","report_inline","UCR Library Categorization Report",2,"""Institution"".""Institution Name"" IN ('SLF-N', 'SLF-S', 'UCR')","","",,"and",3,177,"UCR Library Categorization Report","/shared/University of California System 01UCS_NETWORK/Reports/Local Requests/Annual Statistic Reports/Annual Stats FY 2025-2026/Preparation review reports/Physical preparation review reports/UCR Library Categorization Report",2,,,
"RF178-R1","Filter","inline","report_inline","UCR Electronic Holdings and Titles Report",1,"""Institution"".""Institution Name"" IN (4706, 6531)","","",,"and",2,178,"UCR Electronic Holdings and Titles Report","/shared/University of California System 01UCS_NETWORK/Reports/Local Requests/Annual Statistic Reports/Annual Stats FY 2025-2026/Final stats reports (for July 1)/Electronic/UCR Electronic Holdings and Titles Report",1,,,
"RF178-R2","Filter","inline","report_inline","UCR Electronic Holdings and Titles Report",2,"""Institution"".""Institution Name"" IN ('Managed by CDL', 'Managed by UCR')","","",,"and",2,178,"UCR Electronic Holdings and Titles Report","/shared/University of California System 01UCS_NETWORK/Reports/Local Requests/Annual Statistic Reports/Annual Stats FY 2025-2026/Final stats reports (for July 1)/Electronic/UCR Electronic Holdings and Titles Report",2,,,
"RF181-R1","Filter","inline","report_inline","UCLA Check-Out Type Categorization Report",1,"""Institution"".""Institution Name"" = 6533","","",,"and",1,181,"UCLA Check-Out Type Categorization Report","/shared/University of California System 01UCS_NETWORK/Reports/Local Requests/Annual Statistic Reports/Annual Stats FY 2025-2026/Preparation review reports/Fulfillment preparation review reports/UCLA Check-Out Type Categorization Report",1,,,
"RF181-R3","Filter","inline","report_inline","UCLA Check-Out Type Categorization Report",3,"""Loan Details"".""In House Loan Indicator"" = 'N'","","",,"and",1,181,"UCLA Check-Out Type Categorization Report","/shared/University of California System 01UCS_NETWORK/Reports/Local Requests/Annual Statistic Reports/Annual Stats FY 2025-2026/Preparation review reports/Fulfillment preparation review reports/UCLA Check-Out Type Categorization Report",3,,,
"RF182-R1","Filter","inline","report_inline","UCSC Physical Collection Usage",1,"""Institution"".""Institution Name"" = 4876","","",,"and",1,182,"UCSC Physical Collection Usage","/shared/University of California System 01UCS_NETWORK/Reports/Local Requests/Annual Statistic Reports/Annual Stats FY 2025-2026/Final stats reports (for July 1)/Physical Collection Usage/UCSC Physical Collection Usage",1,,,
"RF182-R3","Filter","inline","report_inline","UCSC Physical Collection Usage",3,"""Loan"".""Loans (Not In House)"" > 0","","",,"and",1,182,"UCSC Physical Collection Usage","/shared/University of California System 01UCS_NETWORK/Reports/Local Requests/Annual Statistic Reports/Annual Stats FY 2025-2026/Final stats reports (for July 1)/Physical Collection Usage/UCSC Physical Collection Usage",3,,,
"RF183-R1","Filter","inline","report_inline","UCSB eResources Comparison Report",1,"""Institution"".""Institution Name"" IN (3776, 6531)","","",,"and",2,183,"UCSB eResources Comparison Report","/shared/University of California System 01UCS_NETWORK/Reports/Local Requests/Annual Statistic Reports/Annual Stats FY 2025-2026/Final stats reports (for July 1)/eResources Comparison/UCSB eResources Comparison Report",1,,,
"RF183-R2","Filter","inline","report_inline","UCSB eResources Comparison Report",2,"""Institution"".""Institution Name"" IN ('Managed by CDL', 'Managed by UCSB')","","",,"and",2,183,"UCSB eResources Comparison Report","/shared/University of California System 01UCS_NETWORK/Reports/Local Requests/Annual Statistic Reports/Annual Stats FY 2025-2026/Final stats reports (for July 1)/eResources Comparison/UCSB eResources Comparison Report",2,,,
"RF184-R1","Filter","inline","report_inline","UCSC Risk Management Report",1,"""Institution"".""Institution Name"" IN (6532, 6533, 4876)","","",,"and",3,184,"UCSC Risk Management Report","/shared/University of California System 01UCS_NETWORK/Reports/Local Requests/Annual Statistic Reports/Annual Stats FY 2025-2026/Final stats reports (for July 1)/Risk Management/UCSC Risk Management Report",1,,,
"RF184-R2","Filter","inline","report_inline","UCSC Risk Management Report",2,"""Institution"".""Institution Name"" IN ('SLF-N', 'SLF-S', 'UCSC')","","",,"and",3,184,"UCSC Risk Management Report","/shared/University of California System 01UCS_NETWORK/Reports/Local Requests/Annual Statistic Reports/Annual Stats FY 2025-2026/Final stats reports (for July 1)/Risk Management/UCSC Risk Management Report",2,,,
"RF185-R1","Filter","inline","report_inline","UCSB Electronic Holdings and Titles Report",1,"""Institution"".""Institution Name"" IN (3776, 6531)","","",,"and",2,185,"UCSB Electronic Holdings and Titles Report","/shared/University of California System 01UCS_NETWORK/Reports/Local Requests/Annual Statistic Reports/Annual Stats FY 2025-2026/Final stats reports (for July 1)/Electronic/UCSB Electronic Holdings and Titles Report",1,,,
"RF185-R2","Filter","inline","report_inline","UCSB Electronic Holdings and Titles Report",2,"""Institution"".""Institution Name"" IN ('Managed by CDL', 'Managed by UCSB')","","",,"and",2,185,"UCSB Electronic Holdings and Titles Report","/shared/University of California System 01UCS_NETWORK/Reports/Local Requests/Annual Statistic Reports/Annual Stats FY 2025-2026/Final stats reports (for July 1)/Electronic/UCSB Electronic Holdings and Titles Report",2,,,
"RF186-R1","Filter","inline","report_inline","UCSB eResources Library Categorization Report",1,"""Institution"".""Institution Name"" = 3776","","",,,1,186,"UCSB eResources Library Categorization Report","/shared/University of California System 01UCS_NETWORK/Reports/Local Requests/Annual Statistic Reports/Annual Stats FY 2025-2026/Preparation review reports/Electronic preparation review reports/UCSB eResources Library Categorization Report",1,,,
"RF187-R1","Filter","inline","report_inline","UCSB Library Categorization Report",1,"""Institution"".""Institution Name"" IN (6532, 6533, 3776)","","",,"and",3,187,"UCSB Library Categorization Report","/shared/University of California System 01UCS_NETWORK/Reports/Local Requests/Annual Statistic Reports/Annual Stats FY 2025-2026/Preparation review reports/Physical preparation review reports/UCSB Library Categorization Report",1,,,
"RF187-R2","Filter","inline","report_inline","UCSB Library Categorization Report",2,"""Institution"".""Institution Name"" IN ('SLF-N', 'SLF-S', 'UCSB')","","",,"and",3,187,"UCSB Library Categorization Report","/shared/University of California System 01UCS_NETWORK/Reports/Local Requests/Annual Statistic Reports/Annual Stats FY 2025-2026/Preparation review reports/Physical preparation review reports/UCSB Library Categorization Report",2,,,
"RF188-R1","Filter","inline","report_inline","SLF-S Added Physical Holdings and Titles Report part 2",1,"""Institution"".""Institution Name"" = 6533","","",,"and",1,188,"SLF-S Added Physical Holdings and Titles Report part 2","/shared/University of California System 01UCS_NETWORK/Reports/Local Requests/Annual Statistic Reports/Annual Stats FY 2025-2026/Final stats reports (for July 1)/Physical/SLF-S Added Physical Holdings and Titles Report part 2",1,,,
"RF188-R2","Filter","inline","report_inline","SLF-S Added Physical Holdings and Titles Report part 2",2,"""Location"".""Library Code"" IN ('NRLF', 'SRLF')","","",,"and",2,188,"SLF-S Added Physical Holdings and Titles Report part 2","/shared/University of California System 01UCS_NETWORK/Reports/Local Requests/Annual Statistic Reports/Annual Stats FY 2025-2026/Final stats reports (for July 1)/Physical/SLF-S Added Physical Holdings and Titles Report part 2",2,,,
"RF188-R5","Filter","inline","report_inline","SLF-S Added Physical Holdings and Titles Report part 2",5,"""Physical Item Details"".""Barcode"" IN ('DD0004455382', 'DD0004455390', 'DD0004455408', 'DD0004455416', 'DD0004455424', 'DD0004455432', 'DD0004455440', 'DD0004455457', 'DD0004455465', 'DD0004455473', … (+9989 more))","","",,"or",9999,188,"SLF-S Added Physical Holdings and Titles Report part 2","/shared/University of California System 01UCS_NETWORK/Reports/Local Requests/Annual Statistic Reports/Annual Stats FY 2025-2026/Final stats reports (for July 1)/Physical/SLF-S Added Physical Holdings and Titles Report part 2",5,,,
"RF188-R6","Filter","inline","report_inline","SLF-S Added Physical Holdings and Titles Report part 2",6,"""Physical Item Details"".""Barcode"" IN ('DD0004555389', 'DD0004555397', 'DD0004555405', 'DD0004555413', 'DD0004555421', 'DD0004555439', 'DD0004555447', 'DD0004555454', 'DD0004555462', 'DD0004555470', … (+9989 more))","","",,"or",9999,188,"SLF-S Added Physical Holdings and Titles Report part 2","/shared/University of California System 01UCS_NETWORK/Reports/Local Requests/Annual Statistic Reports/Annual Stats FY 2025-2026/Final stats reports (for July 1)/Physical/SLF-S Added Physical Holdings and Titles Report part 2",6,,,
"RF188-R7","Filter","inline","report_inline","SLF-S Added Physical Holdings and Titles Report part 2",7,"""Physical Item Details"".""Barcode"" IN ('DD0004655445', 'DD0004655452', 'DD0004655460', 'DD0004655478', 'DD0004655486', 'DD0004655494', 'DD0004655502', 'DD0004655510', 'DD0004655528', 'DD0004655536', … (+5271 more))","","",,"or",5281,188,"SLF-S Added Physical Holdings and Titles Report part 2","/shared/University of California System 01UCS_NETWORK/Reports/Local Requests/Annual Statistic Reports/Annual Stats FY 2025-2026/Final stats reports (for July 1)/Physical/SLF-S Added Physical Holdings and Titles Report part 2",7,,,
"RF189-R1","Filter","inline","report_inline","UCB physical holdings and titles report",1,"""Institution"".""Institution Name"" IN (6532, 6533)","","",,"and",2,189,"UCB physical holdings and titles report","/shared/University of California System 01UCS_NETWORK/Reports/Local Requests/Annual Statistic Reports/Annual Stats FY 2025-2026/Final stats reports (for July 1)/Physical/UCB physical holdings and titles report",1,,,
"RF189-R2","Filter","inline","report_inline","UCB physical holdings and titles report",2,"""Institution"".""Institution Name"" IN ('SLF-N', 'SLF-S', 'UCB')","","",,"and",3,189,"UCB physical holdings and titles report","/shared/University of California System 01UCS_NETWORK/Reports/Local Requests/Annual Statistic Reports/Annual Stats FY 2025-2026/Final stats reports (for July 1)/Physical/UCB physical holdings and titles report",2,,,
"RF190-R1","Filter","inline","report_inline","UCLA User Group Categorization Report",1,"""Institution"".""Institution Name"" = 6533","","",,,1,190,"UCLA User Group Categorization Report","/shared/University of California System 01UCS_NETWORK/Reports/Local Requests/Annual Statistic Reports/Annual Stats FY 2025-2026/Preparation review reports/Fulfillment preparation review reports/UCLA User Group Categorization Report",1,,,
"RF191-R1","Filter","inline","report_inline","UCSD Risk Management Report",1,"""Institution"".""Institution Name"" IN (6535, 6532, 6533)","","",,"and",3,191,"UCSD Risk Management Report","/shared/University of California System 01UCS_NETWORK/Reports/Local Requests/Annual Statistic Reports/Annual Stats FY 2025-2026/Final stats reports (for July 1)/Risk Management/UCSD Risk Management Report",1,,,
"RF191-R2","Filter","inline","report_inline","UCSD Risk Management Report",2,"""Institution"".""Institution Name"" IN ('SLF-N', 'SLF-S', 'UCSD')","","",,"and",3,191,"UCSD Risk Management Report","/shared/University of California System 01UCS_NETWORK/Reports/Local Requests/Annual Statistic Reports/Annual Stats FY 2025-2026/Final stats reports (for July 1)/Risk Management/UCSD Risk Management Report",2,,,
"RF193-R1","Filter","inline","report_inline","UCSC Library Categorization Report",1,"""Institution"".""Institution Name"" IN (6532, 6533, 4876)","","",,"and",3,193,"UCSC Library Categorization Report","/shared/University of California System 01UCS_NETWORK/Reports/Local Requests/Annual Statistic Reports/Annual Stats FY 2025-2026/Preparation review reports/Physical preparation review reports/UCSC Library Categorization Report",1,,,
"RF193-R2","Filter","inline","report_inline","UCSC Library Categorization Report",2,"""Institution"".""Institution Name"" IN ('SLF-N', 'SLF-S', 'UCSC')","","",,"and",3,193,"UCSC Library Categorization Report","/shared/University of California System 01UCS_NETWORK/Reports/Local Requests/Annual Statistic Reports/Annual Stats FY 2025-2026/Preparation review reports/Physical preparation review reports/UCSC Library Categorization Report",2,,,
"RF194-R1","Filter","inline","report_inline","UCSD Physical Collection Usage",1,"""Institution"".""Institution Name"" = 6535","","",,"and",1,194,"UCSD Physical Collection Usage","/shared/University of California System 01UCS_NETWORK/Reports/Local Requests/Annual Statistic Reports/Annual Stats FY 2025-2026/Final stats reports (for July 1)/Physical Collection Usage/UCSD Physical Collection Usage",1,,,
"RF194-R3","Filter","inline","report_inline","UCSD Physical Collection Usage",3,"""Loan"".""Loans (Not In House)"" > 0","","",,"and",1,194,"UCSD Physical Collection Usage","/shared/University of California System 01UCS_NETWORK/Reports/Local Requests/Annual Statistic Reports/Annual Stats FY 2025-2026/Final stats reports (for July 1)/Physical Collection Usage/UCSD Physical Collection Usage",3,,,
"RF196-R1","Filter","inline","report_inline","UCSC eResources Comparison Report",1,"""Institution"".""Institution Name"" IN (4876, 6531)","","",,"and",2,196,"UCSC eResources Comparison Report","/shared/University of California System 01UCS_NETWORK/Reports/Local Requests/Annual Statistic Reports/Annual Stats FY 2025-2026/Final stats reports (for July 1)/eResources Comparison/UCSC eResources Comparison Report",1,,,
"RF196-R2","Filter","inline","report_inline","UCSC eResources Comparison Report",2,"""Institution"".""Institution Name"" IN ('Managed by CDL', 'Managed by UCSC')","","",,"and",2,196,"UCSC eResources Comparison Report","/shared/University of California System 01UCS_NETWORK/Reports/Local Requests/Annual Statistic Reports/Annual Stats FY 2025-2026/Final stats reports (for July 1)/eResources Comparison/UCSC eResources Comparison Report",2,,,
"RF197-R1","Filter","inline","report_inline","UCSC Electronic Holdings and Titles Report",1,"""Institution"".""Institution Name"" IN (4876, 6531)","","",,"and",2,197,"UCSC Electronic Holdings and Titles Report","/shared/University of California System 01UCS_NETWORK/Reports/Local Requests/Annual Statistic Reports/Annual Stats FY 2025-2026/Final stats reports (for July 1)/Electronic/UCSC Electronic Holdings and Titles Report",1,,,
"RF197-R2","Filter","inline","report_inline","UCSC Electronic Holdings and Titles Report",2,"""Institution"".""Institution Name"" IN ('Managed by CDL', 'Managed by UCSC')","","",,"and",2,197,"UCSC Electronic Holdings and Titles Report","/shared/University of California System 01UCS_NETWORK/Reports/Local Requests/Annual Statistic Reports/Annual Stats FY 2025-2026/Final stats reports (for July 1)/Electronic/UCSC Electronic Holdings and Titles Report",2,,,
"RF198-R1","Filter","inline","report_inline","UCSC eResources Library Categorization Report",1,"""Institution"".""Institution Name"" = 4876","","",,,1,198,"UCSC eResources Library Categorization Report","/shared/University of California System 01UCS_NETWORK/Reports/Local Requests/Annual Statistic Reports/Annual Stats FY 2025-2026/Preparation review reports/Electronic preparation review reports/UCSC eResources Library Categorization Report",1,,,
"RF199-R1","Filter","inline","report_inline","UCD Physical Holdings and Titles Report",1,"""Institution"".""Institution Name"" IN (6532, 3126, 6533)","","",,"and",3,199,"UCD Physical Holdings and Titles Report","/shared/University of California System 01UCS_NETWORK/Reports/Local Requests/Annual Statistic Reports/Annual Stats FY 2025-2026/Final stats reports (for July 1)/Physical/UCD Physical Holdings and Titles Report",1,,,
"RF199-R2","Filter","inline","report_inline","UCD Physical Holdings and Titles Report",2,"""Institution"".""Institution Name"" IN ('SLF-N', 'SLF-S', 'UCD')","","",,"and",3,199,"UCD Physical Holdings and Titles Report","/shared/University of California System 01UCS_NETWORK/Reports/Local Requests/Annual Statistic Reports/Annual Stats FY 2025-2026/Final stats reports (for July 1)/Physical/UCD Physical Holdings and Titles Report",2,,,
"RF201-R1","Filter","inline","report_inline","UCSD eResources Comparison Report",1,"""Institution"".""Institution Name"" IN (6535, 6531)","","",,"and",2,201,"UCSD eResources Comparison Report","/shared/University of California System 01UCS_NETWORK/Reports/Local Requests/Annual Statistic Reports/Annual Stats FY 2025-2026/Final stats reports (for July 1)/eResources Comparison/UCSD eResources Comparison Report",1,,,
"RF201-R2","Filter","inline","report_inline","UCSD eResources Comparison Report",2,"""Institution"".""Institution Name"" IN ('Managed by CDL', 'Managed by UCSD')","","",,"and",2,201,"UCSD eResources Comparison Report","/shared/University of California System 01UCS_NETWORK/Reports/Local Requests/Annual Statistic Reports/Annual Stats FY 2025-2026/Final stats reports (for July 1)/eResources Comparison/UCSD eResources Comparison Report",2,,,
"RF202-R1","Filter","inline","report_inline","UCM Check-Out Type Categorization Report",1,"""Institution"".""Institution Name"" = 6534","","",,"and",1,202,"UCM Check-Out Type Categorization Report","/shared/University of California System 01UCS_NETWORK/Reports/Local Requests/Annual Statistic Reports/Annual Stats FY 2025-2026/Preparation review reports/Fulfillment preparation review reports/UCM Check-Out Type Categorization Report",1,,,
"RF202-R3","Filter","inline","report_inline","UCM Check-Out Type Categorization Report",3,"""Loan Details"".""In House Loan Indicator"" = 'N'","","",,"and",1,202,"UCM Check-Out Type Categorization Report","/shared/University of California System 01UCS_NETWORK/Reports/Local Requests/Annual Statistic Reports/Annual Stats FY 2025-2026/Preparation review reports/Fulfillment preparation review reports/UCM Check-Out Type Categorization Report",3,,,
"RF204-R1","Filter","inline","report_inline","UCSD Library Categorization Report",1,"""Institution"".""Institution Name"" IN (6535, 6532, 6533)","","",,"and",3,204,"UCSD Library Categorization Report","/shared/University of California System 01UCS_NETWORK/Reports/Local Requests/Annual Statistic Reports/Annual Stats FY 2025-2026/Preparation review reports/Physical preparation review reports/UCSD Library Categorization Report",1,,,
"RF204-R2","Filter","inline","report_inline","UCSD Library Categorization Report",2,"""Institution"".""Institution Name"" IN ('SLF-N', 'SLF-S', 'UCSD')","","",,"and",3,204,"UCSD Library Categorization Report","/shared/University of California System 01UCS_NETWORK/Reports/Local Requests/Annual Statistic Reports/Annual Stats FY 2025-2026/Preparation review reports/Physical preparation review reports/UCSD Library Categorization Report",2,,,
"RF205-R1","Filter","inline","report_inline","UCSF Risk Management Report",1,"""Institution"".""Institution Name"" IN (6532, 6533, 6536)","","",,"and",3,205,"UCSF Risk Management Report","/shared/University of California System 01UCS_NETWORK/Reports/Local Requests/Annual Statistic Reports/Annual Stats FY 2025-2026/Final stats reports (for July 1)/Risk Management/UCSF Risk Management Report",1,,,
"RF205-R2","Filter","inline","report_inline","UCSF Risk Management Report",2,"""Institution"".""Institution Name"" IN ('SLF-N', 'SLF-S', 'UCSF')","","",,"and",3,205,"UCSF Risk Management Report","/shared/University of California System 01UCS_NETWORK/Reports/Local Requests/Annual Statistic Reports/Annual Stats FY 2025-2026/Final stats reports (for July 1)/Risk Management/UCSF Risk Management Report",2,,,
"RF206-R1","Filter","inline","report_inline","UCSD eResources Library Categorization Report",1,"""Institution"".""Institution Name"" = 6535","","",,,1,206,"UCSD eResources Library Categorization Report","/shared/University of California System 01UCS_NETWORK/Reports/Local Requests/Annual Statistic Reports/Annual Stats FY 2025-2026/Preparation review reports/Electronic preparation review reports/UCSD eResources Library Categorization Report",1,,,
"RF207-R1","Filter","inline","report_inline","UCSD Electronic Holdings and Titles Report",1,"""Institution"".""Institution Name"" IN (6535, 6531)","","",,"and",2,207,"UCSD Electronic Holdings and Titles Report","/shared/University of California System 01UCS_NETWORK/Reports/Local Requests/Annual Statistic Reports/Annual Stats FY 2025-2026/Final stats reports (for July 1)/Electronic/UCSD Electronic Holdings and Titles Report",1,,,
"RF207-R2","Filter","inline","report_inline","UCSD Electronic Holdings and Titles Report",2,"""Institution"".""Institution Name"" IN ('Managed by CDL', 'Managed by UCSD')","","",,"and",2,207,"UCSD Electronic Holdings and Titles Report","/shared/University of California System 01UCS_NETWORK/Reports/Local Requests/Annual Statistic Reports/Annual Stats FY 2025-2026/Final stats reports (for July 1)/Electronic/UCSD Electronic Holdings and Titles Report",2,,,
"RF208-R1","Filter","inline","report_inline","UCSF Physical Collection Usage",1,"""Institution"".""Institution Name"" = 6536","","",,"and",1,208,"UCSF Physical Collection Usage","/shared/University of California System 01UCS_NETWORK/Reports/Local Requests/Annual Statistic Reports/Annual Stats FY 2025-2026/Final stats reports (for July 1)/Physical Collection Usage/UCSF Physical Collection Usage",1,,,
"RF208-R3","Filter","inline","report_inline","UCSF Physical Collection Usage",3,"""Loan"".""Loans (Not In House)"" > 0","","",,"and",1,208,"UCSF Physical Collection Usage","/shared/University of California System 01UCS_NETWORK/Reports/Local Requests/Annual Statistic Reports/Annual Stats FY 2025-2026/Final stats reports (for July 1)/Physical Collection Usage/UCSF Physical Collection Usage",3,,,
"RF211-R1","Filter","inline","report_inline","UCSF eResources Library Categorization Report",1,"""Institution"".""Institution Name"" = 6536","","",,,1,211,"UCSF eResources Library Categorization Report","/shared/University of California System 01UCS_NETWORK/Reports/Local Requests/Annual Statistic Reports/Annual Stats FY 2025-2026/Preparation review reports/Electronic preparation review reports/UCSF eResources Library Categorization Report",1,,,
"RF212-R1","Filter","inline","report_inline","UCM User Group categorization report",1,"""Institution"".""Institution Name"" = 6534","","",,,1,212,"UCM User Group categorization report","/shared/University of California System 01UCS_NETWORK/Reports/Local Requests/Annual Statistic Reports/Annual Stats FY 2025-2026/Preparation review reports/Fulfillment preparation review reports/UCM User Group categorization report",1,,,
"RF213-R1","Filter","inline","report_inline","UCSF Library Categorization Report",1,"""Institution"".""Institution Name"" IN (6532, 6533, 6536)","","",,"and",3,213,"UCSF Library Categorization Report","/shared/University of California System 01UCS_NETWORK/Reports/Local Requests/Annual Statistic Reports/Annual Stats FY 2025-2026/Preparation review reports/Physical preparation review reports/UCSF Library Categorization Report",1,,,
"RF213-R2","Filter","inline","report_inline","UCSF Library Categorization Report",2,"""Institution"".""Institution Name"" IN ('SLF-N', 'SLF-S', 'UCSF')","","",,"and",3,213,"UCSF Library Categorization Report","/shared/University of California System 01UCS_NETWORK/Reports/Local Requests/Annual Statistic Reports/Annual Stats FY 2025-2026/Preparation review reports/Physical preparation review reports/UCSF Library Categorization Report",2,,,
"RF214-R1","Filter","inline","report_inline","UCSF Electronic Holdings and Titles Report",1,"""Institution"".""Institution Name"" IN (6536, 6531)","","",,"and",2,214,"UCSF Electronic Holdings and Titles Report","/shared/University of California System 01UCS_NETWORK/Reports/Local Requests/Annual Statistic Reports/Annual Stats FY 2025-2026/Final stats reports (for July 1)/Electronic/UCSF Electronic Holdings and Titles Report",1,,,
"RF214-R2","Filter","inline","report_inline","UCSF Electronic Holdings and Titles Report",2,"""Institution"".""Institution Name"" IN ('Managed by CDL', 'Managed by UCSF')","","",,"and",2,214,"UCSF Electronic Holdings and Titles Report","/shared/University of California System 01UCS_NETWORK/Reports/Local Requests/Annual Statistic Reports/Annual Stats FY 2025-2026/Final stats reports (for July 1)/Electronic/UCSF Electronic Holdings and Titles Report",2,,,
"RF215-R1","Filter","inline","report_inline","UCSF eResources Comparison Report",1,"""Institution"".""Institution Name"" IN (6536, 6531)","","",,"and",2,215,"UCSF eResources Comparison Report","/shared/University of California System 01UCS_NETWORK/Reports/Local Requests/Annual Statistic Reports/Annual Stats FY 2025-2026/Final stats reports (for July 1)/eResources Comparison/UCSF eResources Comparison Report",1,,,
"RF215-R2","Filter","inline","report_inline","UCSF eResources Comparison Report",2,"""Institution"".""Institution Name"" IN ('Managed by CDL', 'Managed by UCSF')","","",,"and",2,215,"UCSF eResources Comparison Report","/shared/University of California System 01UCS_NETWORK/Reports/Local Requests/Annual Statistic Reports/Annual Stats FY 2025-2026/Final stats reports (for July 1)/eResources Comparison/UCSF eResources Comparison Report",2,,,
"RF216-R1","Filter","inline","report_inline","UCI Physical Holdings and Titles Report",1,"""Institution"".""Institution Name"" IN (6532, 4701, 6533)","","",,"and",3,216,"UCI Physical Holdings and Titles Report","/shared/University of California System 01UCS_NETWORK/Reports/Local Requests/Annual Statistic Reports/Annual Stats FY 2025-2026/Final stats reports (for July 1)/Physical/UCI Physical Holdings and Titles Report",1,,,
"RF216-R2","Filter","inline","report_inline","UCI Physical Holdings and Titles Report",2,"""Institution"".""Institution Name"" IN ('SLF-N', 'SLF-S', 'UCI')","","",,"and",3,216,"UCI Physical Holdings and Titles Report","/shared/University of California System 01UCS_NETWORK/Reports/Local Requests/Annual Statistic Reports/Annual Stats FY 2025-2026/Final stats reports (for July 1)/Physical/UCI Physical Holdings and Titles Report",2,,,
"RF219-R1","Filter","inline","report_inline","UCI Physical Holdings and Titles Report - all data with all exclusions noted",1,"""Institution"".""Institution Name"" = 4701","","",,,1,219,"UCI Physical Holdings and Titles Report - all data with all exclusions noted","/shared/University of California System 01UCS_NETWORK/Reports/Local Requests/Annual Statistic Reports/Annual Stats FY 2025-2026/Final stats reports (for July 1)/Physical/UCI Physical Holdings and Titles Report - all data with all exclusions noted",1,,,
"RF220-R1","Filter","inline","report_inline","UCR Check-Out Type Categorization Report",1,"""Institution"".""Institution Name"" = 4706","","",,"and",1,220,"UCR Check-Out Type Categorization Report","/shared/University of California System 01UCS_NETWORK/Reports/Local Requests/Annual Statistic Reports/Annual Stats FY 2025-2026/Preparation review reports/Fulfillment preparation review reports/UCR Check-Out Type Categorization Report",1,,,
"RF220-R3","Filter","inline","report_inline","UCR Check-Out Type Categorization Report",3,"""Loan Details"".""In House Loan Indicator"" = 'N'","","",,"and",1,220,"UCR Check-Out Type Categorization Report","/shared/University of California System 01UCS_NETWORK/Reports/Local Requests/Annual Statistic Reports/Annual Stats FY 2025-2026/Preparation review reports/Fulfillment preparation review reports/UCR Check-Out Type Categorization Report",3,,,
"RF221-R1","Filter","inline","report_inline","UCR User Group categorization report",1,"""Institution"".""Institution Name"" = 4706","","",,,1,221,"UCR User Group categorization report","/shared/University of California System 01UCS_NETWORK/Reports/Local Requests/Annual Statistic Reports/Annual Stats FY 2025-2026/Preparation review reports/Fulfillment preparation review reports/UCR User Group categorization report",1,,,
"RF223-R1","Filter","inline","report_inline","UCLA Physical Holdings and Titles Report",1,"""Institution"".""Institution Name"" IN (6532, 6533)","","",,"and",2,223,"UCLA Physical Holdings and Titles Report","/shared/University of California System 01UCS_NETWORK/Reports/Local Requests/Annual Statistic Reports/Annual Stats FY 2025-2026/Final stats reports (for July 1)/Physical/UCLA Physical Holdings and Titles Report",1,,,
"RF223-R5","Filter","inline","report_inline","UCLA Physical Holdings and Titles Report",5,"""Institution"".""Institution Name"" IN ('SLF-N', 'SLF-S', 'UCLA')","","",,"and",3,223,"UCLA Physical Holdings and Titles Report","/shared/University of California System 01UCS_NETWORK/Reports/Local Requests/Annual Statistic Reports/Annual Stats FY 2025-2026/Final stats reports (for July 1)/Physical/UCLA Physical Holdings and Titles Report",5,,,
"RF225-R1","Filter","inline","report_inline","UCM Physical Holdings and Titles Report",1,"""Institution"".""Institution Name"" IN (6532, 6533, 6534)","","",,"and",3,225,"UCM Physical Holdings and Titles Report","/shared/University of California System 01UCS_NETWORK/Reports/Local Requests/Annual Statistic Reports/Annual Stats FY 2025-2026/Final stats reports (for July 1)/Physical/UCM Physical Holdings and Titles Report",1,,,
"RF225-R2","Filter","inline","report_inline","UCM Physical Holdings and Titles Report",2,"""Institution"".""Institution Name"" IN ('SLF-S', 'UCM')","","",,"and",2,225,"UCM Physical Holdings and Titles Report","/shared/University of California System 01UCS_NETWORK/Reports/Local Requests/Annual Statistic Reports/Annual Stats FY 2025-2026/Final stats reports (for July 1)/Physical/UCM Physical Holdings and Titles Report",2,,,
"RF227-R1","Filter","inline","report_inline","UCR Physical Holdings and Titles Report",1,"""Institution"".""Institution Name"" IN (6532, 6533, 4706)","","",,"and",3,227,"UCR Physical Holdings and Titles Report","/shared/University of California System 01UCS_NETWORK/Reports/Local Requests/Annual Statistic Reports/Annual Stats FY 2025-2026/Final stats reports (for July 1)/Physical/UCR Physical Holdings and Titles Report",1,,,
"RF227-R2","Filter","inline","report_inline","UCR Physical Holdings and Titles Report",2,"""Institution"".""Institution Name"" IN ('SLF-N', 'SLF-S', 'UCR')","","",,"and",3,227,"UCR Physical Holdings and Titles Report","/shared/University of California System 01UCS_NETWORK/Reports/Local Requests/Annual Statistic Reports/Annual Stats FY 2025-2026/Final stats reports (for July 1)/Physical/UCR Physical Holdings and Titles Report",2,,,
"RF228-R1","Filter","inline","report_inline","UCSB Check-Out Type Categorization Report",1,"""Institution"".""Institution Name"" = 3776","","",,"and",1,228,"UCSB Check-Out Type Categorization Report","/shared/University of California System 01UCS_NETWORK/Reports/Local Requests/Annual Statistic Reports/Annual Stats FY 2025-2026/Preparation review reports/Fulfillment preparation review reports/UCSB Check-Out Type Categorization Report",1,,,
"RF228-R3","Filter","inline","report_inline","UCSB Check-Out Type Categorization Report",3,"""Loan Details"".""In House Loan Indicator"" = 'N'","","",,"and",1,228,"UCSB Check-Out Type Categorization Report","/shared/University of California System 01UCS_NETWORK/Reports/Local Requests/Annual Statistic Reports/Annual Stats FY 2025-2026/Preparation review reports/Fulfillment preparation review reports/UCSB Check-Out Type Categorization Report",3,,,
"RF230-R1","Filter","inline","report_inline","UCSB Physical Holdings and Titles Report",1,"""Institution"".""Institution Name"" IN (6532, 6533, 3776)","","",,"and",3,230,"UCSB Physical Holdings and Titles Report","/shared/University of California System 01UCS_NETWORK/Reports/Local Requests/Annual Statistic Reports/Annual Stats FY 2025-2026/Final stats reports (for July 1)/Physical/UCSB Physical Holdings and Titles Report",1,,,
"RF230-R2","Filter","inline","report_inline","UCSB Physical Holdings and Titles Report",2,"""Institution"".""Institution Name"" IN ('SLF-N', 'SLF-S', 'UCSB')","","",,"and",3,230,"UCSB Physical Holdings and Titles Report","/shared/University of California System 01UCS_NETWORK/Reports/Local Requests/Annual Statistic Reports/Annual Stats FY 2025-2026/Final stats reports (for July 1)/Physical/UCSB Physical Holdings and Titles Report",2,,,
"RF231-R1","Filter","inline","report_inline","UCSB User Group Categorization Report",1,"""Institution"".""Institution Name"" = 3776","","",,,1,231,"UCSB User Group Categorization Report","/shared/University of California System 01UCS_NETWORK/Reports/Local Requests/Annual Statistic Reports/Annual Stats FY 2025-2026/Preparation review reports/Fulfillment preparation review reports/UCSB User Group Categorization Report",1,,,
"RF232-R1","Filter","inline","report_inline","UCSC Physical Holdings and Titles Report",1,"""Institution"".""Institution Name"" IN (6532, 6533, 4876)","","",,"and",3,232,"UCSC Physical Holdings and Titles Report","/shared/University of California System 01UCS_NETWORK/Reports/Local Requests/Annual Statistic Reports/Annual Stats FY 2025-2026/Final stats reports (for July 1)/Physical/UCSC Physical Holdings and Titles Report",1,,,
"RF232-R2","Filter","inline","report_inline","UCSC Physical Holdings and Titles Report",2,"""Institution"".""Institution Name"" IN ('SLF-N', 'SLF-S', 'UCSC')","","",,"and",3,232,"UCSC Physical Holdings and Titles Report","/shared/University of California System 01UCS_NETWORK/Reports/Local Requests/Annual Statistic Reports/Annual Stats FY 2025-2026/Final stats reports (for July 1)/Physical/UCSC Physical Holdings and Titles Report",2,,,
"RF234-R1","Filter","inline","report_inline","UCSD Physical Holdings and Titles Report",1,"""Institution"".""Institution Name"" IN (6535, 6532, 6533)","","",,"and",3,234,"UCSD Physical Holdings and Titles Report","/shared/University of California System 01UCS_NETWORK/Reports/Local Requests/Annual Statistic Reports/Annual Stats FY 2025-2026/Final stats reports (for July 1)/Physical/UCSD Physical Holdings and Titles Report",1,,,
"RF234-R2","Filter","inline","report_inline","UCSD Physical Holdings and Titles Report",2,"""Institution"".""Institution Name"" IN ('SLF-N', 'SLF-S', 'UCSD')","","",,"and",3,234,"UCSD Physical Holdings and Titles Report","/shared/University of California System 01UCS_NETWORK/Reports/Local Requests/Annual Statistic Reports/Annual Stats FY 2025-2026/Final stats reports (for July 1)/Physical/UCSD Physical Holdings and Titles Report",2,,,
"RF236-R1","Filter","inline","report_inline","UCSC Check-Out Type Categorization Report",1,"""Institution"".""Institution Name"" = 4876","","",,"and",1,236,"UCSC Check-Out Type Categorization Report","/shared/University of California System 01UCS_NETWORK/Reports/Local Requests/Annual Statistic Reports/Annual Stats FY 2025-2026/Preparation review reports/Fulfillment preparation review reports/UCSC Check-Out Type Categorization Report",1,,,
"RF236-R3","Filter","inline","report_inline","UCSC Check-Out Type Categorization Report",3,"""Loan Details"".""In House Loan Indicator"" = 'N'","","",,"and",1,236,"UCSC Check-Out Type Categorization Report","/shared/University of California System 01UCS_NETWORK/Reports/Local Requests/Annual Statistic Reports/Annual Stats FY 2025-2026/Preparation review reports/Fulfillment preparation review reports/UCSC Check-Out Type Categorization Report",3,,,
"RF237-R1","Filter","inline","report_inline","UCSC User Group Categorization Report",1,"""Institution"".""Institution Name"" = 4876","","",,,1,237,"UCSC User Group Categorization Report","/shared/University of California System 01UCS_NETWORK/Reports/Local Requests/Annual Statistic Reports/Annual Stats FY 2025-2026/Preparation review reports/Fulfillment preparation review reports/UCSC User Group Categorization Report",1,,,
"RF238-R1","Filter","inline","report_inline","UCSF Physical Holdings and Titles Report",1,"""Institution"".""Institution Name"" IN (6532, 6533, 6536)","","",,"and",3,238,"UCSF Physical Holdings and Titles Report","/shared/University of California System 01UCS_NETWORK/Reports/Local Requests/Annual Statistic Reports/Annual Stats FY 2025-2026/Final stats reports (for July 1)/Physical/UCSF Physical Holdings and Titles Report",1,,,
"RF238-R2","Filter","inline","report_inline","UCSF Physical Holdings and Titles Report",2,"""Institution"".""Institution Name"" IN ('SLF-N', 'SLF-S', 'UCSF')","","",,"and",3,238,"UCSF Physical Holdings and Titles Report","/shared/University of California System 01UCS_NETWORK/Reports/Local Requests/Annual Statistic Reports/Annual Stats FY 2025-2026/Final stats reports (for July 1)/Physical/UCSF Physical Holdings and Titles Report",2,,,
"RF241-R1","Filter","inline","report_inline","zz_old_UCI testing updated SCA exclusion filter",1,"""Institution"".""Institution Name"" = 4701","","",,"and",1,241,"zz_old_UCI testing updated SCA exclusion filter","/shared/University of California System 01UCS_NETWORK/Reports/Local Requests/Annual Statistic Reports/Annual Stats FY 2025-2026/Final stats reports (for July 1)/Physical/zz_old_UCI testing updated SCA exclusion filter",1,,,
"RF243-R1","Filter","inline","report_inline","UCSD Check-Out Type Categorization Report",1,"""Institution"".""Institution Name"" = 6535","","",,"and",1,243,"UCSD Check-Out Type Categorization Report","/shared/University of California System 01UCS_NETWORK/Reports/Local Requests/Annual Statistic Reports/Annual Stats FY 2025-2026/Preparation review reports/Fulfillment preparation review reports/UCSD Check-Out Type Categorization Report",1,,,
"RF243-R3","Filter","inline","report_inline","UCSD Check-Out Type Categorization Report",3,"""Loan Details"".""In House Loan Indicator"" = 'N'","","",,"and",1,243,"UCSD Check-Out Type Categorization Report","/shared/University of California System 01UCS_NETWORK/Reports/Local Requests/Annual Statistic Reports/Annual Stats FY 2025-2026/Preparation review reports/Fulfillment preparation review reports/UCSD Check-Out Type Categorization Report",3,,,
"RF245-R1","Filter","inline","report_inline","UCSD User Group Categorization Report",1,"""Institution"".""Institution Name"" = 6535","","",,,1,245,"UCSD User Group Categorization Report","/shared/University of California System 01UCS_NETWORK/Reports/Local Requests/Annual Statistic Reports/Annual Stats FY 2025-2026/Preparation review reports/Fulfillment preparation review reports/UCSD User Group Categorization Report",1,,,
"RF247-R1","Filter","inline","report_inline","UCSF Check-Out Type Categorization Report",1,"""Institution"".""Institution Name"" = 6536","","",,"and",1,247,"UCSF Check-Out Type Categorization Report","/shared/University of California System 01UCS_NETWORK/Reports/Local Requests/Annual Statistic Reports/Annual Stats FY 2025-2026/Preparation review reports/Fulfillment preparation review reports/UCSF Check-Out Type Categorization Report",1,,,
"RF247-R3","Filter","inline","report_inline","UCSF Check-Out Type Categorization Report",3,"""Loan Details"".""In House Loan Indicator"" = 'N'","","",,"and",1,247,"UCSF Check-Out Type Categorization Report","/shared/University of California System 01UCS_NETWORK/Reports/Local Requests/Annual Statistic Reports/Annual Stats FY 2025-2026/Preparation review reports/Fulfillment preparation review reports/UCSF Check-Out Type Categorization Report",3,,,
"RF248-R1","Filter","inline","report_inline","UCSF User Group Categorization Report",1,"""Institution"".""Institution Name"" = 6536","","",,,1,248,"UCSF User Group Categorization Report","/shared/University of California System 01UCS_NETWORK/Reports/Local Requests/Annual Statistic Reports/Annual Stats FY 2025-2026/Preparation review reports/Fulfillment preparation review reports/UCSF User Group Categorization Report",1,,,
"F1-C1","Filter","standalone_saved_object","standalone_saved_object","Fulfillment - FY 2025-26 Loans",1,"""Loan Date"".""Loan Date"" between '2025-07-01', '2026-06-30'","","",,,2,,,,,226,"Fulfillment - FY 2025-26 Loans","/shared/University of California System 01UCS_NETWORK/Reports/Local Requests/Annual Statistic Reports/Annual Stats FY 2025-2026/Fulfillment - FY 2025-26 Loans"
"F2-C2","Filter","standalone_saved_object","standalone_saved_object","Physical - Global stats physical filters",1,"""Physical Item Details"".""Lifecycle"" = 'Active'","","",,"and",0,,,,,264,"Physical - Global stats physical filters","/shared/University of California System 01UCS_NETWORK/Reports/Local Requests/Annual Statistic Reports/Annual Stats FY 2025-2026/Physical - Global stats physical filters"
"F2-C3","Filter","standalone_saved_object","standalone_saved_object","Physical - Global stats physical filters",2,"""Bibliographic Details"".""Resource Type"" IS NOT NULL","","",,"and",0,,,,,264,"Physical - Global stats physical filters","/shared/University of California System 01UCS_NETWORK/Reports/Local Requests/Annual Statistic Reports/Annual Stats FY 2025-2026/Physical - Global stats physical filters"
"F2-C4","Filter","standalone_saved_object","standalone_saved_object","Physical - Global stats physical filters",3,"""Location"".""Library Code (Active)"" IS NOT NULL","","",,"and",0,,,,,264,"Physical - Global stats physical filters","/shared/University of California System 01UCS_NETWORK/Reports/Local Requests/Annual Statistic Reports/Annual Stats FY 2025-2026/Physical - Global stats physical filters"
"F2-C5","Filter","standalone_saved_object","standalone_saved_object","Physical - Global stats physical filters",4,"""Location"".""Library Code"" <> 'RES_SHARE'","","",,"and",0,,,,,264,"Physical - Global stats physical filters","/shared/University of California System 01UCS_NETWORK/Reports/Local Requests/Annual Statistic Reports/Annual Stats FY 2025-2026/Physical - Global stats physical filters"
"F2-C6","Filter","standalone_saved_object","standalone_saved_object","Physical - Global stats physical filters",5,"""Location"".""Library Code"" NOT LIKE '%equip%'","","",,"and",0,,,,,264,"Physical - Global stats physical filters","/shared/University of California System 01UCS_NETWORK/Reports/Local Requests/Annual Statistic Reports/Annual Stats FY 2025-2026/Physical - Global stats physical filters"
"F2-C7","Filter","standalone_saved_object","standalone_saved_object","Physical - Global stats physical filters",6,"""Location"".""Library Name"" NOT LIKE '%equip%'","","",,"and",0,,,,,264,"Physical - Global stats physical filters","/shared/University of California System 01UCS_NETWORK/Reports/Local Requests/Annual Statistic Reports/Annual Stats FY 2025-2026/Physical - Global stats physical filters"
"F2-C8","Filter","standalone_saved_object","standalone_saved_object","Physical - Global stats physical filters",7,"""Location"".""Location Code"" <> 'UNASSIGNED'","","",,"and",0,,,,,264,"Physical - Global stats physical filters","/shared/University of California System 01UCS_NETWORK/Reports/Local Requests/Annual Statistic Reports/Annual Stats FY 2025-2026/Physical - Global stats physical filters"
"F2-C9","Filter","standalone_saved_object","standalone_saved_object","Physical - Global stats physical filters",8,"""Location"".""Location Code"" NOT LIKE '%equip%'","","",,"and",0,,,,,264,"Physical - Global stats physical filters","/shared/University of California System 01UCS_NETWORK/Reports/Local Requests/Annual Statistic Reports/Annual Stats FY 2025-2026/Physical - Global stats physical filters"
"F2-C10","Filter","standalone_saved_object","standalone_saved_object","Physical - Global stats physical filters",9,"""Location"".""Location Name"" NOT LIKE '%ithdraw%'","","",,"and",0,,,,,264,"Physical - Global stats physical filters","/shared/University of California System 01UCS_NETWORK/Reports/Local Requests/Annual Statistic Reports/Annual Stats FY 2025-2026/Physical - Global stats physical filters"
"F2-C11","Filter","standalone_saved_object","standalone_saved_object","Physical - Global stats physical filters",10,"""Location"".""Location Name"" NOT LIKE '%equip%'","","",,"and",0,,,,,264,"Physical - Global stats physical filters","/shared/University of California System 01UCS_NETWORK/Reports/Local Requests/Annual Statistic Reports/Annual Stats FY 2025-2026/Physical - Global stats physical filters"
"F2-C12","Filter","standalone_saved_object","standalone_saved_object","Physical - Global stats physical filters",11,"""Physical Item Details"".""Physical Item Id"" NOT IN ('-1', '0')","","",,"and",0,,,,,264,"Physical - Global stats physical filters","/shared/University of California System 01UCS_NETWORK/Reports/Local Requests/Annual Statistic Reports/Annual Stats FY 2025-2026/Physical - Global stats physical filters"
"F2-C13","Filter","standalone_saved_object","standalone_saved_object","Physical - Global stats physical filters",12,"""Physical Item Details"".""Item Policy"" NOT LIKE '%equip%'","","",,"and",0,,,,,264,"Physical - Global stats physical filters","/shared/University of California System 01UCS_NETWORK/Reports/Local Requests/Annual Statistic Reports/Annual Stats FY 2025-2026/Physical - Global stats physical filters"
"F2-C14","Filter","standalone_saved_object","standalone_saved_object","Physical - Global stats physical filters",13,"""Holdings Details"".""Suppressed from Discovery"" = 0","","",,"and",0,,,,,264,"Physical - Global stats physical filters","/shared/University of California System 01UCS_NETWORK/Reports/Local Requests/Annual Statistic Reports/Annual Stats FY 2025-2026/Physical - Global stats physical filters"
"F2-C15","Filter","standalone_saved_object","standalone_saved_object","Physical - Global stats physical filters",14,"""Holdings Details"".""Suppressed from Discovery by Suppressed Location"" = 'No'","","",,"and",0,,,,,264,"Physical - Global stats physical filters","/shared/University of California System 01UCS_NETWORK/Reports/Local Requests/Annual Statistic Reports/Annual Stats FY 2025-2026/Physical - Global stats physical filters"
"F2-C16","Filter","standalone_saved_object","standalone_saved_object","Physical - Global stats physical filters",15,"""Location"".""Suppressed from Discovery"" = 'No'","","",,"and",0,,,,,264,"Physical - Global stats physical filters","/shared/University of California System 01UCS_NETWORK/Reports/Local Requests/Annual Statistic Reports/Annual Stats FY 2025-2026/Physical - Global stats physical filters"
"F2-C17","Filter","standalone_saved_object","standalone_saved_object","Physical - Global stats physical filters",16,"""Bibliographic Details"".""Suppressed From Discovery"" = 'No'","","",,"and",0,,,,,264,"Physical - Global stats physical filters","/shared/University of California System 01UCS_NETWORK/Reports/Local Requests/Annual Statistic Reports/Annual Stats FY 2025-2026/Physical - Global stats physical filters"
"F3-C18","Filter","standalone_saved_object","standalone_saved_object","Physical - SLF-N FY 2026 accessions",1,"""Physical Item Details"".""Lifecycle"" = 'Active'","","",,"and",1,,,,,267,"Physical - SLF-N FY 2026 accessions","/shared/University of California System 01UCS_NETWORK/Reports/Local Requests/Annual Statistic Reports/Annual Stats FY 2025-2026/Physical - SLF-N FY 2026 accessions"
"F3-C19","Filter","standalone_saved_object","standalone_saved_object","Physical - SLF-N FY 2026 accessions",2,"""Physical Item Details"".""Barcode"" between '$D 130 631', '$D 130 999'","","",,"or",2,,,,,267,"Physical - SLF-N FY 2026 accessions","/shared/University of California System 01UCS_NETWORK/Reports/Local Requests/Annual Statistic Reports/Annual Stats FY 2025-2026/Physical - SLF-N FY 2026 accessions"
"F3-C20","Filter","standalone_saved_object","standalone_saved_object","Physical - SLF-N FY 2026 accessions",3,"""Physical Item Details"".""Barcode"" between '$D 131 000', '$D 131 999'","","",,"or",2,,,,,267,"Physical - SLF-N FY 2026 accessions","/shared/University of California System 01UCS_NETWORK/Reports/Local Requests/Annual Statistic Reports/Annual Stats FY 2025-2026/Physical - SLF-N FY 2026 accessions"
"F3-C21","Filter","standalone_saved_object","standalone_saved_object","Physical - SLF-N FY 2026 accessions",4,"""Physical Item Details"".""Barcode"" between '$D 132 000', '$D 132 991'","","",,"or",2,,,,,267,"Physical - SLF-N FY 2026 accessions","/shared/University of California System 01UCS_NETWORK/Reports/Local Requests/Annual Statistic Reports/Annual Stats FY 2025-2026/Physical - SLF-N FY 2026 accessions"
"F3-C22","Filter","standalone_saved_object","standalone_saved_object","Physical - SLF-N FY 2026 accessions",5,"""Physical Item Details"".""Barcode"" between 'A 2 539 991', 'A 2 540 384'","","",,"or",2,,,,,267,"Physical - SLF-N FY 2026 accessions","/shared/University of California System 01UCS_NETWORK/Reports/Local Requests/Annual Statistic Reports/Annual Stats FY 2025-2026/Physical - SLF-N FY 2026 accessions"
"F3-C23","Filter","standalone_saved_object","standalone_saved_object","Physical - SLF-N FY 2026 accessions",6,"""Physical Item Details"".""Barcode"" between 'CT 5 031 021', 'CT 5 044 752'","","",,"or",2,,,,,267,"Physical - SLF-N FY 2026 accessions","/shared/University of California System 01UCS_NETWORK/Reports/Local Requests/Annual Statistic Reports/Annual Stats FY 2025-2026/Physical - SLF-N FY 2026 accessions"
"F3-C24","Filter","standalone_saved_object","standalone_saved_object","Physical - SLF-N FY 2026 accessions",7,"""Physical Item Details"".""Barcode"" between 'CT 5 045 001', 'CT 5 045 100'","","",,"or",2,,,,,267,"Physical - SLF-N FY 2026 accessions","/shared/University of California System 01UCS_NETWORK/Reports/Local Requests/Annual Statistic Reports/Annual Stats FY 2025-2026/Physical - SLF-N FY 2026 accessions"
"F3-C25","Filter","standalone_saved_object","standalone_saved_object","Physical - SLF-N FY 2026 accessions",8,"""Physical Item Details"".""Barcode"" between 'D 2 648 821', 'D 2 650 043'","","",,"or",2,,,,,267,"Physical - SLF-N FY 2026 accessions","/shared/University of California System 01UCS_NETWORK/Reports/Local Requests/Annual Statistic Reports/Annual Stats FY 2025-2026/Physical - SLF-N FY 2026 accessions"
"F3-C26","Filter","standalone_saved_object","standalone_saved_object","Physical - SLF-N FY 2026 accessions",9,"""Physical Item Details"".""Barcode"" between 'GR 44', 'GR 46'","","",,"or",2,,,,,267,"Physical - SLF-N FY 2026 accessions","/shared/University of California System 01UCS_NETWORK/Reports/Local Requests/Annual Statistic Reports/Annual Stats FY 2025-2026/Physical - SLF-N FY 2026 accessions"
"F3-C27","Filter","standalone_saved_object","standalone_saved_object","Physical - SLF-N FY 2026 accessions",10,"""Physical Item Details"".""Barcode"" between 'JR 129 185', 'JR 129 185'","","",,"or",2,,,,,267,"Physical - SLF-N FY 2026 accessions","/shared/University of California System 01UCS_NETWORK/Reports/Local Requests/Annual Statistic Reports/Annual Stats FY 2025-2026/Physical - SLF-N FY 2026 accessions"
"F3-C28","Filter","standalone_saved_object","standalone_saved_object","Physical - SLF-N FY 2026 accessions",11,"""Physical Item Details"".""Barcode"" between 'JS 89 829', 'JS 89 893'","","",,"or",2,,,,,267,"Physical - SLF-N FY 2026 accessions","/shared/University of California System 01UCS_NETWORK/Reports/Local Requests/Annual Statistic Reports/Annual Stats FY 2025-2026/Physical - SLF-N FY 2026 accessions"
"F3-C29","Filter","standalone_saved_object","standalone_saved_object","Physical - SLF-N FY 2026 accessions",12,"""Physical Item Details"".""Barcode"" between 'KR 4 241', 'KR 4 361'","","",,"or",2,,,,,267,"Physical - SLF-N FY 2026 accessions","/shared/University of California System 01UCS_NETWORK/Reports/Local Requests/Annual Statistic Reports/Annual Stats FY 2025-2026/Physical - SLF-N FY 2026 accessions"
"F3-C30","Filter","standalone_saved_object","standalone_saved_object","Physical - SLF-N FY 2026 accessions",13,"""Physical Item Details"".""Barcode"" between 'KR 8 367', 'KR 8 400'","","",,"or",2,,,,,267,"Physical - SLF-N FY 2026 accessions","/shared/University of California System 01UCS_NETWORK/Reports/Local Requests/Annual Statistic Reports/Annual Stats FY 2025-2026/Physical - SLF-N FY 2026 accessions"
"F3-C31","Filter","standalone_saved_object","standalone_saved_object","Physical - SLF-N FY 2026 accessions",14,"""Physical Item Details"".""Barcode"" between 'MR 79 560', 'MR 79 999'","","",,"or",2,,,,,267,"Physical - SLF-N FY 2026 accessions","/shared/University of California System 01UCS_NETWORK/Reports/Local Requests/Annual Statistic Reports/Annual Stats FY 2025-2026/Physical - SLF-N FY 2026 accessions"
"F3-C32","Filter","standalone_saved_object","standalone_saved_object","Physical - SLF-N FY 2026 accessions",15,"""Physical Item Details"".""Barcode"" between 'MR 80 000', 'MR 80 999'","","",,"or",2,,,,,267,"Physical - SLF-N FY 2026 accessions","/shared/University of California System 01UCS_NETWORK/Reports/Local Requests/Annual Statistic Reports/Annual Stats FY 2025-2026/Physical - SLF-N FY 2026 accessions"
"F3-C33","Filter","standalone_saved_object","standalone_saved_object","Physical - SLF-N FY 2026 accessions",16,"""Physical Item Details"".""Barcode"" between 'MR 81 000', 'MR 81 999'","","",,"or",2,,,,,267,"Physical - SLF-N FY 2026 accessions","/shared/University of California System 01UCS_NETWORK/Reports/Local Requests/Annual Statistic Reports/Annual Stats FY 2025-2026/Physical - SLF-N FY 2026 accessions"
"F3-C34","Filter","standalone_saved_object","standalone_saved_object","Physical - SLF-N FY 2026 accessions",17,"""Physical Item Details"".""Barcode"" between 'MR 82 000', 'MR 82 999'","","",,"or",2,,,,,267,"Physical - SLF-N FY 2026 accessions","/shared/University of California System 01UCS_NETWORK/Reports/Local Requests/Annual Statistic Reports/Annual Stats FY 2025-2026/Physical - SLF-N FY 2026 accessions"
"F3-C35","Filter","standalone_saved_object","standalone_saved_object","Physical - SLF-N FY 2026 accessions",18,"""Physical Item Details"".""Barcode"" between 'MR 83 000', 'MR 83 999'","","",,"or",2,,,,,267,"Physical - SLF-N FY 2026 accessions","/shared/University of California System 01UCS_NETWORK/Reports/Local Requests/Annual Statistic Reports/Annual Stats FY 2025-2026/Physical - SLF-N FY 2026 accessions"
"F3-C36","Filter","standalone_saved_object","standalone_saved_object","Physical - SLF-N FY 2026 accessions",19,"""Physical Item Details"".""Barcode"" between 'MR 84 000', 'MR 84 665'","","",,"or",2,,,,,267,"Physical - SLF-N FY 2026 accessions","/shared/University of California System 01UCS_NETWORK/Reports/Local Requests/Annual Statistic Reports/Annual Stats FY 2025-2026/Physical - SLF-N FY 2026 accessions"
"F3-C37","Filter","standalone_saved_object","standalone_saved_object","Physical - SLF-N FY 2026 accessions",20,"""Physical Item Details"".""Barcode"" between 'Q 668', 'Q 669'","","",,"or",2,,,,,267,"Physical - SLF-N FY 2026 accessions","/shared/University of California System 01UCS_NETWORK/Reports/Local Requests/Annual Statistic Reports/Annual Stats FY 2025-2026/Physical - SLF-N FY 2026 accessions"
"F3-C38","Filter","standalone_saved_object","standalone_saved_object","Physical - SLF-N FY 2026 accessions",21,"""Physical Item Details"".""Barcode"" between 'Q 670', 'Q 670'","","",,"or",2,,,,,267,"Physical - SLF-N FY 2026 accessions","/shared/University of California System 01UCS_NETWORK/Reports/Local Requests/Annual Statistic Reports/Annual Stats FY 2025-2026/Physical - SLF-N FY 2026 accessions"
"F3-C39","Filter","standalone_saved_object","standalone_saved_object","Physical - SLF-N FY 2026 accessions",22,"""Physical Item Details"".""Barcode"" between 'Q 1 088', 'Q 1 095'","","",,"or",2,,,,,267,"Physical - SLF-N FY 2026 accessions","/shared/University of California System 01UCS_NETWORK/Reports/Local Requests/Annual Statistic Reports/Annual Stats FY 2025-2026/Physical - SLF-N FY 2026 accessions"
"F3-C40","Filter","standalone_saved_object","standalone_saved_object","Physical - SLF-N FY 2026 accessions",23,"""Physical Item Details"".""Barcode"" between 'Q 1 098', 'Q 1 125'","","",,"or",2,,,,,267,"Physical - SLF-N FY 2026 accessions","/shared/University of California System 01UCS_NETWORK/Reports/Local Requests/Annual Statistic Reports/Annual Stats FY 2025-2026/Physical - SLF-N FY 2026 accessions"
"F3-C41","Filter","standalone_saved_object","standalone_saved_object","Physical - SLF-N FY 2026 accessions",24,"""Physical Item Details"".""Barcode"" between 'Q 1 127', 'Q 1 127'","","",,"or",2,,,,,267,"Physical - SLF-N FY 2026 accessions","/shared/University of California System 01UCS_NETWORK/Reports/Local Requests/Annual Statistic Reports/Annual Stats FY 2025-2026/Physical - SLF-N FY 2026 accessions"
"F3-C42","Filter","standalone_saved_object","standalone_saved_object","Physical - SLF-N FY 2026 accessions",25,"""Physical Item Details"".""Barcode"" between 'RLF50225052', 'RLF50339951'","","",,"or",2,,,,,267,"Physical - SLF-N FY 2026 accessions","/shared/University of California System 01UCS_NETWORK/Reports/Local Requests/Annual Statistic Reports/Annual Stats FY 2025-2026/Physical - SLF-N FY 2026 accessions"
"F3-C43","Filter","standalone_saved_object","standalone_saved_object","Physical - SLF-N FY 2026 accessions",26,"""Physical Item Details"".""Barcode"" between 'U 193', 'U 199'","","",,"or",2,,,,,267,"Physical - SLF-N FY 2026 accessions","/shared/University of California System 01UCS_NETWORK/Reports/Local Requests/Annual Statistic Reports/Annual Stats FY 2025-2026/Physical - SLF-N FY 2026 accessions"
"F3-C44","Filter","standalone_saved_object","standalone_saved_object","Physical - SLF-N FY 2026 accessions",27,"""Physical Item Details"".""Barcode"" between 'U 200', 'U 209'","","",,"or",2,,,,,267,"Physical - SLF-N FY 2026 accessions","/shared/University of California System 01UCS_NETWORK/Reports/Local Requests/Annual Statistic Reports/Annual Stats FY 2025-2026/Physical - SLF-N FY 2026 accessions"
"F3-C45","Filter","standalone_saved_object","standalone_saved_object","Physical - SLF-N FY 2026 accessions",28,"""Physical Item Details"".""Barcode"" between 'U 210', 'U 219'","","",,"or",2,,,,,267,"Physical - SLF-N FY 2026 accessions","/shared/University of California System 01UCS_NETWORK/Reports/Local Requests/Annual Statistic Reports/Annual Stats FY 2025-2026/Physical - SLF-N FY 2026 accessions"
"F3-C46","Filter","standalone_saved_object","standalone_saved_object","Physical - SLF-N FY 2026 accessions",29,"""Physical Item Details"".""Barcode"" between 'U 220', 'U 229'","","",,"or",2,,,,,267,"Physical - SLF-N FY 2026 accessions","/shared/University of California System 01UCS_NETWORK/Reports/Local Requests/Annual Statistic Reports/Annual Stats FY 2025-2026/Physical - SLF-N FY 2026 accessions"
"F3-C47","Filter","standalone_saved_object","standalone_saved_object","Physical - SLF-N FY 2026 accessions",30,"""Physical Item Details"".""Barcode"" between 'U 230', 'U 235'","","",,"or",2,,,,,267,"Physical - SLF-N FY 2026 accessions","/shared/University of California System 01UCS_NETWORK/Reports/Local Requests/Annual Statistic Reports/Annual Stats FY 2025-2026/Physical - SLF-N FY 2026 accessions"
"F3-C48","Filter","standalone_saved_object","standalone_saved_object","Physical - SLF-N FY 2026 accessions",31,"""Physical Item Details"".""Barcode"" between 'V 23 086', 'V 23 350'","","",,"or",2,,,,,267,"Physical - SLF-N FY 2026 accessions","/shared/University of California System 01UCS_NETWORK/Reports/Local Requests/Annual Statistic Reports/Annual Stats FY 2025-2026/Physical - SLF-N FY 2026 accessions"
"F3-C49","Filter","standalone_saved_object","standalone_saved_object","Physical - SLF-N FY 2026 accessions",32,"""Physical Item Details"".""Barcode"" between 'W 337 560', 'W 337 999'","","",,"or",2,,,,,267,"Physical - SLF-N FY 2026 accessions","/shared/University of California System 01UCS_NETWORK/Reports/Local Requests/Annual Statistic Reports/Annual Stats FY 2025-2026/Physical - SLF-N FY 2026 accessions"
"F3-C50","Filter","standalone_saved_object","standalone_saved_object","Physical - SLF-N FY 2026 accessions",33,"""Physical Item Details"".""Barcode"" between 'W 338 000', 'W 338 999'","","",,"or",2,,,,,267,"Physical - SLF-N FY 2026 accessions","/shared/University of California System 01UCS_NETWORK/Reports/Local Requests/Annual Statistic Reports/Annual Stats FY 2025-2026/Physical - SLF-N FY 2026 accessions"
"F3-C51","Filter","standalone_saved_object","standalone_saved_object","Physical - SLF-N FY 2026 accessions",34,"""Physical Item Details"".""Barcode"" between 'W 339 000', 'W 339 999'","","",,"or",2,,,,,267,"Physical - SLF-N FY 2026 accessions","/shared/University of California System 01UCS_NETWORK/Reports/Local Requests/Annual Statistic Reports/Annual Stats FY 2025-2026/Physical - SLF-N FY 2026 accessions"
"F3-C52","Filter","standalone_saved_object","standalone_saved_object","Physical - SLF-N FY 2026 accessions",35,"""Physical Item Details"".""Barcode"" between 'W 340 000', 'W 340 999'","","",,"or",2,,,,,267,"Physical - SLF-N FY 2026 accessions","/shared/University of California System 01UCS_NETWORK/Reports/Local Requests/Annual Statistic Reports/Annual Stats FY 2025-2026/Physical - SLF-N FY 2026 accessions"
"F3-C53","Filter","standalone_saved_object","standalone_saved_object","Physical - SLF-N FY 2026 accessions",36,"""Physical Item Details"".""Barcode"" between 'W 341 000', 'W 341 999'","","",,"or",2,,,,,267,"Physical - SLF-N FY 2026 accessions","/shared/University of California System 01UCS_NETWORK/Reports/Local Requests/Annual Statistic Reports/Annual Stats FY 2025-2026/Physical - SLF-N FY 2026 accessions"
"F3-C54","Filter","standalone_saved_object","standalone_saved_object","Physical - SLF-N FY 2026 accessions",37,"""Physical Item Details"".""Barcode"" between 'W 342 000', 'W 342 723'","","",,"or",2,,,,,267,"Physical - SLF-N FY 2026 accessions","/shared/University of California System 01UCS_NETWORK/Reports/Local Requests/Annual Statistic Reports/Annual Stats FY 2025-2026/Physical - SLF-N FY 2026 accessions"
"F3-C55","Filter","standalone_saved_object","standalone_saved_object","Physical - SLF-N FY 2026 accessions",38,"""Physical Item Details"".""Barcode"" between 'WC 34 094', 'WC 34 999'","","",,"or",2,,,,,267,"Physical - SLF-N FY 2026 accessions","/shared/University of California System 01UCS_NETWORK/Reports/Local Requests/Annual Statistic Reports/Annual Stats FY 2025-2026/Physical - SLF-N FY 2026 accessions"
"F3-C56","Filter","standalone_saved_object","standalone_saved_object","Physical - SLF-N FY 2026 accessions",39,"""Physical Item Details"".""Barcode"" between 'WC 35 000', 'WC 35 067'","","",,"or",2,,,,,267,"Physical - SLF-N FY 2026 accessions","/shared/University of California System 01UCS_NETWORK/Reports/Local Requests/Annual Statistic Reports/Annual Stats FY 2025-2026/Physical - SLF-N FY 2026 accessions"
"F3-C57","Filter","standalone_saved_object","standalone_saved_object","Physical - SLF-N FY 2026 accessions",40,"""Physical Item Details"".""Barcode"" between 'X 97 126', 'X 97 999'","","",,"or",2,,,,,267,"Physical - SLF-N FY 2026 accessions","/shared/University of California System 01UCS_NETWORK/Reports/Local Requests/Annual Statistic Reports/Annual Stats FY 2025-2026/Physical - SLF-N FY 2026 accessions"
"F3-C58","Filter","standalone_saved_object","standalone_saved_object","Physical - SLF-N FY 2026 accessions",41,"""Physical Item Details"".""Barcode"" between 'X 98 000', 'X 98 480'","","",,"or",2,,,,,267,"Physical - SLF-N FY 2026 accessions","/shared/University of California System 01UCS_NETWORK/Reports/Local Requests/Annual Statistic Reports/Annual Stats FY 2025-2026/Physical - SLF-N FY 2026 accessions"
"F3-C59","Filter","standalone_saved_object","standalone_saved_object","Physical - SLF-N FY 2026 accessions",42,"""Physical Item Details"".""Barcode"" between 'Y 13 844', 'Y 13 930'","","",,"or",2,,,,,267,"Physical - SLF-N FY 2026 accessions","/shared/University of California System 01UCS_NETWORK/Reports/Local Requests/Annual Statistic Reports/Annual Stats FY 2025-2026/Physical - SLF-N FY 2026 accessions"
"F3-C60","Filter","standalone_saved_object","standalone_saved_object","Physical - SLF-N FY 2026 accessions",43,"""Physical Item Details"".""Barcode"" between 'Z 18 811', 'Z 18 996'","","",,"or",2,,,,,267,"Physical - SLF-N FY 2026 accessions","/shared/University of California System 01UCS_NETWORK/Reports/Local Requests/Annual Statistic Reports/Annual Stats FY 2025-2026/Physical - SLF-N FY 2026 accessions"
"F3-C61","Filter","standalone_saved_object","standalone_saved_object","Physical - SLF-N FY 2026 accessions",44,"""Physical Item Details"".""Barcode"" between 'Z 18 998', 'Z 18 999'","","",,"or",2,,,,,267,"Physical - SLF-N FY 2026 accessions","/shared/University of California System 01UCS_NETWORK/Reports/Local Requests/Annual Statistic Reports/Annual Stats FY 2025-2026/Physical - SLF-N FY 2026 accessions"
"F3-C62","Filter","standalone_saved_object","standalone_saved_object","Physical - SLF-N FY 2026 accessions",45,"""Physical Item Details"".""Barcode"" between 'Z 19 000', 'Z 19 024'","","",,"or",2,,,,,267,"Physical - SLF-N FY 2026 accessions","/shared/University of California System 01UCS_NETWORK/Reports/Local Requests/Annual Statistic Reports/Annual Stats FY 2025-2026/Physical - SLF-N FY 2026 accessions"
"F3-C63","Filter","standalone_saved_object","standalone_saved_object","Physical - SLF-N FY 2026 accessions",46,"""Physical Item Details"".""Barcode"" between 'Z 19 027', 'Z 19 027'","","",,"or",2,,,,,267,"Physical - SLF-N FY 2026 accessions","/shared/University of California System 01UCS_NETWORK/Reports/Local Requests/Annual Statistic Reports/Annual Stats FY 2025-2026/Physical - SLF-N FY 2026 accessions"
"F3-C64","Filter","standalone_saved_object","standalone_saved_object","Physical - SLF-N FY 2026 accessions",47,"""Physical Item Details"".""Barcode"" IN ('Z 18 798', 'Z 18 799')","","",,"or",2,,,,,267,"Physical - SLF-N FY 2026 accessions","/shared/University of California System 01UCS_NETWORK/Reports/Local Requests/Annual Statistic Reports/Annual Stats FY 2025-2026/Physical - SLF-N FY 2026 accessions"
"F4-C65","Filter","standalone_saved_object","standalone_saved_object","Physical - SLF-S FY 2026 accessions",1,"""Physical Item Details"".""Lifecycle"" = 'Active'","","",,"and",1,,,,,268,"Physical - SLF-S FY 2026 accessions","/shared/University of California System 01UCS_NETWORK/Reports/Local Requests/Annual Statistic Reports/Annual Stats FY 2025-2026/Physical - SLF-S FY 2026 accessions"
"F4-C66","Filter","standalone_saved_object","standalone_saved_object","Physical - SLF-S FY 2026 accessions",2,"""Physical Item Details"".""Barcode"" IN ('A0000020156', 'A0000020164', 'A0000021477', 'A0000031344', 'A0000038950', 'A0000043620', 'A0000045625', 'A0000050088', 'A0000076042', 'A0000094227', … (+9989 more))","","",,"or",9999,,,,,268,"Physical - SLF-S FY 2026 accessions","/shared/University of California System 01UCS_NETWORK/Reports/Local Requests/Annual Statistic Reports/Annual Stats FY 2025-2026/Physical - SLF-S FY 2026 accessions"
"F4-C67","Filter","standalone_saved_object","standalone_saved_object","Physical - SLF-S FY 2026 accessions",3,"""Physical Item Details"".""Barcode"" IN ('A0013504139', 'A0013504154', 'A0013510979', 'A0013511241', 'A0013512744', 'A0013513155', 'A0013513163', 'A0013513254', 'A0013514146', 'A0013514542', … (+9989 more))","","",,"or",9999,,,,,268,"Physical - SLF-S FY 2026 accessions","/shared/University of California System 01UCS_NETWORK/Reports/Local Requests/Annual Statistic Reports/Annual Stats FY 2025-2026/Physical - SLF-S FY 2026 accessions"
"F4-C68","Filter","standalone_saved_object","standalone_saved_object","Physical - SLF-S FY 2026 accessions",4,"""Physical Item Details"".""Barcode"" IN ('AX0010723435', 'AX0010723443', 'AX0010723450', 'AX0010723468', 'AX0010723476', 'AX0010723484', 'AX0010723492', 'AX0010723500', 'AX0010723518', 'AX0010723526', … (+9989 more))","","",,"or",9999,,,,,268,"Physical - SLF-S FY 2026 accessions","/shared/University of California System 01UCS_NETWORK/Reports/Local Requests/Annual Statistic Reports/Annual Stats FY 2025-2026/Physical - SLF-S FY 2026 accessions"
"F4-C69","Filter","standalone_saved_object","standalone_saved_object","Physical - SLF-S FY 2026 accessions",5,"""Physical Item Details"".""Barcode"" IN ('AX0010823516', 'AX0010823524', 'AX0010823532', 'AX0010823540', 'AX0010823557', 'AX0010823565', 'AX0010823573', 'AX0010823581', 'AX0010823599', 'AX0010823607', … (+9989 more))","","",,"or",9999,,,,,268,"Physical - SLF-S FY 2026 accessions","/shared/University of California System 01UCS_NETWORK/Reports/Local Requests/Annual Statistic Reports/Annual Stats FY 2025-2026/Physical - SLF-S FY 2026 accessions"
"F4-C70","Filter","standalone_saved_object","standalone_saved_object","Physical - SLF-S FY 2026 accessions",6,"""Physical Item Details"".""Barcode"" IN ('DD0004355392', 'DD0004355400', 'DD0004355418', 'DD0004355426', 'DD0004355434', 'DD0004355442', 'DD0004355459', 'DD0004355467', 'DD0004355475', 'DD0004355483', … (+9989 more))","","",,"or",9999,,,,,268,"Physical - SLF-S FY 2026 accessions","/shared/University of California System 01UCS_NETWORK/Reports/Local Requests/Annual Statistic Reports/Annual Stats FY 2025-2026/Physical - SLF-S FY 2026 accessions"
"F4-C71","Filter","standalone_saved_object","standalone_saved_object","Physical - SLF-S FY 2026 accessions",7,"""Physical Item Details"".""Barcode"" IN ('DD0004455382', 'DD0004455390', 'DD0004455408', 'DD0004455416', 'DD0004455424', 'DD0004455432', 'DD0004455440', 'DD0004455457', 'DD0004455465', 'DD0004455473', … (+9989 more))","","",,"or",9999,,,,,268,"Physical - SLF-S FY 2026 accessions","/shared/University of California System 01UCS_NETWORK/Reports/Local Requests/Annual Statistic Reports/Annual Stats FY 2025-2026/Physical - SLF-S FY 2026 accessions"
"F4-C72","Filter","standalone_saved_object","standalone_saved_object","Physical - SLF-S FY 2026 accessions",8,"""Physical Item Details"".""Barcode"" IN ('DD0004555389', 'DD0004555397', 'DD0004555405', 'DD0004555413', 'DD0004555421', 'DD0004555439', 'DD0004555447', 'DD0004555454', 'DD0004555462', 'DD0004555470', … (+9989 more))","","",,"or",9999,,,,,268,"Physical - SLF-S FY 2026 accessions","/shared/University of California System 01UCS_NETWORK/Reports/Local Requests/Annual Statistic Reports/Annual Stats FY 2025-2026/Physical - SLF-S FY 2026 accessions"
"F4-C73","Filter","standalone_saved_object","standalone_saved_object","Physical - SLF-S FY 2026 accessions",9,"""Physical Item Details"".""Barcode"" IN ('DD0004655445', 'DD0004655452', 'DD0004655460', 'DD0004655478', 'DD0004655486', 'DD0004655494', 'DD0004655502', 'DD0004655510', 'DD0004655528', 'DD0004655536', … (+5271 more))","","",,"or",5281,,,,,268,"Physical - SLF-S FY 2026 accessions","/shared/University of California System 01UCS_NETWORK/Reports/Local Requests/Annual Statistic Reports/Annual Stats FY 2025-2026/Physical - SLF-S FY 2026 accessions"
"F5-C74","Filter","standalone_saved_object","standalone_saved_object","Physical - UCB Physical Filters",1,"""Location"".""Location Code"" <> 'lis'","","",,"and",0,,,,,271,"Physical - UCB Physical Filters","/shared/University of California System 01UCS_NETWORK/Reports/Local Requests/Annual Statistic Reports/Annual Stats FY 2025-2026/Physical - UCB Physical Filters"
"F5-C75","Filter","standalone_saved_object","standalone_saved_object","Physical - UCB Physical Filters",2,"""Location"".""Location Code"" <> 'nzw'","","",,"and",0,,,,,271,"Physical - UCB Physical Filters","/shared/University of California System 01UCS_NETWORK/Reports/Local Requests/Annual Statistic Reports/Annual Stats FY 2025-2026/Physical - UCB Physical Filters"
"F5-C76","Filter","standalone_saved_object","standalone_saved_object","Physical - UCB Physical Filters",3,"""Location"".""Location Code"" <> 'zwz'","","",,"and",0,,,,,271,"Physical - UCB Physical Filters","/shared/University of California System 01UCS_NETWORK/Reports/Local Requests/Annual Statistic Reports/Annual Stats FY 2025-2026/Physical - UCB Physical Filters"
"F5-C77","Filter","standalone_saved_object","standalone_saved_object","Physical - UCB Physical Filters",4,"""Location"".""Location Code"" NOT LIKE '%zw%'","","",,"and",0,,,,,271,"Physical - UCB Physical Filters","/shared/University of California System 01UCS_NETWORK/Reports/Local Requests/Annual Statistic Reports/Annual Stats FY 2025-2026/Physical - UCB Physical Filters"
"F5-C78","Filter","standalone_saved_object","standalone_saved_object","Physical - UCB Physical Filters",5,"""Location"".""Location Name"" NOT LIKE '%ithdraw%'","","",,"and",0,,,,,271,"Physical - UCB Physical Filters","/shared/University of California System 01UCS_NETWORK/Reports/Local Requests/Annual Statistic Reports/Annual Stats FY 2025-2026/Physical - UCB Physical Filters"
"F5-C79","Filter","standalone_saved_object","standalone_saved_object","Physical - UCB Physical Filters",6,"""Location"".""Location Name"" NOT LIKE '%ITHDRAW%'","","",,"and",0,,,,,271,"Physical - UCB Physical Filters","/shared/University of California System 01UCS_NETWORK/Reports/Local Requests/Annual Statistic Reports/Annual Stats FY 2025-2026/Physical - UCB Physical Filters"
"F5-C80","Filter","standalone_saved_object","standalone_saved_object","Physical - UCB Physical Filters",7,"""Physical Item Details"".""Statistics Note 2"" IS NULL","","",,"or",0,,,,,271,"Physical - UCB Physical Filters","/shared/University of California System 01UCS_NETWORK/Reports/Local Requests/Annual Statistic Reports/Annual Stats FY 2025-2026/Physical - UCB Physical Filters"
"F5-C81","Filter","standalone_saved_object","standalone_saved_object","Physical - UCB Physical Filters",8,"""Physical Item Details"".""Statistics Note 2"" IS NOT NULL","","",,"and",0,,,,,271,"Physical - UCB Physical Filters","/shared/University of California System 01UCS_NETWORK/Reports/Local Requests/Annual Statistic Reports/Annual Stats FY 2025-2026/Physical - UCB Physical Filters"
"F5-C82","Filter","standalone_saved_object","standalone_saved_object","Physical - UCB Physical Filters",9,"""Physical Item Details"".""Statistics Note 2"" NOT LIKE 'wds%'","","",,"and",0,,,,,271,"Physical - UCB Physical Filters","/shared/University of California System 01UCS_NETWORK/Reports/Local Requests/Annual Statistic Reports/Annual Stats FY 2025-2026/Physical - UCB Physical Filters"
"F5-C83","Filter","standalone_saved_object","standalone_saved_object","Physical - UCB Physical Filters",10,"""Physical Item Details"".""Statistics Note 2"" NOT LIKE 'wms%'","","",,"and",0,,,,,271,"Physical - UCB Physical Filters","/shared/University of California System 01UCS_NETWORK/Reports/Local Requests/Annual Statistic Reports/Annual Stats FY 2025-2026/Physical - UCB Physical Filters"
"F5-C84","Filter","standalone_saved_object","standalone_saved_object","Physical - UCB Physical Filters",11,"""Physical Item Details"".""Statistics Note 2"" NOT LIKE 'wor%'","","",,"and",0,,,,,271,"Physical - UCB Physical Filters","/shared/University of California System 01UCS_NETWORK/Reports/Local Requests/Annual Statistic Reports/Annual Stats FY 2025-2026/Physical - UCB Physical Filters"
"F6-C85","Filter","standalone_saved_object","standalone_saved_object","Physical - UCB SCA exclusions",1,"NOT (DESCRIPTOR_IDOF(""Physical Items"".""Institution"".""Institution Name"") = 6532 AND ""Location"".""Library Code"" = 'BANC' AND ""Physical Item Details"".""Item Policy"" IN ('Other Archival Material', 'Personal Manuscript', 'UC Archival Manuscript', 'Visual Material: pictorial'))","","",,"and",0,,,,,272,"Physical - UCB SCA exclusions","/shared/University of California System 01UCS_NETWORK/Reports/Local Requests/Annual Statistic Reports/Annual Stats FY 2025-2026/Physical - UCB SCA exclusions"
"F6-C86","Filter","standalone_saved_object","standalone_saved_object","Physical - UCB SCA exclusions",2,"NOT (DESCRIPTOR_IDOF(""Physical Items"".""Institution"".""Institution Name"") = 6532 AND ""Location"".""Library Code"" = 'NRLF' AND ""Location"".""Location Code"" IN ('nbtbr', 'nbtur') AND ""Physical Item Details"".""Item Policy"" IN ('Other Archival Material', 'Personal Manuscript', 'UC Archival Manuscript', 'Visual Material: pictorial'))","","",,"and",0,,,,,272,"Physical - UCB SCA exclusions","/shared/University of California System 01UCS_NETWORK/Reports/Local Requests/Annual Statistic Reports/Annual Stats FY 2025-2026/Physical - UCB SCA exclusions"
"F7-C87","Filter","standalone_saved_object","standalone_saved_object","Physical - UCD Physical Filters",1,"NOT(DESCRIPTOR_IDOF(""Physical Items"".""Institution"".""Institution Name"") = 3126 AND ""Location"".""Library Code"" = ('NRLF'))","","",,"and",0,,,,,275,"Physical - UCD Physical Filters","/shared/University of California System 01UCS_NETWORK/Reports/Local Requests/Annual Statistic Reports/Annual Stats FY 2025-2026/Physical - UCD Physical Filters"
"F7-C88","Filter","standalone_saved_object","standalone_saved_object","Physical - UCD Physical Filters",2,"NOT(DESCRIPTOR_IDOF(""Physical Items"".""Institution"".""Institution Name"") = 3126 AND ""Location"".""Library Code"" = ('SRLF'))","","",,"and",0,,,,,275,"Physical - UCD Physical Filters","/shared/University of California System 01UCS_NETWORK/Reports/Local Requests/Annual Statistic Reports/Annual Stats FY 2025-2026/Physical - UCD Physical Filters"
"F7-C89","Filter","standalone_saved_object","standalone_saved_object","Physical - UCD Physical Filters",3,"NOT(DESCRIPTOR_IDOF(""Physical Items"".""Institution"".""Institution Name"") = 3126 AND ""Location"".""Location Code"" = ('NRLF'))","","",,"and",0,,,,,275,"Physical - UCD Physical Filters","/shared/University of California System 01UCS_NETWORK/Reports/Local Requests/Annual Statistic Reports/Annual Stats FY 2025-2026/Physical - UCD Physical Filters"
"F8-C90","Filter","standalone_saved_object","standalone_saved_object","Physical - UCI Physical Filters",1,"""Location"".""Location Code"" NOT IN ('gmlml', 'gmlill', 'xlle', 'xllck', 'xllhk', 'xmllk', 'nrlf', 'srlfm', 'srlf', 'srlfr', … (+3 more))","","",,"and",13,,,,,278,"Physical - UCI Physical Filters","/shared/University of California System 01UCS_NETWORK/Reports/Local Requests/Annual Statistic Reports/Annual Stats FY 2025-2026/Physical - UCI Physical Filters"
"F8-C91","Filter","standalone_saved_object","standalone_saved_object","Physical - UCI Physical Filters",2,"""Location"".""Location Name"" NOT IN ('zz', 'Problem location from Migration')","","",,"and",2,,,,,278,"Physical - UCI Physical Filters","/shared/University of California System 01UCS_NETWORK/Reports/Local Requests/Annual Statistic Reports/Annual Stats FY 2025-2026/Physical - UCI Physical Filters"
"F8-C92","Filter","standalone_saved_object","standalone_saved_object","Physical - UCI Physical Filters",3,"""Library Unit"".""Library Code"" NOT IN ('AYALA', 'OCSEAA')","","",,"and",2,,,,,278,"Physical - UCI Physical Filters","/shared/University of California System 01UCS_NETWORK/Reports/Local Requests/Annual Statistic Reports/Annual Stats FY 2025-2026/Physical - UCI Physical Filters"
"F8-C93","Filter","standalone_saved_object","standalone_saved_object","Physical - UCI Physical Filters",4,"""Location"".""Library Name"" NOT IN ('X_Do_Not_Use_Old_Orange County & Southeast Asian Archive Center', 'X_Do_Not_Use_Old_Science Library')","","",,"and",2,,,,,278,"Physical - UCI Physical Filters","/shared/University of California System 01UCS_NETWORK/Reports/Local Requests/Annual Statistic Reports/Annual Stats FY 2025-2026/Physical - UCI Physical Filters"
"F8-C94","Filter","standalone_saved_object","standalone_saved_object","Physical - UCI Physical Filters",5,"""Physical Item Details"".""Statistics Note 2"" IS NULL","","",,"or",0,,,,,278,"Physical - UCI Physical Filters","/shared/University of California System 01UCS_NETWORK/Reports/Local Requests/Annual Statistic Reports/Annual Stats FY 2025-2026/Physical - UCI Physical Filters"
"F8-C95","Filter","standalone_saved_object","standalone_saved_object","Physical - UCI Physical Filters",6,"""Physical Item Details"".""Statistics Note 2"" IS NOT NULL","","",,"and",0,,,,,278,"Physical - UCI Physical Filters","/shared/University of California System 01UCS_NETWORK/Reports/Local Requests/Annual Statistic Reports/Annual Stats FY 2025-2026/Physical - UCI Physical Filters"
"F8-C96","Filter","standalone_saved_object","standalone_saved_object","Physical - UCI Physical Filters",7,"NOT(DESCRIPTOR_IDOF(""Physical Items"".""Institution"".""Institution Name"") = 4701 AND ""Physical Item Details"".""Statistics Note 2"" = '-')","","",,"and",0,,,,,278,"Physical - UCI Physical Filters","/shared/University of California System 01UCS_NETWORK/Reports/Local Requests/Annual Statistic Reports/Annual Stats FY 2025-2026/Physical - UCI Physical Filters"
"F8-C97","Filter","standalone_saved_object","standalone_saved_object","Physical - UCI Physical Filters",8,"NOT(DESCRIPTOR_IDOF(""Physical Items"".""Institution"".""Institution Name"") = 4701 AND ""Physical Item Details"".""Statistics Note 2"" LIKE 'from%')","","",,"and",0,,,,,278,"Physical - UCI Physical Filters","/shared/University of California System 01UCS_NETWORK/Reports/Local Requests/Annual Statistic Reports/Annual Stats FY 2025-2026/Physical - UCI Physical Filters"
"F8-C98","Filter","standalone_saved_object","standalone_saved_object","Physical - UCI Physical Filters",9,"NOT(DESCRIPTOR_IDOF(""Physical Items"".""Institution"".""Institution Name"") = 4701 AND ""Physical Item Details"".""Statistics Note 2"" LIKE '%rlf-%')","","",,"and",0,,,,,278,"Physical - UCI Physical Filters","/shared/University of California System 01UCS_NETWORK/Reports/Local Requests/Annual Statistic Reports/Annual Stats FY 2025-2026/Physical - UCI Physical Filters"
"F8-C99","Filter","standalone_saved_object","standalone_saved_object","Physical - UCI Physical Filters",10,"NOT(DESCRIPTOR_IDOF(""Physical Items"".""Institution"".""Institution Name"") = 4701 AND ""Physical Item Details"".""Statistics Note 2"" LIKE '%sp-%')","","",,"and",0,,,,,278,"Physical - UCI Physical Filters","/shared/University of California System 01UCS_NETWORK/Reports/Local Requests/Annual Statistic Reports/Annual Stats FY 2025-2026/Physical - UCI Physical Filters"
"F8-C100","Filter","standalone_saved_object","standalone_saved_object","Physical - UCI Physical Filters",11,"NOT(DESCRIPTOR_IDOF(""Physical Items"".""Institution"".""Institution Name"") = 4701 AND ""Physical Item Details"".""Statistics Note 2"" LIKE '%wd%')","","",,"and",0,,,,,278,"Physical - UCI Physical Filters","/shared/University of California System 01UCS_NETWORK/Reports/Local Requests/Annual Statistic Reports/Annual Stats FY 2025-2026/Physical - UCI Physical Filters"
"F8-C101","Filter","standalone_saved_object","standalone_saved_object","Physical - UCI Physical Filters",12,"NOT(DESCRIPTOR_IDOF(""Physical Items"".""Institution"".""Institution Name"") = 4701 AND ""Physical Item Details"".""Statistics Note 2"" LIKE '%ithd%')","","",,"and",0,,,,,278,"Physical - UCI Physical Filters","/shared/University of California System 01UCS_NETWORK/Reports/Local Requests/Annual Statistic Reports/Annual Stats FY 2025-2026/Physical - UCI Physical Filters"
"F9-C102","Filter","standalone_saved_object","standalone_saved_object","Physical - UCI SCA Exclusions",1,"""Bibliographic Details"".""Uniform Resource Identifier"" IS NULL","","",,"or",0,,,,,279,"Physical - UCI SCA Exclusions","/shared/University of California System 01UCS_NETWORK/Reports/Local Requests/Annual Statistic Reports/Annual Stats FY 2025-2026/Physical - UCI SCA Exclusions"
"F9-C103","Filter","standalone_saved_object","standalone_saved_object","Physical - UCI SCA Exclusions",2,"""Bibliographic Details"".""Uniform Resource Identifier"" IS NOT NULL","","",,"and",0,,,,,279,"Physical - UCI SCA Exclusions","/shared/University of California System 01UCS_NETWORK/Reports/Local Requests/Annual Statistic Reports/Annual Stats FY 2025-2026/Physical - UCI SCA Exclusions"
"F9-C104","Filter","standalone_saved_object","standalone_saved_object","Physical - UCI SCA Exclusions",3,"NOT(DESCRIPTOR_IDOF(""Physical Items"".""Institution"".""Institution Name"") = 4701 AND ""Location"".""Location Code"" IN ('gocrh', 'gseaa', 'spcol') AND (""Bibliographic Details"".""Uniform Resource Identifier"" LIKE '%findaid%'))","","",,"and",0,,,,,279,"Physical - UCI SCA Exclusions","/shared/University of California System 01UCS_NETWORK/Reports/Local Requests/Annual Statistic Reports/Annual Stats FY 2025-2026/Physical - UCI SCA Exclusions"
"F9-C105","Filter","standalone_saved_object","standalone_saved_object","Physical - UCI SCA Exclusions",4,"NOT(DESCRIPTOR_IDOF(""Physical Items"".""Institution"".""Institution Name"") = 4701 AND ""Location"".""Location Code"" IN ('gocrh', 'gseaa', 'spcol') AND (""Bibliographic Details"".""Uniform Resource Identifier"" LIKE '%oac.cdlib%'))","","",,"and",0,,,,,279,"Physical - UCI SCA Exclusions","/shared/University of California System 01UCS_NETWORK/Reports/Local Requests/Annual Statistic Reports/Annual Stats FY 2025-2026/Physical - UCI SCA Exclusions"
"F10-C106","Filter","standalone_saved_object","standalone_saved_object","Physical - UCLA Physical Filters",1,"""Location"".""Location Name"" <> 'Problem location from Migration'","","",,"and",1,,,,,282,"Physical - UCLA Physical Filters","/shared/University of California System 01UCS_NETWORK/Reports/Local Requests/Annual Statistic Reports/Annual Stats FY 2025-2026/Physical - UCLA Physical Filters"
"F10-C107","Filter","standalone_saved_object","standalone_saved_object","Physical - UCLA Physical Filters",2,"""Library Unit"".""Library Code"" NOT IN ('CLICC', 'CLICC_LOCKER', 'CLEANUP')","","",,"and",3,,,,,282,"Physical - UCLA Physical Filters","/shared/University of California System 01UCS_NETWORK/Reports/Local Requests/Annual Statistic Reports/Annual Stats FY 2025-2026/Physical - UCLA Physical Filters"
"F10-C108","Filter","standalone_saved_object","standalone_saved_object","Physical - UCLA Physical Filters",3,"NOT(DESCRIPTOR_IDOF(""Physical Items"".""Institution"".""Institution Name"") = 6533 AND ""Physical Item Details"".""Item Policy"" LIKE '%CLICC%')","","",,"and",0,,,,,282,"Physical - UCLA Physical Filters","/shared/University of California System 01UCS_NETWORK/Reports/Local Requests/Annual Statistic Reports/Annual Stats FY 2025-2026/Physical - UCLA Physical Filters"
"F10-C109","Filter","standalone_saved_object","standalone_saved_object","Physical - UCLA Physical Filters",4,"NOT(DESCRIPTOR_IDOF(""Physical Items"".""Institution"".""Institution Name"") = 6533 AND ""Physical Item Details"".""Item Policy"" LIKE '%hrome%ook%')","","",,"and",0,,,,,282,"Physical - UCLA Physical Filters","/shared/University of California System 01UCS_NETWORK/Reports/Local Requests/Annual Statistic Reports/Annual Stats FY 2025-2026/Physical - UCLA Physical Filters"
"F11-C110","Filter","standalone_saved_object","standalone_saved_object","Physical - UCLA SCA Exclusions",1,"NOT(DESCRIPTOR_IDOF(""Physical Items"".""Institution"".""Institution Name"") = 6533 AND ""Bibliographic Details"".""Material Type"" = 'Mixed material')","","",,,0,,,,,283,"Physical - UCLA SCA Exclusions","/shared/University of California System 01UCS_NETWORK/Reports/Local Requests/Annual Statistic Reports/Annual Stats FY 2025-2026/Physical - UCLA SCA Exclusions"
"F12-C111","Filter","standalone_saved_object","standalone_saved_object","Physical - UCR Physical Filters",1,"""Location"".""Location Code"" <> 'srlf'","","",,"and",1,,,,,288,"Physical - UCR Physical Filters","/shared/University of California System 01UCS_NETWORK/Reports/Local Requests/Annual Statistic Reports/Annual Stats FY 2025-2026/Physical - UCR Physical Filters"
"F12-C112","Filter","standalone_saved_object","standalone_saved_object","Physical - UCR Physical Filters",2,"""Location"".""Location Code"" <> 'xxx'","","",,"and",1,,,,,288,"Physical - UCR Physical Filters","/shared/University of California System 01UCS_NETWORK/Reports/Local Requests/Annual Statistic Reports/Annual Stats FY 2025-2026/Physical - UCR Physical Filters"
"F12-C113","Filter","standalone_saved_object","standalone_saved_object","Physical - UCR Physical Filters",3,"""Location"".""Location Name"" NOT IN ('zzCleanmxus', 'zzCleanedr', 'zzCleangf', 'zzCleango', 'zzCleangous', 'zzCleangpin', 'zzCleanr', 'zzCleanrccd', 'zzCleanrcp', 'zzCleanrroom', … (+9 more))","","",,"and",19,,,,,288,"Physical - UCR Physical Filters","/shared/University of California System 01UCS_NETWORK/Reports/Local Requests/Annual Statistic Reports/Annual Stats FY 2025-2026/Physical - UCR Physical Filters"
"F13-C114","Filter","standalone_saved_object","standalone_saved_object","Physical - UCR SCA exclusions",1,"NOT(DESCRIPTOR_IDOF(""Physical Items"".""Institution"".""Institution Name"") = 4706 AND ""Location"".""Location Name"" IN ('Southern Regional Library Facility Special Collections & University Archives', 'Special Collections', 'Special Collections Archives', 'Special Collections Artists Books', 'Special Collections Artists Books Flat', 'Special Collections Artists Books Oversize', 'Special Collections Artists Books Tiny', 'Special Collections Artists Books Vault', 'Special Collections CD', 'Special Collections Computer File', 'Special Collections Costo', 'Special Collections Costo Oversize', 'Special Collections Costo Oversize V', 'Special Collections Costo Vault', 'Special Collections Flat', 'Special Collections Flat V', 'Special Collections Leaves Flat Vault', 'Special Collections Leaves Oversize Vault', 'Special Collections Leaves Tiny Vault', 'Special Collections Leaves Vault', 'Special Collections Manuscripts', 'Special Collections Map Case', 'Special Collections Map Rivera', 'Special Collections Oversize', 'Special Collections Oversize Vault', 'Special Collections Pamphlets', 'Special Collections Photo', 'Special Collections Photo Oversize', 'Special Collections Reserve', 'Special Collections Staff Reference', 'Special Collections Thesis', 'Special Collections Tiny', 'Special Collections Tiny Vault', 'Special Collections Traven', 'Special Collections Traven Oversize', 'Special Collections Traven Vault', 'Special Collections Vault', 'Special Collections Video Tape') AND ""Physical Item Details"".""Material Type"" = 'Archival Material')","","",,,0,,,,,289,"Physical - UCR SCA exclusions","/shared/University of California System 01UCS_NETWORK/Reports/Local Requests/Annual Statistic Reports/Annual Stats FY 2025-2026/Physical - UCR SCA exclusions"
"F14-C115","Filter","standalone_saved_object","standalone_saved_object","Physical - UCSB Physical filters",1,"""Location"".""Location Code"" <> 'srlf'","","",,,1,,,,,292,"Physical - UCSB Physical filters","/shared/University of California System 01UCS_NETWORK/Reports/Local Requests/Annual Statistic Reports/Annual Stats FY 2025-2026/Physical - UCSB Physical filters"
"F15-C116","Filter","standalone_saved_object","standalone_saved_object","Physical - UCSC Physical Filters",1,"""Location"".""Location Code"" NOT IN ('srlf', 'zdelete', 'zdelete15', 'SRLF', 'spnr')","","",,"and",5,,,,,295,"Physical - UCSC Physical Filters","/shared/University of California System 01UCS_NETWORK/Reports/Local Requests/Annual Statistic Reports/Annual Stats FY 2025-2026/Physical - UCSC Physical Filters"
"F15-C117","Filter","standalone_saved_object","standalone_saved_object","Physical - UCSC Physical Filters",2,"""Location"".""Location Name"" <> 'zdelete'","","",,"and",1,,,,,295,"Physical - UCSC Physical Filters","/shared/University of California System 01UCS_NETWORK/Reports/Local Requests/Annual Statistic Reports/Annual Stats FY 2025-2026/Physical - UCSC Physical Filters"
"F16-C118","Filter","standalone_saved_object","standalone_saved_object","Physical - UCSC SCA Exclusions",1,"NOT(""Location"".""Location Code"" IN ('spc', 'spann', 'spanv', 'sprice', 'spred', 'spwhi', 'spflm', 'spnr', 'spovr', 'spovm') AND ""Holding Details"".""Permanent Call Number"" LIKE 'UA%')","","",,"and",0,,,,,296,"Physical - UCSC SCA Exclusions","/shared/University of California System 01UCS_NETWORK/Reports/Local Requests/Annual Statistic Reports/Annual Stats FY 2025-2026/Physical - UCSC SCA Exclusions"
"F16-C119","Filter","standalone_saved_object","standalone_saved_object","Physical - UCSC SCA Exclusions",2,"NOT(""Location"".""Location Code"" IN ('spc', 'spann', 'spanv', 'sprice', 'spred', 'spwhi', 'spflm', 'spnr', 'spovr', 'spovm') AND ""Holding Details"".""Permanent Call Number"" LIKE 'MS%')","","",,"and",0,,,,,296,"Physical - UCSC SCA Exclusions","/shared/University of California System 01UCS_NETWORK/Reports/Local Requests/Annual Statistic Reports/Annual Stats FY 2025-2026/Physical - UCSC SCA Exclusions"
"F17-C120","Filter","standalone_saved_object","standalone_saved_object","Physical - UCSD Physical Filters",1,"""Location"".""Location Code"" NOT IN ('cc_borbot', 'cc_flr2', 'cc_stor', 'desk', 'srlf', 'SRLF')","","",,"and",0,,,,,299,"Physical - UCSD Physical Filters","/shared/University of California System 01UCS_NETWORK/Reports/Local Requests/Annual Statistic Reports/Annual Stats FY 2025-2026/Physical - UCSD Physical Filters"
"F17-C121","Filter","standalone_saved_object","standalone_saved_object","Physical - UCSD Physical Filters",2,"""Location"".""Location Name"" <> 'Problem location from Migration'","","",,"and",1,,,,,299,"Physical - UCSD Physical Filters","/shared/University of California System 01UCS_NETWORK/Reports/Local Requests/Annual Statistic Reports/Annual Stats FY 2025-2026/Physical - UCSD Physical Filters"
"F18-C122","Filter","standalone_saved_object","standalone_saved_object","Physical - UCSD SCA Exclusions",1,"NOT(""Location"".""Library Code"" IN ('SCA') AND ""Holding Details"".""Permanent Call Number"" LIKE 'SAC%')","","",,"and",0,,,,,300,"Physical - UCSD SCA Exclusions","/shared/University of California System 01UCS_NETWORK/Reports/Local Requests/Annual Statistic Reports/Annual Stats FY 2025-2026/Physical - UCSD SCA Exclusions"
"F18-C123","Filter","standalone_saved_object","standalone_saved_object","Physical - UCSD SCA Exclusions",2,"NOT(""Location"".""Library Code"" IN ('SCA') AND ""Holding Details"".""Permanent Call Number"" LIKE 'SMC%')","","",,"and",0,,,,,300,"Physical - UCSD SCA Exclusions","/shared/University of California System 01UCS_NETWORK/Reports/Local Requests/Annual Statistic Reports/Annual Stats FY 2025-2026/Physical - UCSD SCA Exclusions"
"F18-C124","Filter","standalone_saved_object","standalone_saved_object","Physical - UCSD SCA Exclusions",3,"NOT(""Location"".""Library Code"" IN ('SCA') AND ""Holding Details"".""Permanent Call Number"" LIKE 'MSS%')","","",,"and",0,,,,,300,"Physical - UCSD SCA Exclusions","/shared/University of California System 01UCS_NETWORK/Reports/Local Requests/Annual Statistic Reports/Annual Stats FY 2025-2026/Physical - UCSD SCA Exclusions"
"F18-C125","Filter","standalone_saved_object","standalone_saved_object","Physical - UCSD SCA Exclusions",4,"NOT(""Location"".""Library Code"" IN ('SCA') AND ""Holding Details"".""Permanent Call Number"" LIKE 'RSS%')","","",,"and",0,,,,,300,"Physical - UCSD SCA Exclusions","/shared/University of California System 01UCS_NETWORK/Reports/Local Requests/Annual Statistic Reports/Annual Stats FY 2025-2026/Physical - UCSD SCA Exclusions"
"F19-C126","Filter","standalone_saved_object","standalone_saved_object","Physical - UCSF Physical Filters",1,"""Location"".""Location Code"" <> 'frsno'","","",,,1,,,,,303,"Physical - UCSF Physical Filters","/shared/University of California System 01UCS_NETWORK/Reports/Local Requests/Annual Statistic Reports/Annual Stats FY 2025-2026/Physical - UCSF Physical Filters"
"F20-C127","Filter","standalone_saved_object","standalone_saved_object","TEST REDO Physical - UCI Physical Filters",1,"""Location"".""Location Code"" NOT IN ('gmlml', 'gmlill', 'xlle', 'xllck', 'xllhk', 'xmllk', 'nrlf', 'srlfm', 'srlf', 'srlfr', … (+3 more))","","",,"and",13,,,,,306,"TEST REDO Physical - UCI Physical Filters","/shared/University of California System 01UCS_NETWORK/Reports/Local Requests/Annual Statistic Reports/Annual Stats FY 2025-2026/TEST REDO Physical - UCI Physical Filters"
"F20-C128","Filter","standalone_saved_object","standalone_saved_object","TEST REDO Physical - UCI Physical Filters",2,"""Location"".""Location Name"" NOT IN ('zz', 'Problem location from Migration')","","",,"and",2,,,,,306,"TEST REDO Physical - UCI Physical Filters","/shared/University of California System 01UCS_NETWORK/Reports/Local Requests/Annual Statistic Reports/Annual Stats FY 2025-2026/TEST REDO Physical - UCI Physical Filters"
"F20-C129","Filter","standalone_saved_object","standalone_saved_object","TEST REDO Physical - UCI Physical Filters",3,"""Library Unit"".""Library Code"" NOT IN ('AYALA', 'OCSEAA')","","",,"and",2,,,,,306,"TEST REDO Physical - UCI Physical Filters","/shared/University of California System 01UCS_NETWORK/Reports/Local Requests/Annual Statistic Reports/Annual Stats FY 2025-2026/TEST REDO Physical - UCI Physical Filters"
"F20-C130","Filter","standalone_saved_object","standalone_saved_object","TEST REDO Physical - UCI Physical Filters",4,"""Location"".""Library Name"" NOT IN ('X_Do_Not_Use_Old_Orange County & Southeast Asian Archive Center', 'X_Do_Not_Use_Old_Science Library')","","",,"and",2,,,,,306,"TEST REDO Physical - UCI Physical Filters","/shared/University of California System 01UCS_NETWORK/Reports/Local Requests/Annual Statistic Reports/Annual Stats FY 2025-2026/TEST REDO Physical - UCI Physical Filters"
"F20-C131","Filter","standalone_saved_object","standalone_saved_object","TEST REDO Physical - UCI Physical Filters",5,"""Physical Item Details"".""Statistics Note 2"" IS NULL","","",,"or",0,,,,,306,"TEST REDO Physical - UCI Physical Filters","/shared/University of California System 01UCS_NETWORK/Reports/Local Requests/Annual Statistic Reports/Annual Stats FY 2025-2026/TEST REDO Physical - UCI Physical Filters"
"F20-C132","Filter","standalone_saved_object","standalone_saved_object","TEST REDO Physical - UCI Physical Filters",6,"""Physical Item Details"".""Statistics Note 2"" IS NOT NULL","","",,"and",0,,,,,306,"TEST REDO Physical - UCI Physical Filters","/shared/University of California System 01UCS_NETWORK/Reports/Local Requests/Annual Statistic Reports/Annual Stats FY 2025-2026/TEST REDO Physical - UCI Physical Filters"
"F20-C133","Filter","standalone_saved_object","standalone_saved_object","TEST REDO Physical - UCI Physical Filters",7,"DESCRIPTOR_IDOF(""Physical Items"".""Institution"".""Institution Name"") = 4701 AND ""Physical Item Details"".""Statistics Note 2"" <> '-'","","",,"and",0,,,,,306,"TEST REDO Physical - UCI Physical Filters","/shared/University of California System 01UCS_NETWORK/Reports/Local Requests/Annual Statistic Reports/Annual Stats FY 2025-2026/TEST REDO Physical - UCI Physical Filters"
"F20-C134","Filter","standalone_saved_object","standalone_saved_object","TEST REDO Physical - UCI Physical Filters",8,"DESCRIPTOR_IDOF(""Physical Items"".""Institution"".""Institution Name"") = 4701 AND ""Physical Item Details"".""Statistics Note 2"" NOT LIKE 'from%'","","",,"and",0,,,,,306,"TEST REDO Physical - UCI Physical Filters","/shared/University of California System 01UCS_NETWORK/Reports/Local Requests/Annual Statistic Reports/Annual Stats FY 2025-2026/TEST REDO Physical - UCI Physical Filters"
"F20-C135","Filter","standalone_saved_object","standalone_saved_object","TEST REDO Physical - UCI Physical Filters",9,"DESCRIPTOR_IDOF(""Physical Items"".""Institution"".""Institution Name"") = 4701 AND ""Physical Item Details"".""Statistics Note 2"" NOT LIKE '%rlf-%'","","",,"and",0,,,,,306,"TEST REDO Physical - UCI Physical Filters","/shared/University of California System 01UCS_NETWORK/Reports/Local Requests/Annual Statistic Reports/Annual Stats FY 2025-2026/TEST REDO Physical - UCI Physical Filters"
"F20-C136","Filter","standalone_saved_object","standalone_saved_object","TEST REDO Physical - UCI Physical Filters",10,"DESCRIPTOR_IDOF(""Physical Items"".""Institution"".""Institution Name"") = 4701 AND ""Physical Item Details"".""Statistics Note 2"" NOT LIKE '%sp-%'","","",,"and",0,,,,,306,"TEST REDO Physical - UCI Physical Filters","/shared/University of California System 01UCS_NETWORK/Reports/Local Requests/Annual Statistic Reports/Annual Stats FY 2025-2026/TEST REDO Physical - UCI Physical Filters"
"F20-C137","Filter","standalone_saved_object","standalone_saved_object","TEST REDO Physical - UCI Physical Filters",11,"DESCRIPTOR_IDOF(""Physical Items"".""Institution"".""Institution Name"") = 4701 AND ""Physical Item Details"".""Statistics Note 2"" NOT LIKE '%wd%'","","",,"and",0,,,,,306,"TEST REDO Physical - UCI Physical Filters","/shared/University of California System 01UCS_NETWORK/Reports/Local Requests/Annual Statistic Reports/Annual Stats FY 2025-2026/TEST REDO Physical - UCI Physical Filters"
"F20-C138","Filter","standalone_saved_object","standalone_saved_object","TEST REDO Physical - UCI Physical Filters",12,"DESCRIPTOR_IDOF(""Physical Items"".""Institution"".""Institution Name"") = 4701 AND ""Physical Item Details"".""Statistics Note 2"" NOT LIKE '%ithd%'","","",,"and",0,,,,,306,"TEST REDO Physical - UCI Physical Filters","/shared/University of California System 01UCS_NETWORK/Reports/Local Requests/Annual Statistic Reports/Annual Stats FY 2025-2026/TEST REDO Physical - UCI Physical Filters"
"F21-C139","Filter","standalone_saved_object","standalone_saved_object","zz_old_Physical - UCI SCA Exclusions",1,"NOT(DESCRIPTOR_IDOF(""Physical Items"".""Institution"".""Institution Name"") = 4701 AND ""Location"".""Location Code"" IN ('gocrh', 'gseaa', 'spcol') AND (""Bibliographic Details"".""Uniform Resource Identifier"" LIKE '%findaid%'))","","",,"and",0,,,,,307,"zz_old_Physical - UCI SCA Exclusions","/shared/University of California System 01UCS_NETWORK/Reports/Local Requests/Annual Statistic Reports/Annual Stats FY 2025-2026/zz_old_Physical - UCI SCA Exclusions"
"F21-C140","Filter","standalone_saved_object","standalone_saved_object","zz_old_Physical - UCI SCA Exclusions",2,"NOT(DESCRIPTOR_IDOF(""Physical Items"".""Institution"".""Institution Name"") = 4701 AND ""Location"".""Location Code"" IN ('gocrh', 'gseaa', 'spcol') AND (""Bibliographic Details"".""Uniform Resource Identifier"" LIKE '%oac.cdlib%'))","","",,"and",0,,,,,307,"zz_old_Physical - UCI SCA Exclusions","/shared/University of California System 01UCS_NETWORK/Reports/Local Requests/Annual Statistic Reports/Annual Stats FY 2025-2026/zz_old_Physical - UCI SCA Exclusions"
