"filter_record_id","record_scope","report_catalog_index","report_title","report_subject_area","report_path","filter_index","group_path","nesting_level","join_operator","filter_source","expression_type","operator","field","filter_text","value_count","value_preview","definition_catalog_index","definition_name","definition_path","rule_count","is_resolved","is_referenced"
"F1","report_filter",3,"test2 UCB physical holdings and titles report (no SLF)","Physical Items","/shared/University of California System 01UCS_NETWORK/Reports/Local Requests/Annual Statistic Reports/Annual Stats FY 2025-2026/Final stats reports (for July 1)/test2 UCB physical holdings and titles report (no SLF)",1,"1.1",2,"and","inline","comparison","equal","""Institution"".""Institution Name""","""Institution"".""Institution Name"" = 6532",1,"6532",,,,1,,
"F2","report_filter",3,"test2 UCB physical holdings and titles report (no SLF)","Physical Items","/shared/University of California System 01UCS_NETWORK/Reports/Local Requests/Annual Statistic Reports/Annual Stats FY 2025-2026/Final stats reports (for July 1)/test2 UCB physical holdings and titles report (no SLF)",2,"1.2",2,"and","inline","comparison","notEqual","""Location"".""Library Code""","""Location"".""Library Code"" <> 'NRLF'",1,"NRLF",,,,1,,
"F3","report_filter",3,"test2 UCB physical holdings and titles report (no SLF)","Physical Items","/shared/University of California System 01UCS_NETWORK/Reports/Local Requests/Annual Statistic Reports/Annual Stats FY 2025-2026/Final stats reports (for July 1)/test2 UCB physical holdings and titles report (no SLF)",3,"1.3",2,"and","saved_reference","savedFilter",,,"Saved filter: Global stats physical filters",,,,"Global stats physical filters","/shared/University of California System 01UCS_NETWORK/Reports/Local Requests/Annual Statistic Reports/Annual Stats FY 2025-2026/Global stats physical filters",,FALSE,
"F4","report_filter",3,"test2 UCB physical holdings and titles report (no SLF)","Physical Items","/shared/University of California System 01UCS_NETWORK/Reports/Local Requests/Annual Statistic Reports/Annual Stats FY 2025-2026/Final stats reports (for July 1)/test2 UCB physical holdings and titles report (no SLF)",4,"1.4",2,"and","saved_reference","savedFilter",,,"Saved filter: UCB Physical Filters - locations and stats note 2 only",,,,"UCB Physical Filters - locations and stats note 2 only","/shared/University of California System 01UCS_NETWORK/Reports/Local Requests/Annual Statistic Reports/Annual Stats FY 2025-2026/UCB Physical Filters - locations and stats note 2 only",,FALSE,
"F5","report_filter",3,"test2 UCB physical holdings and titles report (no SLF)","Physical Items","/shared/University of California System 01UCS_NETWORK/Reports/Local Requests/Annual Statistic Reports/Annual Stats FY 2025-2026/Final stats reports (for July 1)/test2 UCB physical holdings and titles report (no SLF)",5,"1.5",2,"and","saved_reference","savedFilter",,,"Saved filter: UCB SCA exclusions",,,,"UCB SCA exclusions","/shared/University of California System 01UCS_NETWORK/Reports/Local Requests/Annual Statistic Reports/Annual Stats FY 2025-2026/UCB SCA exclusions",,FALSE,
"F6","report_filter",3,"test2 UCB physical holdings and titles report (no SLF)","Physical Items","/shared/University of California System 01UCS_NETWORK/Reports/Local Requests/Annual Statistic Reports/Annual Stats FY 2025-2026/Final stats reports (for July 1)/test2 UCB physical holdings and titles report (no SLF)",6,"1.6",2,"and","inline","list","in","""Item Creation Date"".""Item Creation Date""","""Item Creation Date"".""Item Creation Date"" IN ('Added FY 2025-26', 'Added prior to FY 2025-26')",2,"Added FY 2025-26 | Added prior to FY 2025-26",,,,1,,
"F7","report_filter",10,"UCB Physical Collection Usage","Fulfillment","/shared/University of California System 01UCS_NETWORK/Reports/Local Requests/Annual Statistic Reports/Annual Stats FY 2025-2026/Final stats reports (for July 1)/Physical Collection Usage/UCB Physical Collection Usage",1,"1.1",2,"and","inline","comparison","equal","""Institution"".""Institution Name""","""Institution"".""Institution Name"" = 6532",1,"6532",,,,1,,
"F8","report_filter",10,"UCB Physical Collection Usage","Fulfillment","/shared/University of California System 01UCS_NETWORK/Reports/Local Requests/Annual Statistic Reports/Annual Stats FY 2025-2026/Final stats reports (for July 1)/Physical Collection Usage/UCB Physical Collection Usage",2,"1.2",2,"and","saved_reference","savedFilter",,,"Saved filter: Fulfillment - FY 2025-26 Loans",,,226,"Fulfillment - FY 2025-26 Loans","/shared/University of California System 01UCS_NETWORK/Reports/Local Requests/Annual Statistic Reports/Annual Stats FY 2025-2026/Fulfillment - FY 2025-26 Loans",1,TRUE,
"F9","report_filter",10,"UCB Physical Collection Usage","Fulfillment","/shared/University of California System 01UCS_NETWORK/Reports/Local Requests/Annual Statistic Reports/Annual Stats FY 2025-2026/Final stats reports (for July 1)/Physical Collection Usage/UCB Physical Collection Usage",3,"1.3",2,"and","inline","comparison","greater","""Loan"".""Loans (Not In House)""","""Loan"".""Loans (Not In House)"" > 0",1,"0",,,,1,,
"F10","report_filter",16,"UCB Risk Management Report","Physical Items","/shared/University of California System 01UCS_NETWORK/Reports/Local Requests/Annual Statistic Reports/Annual Stats FY 2025-2026/Final stats reports (for July 1)/Risk Management/UCB Risk Management Report",1,"1.1",2,"and","inline","list","in","""Institution"".""Institution Name""","""Institution"".""Institution Name"" IN (6532, 6533)",2,"6532 | 6533",,,,1,,
"F11","report_filter",16,"UCB Risk Management Report","Physical Items","/shared/University of California System 01UCS_NETWORK/Reports/Local Requests/Annual Statistic Reports/Annual Stats FY 2025-2026/Final stats reports (for July 1)/Risk Management/UCB Risk Management Report",2,"1.2",2,"and","inline","list","in","""Institution"".""Institution Name""","""Institution"".""Institution Name"" IN ('SLF-N', 'SLF-S', 'UCB')",3,"SLF-N | SLF-S | UCB",,,,1,,
"F12","report_filter",16,"UCB Risk Management Report","Physical Items","/shared/University of California System 01UCS_NETWORK/Reports/Local Requests/Annual Statistic Reports/Annual Stats FY 2025-2026/Final stats reports (for July 1)/Risk Management/UCB Risk Management Report",3,"1.3",2,"and","saved_reference","savedFilter",,,"Saved filter: Global stats physical filters",,,,"Global stats physical filters","/shared/University of California System 01UCS_NETWORK/Reports/Local Requests/Annual Statistic Reports/Annual Stats FY 2025-2026/Global stats physical filters",,FALSE,
"F13","report_filter",16,"UCB Risk Management Report","Physical Items","/shared/University of California System 01UCS_NETWORK/Reports/Local Requests/Annual Statistic Reports/Annual Stats FY 2025-2026/Final stats reports (for July 1)/Risk Management/UCB Risk Management Report",4,"1.4",2,"and","saved_reference","savedFilter",,,"Saved filter: UCB Physical Filters",,,,"UCB Physical Filters","/shared/University of California System 01UCS_NETWORK/Reports/Local Requests/Annual Statistic Reports/Annual Stats FY 2025-2026/UCB Physical Filters",,FALSE,
"F14","report_filter",16,"UCB Risk Management Report","Physical Items","/shared/University of California System 01UCS_NETWORK/Reports/Local Requests/Annual Statistic Reports/Annual Stats FY 2025-2026/Final stats reports (for July 1)/Risk Management/UCB Risk Management Report",5,"1.5",2,"and","saved_reference","savedFilter",,,"Saved filter: UCB SCA exclusions",,,,"UCB SCA exclusions","/shared/University of California System 01UCS_NETWORK/Reports/Local Requests/Annual Statistic Reports/Annual Stats FY 2025-2026/UCB SCA exclusions",,FALSE,
"F15","report_filter",17,"SLF Physical Holdings and Titles Report","Physical Items","/shared/University of California System 01UCS_NETWORK/Reports/Local Requests/Annual Statistic Reports/Annual Stats FY 2025-2026/Final stats reports (for July 1)/Physical/SLF Physical Holdings and Titles Report",1,"1.1",2,"and","inline","list","in","""Institution"".""Institution Name""","""Institution"".""Institution Name"" IN (6532, 6533)",2,"6532 | 6533",,,,1,,
"F16","report_filter",17,"SLF Physical Holdings and Titles Report","Physical Items","/shared/University of California System 01UCS_NETWORK/Reports/Local Requests/Annual Statistic Reports/Annual Stats FY 2025-2026/Final stats reports (for July 1)/Physical/SLF Physical Holdings and Titles Report",2,"1.2",2,"and","inline","list","in","""Location"".""Library Code""","""Location"".""Library Code"" IN ('NRLF', 'SRLF')",2,"NRLF | SRLF",,,,1,,
"F17","report_filter",17,"SLF Physical Holdings and Titles Report","Physical Items","/shared/University of California System 01UCS_NETWORK/Reports/Local Requests/Annual Statistic Reports/Annual Stats FY 2025-2026/Final stats reports (for July 1)/Physical/SLF Physical Holdings and Titles Report",3,"1.3",2,"and","saved_reference","savedFilter",,,"Saved filter: Physical - Global stats physical filters",,,264,"Physical - Global stats physical filters","/shared/University of California System 01UCS_NETWORK/Reports/Local Requests/Annual Statistic Reports/Annual Stats FY 2025-2026/Physical - Global stats physical filters",16,TRUE,
"F18","report_filter",17,"SLF Physical Holdings and Titles Report","Physical Items","/shared/University of California System 01UCS_NETWORK/Reports/Local Requests/Annual Statistic Reports/Annual Stats FY 2025-2026/Final stats reports (for July 1)/Physical/SLF Physical Holdings and Titles Report",4,"1.4",2,"and","saved_reference","savedFilter",,,"Saved filter: Physical - UCB Physical Filters",,,271,"Physical - UCB Physical Filters","/shared/University of California System 01UCS_NETWORK/Reports/Local Requests/Annual Statistic Reports/Annual Stats FY 2025-2026/Physical - UCB Physical Filters",11,TRUE,
"F19","report_filter",23,"UCB Library categorization report","Physical Items","/shared/University of California System 01UCS_NETWORK/Reports/Local Requests/Annual Statistic Reports/Annual Stats FY 2025-2026/Preparation review reports/Physical preparation review reports/UCB Library categorization report",1,"1.1",2,"and","inline","list","in","""Institution"".""Institution Name""","""Institution"".""Institution Name"" IN (6532, 6533)",2,"6532 | 6533",,,,1,,
"F20","report_filter",23,"UCB Library categorization report","Physical Items","/shared/University of California System 01UCS_NETWORK/Reports/Local Requests/Annual Statistic Reports/Annual Stats FY 2025-2026/Preparation review reports/Physical preparation review reports/UCB Library categorization report",2,"1.2",2,"and","inline","list","in","""Institution"".""Institution Name""","""Institution"".""Institution Name"" IN ('SLF-N', 'SLF-S', 'UCB')",3,"SLF-N | SLF-S | UCB",,,,1,,
"F21","report_filter",23,"UCB Library categorization report","Physical Items","/shared/University of California System 01UCS_NETWORK/Reports/Local Requests/Annual Statistic Reports/Annual Stats FY 2025-2026/Preparation review reports/Physical preparation review reports/UCB Library categorization report",3,"1.3",2,"and","saved_reference","savedFilter",,,"Saved filter: Global stats physical filters",,,,"Global stats physical filters","/shared/University of California System 01UCS_NETWORK/Reports/Local Requests/Annual Statistic Reports/Annual Stats FY 2025-2026/Global stats physical filters",,FALSE,
"F22","report_filter",23,"UCB Library categorization report","Physical Items","/shared/University of California System 01UCS_NETWORK/Reports/Local Requests/Annual Statistic Reports/Annual Stats FY 2025-2026/Preparation review reports/Physical preparation review reports/UCB Library categorization report",4,"1.4",2,"and","saved_reference","savedFilter",,,"Saved filter: UCB Physical Filters",,,,"UCB Physical Filters","/shared/University of California System 01UCS_NETWORK/Reports/Local Requests/Annual Statistic Reports/Annual Stats FY 2025-2026/UCB Physical Filters",,FALSE,
"F23","report_filter",23,"UCB Library categorization report","Physical Items","/shared/University of California System 01UCS_NETWORK/Reports/Local Requests/Annual Statistic Reports/Annual Stats FY 2025-2026/Preparation review reports/Physical preparation review reports/UCB Library categorization report",5,"1.5",2,"and","saved_reference","savedFilter",,,"Saved filter: UCB SCA exclusions",,,,"UCB SCA exclusions","/shared/University of California System 01UCS_NETWORK/Reports/Local Requests/Annual Statistic Reports/Annual Stats FY 2025-2026/UCB SCA exclusions",,FALSE,
"F24","report_filter",25,"UCB eResources Library Categorization Report","E-Inventory","/shared/University of California System 01UCS_NETWORK/Reports/Local Requests/Annual Statistic Reports/Annual Stats FY 2025-2026/Preparation review reports/Electronic preparation review reports/UCB eResources Library Categorization Report",1,"1",1,,"inline","comparison","equal","""Institution"".""Institution Name""","""Institution"".""Institution Name"" = 6532",1,"6532",,,,1,,
"F25","report_filter",27,"UCB Electronic Holdings and Titles Report","E-Inventory","/shared/University of California System 01UCS_NETWORK/Reports/Local Requests/Annual Statistic Reports/Annual Stats FY 2025-2026/Final stats reports (for July 1)/Electronic/UCB Electronic Holdings and Titles Report",1,"1.1",2,"and","inline","list","in","""Institution"".""Institution Name""","""Institution"".""Institution Name"" IN (6532, 6531)",2,"6532 | 6531",,,,1,,
"F26","report_filter",27,"UCB Electronic Holdings and Titles Report","E-Inventory","/shared/University of California System 01UCS_NETWORK/Reports/Local Requests/Annual Statistic Reports/Annual Stats FY 2025-2026/Final stats reports (for July 1)/Electronic/UCB Electronic Holdings and Titles Report",2,"1.2",2,"and","inline","list","in","""Institution"".""Institution Name""","""Institution"".""Institution Name"" IN ('Managed by CDL', 'Managed by UCB')",2,"Managed by CDL | Managed by UCB",,,,1,,
"F27","report_filter",33,"UCB eResources Comparison Report","E-Inventory","/shared/University of California System 01UCS_NETWORK/Reports/Local Requests/Annual Statistic Reports/Annual Stats FY 2025-2026/Final stats reports (for July 1)/eResources Comparison/UCB eResources Comparison Report",1,"1.1",2,"and","inline","list","in","""Institution"".""Institution Name""","""Institution"".""Institution Name"" IN (6532, 6531)",2,"6532 | 6531",,,,1,,
"F28","report_filter",33,"UCB eResources Comparison Report","E-Inventory","/shared/University of California System 01UCS_NETWORK/Reports/Local Requests/Annual Statistic Reports/Annual Stats FY 2025-2026/Final stats reports (for July 1)/eResources Comparison/UCB eResources Comparison Report",2,"1.2",2,"and","inline","list","in","""Institution"".""Institution Name""","""Institution"".""Institution Name"" IN ('Managed by CDL', 'Managed by UCB')",2,"Managed by CDL | Managed by UCB",,,,1,,
"F29","report_filter",35,"SLF-N Added Physical Holdings and Titles Report","Physical Items","/shared/University of California System 01UCS_NETWORK/Reports/Local Requests/Annual Statistic Reports/Annual Stats FY 2025-2026/Final stats reports (for July 1)/Physical/SLF-N Added Physical Holdings and Titles Report",1,"1.1",2,"and","inline","comparison","equal","""Institution"".""Institution Name""","""Institution"".""Institution Name"" = 6532",1,"6532",,,,1,,
"F30","report_filter",35,"SLF-N Added Physical Holdings and Titles Report","Physical Items","/shared/University of California System 01UCS_NETWORK/Reports/Local Requests/Annual Statistic Reports/Annual Stats FY 2025-2026/Final stats reports (for July 1)/Physical/SLF-N Added Physical Holdings and Titles Report",2,"1.2",2,"and","inline","list","in","""Location"".""Library Code""","""Location"".""Library Code"" IN ('NRLF', 'SRLF')",2,"NRLF | SRLF",,,,1,,
"F31","report_filter",35,"SLF-N Added Physical Holdings and Titles Report","Physical Items","/shared/University of California System 01UCS_NETWORK/Reports/Local Requests/Annual Statistic Reports/Annual Stats FY 2025-2026/Final stats reports (for July 1)/Physical/SLF-N Added Physical Holdings and Titles Report",3,"1.3",2,"and","saved_reference","savedFilter",,,"Saved filter: Physical - Global stats physical filters",,,264,"Physical - Global stats physical filters","/shared/University of California System 01UCS_NETWORK/Reports/Local Requests/Annual Statistic Reports/Annual Stats FY 2025-2026/Physical - Global stats physical filters",16,TRUE,
"F32","report_filter",35,"SLF-N Added Physical Holdings and Titles Report","Physical Items","/shared/University of California System 01UCS_NETWORK/Reports/Local Requests/Annual Statistic Reports/Annual Stats FY 2025-2026/Final stats reports (for July 1)/Physical/SLF-N Added Physical Holdings and Titles Report",4,"1.4",2,"and","saved_reference","savedFilter",,,"Saved filter: Physical - UCB Physical Filters",,,271,"Physical - UCB Physical Filters","/shared/University of California System 01UCS_NETWORK/Reports/Local Requests/Annual Statistic Reports/Annual Stats FY 2025-2026/Physical - UCB Physical Filters",11,TRUE,
"F33","report_filter",35,"SLF-N Added Physical Holdings and Titles Report","Physical Items","/shared/University of California System 01UCS_NETWORK/Reports/Local Requests/Annual Statistic Reports/Annual Stats FY 2025-2026/Final stats reports (for July 1)/Physical/SLF-N Added Physical Holdings and Titles Report",5,"1.5",2,"and","saved_reference","savedFilter",,,"Saved filter: Physical - SLF-N FY 2026 accessions",,,267,"Physical - SLF-N FY 2026 accessions","/shared/University of California System 01UCS_NETWORK/Reports/Local Requests/Annual Statistic Reports/Annual Stats FY 2025-2026/Physical - SLF-N FY 2026 accessions",47,TRUE,
"F34","report_filter",37,"UCD Physical Collection Usage","Fulfillment","/shared/University of California System 01UCS_NETWORK/Reports/Local Requests/Annual Statistic Reports/Annual Stats FY 2025-2026/Final stats reports (for July 1)/Physical Collection Usage/UCD Physical Collection Usage",1,"1.1",2,"and","inline","comparison","equal","""Institution"".""Institution Name""","""Institution"".""Institution Name"" = 3126",1,"3126",,,,1,,
"F35","report_filter",37,"UCD Physical Collection Usage","Fulfillment","/shared/University of California System 01UCS_NETWORK/Reports/Local Requests/Annual Statistic Reports/Annual Stats FY 2025-2026/Final stats reports (for July 1)/Physical Collection Usage/UCD Physical Collection Usage",2,"1.2",2,"and","saved_reference","savedFilter",,,"Saved filter: Fulfillment - FY 2025-26 Loans",,,226,"Fulfillment - FY 2025-26 Loans","/shared/University of California System 01UCS_NETWORK/Reports/Local Requests/Annual Statistic Reports/Annual Stats FY 2025-2026/Fulfillment - FY 2025-26 Loans",1,TRUE,
"F36","report_filter",37,"UCD Physical Collection Usage","Fulfillment","/shared/University of California System 01UCS_NETWORK/Reports/Local Requests/Annual Statistic Reports/Annual Stats FY 2025-2026/Final stats reports (for July 1)/Physical Collection Usage/UCD Physical Collection Usage",3,"1.3",2,"and","inline","comparison","greater","""Loan"".""Loans (Not In House)""","""Loan"".""Loans (Not In House)"" > 0",1,"0",,,,1,,
"F37","report_filter",47,"UCD Risk Management Report","Physical Items","/shared/University of California System 01UCS_NETWORK/Reports/Local Requests/Annual Statistic Reports/Annual Stats FY 2025-2026/Final stats reports (for July 1)/Risk Management/UCD Risk Management Report",1,"1.1",2,"and","inline","list","in","""Institution"".""Institution Name""","""Institution"".""Institution Name"" IN (6532, 3126, 6533)",3,"6532 | 3126 | 6533",,,,1,,
"F38","report_filter",47,"UCD Risk Management Report","Physical Items","/shared/University of California System 01UCS_NETWORK/Reports/Local Requests/Annual Statistic Reports/Annual Stats FY 2025-2026/Final stats reports (for July 1)/Risk Management/UCD Risk Management Report",2,"1.2",2,"and","inline","list","in","""Institution"".""Institution Name""","""Institution"".""Institution Name"" IN ('SLF-N', 'SLF-S', 'UCD')",3,"SLF-N | SLF-S | UCD",,,,1,,
"F39","report_filter",47,"UCD Risk Management Report","Physical Items","/shared/University of California System 01UCS_NETWORK/Reports/Local Requests/Annual Statistic Reports/Annual Stats FY 2025-2026/Final stats reports (for July 1)/Risk Management/UCD Risk Management Report",3,"1.3",2,"and","saved_reference","savedFilter",,,"Saved filter: Global stats physical filters",,,,"Global stats physical filters","/shared/University of California System 01UCS_NETWORK/Reports/Local Requests/Annual Statistic Reports/Annual Stats FY 2025-2026/Global stats physical filters",,FALSE,
"F40","report_filter",47,"UCD Risk Management Report","Physical Items","/shared/University of California System 01UCS_NETWORK/Reports/Local Requests/Annual Statistic Reports/Annual Stats FY 2025-2026/Final stats reports (for July 1)/Risk Management/UCD Risk Management Report",4,"1.4",2,"and","saved_reference","savedFilter",,,"Saved filter: UCD Physical Filters",,,,"UCD Physical Filters","/shared/University of California System 01UCS_NETWORK/Reports/Local Requests/Annual Statistic Reports/Annual Stats FY 2025-2026/UCD Physical Filters",,FALSE,
"F41","report_filter",51,"UCB Check-Out Type Categorization Report","Fulfillment","/shared/University of California System 01UCS_NETWORK/Reports/Local Requests/Annual Statistic Reports/Annual Stats FY 2025-2026/Preparation review reports/Fulfillment preparation review reports/UCB Check-Out Type Categorization Report",1,"1.1",2,"and","inline","comparison","equal","""Institution"".""Institution Name""","""Institution"".""Institution Name"" = 6532",1,"6532",,,,1,,
"F42","report_filter",51,"UCB Check-Out Type Categorization Report","Fulfillment","/shared/University of California System 01UCS_NETWORK/Reports/Local Requests/Annual Statistic Reports/Annual Stats FY 2025-2026/Preparation review reports/Fulfillment preparation review reports/UCB Check-Out Type Categorization Report",2,"1.2",2,"and","saved_reference","savedFilter",,,"Saved filter: FY 2025-26 Loans",,,,"FY 2025-26 Loans","/shared/University of California System 01UCS_NETWORK/Reports/Local Requests/Annual Statistic Reports/Annual Stats FY 2025-2026/FY 2025-26 Loans",,FALSE,
"F43","report_filter",51,"UCB Check-Out Type Categorization Report","Fulfillment","/shared/University of California System 01UCS_NETWORK/Reports/Local Requests/Annual Statistic Reports/Annual Stats FY 2025-2026/Preparation review reports/Fulfillment preparation review reports/UCB Check-Out Type Categorization Report",3,"1.3",2,"and","inline","comparison","equal","""Loan Details"".""In House Loan Indicator""","""Loan Details"".""In House Loan Indicator"" = 'N'",1,"N",,,,1,,
"F44","report_filter",52,"UCD eResources Library Categorization Report","E-Inventory","/shared/University of California System 01UCS_NETWORK/Reports/Local Requests/Annual Statistic Reports/Annual Stats FY 2025-2026/Preparation review reports/Electronic preparation review reports/UCD eResources Library Categorization Report",1,"1",1,,"inline","comparison","equal","""Institution"".""Institution Name""","""Institution"".""Institution Name"" = 3126",1,"3126",,,,1,,
"F45","report_filter",55,"UCD Library categorization report","Physical Items","/shared/University of California System 01UCS_NETWORK/Reports/Local Requests/Annual Statistic Reports/Annual Stats FY 2025-2026/Preparation review reports/Physical preparation review reports/UCD Library categorization report",1,"1.1",2,"and","inline","list","in","""Institution"".""Institution Name""","""Institution"".""Institution Name"" IN (6532, 3126, 6533)",3,"6532 | 3126 | 6533",,,,1,,
"F46","report_filter",55,"UCD Library categorization report","Physical Items","/shared/University of California System 01UCS_NETWORK/Reports/Local Requests/Annual Statistic Reports/Annual Stats FY 2025-2026/Preparation review reports/Physical preparation review reports/UCD Library categorization report",2,"1.2",2,"and","inline","list","in","""Institution"".""Institution Name""","""Institution"".""Institution Name"" IN ('SLF-N', 'SLF-S', 'UCD')",3,"SLF-N | SLF-S | UCD",,,,1,,
"F47","report_filter",55,"UCD Library categorization report","Physical Items","/shared/University of California System 01UCS_NETWORK/Reports/Local Requests/Annual Statistic Reports/Annual Stats FY 2025-2026/Preparation review reports/Physical preparation review reports/UCD Library categorization report",3,"1.3",2,"and","saved_reference","savedFilter",,,"Saved filter: Global stats physical filters",,,,"Global stats physical filters","/shared/University of California System 01UCS_NETWORK/Reports/Local Requests/Annual Statistic Reports/Annual Stats FY 2025-2026/Global stats physical filters",,FALSE,
"F48","report_filter",55,"UCD Library categorization report","Physical Items","/shared/University of California System 01UCS_NETWORK/Reports/Local Requests/Annual Statistic Reports/Annual Stats FY 2025-2026/Preparation review reports/Physical preparation review reports/UCD Library categorization report",4,"1.4",2,"and","saved_reference","savedFilter",,,"Saved filter: UCD Physical Filters",,,,"UCD Physical Filters","/shared/University of California System 01UCS_NETWORK/Reports/Local Requests/Annual Statistic Reports/Annual Stats FY 2025-2026/UCD Physical Filters",,FALSE,
"F49","report_filter",56,"UCD eResources Comparison Report","E-Inventory","/shared/University of California System 01UCS_NETWORK/Reports/Local Requests/Annual Statistic Reports/Annual Stats FY 2025-2026/Final stats reports (for July 1)/eResources Comparison/UCD eResources Comparison Report",1,"1.1",2,"and","inline","list","in","""Institution"".""Institution Name""","""Institution"".""Institution Name"" IN (3126, 6531)",2,"3126 | 6531",,,,1,,
"F50","report_filter",56,"UCD eResources Comparison Report","E-Inventory","/shared/University of California System 01UCS_NETWORK/Reports/Local Requests/Annual Statistic Reports/Annual Stats FY 2025-2026/Final stats reports (for July 1)/eResources Comparison/UCD eResources Comparison Report",2,"1.2",2,"and","inline","list","in","""Institution"".""Institution Name""","""Institution"".""Institution Name"" IN ('Managed by CDL', 'Managed by UCD')",2,"Managed by CDL | Managed by UCD",,,,1,,
"F51","report_filter",60,"UCB User Group Categorization Report","Fulfillment","/shared/University of California System 01UCS_NETWORK/Reports/Local Requests/Annual Statistic Reports/Annual Stats FY 2025-2026/Preparation review reports/Fulfillment preparation review reports/UCB User Group Categorization Report",1,"1",1,,"inline","comparison","equal","""Institution"".""Institution Name""","""Institution"".""Institution Name"" = 6532",1,"6532",,,,1,,
"F52","report_filter",65,"UCD Electronic Holdings and Titles Report","E-Inventory","/shared/University of California System 01UCS_NETWORK/Reports/Local Requests/Annual Statistic Reports/Annual Stats FY 2025-2026/Final stats reports (for July 1)/Electronic/UCD Electronic Holdings and Titles Report",1,"1.1",2,"and","inline","list","in","""Institution"".""Institution Name""","""Institution"".""Institution Name"" IN (3126, 6531)",2,"3126 | 6531",,,,1,,
"F53","report_filter",65,"UCD Electronic Holdings and Titles Report","E-Inventory","/shared/University of California System 01UCS_NETWORK/Reports/Local Requests/Annual Statistic Reports/Annual Stats FY 2025-2026/Final stats reports (for July 1)/Electronic/UCD Electronic Holdings and Titles Report",2,"1.2",2,"and","inline","list","in","""Institution"".""Institution Name""","""Institution"".""Institution Name"" IN ('Managed by CDL', 'Managed by UCD')",2,"Managed by CDL | Managed by UCD",,,,1,,
"F54","report_filter",66,"UCI Physical Collection Usage","Fulfillment","/shared/University of California System 01UCS_NETWORK/Reports/Local Requests/Annual Statistic Reports/Annual Stats FY 2025-2026/Final stats reports (for July 1)/Physical Collection Usage/UCI Physical Collection Usage",1,"1.1",2,"and","inline","comparison","equal","""Institution"".""Institution Name""","""Institution"".""Institution Name"" = 4701",1,"4701",,,,1,,
"F55","report_filter",66,"UCI Physical Collection Usage","Fulfillment","/shared/University of California System 01UCS_NETWORK/Reports/Local Requests/Annual Statistic Reports/Annual Stats FY 2025-2026/Final stats reports (for July 1)/Physical Collection Usage/UCI Physical Collection Usage",2,"1.2",2,"and","saved_reference","savedFilter",,,"Saved filter: Fulfillment - FY 2025-26 Loans",,,226,"Fulfillment - FY 2025-26 Loans","/shared/University of California System 01UCS_NETWORK/Reports/Local Requests/Annual Statistic Reports/Annual Stats FY 2025-2026/Fulfillment - FY 2025-26 Loans",1,TRUE,
"F56","report_filter",66,"UCI Physical Collection Usage","Fulfillment","/shared/University of California System 01UCS_NETWORK/Reports/Local Requests/Annual Statistic Reports/Annual Stats FY 2025-2026/Final stats reports (for July 1)/Physical Collection Usage/UCI Physical Collection Usage",3,"1.3",2,"and","inline","comparison","greater","""Loan"".""Loans (Not In House)""","""Loan"".""Loans (Not In House)"" > 0",1,"0",,,,1,,
"F57","report_filter",67,"UCI Risk Management Report","Physical Items","/shared/University of California System 01UCS_NETWORK/Reports/Local Requests/Annual Statistic Reports/Annual Stats FY 2025-2026/Final stats reports (for July 1)/Risk Management/UCI Risk Management Report",1,"1.1",2,"and","inline","list","in","""Institution"".""Institution Name""","""Institution"".""Institution Name"" IN (6532, 4701, 6533)",3,"6532 | 4701 | 6533",,,,1,,
"F58","report_filter",67,"UCI Risk Management Report","Physical Items","/shared/University of California System 01UCS_NETWORK/Reports/Local Requests/Annual Statistic Reports/Annual Stats FY 2025-2026/Final stats reports (for July 1)/Risk Management/UCI Risk Management Report",2,"1.2",2,"and","inline","list","in","""Institution"".""Institution Name""","""Institution"".""Institution Name"" IN ('SLF-N', 'SLF-S', 'UCI')",3,"SLF-N | SLF-S | UCI",,,,1,,
"F59","report_filter",67,"UCI Risk Management Report","Physical Items","/shared/University of California System 01UCS_NETWORK/Reports/Local Requests/Annual Statistic Reports/Annual Stats FY 2025-2026/Final stats reports (for July 1)/Risk Management/UCI Risk Management Report",3,"1.3",2,"and","saved_reference","savedFilter",,,"Saved filter: Global stats physical filters",,,,"Global stats physical filters","/shared/University of California System 01UCS_NETWORK/Reports/Local Requests/Annual Statistic Reports/Annual Stats FY 2025-2026/Global stats physical filters",,FALSE,
"F60","report_filter",67,"UCI Risk Management Report","Physical Items","/shared/University of California System 01UCS_NETWORK/Reports/Local Requests/Annual Statistic Reports/Annual Stats FY 2025-2026/Final stats reports (for July 1)/Risk Management/UCI Risk Management Report",4,"1.4",2,"and","saved_reference","savedFilter",,,"Saved filter: UCI Physical Filters",,,,"UCI Physical Filters","/shared/University of California System 01UCS_NETWORK/Reports/Local Requests/Annual Statistic Reports/Annual Stats FY 2025-2026/UCI Physical Filters",,FALSE,
"F61","report_filter",67,"UCI Risk Management Report","Physical Items","/shared/University of California System 01UCS_NETWORK/Reports/Local Requests/Annual Statistic Reports/Annual Stats FY 2025-2026/Final stats reports (for July 1)/Risk Management/UCI Risk Management Report",5,"1.5",2,"and","saved_reference","savedFilter",,,"Saved filter: UCI SCA Exclusions",,,,"UCI SCA Exclusions","/shared/University of California System 01UCS_NETWORK/Reports/Local Requests/Annual Statistic Reports/Annual Stats FY 2025-2026/UCI SCA Exclusions",,FALSE,
"F62","report_filter",74,"SLF-S Added Physical Holdings and Titles Report","Physical Items","/shared/University of California System 01UCS_NETWORK/Reports/Local Requests/Annual Statistic Reports/Annual Stats FY 2025-2026/Final stats reports (for July 1)/Physical/SLF-S Added Physical Holdings and Titles Report",1,"1.1",2,"and","inline","comparison","equal","""Institution"".""Institution Name""","""Institution"".""Institution Name"" = 6533",1,"6533",,,,1,,
"F63","report_filter",74,"SLF-S Added Physical Holdings and Titles Report","Physical Items","/shared/University of California System 01UCS_NETWORK/Reports/Local Requests/Annual Statistic Reports/Annual Stats FY 2025-2026/Final stats reports (for July 1)/Physical/SLF-S Added Physical Holdings and Titles Report",2,"1.2",2,"and","inline","list","in","""Location"".""Library Code""","""Location"".""Library Code"" IN ('NRLF', 'SRLF')",2,"NRLF | SRLF",,,,1,,
"F64","report_filter",74,"SLF-S Added Physical Holdings and Titles Report","Physical Items","/shared/University of California System 01UCS_NETWORK/Reports/Local Requests/Annual Statistic Reports/Annual Stats FY 2025-2026/Final stats reports (for July 1)/Physical/SLF-S Added Physical Holdings and Titles Report",3,"1.3",2,"and","saved_reference","savedFilter",,,"Saved filter: Physical - Global stats physical filters",,,264,"Physical - Global stats physical filters","/shared/University of California System 01UCS_NETWORK/Reports/Local Requests/Annual Statistic Reports/Annual Stats FY 2025-2026/Physical - Global stats physical filters",16,TRUE,
"F65","report_filter",74,"SLF-S Added Physical Holdings and Titles Report","Physical Items","/shared/University of California System 01UCS_NETWORK/Reports/Local Requests/Annual Statistic Reports/Annual Stats FY 2025-2026/Final stats reports (for July 1)/Physical/SLF-S Added Physical Holdings and Titles Report",4,"1.4",2,"and","saved_reference","savedFilter",,,"Saved filter: Physical - UCB Physical Filters",,,271,"Physical - UCB Physical Filters","/shared/University of California System 01UCS_NETWORK/Reports/Local Requests/Annual Statistic Reports/Annual Stats FY 2025-2026/Physical - UCB Physical Filters",11,TRUE,
"F66","report_filter",83,"UCI Library Categorization Report","Physical Items","/shared/University of California System 01UCS_NETWORK/Reports/Local Requests/Annual Statistic Reports/Annual Stats FY 2025-2026/Preparation review reports/Physical preparation review reports/UCI Library Categorization Report",1,"1.1",2,"and","inline","list","in","""Institution"".""Institution Name""","""Institution"".""Institution Name"" IN (6532, 4701, 6533)",3,"6532 | 4701 | 6533",,,,1,,
"F67","report_filter",83,"UCI Library Categorization Report","Physical Items","/shared/University of California System 01UCS_NETWORK/Reports/Local Requests/Annual Statistic Reports/Annual Stats FY 2025-2026/Preparation review reports/Physical preparation review reports/UCI Library Categorization Report",2,"1.2",2,"and","inline","list","in","""Institution"".""Institution Name""","""Institution"".""Institution Name"" IN ('SLF-N', 'SLF-S', 'UCI')",3,"SLF-N | SLF-S | UCI",,,,1,,
"F68","report_filter",83,"UCI Library Categorization Report","Physical Items","/shared/University of California System 01UCS_NETWORK/Reports/Local Requests/Annual Statistic Reports/Annual Stats FY 2025-2026/Preparation review reports/Physical preparation review reports/UCI Library Categorization Report",3,"1.3",2,"and","saved_reference","savedFilter",,,"Saved filter: Global stats physical filters",,,,"Global stats physical filters","/shared/University of California System 01UCS_NETWORK/Reports/Local Requests/Annual Statistic Reports/Annual Stats FY 2025-2026/Global stats physical filters",,FALSE,
"F69","report_filter",83,"UCI Library Categorization Report","Physical Items","/shared/University of California System 01UCS_NETWORK/Reports/Local Requests/Annual Statistic Reports/Annual Stats FY 2025-2026/Preparation review reports/Physical preparation review reports/UCI Library Categorization Report",4,"1.4",2,"and","saved_reference","savedFilter",,,"Saved filter: UCI Physical Filters",,,,"UCI Physical Filters","/shared/University of California System 01UCS_NETWORK/Reports/Local Requests/Annual Statistic Reports/Annual Stats FY 2025-2026/UCI Physical Filters",,FALSE,
"F70","report_filter",83,"UCI Library Categorization Report","Physical Items","/shared/University of California System 01UCS_NETWORK/Reports/Local Requests/Annual Statistic Reports/Annual Stats FY 2025-2026/Preparation review reports/Physical preparation review reports/UCI Library Categorization Report",5,"1.5",2,"and","saved_reference","savedFilter",,,"Saved filter: UCI SCA Exclusions",,,,"UCI SCA Exclusions","/shared/University of California System 01UCS_NETWORK/Reports/Local Requests/Annual Statistic Reports/Annual Stats FY 2025-2026/UCI SCA Exclusions",,FALSE,
"F71","report_filter",85,"UCI eResources Library Categorization Report","E-Inventory","/shared/University of California System 01UCS_NETWORK/Reports/Local Requests/Annual Statistic Reports/Annual Stats FY 2025-2026/Preparation review reports/Electronic preparation review reports/UCI eResources Library Categorization Report",1,"1",1,,"inline","comparison","equal","""Institution"".""Institution Name""","""Institution"".""Institution Name"" = 4701",1,"4701",,,,1,,
"F72","report_filter",89,"UCD Check-Out Type Categorization Report","Fulfillment","/shared/University of California System 01UCS_NETWORK/Reports/Local Requests/Annual Statistic Reports/Annual Stats FY 2025-2026/Preparation review reports/Fulfillment preparation review reports/UCD Check-Out Type Categorization Report",1,"1.1",2,"and","inline","comparison","equal","""Institution"".""Institution Name""","""Institution"".""Institution Name"" = 3126",1,"3126",,,,1,,
"F73","report_filter",89,"UCD Check-Out Type Categorization Report","Fulfillment","/shared/University of California System 01UCS_NETWORK/Reports/Local Requests/Annual Statistic Reports/Annual Stats FY 2025-2026/Preparation review reports/Fulfillment preparation review reports/UCD Check-Out Type Categorization Report",2,"1.2",2,"and","saved_reference","savedFilter",,,"Saved filter: FY 2025-26 Loans",,,,"FY 2025-26 Loans","/shared/University of California System 01UCS_NETWORK/Reports/Local Requests/Annual Statistic Reports/Annual Stats FY 2025-2026/FY 2025-26 Loans",,FALSE,
"F74","report_filter",89,"UCD Check-Out Type Categorization Report","Fulfillment","/shared/University of California System 01UCS_NETWORK/Reports/Local Requests/Annual Statistic Reports/Annual Stats FY 2025-2026/Preparation review reports/Fulfillment preparation review reports/UCD Check-Out Type Categorization Report",3,"1.3",2,"and","inline","comparison","equal","""Loan Details"".""In House Loan Indicator""","""Loan Details"".""In House Loan Indicator"" = 'N'",1,"N",,,,1,,
"F75","report_filter",92,"UCI Electronic Holdings and Titles Report","E-Inventory","/shared/University of California System 01UCS_NETWORK/Reports/Local Requests/Annual Statistic Reports/Annual Stats FY 2025-2026/Final stats reports (for July 1)/Electronic/UCI Electronic Holdings and Titles Report",1,"1.1",2,"and","inline","list","in","""Institution"".""Institution Name""","""Institution"".""Institution Name"" IN (4701, 6531)",2,"4701 | 6531",,,,1,,
"F76","report_filter",92,"UCI Electronic Holdings and Titles Report","E-Inventory","/shared/University of California System 01UCS_NETWORK/Reports/Local Requests/Annual Statistic Reports/Annual Stats FY 2025-2026/Final stats reports (for July 1)/Electronic/UCI Electronic Holdings and Titles Report",2,"1.2",2,"and","inline","list","in","""Institution"".""Institution Name""","""Institution"".""Institution Name"" IN ('Managed by CDL', 'Managed by UCI')",2,"Managed by CDL | Managed by UCI",,,,1,,
"F77","report_filter",95,"UCLA Risk Management Report","Physical Items","/shared/University of California System 01UCS_NETWORK/Reports/Local Requests/Annual Statistic Reports/Annual Stats FY 2025-2026/Final stats reports (for July 1)/Risk Management/UCLA Risk Management Report",1,"1.1",2,"and","inline","list","in","""Institution"".""Institution Name""","""Institution"".""Institution Name"" IN (6532, 6533)",2,"6532 | 6533",,,,1,,
"F78","report_filter",95,"UCLA Risk Management Report","Physical Items","/shared/University of California System 01UCS_NETWORK/Reports/Local Requests/Annual Statistic Reports/Annual Stats FY 2025-2026/Final stats reports (for July 1)/Risk Management/UCLA Risk Management Report",2,"1.2",2,"and","saved_reference","savedFilter",,,"Saved filter: Global stats physical filters",,,,"Global stats physical filters","/shared/University of California System 01UCS_NETWORK/Reports/Local Requests/Annual Statistic Reports/Annual Stats FY 2025-2026/Global stats physical filters",,FALSE,
"F79","report_filter",95,"UCLA Risk Management Report","Physical Items","/shared/University of California System 01UCS_NETWORK/Reports/Local Requests/Annual Statistic Reports/Annual Stats FY 2025-2026/Final stats reports (for July 1)/Risk Management/UCLA Risk Management Report",3,"1.3",2,"and","saved_reference","savedFilter",,,"Saved filter: UCLA Physical Filters",,,,"UCLA Physical Filters","/shared/University of California System 01UCS_NETWORK/Reports/Local Requests/Annual Statistic Reports/Annual Stats FY 2025-2026/UCLA Physical Filters",,FALSE,
"F80","report_filter",95,"UCLA Risk Management Report","Physical Items","/shared/University of California System 01UCS_NETWORK/Reports/Local Requests/Annual Statistic Reports/Annual Stats FY 2025-2026/Final stats reports (for July 1)/Risk Management/UCLA Risk Management Report",4,"1.4",2,"and","saved_reference","savedFilter",,,"Saved filter: UCLA SCA Exclusions",,,,"UCLA SCA Exclusions","/shared/University of California System 01UCS_NETWORK/Reports/Local Requests/Annual Statistic Reports/Annual Stats FY 2025-2026/UCLA SCA Exclusions",,FALSE,
"F81","report_filter",95,"UCLA Risk Management Report","Physical Items","/shared/University of California System 01UCS_NETWORK/Reports/Local Requests/Annual Statistic Reports/Annual Stats FY 2025-2026/Final stats reports (for July 1)/Risk Management/UCLA Risk Management Report",5,"1.5",2,"and","inline","list","in","""Institution"".""Institution Name""","""Institution"".""Institution Name"" IN ('SLF-N', 'SLF-S', 'UCLA')",3,"SLF-N | SLF-S | UCLA",,,,1,,
"F82","report_filter",96,"UCLA Physical Collection Usage","Fulfillment","/shared/University of California System 01UCS_NETWORK/Reports/Local Requests/Annual Statistic Reports/Annual Stats FY 2025-2026/Final stats reports (for July 1)/Physical Collection Usage/UCLA Physical Collection Usage",1,"1.1",2,"and","inline","comparison","equal","""Institution"".""Institution Name""","""Institution"".""Institution Name"" = 6533",1,"6533",,,,1,,
"F83","report_filter",96,"UCLA Physical Collection Usage","Fulfillment","/shared/University of California System 01UCS_NETWORK/Reports/Local Requests/Annual Statistic Reports/Annual Stats FY 2025-2026/Final stats reports (for July 1)/Physical Collection Usage/UCLA Physical Collection Usage",2,"1.2",2,"and","saved_reference","savedFilter",,,"Saved filter: Fulfillment - FY 2025-26 Loans",,,226,"Fulfillment - FY 2025-26 Loans","/shared/University of California System 01UCS_NETWORK/Reports/Local Requests/Annual Statistic Reports/Annual Stats FY 2025-2026/Fulfillment - FY 2025-26 Loans",1,TRUE,
"F84","report_filter",96,"UCLA Physical Collection Usage","Fulfillment","/shared/University of California System 01UCS_NETWORK/Reports/Local Requests/Annual Statistic Reports/Annual Stats FY 2025-2026/Final stats reports (for July 1)/Physical Collection Usage/UCLA Physical Collection Usage",3,"1.3",2,"and","inline","comparison","greater","""Loan"".""Loans (Not In House)""","""Loan"".""Loans (Not In House)"" > 0",1,"0",,,,1,,
"F85","report_filter",105,"UCI eResources Comparison Report","E-Inventory","/shared/University of California System 01UCS_NETWORK/Reports/Local Requests/Annual Statistic Reports/Annual Stats FY 2025-2026/Final stats reports (for July 1)/eResources Comparison/UCI eResources Comparison Report",1,"1.1",2,"and","inline","list","in","""Institution"".""Institution Name""","""Institution"".""Institution Name"" IN (4701, 6531)",2,"4701 | 6531",,,,1,,
"F86","report_filter",105,"UCI eResources Comparison Report","E-Inventory","/shared/University of California System 01UCS_NETWORK/Reports/Local Requests/Annual Statistic Reports/Annual Stats FY 2025-2026/Final stats reports (for July 1)/eResources Comparison/UCI eResources Comparison Report",2,"1.2",2,"and","inline","list","in","""Institution"".""Institution Name""","""Institution"".""Institution Name"" IN ('Managed by CDL', 'Managed by UCI')",2,"Managed by CDL | Managed by UCI",,,,1,,
"F87","report_filter",113,"UCLA Library Categorization Report","Physical Items","/shared/University of California System 01UCS_NETWORK/Reports/Local Requests/Annual Statistic Reports/Annual Stats FY 2025-2026/Preparation review reports/Physical preparation review reports/UCLA Library Categorization Report",1,"1.1",2,"and","inline","list","in","""Institution"".""Institution Name""","""Institution"".""Institution Name"" IN (6532, 6533)",2,"6532 | 6533",,,,1,,
"F88","report_filter",113,"UCLA Library Categorization Report","Physical Items","/shared/University of California System 01UCS_NETWORK/Reports/Local Requests/Annual Statistic Reports/Annual Stats FY 2025-2026/Preparation review reports/Physical preparation review reports/UCLA Library Categorization Report",2,"1.2",2,"and","saved_reference","savedFilter",,,"Saved filter: Global stats physical filters",,,,"Global stats physical filters","/shared/University of California System 01UCS_NETWORK/Reports/Local Requests/Annual Statistic Reports/Annual Stats FY 2025-2026/Global stats physical filters",,FALSE,
"F89","report_filter",113,"UCLA Library Categorization Report","Physical Items","/shared/University of California System 01UCS_NETWORK/Reports/Local Requests/Annual Statistic Reports/Annual Stats FY 2025-2026/Preparation review reports/Physical preparation review reports/UCLA Library Categorization Report",3,"1.3",2,"and","saved_reference","savedFilter",,,"Saved filter: UCLA Physical Filters",,,,"UCLA Physical Filters","/shared/University of California System 01UCS_NETWORK/Reports/Local Requests/Annual Statistic Reports/Annual Stats FY 2025-2026/UCLA Physical Filters",,FALSE,
"F90","report_filter",113,"UCLA Library Categorization Report","Physical Items","/shared/University of California System 01UCS_NETWORK/Reports/Local Requests/Annual Statistic Reports/Annual Stats FY 2025-2026/Preparation review reports/Physical preparation review reports/UCLA Library Categorization Report",4,"1.4",2,"and","saved_reference","savedFilter",,,"Saved filter: UCLA SCA Exclusions",,,,"UCLA SCA Exclusions","/shared/University of California System 01UCS_NETWORK/Reports/Local Requests/Annual Statistic Reports/Annual Stats FY 2025-2026/UCLA SCA Exclusions",,FALSE,
"F91","report_filter",113,"UCLA Library Categorization Report","Physical Items","/shared/University of California System 01UCS_NETWORK/Reports/Local Requests/Annual Statistic Reports/Annual Stats FY 2025-2026/Preparation review reports/Physical preparation review reports/UCLA Library Categorization Report",5,"1.5",2,"and","inline","list","in","""Institution"".""Institution Name""","""Institution"".""Institution Name"" IN ('SLF-N', 'SLF-S', 'UCLA')",3,"SLF-N | SLF-S | UCLA",,,,1,,
"F92","report_filter",116,"UCD User Group Categorization Report","Fulfillment","/shared/University of California System 01UCS_NETWORK/Reports/Local Requests/Annual Statistic Reports/Annual Stats FY 2025-2026/Preparation review reports/Fulfillment preparation review reports/UCD User Group Categorization Report",1,"1",1,,"inline","comparison","equal","""Institution"".""Institution Name""","""Institution"".""Institution Name"" = 3126",1,"3126",,,,1,,
"F93","report_filter",119,"UCLA Electronic Holdings and Titles Report","E-Inventory","/shared/University of California System 01UCS_NETWORK/Reports/Local Requests/Annual Statistic Reports/Annual Stats FY 2025-2026/Final stats reports (for July 1)/Electronic/UCLA Electronic Holdings and Titles Report",1,"1.1",2,"and","inline","list","in","""Institution"".""Institution Name""","""Institution"".""Institution Name"" IN (6533, 6531)",2,"6533 | 6531",,,,1,,
"F94","report_filter",119,"UCLA Electronic Holdings and Titles Report","E-Inventory","/shared/University of California System 01UCS_NETWORK/Reports/Local Requests/Annual Statistic Reports/Annual Stats FY 2025-2026/Final stats reports (for July 1)/Electronic/UCLA Electronic Holdings and Titles Report",2,"1.2",2,"and","inline","list","in","""Institution"".""Institution Name""","""Institution"".""Institution Name"" IN ('Managed by CDL', 'Managed by UCLA')",2,"Managed by CDL | Managed by UCLA",,,,1,,
"F95","report_filter",123,"UCLA eResources Library Categorization Report","E-Inventory","/shared/University of California System 01UCS_NETWORK/Reports/Local Requests/Annual Statistic Reports/Annual Stats FY 2025-2026/Preparation review reports/Electronic preparation review reports/UCLA eResources Library Categorization Report",1,"1",1,,"inline","comparison","equal","""Institution"".""Institution Name""","""Institution"".""Institution Name"" = 6533",1,"6533",,,,1,,
"F96","report_filter",124,"UCLA eResources Comparison Report","E-Inventory","/shared/University of California System 01UCS_NETWORK/Reports/Local Requests/Annual Statistic Reports/Annual Stats FY 2025-2026/Final stats reports (for July 1)/eResources Comparison/UCLA eResources Comparison Report",1,"1.1",2,"and","inline","list","in","""Institution"".""Institution Name""","""Institution"".""Institution Name"" IN (6533, 6531)",2,"6533 | 6531",,,,1,,
"F97","report_filter",124,"UCLA eResources Comparison Report","E-Inventory","/shared/University of California System 01UCS_NETWORK/Reports/Local Requests/Annual Statistic Reports/Annual Stats FY 2025-2026/Final stats reports (for July 1)/eResources Comparison/UCLA eResources Comparison Report",2,"1.2",2,"and","inline","list","in","""Institution"".""Institution Name""","""Institution"".""Institution Name"" IN ('Managed by CDL', 'Managed by UCLA')",2,"Managed by CDL | Managed by UCLA",,,,1,,
"F98","report_filter",125,"UCM Risk Management Report","Physical Items","/shared/University of California System 01UCS_NETWORK/Reports/Local Requests/Annual Statistic Reports/Annual Stats FY 2025-2026/Final stats reports (for July 1)/Risk Management/UCM Risk Management Report",1,"1.1",2,"and","inline","list","in","""Institution"".""Institution Name""","""Institution"".""Institution Name"" IN (6532, 6533, 6534)",3,"6532 | 6533 | 6534",,,,1,,
"F99","report_filter",125,"UCM Risk Management Report","Physical Items","/shared/University of California System 01UCS_NETWORK/Reports/Local Requests/Annual Statistic Reports/Annual Stats FY 2025-2026/Final stats reports (for July 1)/Risk Management/UCM Risk Management Report",2,"1.2",2,"and","inline","list","in","""Institution"".""Institution Name""","""Institution"".""Institution Name"" IN ('SLF-S', 'UCM')",2,"SLF-S | UCM",,,,1,,
"F100","report_filter",125,"UCM Risk Management Report","Physical Items","/shared/University of California System 01UCS_NETWORK/Reports/Local Requests/Annual Statistic Reports/Annual Stats FY 2025-2026/Final stats reports (for July 1)/Risk Management/UCM Risk Management Report",3,"1.3",2,"and","saved_reference","savedFilter",,,"Saved filter: Global stats physical filters",,,,"Global stats physical filters","/shared/University of California System 01UCS_NETWORK/Reports/Local Requests/Annual Statistic Reports/Annual Stats FY 2025-2026/Global stats physical filters",,FALSE,
"F101","report_filter",130,"UCM Physical Collection Usage","Fulfillment","/shared/University of California System 01UCS_NETWORK/Reports/Local Requests/Annual Statistic Reports/Annual Stats FY 2025-2026/Final stats reports (for July 1)/Physical Collection Usage/UCM Physical Collection Usage",1,"1.1",2,"and","inline","comparison","equal","""Institution"".""Institution Name""","""Institution"".""Institution Name"" = 6534",1,"6534",,,,1,,
"F102","report_filter",130,"UCM Physical Collection Usage","Fulfillment","/shared/University of California System 01UCS_NETWORK/Reports/Local Requests/Annual Statistic Reports/Annual Stats FY 2025-2026/Final stats reports (for July 1)/Physical Collection Usage/UCM Physical Collection Usage",2,"1.2",2,"and","saved_reference","savedFilter",,,"Saved filter: Fulfillment - FY 2025-26 Loans",,,226,"Fulfillment - FY 2025-26 Loans","/shared/University of California System 01UCS_NETWORK/Reports/Local Requests/Annual Statistic Reports/Annual Stats FY 2025-2026/Fulfillment - FY 2025-26 Loans",1,TRUE,
"F103","report_filter",130,"UCM Physical Collection Usage","Fulfillment","/shared/University of California System 01UCS_NETWORK/Reports/Local Requests/Annual Statistic Reports/Annual Stats FY 2025-2026/Final stats reports (for July 1)/Physical Collection Usage/UCM Physical Collection Usage",3,"1.3",2,"and","inline","comparison","greater","""Loan"".""Loans (Not In House)""","""Loan"".""Loans (Not In House)"" > 0",1,"0",,,,1,,
"F104","report_filter",142,"SLF-S Added Physical Holdings and Titles Report part 1","Physical Items","/shared/University of California System 01UCS_NETWORK/Reports/Local Requests/Annual Statistic Reports/Annual Stats FY 2025-2026/Final stats reports (for July 1)/Physical/SLF-S Added Physical Holdings and Titles Report part 1",1,"1.1",2,"and","inline","comparison","equal","""Institution"".""Institution Name""","""Institution"".""Institution Name"" = 6533",1,"6533",,,,1,,
"F105","report_filter",142,"SLF-S Added Physical Holdings and Titles Report part 1","Physical Items","/shared/University of California System 01UCS_NETWORK/Reports/Local Requests/Annual Statistic Reports/Annual Stats FY 2025-2026/Final stats reports (for July 1)/Physical/SLF-S Added Physical Holdings and Titles Report part 1",2,"1.2",2,"and","inline","list","in","""Location"".""Library Code""","""Location"".""Library Code"" IN ('NRLF', 'SRLF')",2,"NRLF | SRLF",,,,1,,
"F106","report_filter",142,"SLF-S Added Physical Holdings and Titles Report part 1","Physical Items","/shared/University of California System 01UCS_NETWORK/Reports/Local Requests/Annual Statistic Reports/Annual Stats FY 2025-2026/Final stats reports (for July 1)/Physical/SLF-S Added Physical Holdings and Titles Report part 1",3,"1.3",2,"and","saved_reference","savedFilter",,,"Saved filter: Physical - Global stats physical filters",,,264,"Physical - Global stats physical filters","/shared/University of California System 01UCS_NETWORK/Reports/Local Requests/Annual Statistic Reports/Annual Stats FY 2025-2026/Physical - Global stats physical filters",16,TRUE,
"F107","report_filter",142,"SLF-S Added Physical Holdings and Titles Report part 1","Physical Items","/shared/University of California System 01UCS_NETWORK/Reports/Local Requests/Annual Statistic Reports/Annual Stats FY 2025-2026/Final stats reports (for July 1)/Physical/SLF-S Added Physical Holdings and Titles Report part 1",4,"1.4",2,"and","saved_reference","savedFilter",,,"Saved filter: Physical - UCB Physical Filters",,,271,"Physical - UCB Physical Filters","/shared/University of California System 01UCS_NETWORK/Reports/Local Requests/Annual Statistic Reports/Annual Stats FY 2025-2026/Physical - UCB Physical Filters",11,TRUE,
"F108","report_filter",142,"SLF-S Added Physical Holdings and Titles Report part 1","Physical Items","/shared/University of California System 01UCS_NETWORK/Reports/Local Requests/Annual Statistic Reports/Annual Stats FY 2025-2026/Final stats reports (for July 1)/Physical/SLF-S Added Physical Holdings and Titles Report part 1",5,"1.5.1",3,"or","inline","list","in","""Physical Item Details"".""Barcode""","""Physical Item Details"".""Barcode"" IN ('A0000020156', 'A0000020164', 'A0000021477', 'A0000031344', 'A0000038950', 'A0000043620', 'A0000045625', 'A0000050088', 'A0000076042', 'A0000094227', … (+9989 more))",9999,"A0000020156 | A0000020164 | A0000021477 | A0000031344 | A0000038950 | A0000043620 | A0000045625 | A0000050088 | A0000076042 | A0000094227 | … (+9989 more)",,,,1,,
"F109","report_filter",142,"SLF-S Added Physical Holdings and Titles Report part 1","Physical Items","/shared/University of California System 01UCS_NETWORK/Reports/Local Requests/Annual Statistic Reports/Annual Stats FY 2025-2026/Final stats reports (for July 1)/Physical/SLF-S Added Physical Holdings and Titles Report part 1",6,"1.5.2",3,"or","inline","list","in","""Physical Item Details"".""Barcode""","""Physical Item Details"".""Barcode"" IN ('A0013504139', 'A0013504154', 'A0013510979', 'A0013511241', 'A0013512744', 'A0013513155', 'A0013513163', 'A0013513254', 'A0013514146', 'A0013514542', … (+9989 more))",9999,"A0013504139 | A0013504154 | A0013510979 | A0013511241 | A0013512744 | A0013513155 | A0013513163 | A0013513254 | A0013514146 | A0013514542 | … (+9989 more)",,,,1,,
"F110","report_filter",142,"SLF-S Added Physical Holdings and Titles Report part 1","Physical Items","/shared/University of California System 01UCS_NETWORK/Reports/Local Requests/Annual Statistic Reports/Annual Stats FY 2025-2026/Final stats reports (for July 1)/Physical/SLF-S Added Physical Holdings and Titles Report part 1",7,"1.5.3",3,"or","inline","list","in","""Physical Item Details"".""Barcode""","""Physical Item Details"".""Barcode"" IN ('AX0010723435', 'AX0010723443', 'AX0010723450', 'AX0010723468', 'AX0010723476', 'AX0010723484', 'AX0010723492', 'AX0010723500', 'AX0010723518', 'AX0010723526', … (+9989 more))",9999,"AX0010723435 | AX0010723443 | AX0010723450 | AX0010723468 | AX0010723476 | AX0010723484 | AX0010723492 | AX0010723500 | AX0010723518 | AX0010723526 | … (+9989 more)",,,,1,,
"F111","report_filter",142,"SLF-S Added Physical Holdings and Titles Report part 1","Physical Items","/shared/University of California System 01UCS_NETWORK/Reports/Local Requests/Annual Statistic Reports/Annual Stats FY 2025-2026/Final stats reports (for July 1)/Physical/SLF-S Added Physical Holdings and Titles Report part 1",8,"1.5.4",3,"or","inline","list","in","""Physical Item Details"".""Barcode""","""Physical Item Details"".""Barcode"" IN ('AX0010823516', 'AX0010823524', 'AX0010823532', 'AX0010823540', 'AX0010823557', 'AX0010823565', 'AX0010823573', 'AX0010823581', 'AX0010823599', 'AX0010823607', … (+9989 more))",9999,"AX0010823516 | AX0010823524 | AX0010823532 | AX0010823540 | AX0010823557 | AX0010823565 | AX0010823573 | AX0010823581 | AX0010823599 | AX0010823607 | … (+9989 more)",,,,1,,
"F112","report_filter",142,"SLF-S Added Physical Holdings and Titles Report part 1","Physical Items","/shared/University of California System 01UCS_NETWORK/Reports/Local Requests/Annual Statistic Reports/Annual Stats FY 2025-2026/Final stats reports (for July 1)/Physical/SLF-S Added Physical Holdings and Titles Report part 1",9,"1.5.5",3,"or","inline","list","in","""Physical Item Details"".""Barcode""","""Physical Item Details"".""Barcode"" IN ('DD0004355392', 'DD0004355400', 'DD0004355418', 'DD0004355426', 'DD0004355434', 'DD0004355442', 'DD0004355459', 'DD0004355467', 'DD0004355475', 'DD0004355483', … (+9989 more))",9999,"DD0004355392 | DD0004355400 | DD0004355418 | DD0004355426 | DD0004355434 | DD0004355442 | DD0004355459 | DD0004355467 | DD0004355475 | DD0004355483 | … (+9989 more)",,,,1,,
"F113","report_filter",144,"UCR Physical Collection Usage","Fulfillment","/shared/University of California System 01UCS_NETWORK/Reports/Local Requests/Annual Statistic Reports/Annual Stats FY 2025-2026/Final stats reports (for July 1)/Physical Collection Usage/UCR Physical Collection Usage",1,"1.1",2,"and","inline","comparison","equal","""Institution"".""Institution Name""","""Institution"".""Institution Name"" = 4706",1,"4706",,,,1,,
"F114","report_filter",144,"UCR Physical Collection Usage","Fulfillment","/shared/University of California System 01UCS_NETWORK/Reports/Local Requests/Annual Statistic Reports/Annual Stats FY 2025-2026/Final stats reports (for July 1)/Physical Collection Usage/UCR Physical Collection Usage",2,"1.2",2,"and","saved_reference","savedFilter",,,"Saved filter: Fulfillment - FY 2025-26 Loans",,,226,"Fulfillment - FY 2025-26 Loans","/shared/University of California System 01UCS_NETWORK/Reports/Local Requests/Annual Statistic Reports/Annual Stats FY 2025-2026/Fulfillment - FY 2025-26 Loans",1,TRUE,
"F115","report_filter",144,"UCR Physical Collection Usage","Fulfillment","/shared/University of California System 01UCS_NETWORK/Reports/Local Requests/Annual Statistic Reports/Annual Stats FY 2025-2026/Final stats reports (for July 1)/Physical Collection Usage/UCR Physical Collection Usage",3,"1.3",2,"and","inline","comparison","greater","""Loan"".""Loans (Not In House)""","""Loan"".""Loans (Not In House)"" > 0",1,"0",,,,1,,
"F116","report_filter",145,"UCM eResources Comparison Report","E-Inventory","/shared/University of California System 01UCS_NETWORK/Reports/Local Requests/Annual Statistic Reports/Annual Stats FY 2025-2026/Final stats reports (for July 1)/eResources Comparison/UCM eResources Comparison Report",1,"1.1",2,"and","inline","list","in","""Institution"".""Institution Name""","""Institution"".""Institution Name"" IN (6531, 6534)",2,"6531 | 6534",,,,1,,
"F117","report_filter",145,"UCM eResources Comparison Report","E-Inventory","/shared/University of California System 01UCS_NETWORK/Reports/Local Requests/Annual Statistic Reports/Annual Stats FY 2025-2026/Final stats reports (for July 1)/eResources Comparison/UCM eResources Comparison Report",2,"1.2",2,"and","inline","list","in","""Institution"".""Institution Name""","""Institution"".""Institution Name"" IN ('Managed by CDL', 'Managed by UCM')",2,"Managed by CDL | Managed by UCM",,,,1,,
"F118","report_filter",148,"UCM Library Categorization Report","Physical Items","/shared/University of California System 01UCS_NETWORK/Reports/Local Requests/Annual Statistic Reports/Annual Stats FY 2025-2026/Preparation review reports/Physical preparation review reports/UCM Library Categorization Report",1,"1.1",2,"and","inline","list","in","""Institution"".""Institution Name""","""Institution"".""Institution Name"" IN (6532, 6533, 6534)",3,"6532 | 6533 | 6534",,,,1,,
"F119","report_filter",148,"UCM Library Categorization Report","Physical Items","/shared/University of California System 01UCS_NETWORK/Reports/Local Requests/Annual Statistic Reports/Annual Stats FY 2025-2026/Preparation review reports/Physical preparation review reports/UCM Library Categorization Report",2,"1.2",2,"and","inline","list","in","""Institution"".""Institution Name""","""Institution"".""Institution Name"" IN ('SLF-S', 'UCM')",2,"SLF-S | UCM",,,,1,,
"F120","report_filter",148,"UCM Library Categorization Report","Physical Items","/shared/University of California System 01UCS_NETWORK/Reports/Local Requests/Annual Statistic Reports/Annual Stats FY 2025-2026/Preparation review reports/Physical preparation review reports/UCM Library Categorization Report",3,"1.3",2,"and","saved_reference","savedFilter",,,"Saved filter: Global stats physical filters",,,,"Global stats physical filters","/shared/University of California System 01UCS_NETWORK/Reports/Local Requests/Annual Statistic Reports/Annual Stats FY 2025-2026/Global stats physical filters",,FALSE,
"F121","report_filter",151,"UCR Risk Management Report","Physical Items","/shared/University of California System 01UCS_NETWORK/Reports/Local Requests/Annual Statistic Reports/Annual Stats FY 2025-2026/Final stats reports (for July 1)/Risk Management/UCR Risk Management Report",1,"1.1",2,"and","inline","list","in","""Institution"".""Institution Name""","""Institution"".""Institution Name"" IN (6532, 6533, 4706)",3,"6532 | 6533 | 4706",,,,1,,
"F122","report_filter",151,"UCR Risk Management Report","Physical Items","/shared/University of California System 01UCS_NETWORK/Reports/Local Requests/Annual Statistic Reports/Annual Stats FY 2025-2026/Final stats reports (for July 1)/Risk Management/UCR Risk Management Report",2,"1.2",2,"and","inline","list","in","""Institution"".""Institution Name""","""Institution"".""Institution Name"" IN ('SLF-N', 'SLF-S', 'UCR')",3,"SLF-N | SLF-S | UCR",,,,1,,
"F123","report_filter",151,"UCR Risk Management Report","Physical Items","/shared/University of California System 01UCS_NETWORK/Reports/Local Requests/Annual Statistic Reports/Annual Stats FY 2025-2026/Final stats reports (for July 1)/Risk Management/UCR Risk Management Report",3,"1.3",2,"and","saved_reference","savedFilter",,,"Saved filter: Global stats physical filters",,,,"Global stats physical filters","/shared/University of California System 01UCS_NETWORK/Reports/Local Requests/Annual Statistic Reports/Annual Stats FY 2025-2026/Global stats physical filters",,FALSE,
"F124","report_filter",151,"UCR Risk Management Report","Physical Items","/shared/University of California System 01UCS_NETWORK/Reports/Local Requests/Annual Statistic Reports/Annual Stats FY 2025-2026/Final stats reports (for July 1)/Risk Management/UCR Risk Management Report",4,"1.4",2,"and","saved_reference","savedFilter",,,"Saved filter: UCR Physical Filters",,,,"UCR Physical Filters","/shared/University of California System 01UCS_NETWORK/Reports/Local Requests/Annual Statistic Reports/Annual Stats FY 2025-2026/UCR Physical Filters",,FALSE,
"F125","report_filter",151,"UCR Risk Management Report","Physical Items","/shared/University of California System 01UCS_NETWORK/Reports/Local Requests/Annual Statistic Reports/Annual Stats FY 2025-2026/Final stats reports (for July 1)/Risk Management/UCR Risk Management Report",5,"1.5",2,"and","saved_reference","savedFilter",,,"Saved filter: UCR SCA exclusions",,,,"UCR SCA exclusions","/shared/University of California System 01UCS_NETWORK/Reports/Local Requests/Annual Statistic Reports/Annual Stats FY 2025-2026/UCR SCA exclusions",,FALSE,
"F126","report_filter",154,"UCM eResources Library Categorization Report","E-Inventory","/shared/University of California System 01UCS_NETWORK/Reports/Local Requests/Annual Statistic Reports/Annual Stats FY 2025-2026/Preparation review reports/Electronic preparation review reports/UCM eResources Library Categorization Report",1,"1",1,,"inline","comparison","equal","""Institution"".""Institution Name""","""Institution"".""Institution Name"" = 6534",1,"6534",,,,1,,
"F127","report_filter",162,"UCM Electronic Holdings and Titles Report","E-Inventory","/shared/University of California System 01UCS_NETWORK/Reports/Local Requests/Annual Statistic Reports/Annual Stats FY 2025-2026/Final stats reports (for July 1)/Electronic/UCM Electronic Holdings and Titles Report",1,"1.1",2,"and","inline","list","in","""Institution"".""Institution Name""","""Institution"".""Institution Name"" IN (6531, 6534)",2,"6531 | 6534",,,,1,,
"F128","report_filter",162,"UCM Electronic Holdings and Titles Report","E-Inventory","/shared/University of California System 01UCS_NETWORK/Reports/Local Requests/Annual Statistic Reports/Annual Stats FY 2025-2026/Final stats reports (for July 1)/Electronic/UCM Electronic Holdings and Titles Report",2,"1.2",2,"and","inline","list","in","""Institution"".""Institution Name""","""Institution"".""Institution Name"" IN ('Managed by CDL', 'Managed by UCM')",2,"Managed by CDL | Managed by UCM",,,,1,,
"F129","report_filter",164,"UCI Check-Out Type Categorization Report","Fulfillment","/shared/University of California System 01UCS_NETWORK/Reports/Local Requests/Annual Statistic Reports/Annual Stats FY 2025-2026/Preparation review reports/Fulfillment preparation review reports/UCI Check-Out Type Categorization Report",1,"1.1",2,"and","inline","comparison","equal","""Institution"".""Institution Name""","""Institution"".""Institution Name"" = 4701",1,"4701",,,,1,,
"F130","report_filter",164,"UCI Check-Out Type Categorization Report","Fulfillment","/shared/University of California System 01UCS_NETWORK/Reports/Local Requests/Annual Statistic Reports/Annual Stats FY 2025-2026/Preparation review reports/Fulfillment preparation review reports/UCI Check-Out Type Categorization Report",2,"1.2",2,"and","saved_reference","savedFilter",,,"Saved filter: FY 2025-26 Loans",,,,"FY 2025-26 Loans","/shared/University of California System 01UCS_NETWORK/Reports/Local Requests/Annual Statistic Reports/Annual Stats FY 2025-2026/FY 2025-26 Loans",,FALSE,
"F131","report_filter",164,"UCI Check-Out Type Categorization Report","Fulfillment","/shared/University of California System 01UCS_NETWORK/Reports/Local Requests/Annual Statistic Reports/Annual Stats FY 2025-2026/Preparation review reports/Fulfillment preparation review reports/UCI Check-Out Type Categorization Report",3,"1.3",2,"and","inline","comparison","equal","""Loan Details"".""In House Loan Indicator""","""Loan Details"".""In House Loan Indicator"" = 'N'",1,"N",,,,1,,
"F132","report_filter",166,"UCSB Physical Collection Usage","Fulfillment","/shared/University of California System 01UCS_NETWORK/Reports/Local Requests/Annual Statistic Reports/Annual Stats FY 2025-2026/Final stats reports (for July 1)/Physical Collection Usage/UCSB Physical Collection Usage",1,"1.1",2,"and","inline","comparison","equal","""Institution"".""Institution Name""","""Institution"".""Institution Name"" = 3776",1,"3776",,,,1,,
"F133","report_filter",166,"UCSB Physical Collection Usage","Fulfillment","/shared/University of California System 01UCS_NETWORK/Reports/Local Requests/Annual Statistic Reports/Annual Stats FY 2025-2026/Final stats reports (for July 1)/Physical Collection Usage/UCSB Physical Collection Usage",2,"1.2",2,"and","saved_reference","savedFilter",,,"Saved filter: Fulfillment - FY 2025-26 Loans",,,226,"Fulfillment - FY 2025-26 Loans","/shared/University of California System 01UCS_NETWORK/Reports/Local Requests/Annual Statistic Reports/Annual Stats FY 2025-2026/Fulfillment - FY 2025-26 Loans",1,TRUE,
"F134","report_filter",166,"UCSB Physical Collection Usage","Fulfillment","/shared/University of California System 01UCS_NETWORK/Reports/Local Requests/Annual Statistic Reports/Annual Stats FY 2025-2026/Final stats reports (for July 1)/Physical Collection Usage/UCSB Physical Collection Usage",3,"1.3",2,"and","inline","comparison","greater","""Loan"".""Loans (Not In House)""","""Loan"".""Loans (Not In House)"" > 0",1,"0",,,,1,,
"F135","report_filter",170,"UCSB Risk Management Report","Physical Items","/shared/University of California System 01UCS_NETWORK/Reports/Local Requests/Annual Statistic Reports/Annual Stats FY 2025-2026/Final stats reports (for July 1)/Risk Management/UCSB Risk Management Report",1,"1.1",2,"and","inline","list","in","""Institution"".""Institution Name""","""Institution"".""Institution Name"" IN (6532, 6533, 3776)",3,"6532 | 6533 | 3776",,,,1,,
"F136","report_filter",170,"UCSB Risk Management Report","Physical Items","/shared/University of California System 01UCS_NETWORK/Reports/Local Requests/Annual Statistic Reports/Annual Stats FY 2025-2026/Final stats reports (for July 1)/Risk Management/UCSB Risk Management Report",2,"1.2",2,"and","inline","list","in","""Institution"".""Institution Name""","""Institution"".""Institution Name"" IN ('SLF-N', 'SLF-S', 'UCSB')",3,"SLF-N | SLF-S | UCSB",,,,1,,
"F137","report_filter",170,"UCSB Risk Management Report","Physical Items","/shared/University of California System 01UCS_NETWORK/Reports/Local Requests/Annual Statistic Reports/Annual Stats FY 2025-2026/Final stats reports (for July 1)/Risk Management/UCSB Risk Management Report",3,"1.3",2,"and","saved_reference","savedFilter",,,"Saved filter: Global stats physical filters",,,,"Global stats physical filters","/shared/University of California System 01UCS_NETWORK/Reports/Local Requests/Annual Statistic Reports/Annual Stats FY 2025-2026/Global stats physical filters",,FALSE,
"F138","report_filter",170,"UCSB Risk Management Report","Physical Items","/shared/University of California System 01UCS_NETWORK/Reports/Local Requests/Annual Statistic Reports/Annual Stats FY 2025-2026/Final stats reports (for July 1)/Risk Management/UCSB Risk Management Report",4,"1.4",2,"and","saved_reference","savedFilter",,,"Saved filter: UCSB Physical filters",,,,"UCSB Physical filters","/shared/University of California System 01UCS_NETWORK/Reports/Local Requests/Annual Statistic Reports/Annual Stats FY 2025-2026/UCSB Physical filters",,FALSE,
"F139","report_filter",171,"UCI User Group Categorization Report","Fulfillment","/shared/University of California System 01UCS_NETWORK/Reports/Local Requests/Annual Statistic Reports/Annual Stats FY 2025-2026/Preparation review reports/Fulfillment preparation review reports/UCI User Group Categorization Report",1,"1",1,,"inline","comparison","equal","""Institution"".""Institution Name""","""Institution"".""Institution Name"" = 4701",1,"4701",,,,1,,
"F140","report_filter",174,"UCR eResources Comparison Report","E-Inventory","/shared/University of California System 01UCS_NETWORK/Reports/Local Requests/Annual Statistic Reports/Annual Stats FY 2025-2026/Final stats reports (for July 1)/eResources Comparison/UCR eResources Comparison Report",1,"1.1",2,"and","inline","list","in","""Institution"".""Institution Name""","""Institution"".""Institution Name"" IN (4706, 6531)",2,"4706 | 6531",,,,1,,
"F141","report_filter",174,"UCR eResources Comparison Report","E-Inventory","/shared/University of California System 01UCS_NETWORK/Reports/Local Requests/Annual Statistic Reports/Annual Stats FY 2025-2026/Final stats reports (for July 1)/eResources Comparison/UCR eResources Comparison Report",2,"1.2",2,"and","inline","list","in","""Institution"".""Institution Name""","""Institution"".""Institution Name"" IN ('Managed by CDL', 'Managed by UCR')",2,"Managed by CDL | Managed by UCR",,,,1,,
"F142","report_filter",175,"UCR eResources Library Categorization Report","E-Inventory","/shared/University of California System 01UCS_NETWORK/Reports/Local Requests/Annual Statistic Reports/Annual Stats FY 2025-2026/Preparation review reports/Electronic preparation review reports/UCR eResources Library Categorization Report",1,"1",1,,"inline","comparison","equal","""Institution"".""Institution Name""","""Institution"".""Institution Name"" = 4706",1,"4706",,,,1,,
"F143","report_filter",177,"UCR Library Categorization Report","Physical Items","/shared/University of California System 01UCS_NETWORK/Reports/Local Requests/Annual Statistic Reports/Annual Stats FY 2025-2026/Preparation review reports/Physical preparation review reports/UCR Library Categorization Report",1,"1.1",2,"and","inline","list","in","""Institution"".""Institution Name""","""Institution"".""Institution Name"" IN (6532, 6533, 4706)",3,"6532 | 6533 | 4706",,,,1,,
"F144","report_filter",177,"UCR Library Categorization Report","Physical Items","/shared/University of California System 01UCS_NETWORK/Reports/Local Requests/Annual Statistic Reports/Annual Stats FY 2025-2026/Preparation review reports/Physical preparation review reports/UCR Library Categorization Report",2,"1.2",2,"and","inline","list","in","""Institution"".""Institution Name""","""Institution"".""Institution Name"" IN ('SLF-N', 'SLF-S', 'UCR')",3,"SLF-N | SLF-S | UCR",,,,1,,
"F145","report_filter",177,"UCR Library Categorization Report","Physical Items","/shared/University of California System 01UCS_NETWORK/Reports/Local Requests/Annual Statistic Reports/Annual Stats FY 2025-2026/Preparation review reports/Physical preparation review reports/UCR Library Categorization Report",3,"1.3",2,"and","saved_reference","savedFilter",,,"Saved filter: Global stats physical filters",,,,"Global stats physical filters","/shared/University of California System 01UCS_NETWORK/Reports/Local Requests/Annual Statistic Reports/Annual Stats FY 2025-2026/Global stats physical filters",,FALSE,
"F146","report_filter",177,"UCR Library Categorization Report","Physical Items","/shared/University of California System 01UCS_NETWORK/Reports/Local Requests/Annual Statistic Reports/Annual Stats FY 2025-2026/Preparation review reports/Physical preparation review reports/UCR Library Categorization Report",4,"1.4",2,"and","saved_reference","savedFilter",,,"Saved filter: UCR Physical Filters",,,,"UCR Physical Filters","/shared/University of California System 01UCS_NETWORK/Reports/Local Requests/Annual Statistic Reports/Annual Stats FY 2025-2026/UCR Physical Filters",,FALSE,
"F147","report_filter",177,"UCR Library Categorization Report","Physical Items","/shared/University of California System 01UCS_NETWORK/Reports/Local Requests/Annual Statistic Reports/Annual Stats FY 2025-2026/Preparation review reports/Physical preparation review reports/UCR Library Categorization Report",5,"1.5",2,"and","saved_reference","savedFilter",,,"Saved filter: UCR SCA exclusions",,,,"UCR SCA exclusions","/shared/University of California System 01UCS_NETWORK/Reports/Local Requests/Annual Statistic Reports/Annual Stats FY 2025-2026/UCR SCA exclusions",,FALSE,
"F148","report_filter",178,"UCR Electronic Holdings and Titles Report","E-Inventory","/shared/University of California System 01UCS_NETWORK/Reports/Local Requests/Annual Statistic Reports/Annual Stats FY 2025-2026/Final stats reports (for July 1)/Electronic/UCR Electronic Holdings and Titles Report",1,"1.1",2,"and","inline","list","in","""Institution"".""Institution Name""","""Institution"".""Institution Name"" IN (4706, 6531)",2,"4706 | 6531",,,,1,,
"F149","report_filter",178,"UCR Electronic Holdings and Titles Report","E-Inventory","/shared/University of California System 01UCS_NETWORK/Reports/Local Requests/Annual Statistic Reports/Annual Stats FY 2025-2026/Final stats reports (for July 1)/Electronic/UCR Electronic Holdings and Titles Report",2,"1.2",2,"and","inline","list","in","""Institution"".""Institution Name""","""Institution"".""Institution Name"" IN ('Managed by CDL', 'Managed by UCR')",2,"Managed by CDL | Managed by UCR",,,,1,,
"F150","report_filter",181,"UCLA Check-Out Type Categorization Report","Fulfillment","/shared/University of California System 01UCS_NETWORK/Reports/Local Requests/Annual Statistic Reports/Annual Stats FY 2025-2026/Preparation review reports/Fulfillment preparation review reports/UCLA Check-Out Type Categorization Report",1,"1.1",2,"and","inline","comparison","equal","""Institution"".""Institution Name""","""Institution"".""Institution Name"" = 6533",1,"6533",,,,1,,
"F151","report_filter",181,"UCLA Check-Out Type Categorization Report","Fulfillment","/shared/University of California System 01UCS_NETWORK/Reports/Local Requests/Annual Statistic Reports/Annual Stats FY 2025-2026/Preparation review reports/Fulfillment preparation review reports/UCLA Check-Out Type Categorization Report",2,"1.2",2,"and","saved_reference","savedFilter",,,"Saved filter: FY 2025-26 Loans",,,,"FY 2025-26 Loans","/shared/University of California System 01UCS_NETWORK/Reports/Local Requests/Annual Statistic Reports/Annual Stats FY 2025-2026/FY 2025-26 Loans",,FALSE,
"F152","report_filter",181,"UCLA Check-Out Type Categorization Report","Fulfillment","/shared/University of California System 01UCS_NETWORK/Reports/Local Requests/Annual Statistic Reports/Annual Stats FY 2025-2026/Preparation review reports/Fulfillment preparation review reports/UCLA Check-Out Type Categorization Report",3,"1.3",2,"and","inline","comparison","equal","""Loan Details"".""In House Loan Indicator""","""Loan Details"".""In House Loan Indicator"" = 'N'",1,"N",,,,1,,
"F153","report_filter",182,"UCSC Physical Collection Usage","Fulfillment","/shared/University of California System 01UCS_NETWORK/Reports/Local Requests/Annual Statistic Reports/Annual Stats FY 2025-2026/Final stats reports (for July 1)/Physical Collection Usage/UCSC Physical Collection Usage",1,"1.1",2,"and","inline","comparison","equal","""Institution"".""Institution Name""","""Institution"".""Institution Name"" = 4876",1,"4876",,,,1,,
"F154","report_filter",182,"UCSC Physical Collection Usage","Fulfillment","/shared/University of California System 01UCS_NETWORK/Reports/Local Requests/Annual Statistic Reports/Annual Stats FY 2025-2026/Final stats reports (for July 1)/Physical Collection Usage/UCSC Physical Collection Usage",2,"1.2",2,"and","saved_reference","savedFilter",,,"Saved filter: Fulfillment - FY 2025-26 Loans",,,226,"Fulfillment - FY 2025-26 Loans","/shared/University of California System 01UCS_NETWORK/Reports/Local Requests/Annual Statistic Reports/Annual Stats FY 2025-2026/Fulfillment - FY 2025-26 Loans",1,TRUE,
"F155","report_filter",182,"UCSC Physical Collection Usage","Fulfillment","/shared/University of California System 01UCS_NETWORK/Reports/Local Requests/Annual Statistic Reports/Annual Stats FY 2025-2026/Final stats reports (for July 1)/Physical Collection Usage/UCSC Physical Collection Usage",3,"1.3",2,"and","inline","comparison","greater","""Loan"".""Loans (Not In House)""","""Loan"".""Loans (Not In House)"" > 0",1,"0",,,,1,,
"F156","report_filter",183,"UCSB eResources Comparison Report","E-Inventory","/shared/University of California System 01UCS_NETWORK/Reports/Local Requests/Annual Statistic Reports/Annual Stats FY 2025-2026/Final stats reports (for July 1)/eResources Comparison/UCSB eResources Comparison Report",1,"1.1",2,"and","inline","list","in","""Institution"".""Institution Name""","""Institution"".""Institution Name"" IN (3776, 6531)",2,"3776 | 6531",,,,1,,
"F157","report_filter",183,"UCSB eResources Comparison Report","E-Inventory","/shared/University of California System 01UCS_NETWORK/Reports/Local Requests/Annual Statistic Reports/Annual Stats FY 2025-2026/Final stats reports (for July 1)/eResources Comparison/UCSB eResources Comparison Report",2,"1.2",2,"and","inline","list","in","""Institution"".""Institution Name""","""Institution"".""Institution Name"" IN ('Managed by CDL', 'Managed by UCSB')",2,"Managed by CDL | Managed by UCSB",,,,1,,
"F158","report_filter",184,"UCSC Risk Management Report","Physical Items","/shared/University of California System 01UCS_NETWORK/Reports/Local Requests/Annual Statistic Reports/Annual Stats FY 2025-2026/Final stats reports (for July 1)/Risk Management/UCSC Risk Management Report",1,"1.1",2,"and","inline","list","in","""Institution"".""Institution Name""","""Institution"".""Institution Name"" IN (6532, 6533, 4876)",3,"6532 | 6533 | 4876",,,,1,,
"F159","report_filter",184,"UCSC Risk Management Report","Physical Items","/shared/University of California System 01UCS_NETWORK/Reports/Local Requests/Annual Statistic Reports/Annual Stats FY 2025-2026/Final stats reports (for July 1)/Risk Management/UCSC Risk Management Report",2,"1.2",2,"and","inline","list","in","""Institution"".""Institution Name""","""Institution"".""Institution Name"" IN ('SLF-N', 'SLF-S', 'UCSC')",3,"SLF-N | SLF-S | UCSC",,,,1,,
"F160","report_filter",184,"UCSC Risk Management Report","Physical Items","/shared/University of California System 01UCS_NETWORK/Reports/Local Requests/Annual Statistic Reports/Annual Stats FY 2025-2026/Final stats reports (for July 1)/Risk Management/UCSC Risk Management Report",3,"1.3",2,"and","saved_reference","savedFilter",,,"Saved filter: Global stats physical filters",,,,"Global stats physical filters","/shared/University of California System 01UCS_NETWORK/Reports/Local Requests/Annual Statistic Reports/Annual Stats FY 2025-2026/Global stats physical filters",,FALSE,
"F161","report_filter",184,"UCSC Risk Management Report","Physical Items","/shared/University of California System 01UCS_NETWORK/Reports/Local Requests/Annual Statistic Reports/Annual Stats FY 2025-2026/Final stats reports (for July 1)/Risk Management/UCSC Risk Management Report",4,"1.4",2,"and","saved_reference","savedFilter",,,"Saved filter: UCSC Physical Filters",,,,"UCSC Physical Filters","/shared/University of California System 01UCS_NETWORK/Reports/Local Requests/Annual Statistic Reports/Annual Stats FY 2025-2026/UCSC Physical Filters",,FALSE,
"F162","report_filter",184,"UCSC Risk Management Report","Physical Items","/shared/University of California System 01UCS_NETWORK/Reports/Local Requests/Annual Statistic Reports/Annual Stats FY 2025-2026/Final stats reports (for July 1)/Risk Management/UCSC Risk Management Report",5,"1.5",2,"and","saved_reference","savedFilter",,,"Saved filter: UCSC SCA Exclusions",,,,"UCSC SCA Exclusions","/shared/University of California System 01UCS_NETWORK/Reports/Local Requests/Annual Statistic Reports/Annual Stats FY 2025-2026/UCSC SCA Exclusions",,FALSE,
"F163","report_filter",185,"UCSB Electronic Holdings and Titles Report","E-Inventory","/shared/University of California System 01UCS_NETWORK/Reports/Local Requests/Annual Statistic Reports/Annual Stats FY 2025-2026/Final stats reports (for July 1)/Electronic/UCSB Electronic Holdings and Titles Report",1,"1.1",2,"and","inline","list","in","""Institution"".""Institution Name""","""Institution"".""Institution Name"" IN (3776, 6531)",2,"3776 | 6531",,,,1,,
"F164","report_filter",185,"UCSB Electronic Holdings and Titles Report","E-Inventory","/shared/University of California System 01UCS_NETWORK/Reports/Local Requests/Annual Statistic Reports/Annual Stats FY 2025-2026/Final stats reports (for July 1)/Electronic/UCSB Electronic Holdings and Titles Report",2,"1.2",2,"and","inline","list","in","""Institution"".""Institution Name""","""Institution"".""Institution Name"" IN ('Managed by CDL', 'Managed by UCSB')",2,"Managed by CDL | Managed by UCSB",,,,1,,
"F165","report_filter",186,"UCSB eResources Library Categorization Report","E-Inventory","/shared/University of California System 01UCS_NETWORK/Reports/Local Requests/Annual Statistic Reports/Annual Stats FY 2025-2026/Preparation review reports/Electronic preparation review reports/UCSB eResources Library Categorization Report",1,"1",1,,"inline","comparison","equal","""Institution"".""Institution Name""","""Institution"".""Institution Name"" = 3776",1,"3776",,,,1,,
"F166","report_filter",187,"UCSB Library Categorization Report","Physical Items","/shared/University of California System 01UCS_NETWORK/Reports/Local Requests/Annual Statistic Reports/Annual Stats FY 2025-2026/Preparation review reports/Physical preparation review reports/UCSB Library Categorization Report",1,"1.1",2,"and","inline","list","in","""Institution"".""Institution Name""","""Institution"".""Institution Name"" IN (6532, 6533, 3776)",3,"6532 | 6533 | 3776",,,,1,,
"F167","report_filter",187,"UCSB Library Categorization Report","Physical Items","/shared/University of California System 01UCS_NETWORK/Reports/Local Requests/Annual Statistic Reports/Annual Stats FY 2025-2026/Preparation review reports/Physical preparation review reports/UCSB Library Categorization Report",2,"1.2",2,"and","inline","list","in","""Institution"".""Institution Name""","""Institution"".""Institution Name"" IN ('SLF-N', 'SLF-S', 'UCSB')",3,"SLF-N | SLF-S | UCSB",,,,1,,
"F168","report_filter",187,"UCSB Library Categorization Report","Physical Items","/shared/University of California System 01UCS_NETWORK/Reports/Local Requests/Annual Statistic Reports/Annual Stats FY 2025-2026/Preparation review reports/Physical preparation review reports/UCSB Library Categorization Report",3,"1.3",2,"and","saved_reference","savedFilter",,,"Saved filter: Global stats physical filters",,,,"Global stats physical filters","/shared/University of California System 01UCS_NETWORK/Reports/Local Requests/Annual Statistic Reports/Annual Stats FY 2025-2026/Global stats physical filters",,FALSE,
"F169","report_filter",187,"UCSB Library Categorization Report","Physical Items","/shared/University of California System 01UCS_NETWORK/Reports/Local Requests/Annual Statistic Reports/Annual Stats FY 2025-2026/Preparation review reports/Physical preparation review reports/UCSB Library Categorization Report",4,"1.4",2,"and","saved_reference","savedFilter",,,"Saved filter: UCSB Physical filters",,,,"UCSB Physical filters","/shared/University of California System 01UCS_NETWORK/Reports/Local Requests/Annual Statistic Reports/Annual Stats FY 2025-2026/UCSB Physical filters",,FALSE,
"F170","report_filter",188,"SLF-S Added Physical Holdings and Titles Report part 2","Physical Items","/shared/University of California System 01UCS_NETWORK/Reports/Local Requests/Annual Statistic Reports/Annual Stats FY 2025-2026/Final stats reports (for July 1)/Physical/SLF-S Added Physical Holdings and Titles Report part 2",1,"1.1",2,"and","inline","comparison","equal","""Institution"".""Institution Name""","""Institution"".""Institution Name"" = 6533",1,"6533",,,,1,,
"F171","report_filter",188,"SLF-S Added Physical Holdings and Titles Report part 2","Physical Items","/shared/University of California System 01UCS_NETWORK/Reports/Local Requests/Annual Statistic Reports/Annual Stats FY 2025-2026/Final stats reports (for July 1)/Physical/SLF-S Added Physical Holdings and Titles Report part 2",2,"1.2",2,"and","inline","list","in","""Location"".""Library Code""","""Location"".""Library Code"" IN ('NRLF', 'SRLF')",2,"NRLF | SRLF",,,,1,,
"F172","report_filter",188,"SLF-S Added Physical Holdings and Titles Report part 2","Physical Items","/shared/University of California System 01UCS_NETWORK/Reports/Local Requests/Annual Statistic Reports/Annual Stats FY 2025-2026/Final stats reports (for July 1)/Physical/SLF-S Added Physical Holdings and Titles Report part 2",3,"1.3",2,"and","saved_reference","savedFilter",,,"Saved filter: Physical - Global stats physical filters",,,264,"Physical - Global stats physical filters","/shared/University of California System 01UCS_NETWORK/Reports/Local Requests/Annual Statistic Reports/Annual Stats FY 2025-2026/Physical - Global stats physical filters",16,TRUE,
"F173","report_filter",188,"SLF-S Added Physical Holdings and Titles Report part 2","Physical Items","/shared/University of California System 01UCS_NETWORK/Reports/Local Requests/Annual Statistic Reports/Annual Stats FY 2025-2026/Final stats reports (for July 1)/Physical/SLF-S Added Physical Holdings and Titles Report part 2",4,"1.4",2,"and","saved_reference","savedFilter",,,"Saved filter: Physical - UCB Physical Filters",,,271,"Physical - UCB Physical Filters","/shared/University of California System 01UCS_NETWORK/Reports/Local Requests/Annual Statistic Reports/Annual Stats FY 2025-2026/Physical - UCB Physical Filters",11,TRUE,
"F174","report_filter",188,"SLF-S Added Physical Holdings and Titles Report part 2","Physical Items","/shared/University of California System 01UCS_NETWORK/Reports/Local Requests/Annual Statistic Reports/Annual Stats FY 2025-2026/Final stats reports (for July 1)/Physical/SLF-S Added Physical Holdings and Titles Report part 2",5,"1.5.1",3,"or","inline","list","in","""Physical Item Details"".""Barcode""","""Physical Item Details"".""Barcode"" IN ('DD0004455382', 'DD0004455390', 'DD0004455408', 'DD0004455416', 'DD0004455424', 'DD0004455432', 'DD0004455440', 'DD0004455457', 'DD0004455465', 'DD0004455473', … (+9989 more))",9999,"DD0004455382 | DD0004455390 | DD0004455408 | DD0004455416 | DD0004455424 | DD0004455432 | DD0004455440 | DD0004455457 | DD0004455465 | DD0004455473 | … (+9989 more)",,,,1,,
"F175","report_filter",188,"SLF-S Added Physical Holdings and Titles Report part 2","Physical Items","/shared/University of California System 01UCS_NETWORK/Reports/Local Requests/Annual Statistic Reports/Annual Stats FY 2025-2026/Final stats reports (for July 1)/Physical/SLF-S Added Physical Holdings and Titles Report part 2",6,"1.5.2",3,"or","inline","list","in","""Physical Item Details"".""Barcode""","""Physical Item Details"".""Barcode"" IN ('DD0004555389', 'DD0004555397', 'DD0004555405', 'DD0004555413', 'DD0004555421', 'DD0004555439', 'DD0004555447', 'DD0004555454', 'DD0004555462', 'DD0004555470', … (+9989 more))",9999,"DD0004555389 | DD0004555397 | DD0004555405 | DD0004555413 | DD0004555421 | DD0004555439 | DD0004555447 | DD0004555454 | DD0004555462 | DD0004555470 | … (+9989 more)",,,,1,,
"F176","report_filter",188,"SLF-S Added Physical Holdings and Titles Report part 2","Physical Items","/shared/University of California System 01UCS_NETWORK/Reports/Local Requests/Annual Statistic Reports/Annual Stats FY 2025-2026/Final stats reports (for July 1)/Physical/SLF-S Added Physical Holdings and Titles Report part 2",7,"1.5.3",3,"or","inline","list","in","""Physical Item Details"".""Barcode""","""Physical Item Details"".""Barcode"" IN ('DD0004655445', 'DD0004655452', 'DD0004655460', 'DD0004655478', 'DD0004655486', 'DD0004655494', 'DD0004655502', 'DD0004655510', 'DD0004655528', 'DD0004655536', … (+5271 more))",5281,"DD0004655445 | DD0004655452 | DD0004655460 | DD0004655478 | DD0004655486 | DD0004655494 | DD0004655502 | DD0004655510 | DD0004655528 | DD0004655536 | … (+5271 more)",,,,1,,
"F177","report_filter",189,"UCB physical holdings and titles report","Physical Items","/shared/University of California System 01UCS_NETWORK/Reports/Local Requests/Annual Statistic Reports/Annual Stats FY 2025-2026/Final stats reports (for July 1)/Physical/UCB physical holdings and titles report",1,"1.1",2,"and","inline","list","in","""Institution"".""Institution Name""","""Institution"".""Institution Name"" IN (6532, 6533)",2,"6532 | 6533",,,,1,,
"F178","report_filter",189,"UCB physical holdings and titles report","Physical Items","/shared/University of California System 01UCS_NETWORK/Reports/Local Requests/Annual Statistic Reports/Annual Stats FY 2025-2026/Final stats reports (for July 1)/Physical/UCB physical holdings and titles report",2,"1.2",2,"and","inline","list","in","""Institution"".""Institution Name""","""Institution"".""Institution Name"" IN ('SLF-N', 'SLF-S', 'UCB')",3,"SLF-N | SLF-S | UCB",,,,1,,
"F179","report_filter",189,"UCB physical holdings and titles report","Physical Items","/shared/University of California System 01UCS_NETWORK/Reports/Local Requests/Annual Statistic Reports/Annual Stats FY 2025-2026/Final stats reports (for July 1)/Physical/UCB physical holdings and titles report",3,"1.3",2,"and","saved_reference","savedFilter",,,"Saved filter: Global stats physical filters",,,,"Global stats physical filters","/shared/University of California System 01UCS_NETWORK/Reports/Local Requests/Annual Statistic Reports/Annual Stats FY 2025-2026/Global stats physical filters",,FALSE,
"F180","report_filter",189,"UCB physical holdings and titles report","Physical Items","/shared/University of California System 01UCS_NETWORK/Reports/Local Requests/Annual Statistic Reports/Annual Stats FY 2025-2026/Final stats reports (for July 1)/Physical/UCB physical holdings and titles report",4,"1.4",2,"and","saved_reference","savedFilter",,,"Saved filter: UCB Physical Filters",,,,"UCB Physical Filters","/shared/University of California System 01UCS_NETWORK/Reports/Local Requests/Annual Statistic Reports/Annual Stats FY 2025-2026/UCB Physical Filters",,FALSE,
"F181","report_filter",189,"UCB physical holdings and titles report","Physical Items","/shared/University of California System 01UCS_NETWORK/Reports/Local Requests/Annual Statistic Reports/Annual Stats FY 2025-2026/Final stats reports (for July 1)/Physical/UCB physical holdings and titles report",5,"1.5",2,"and","saved_reference","savedFilter",,,"Saved filter: UCB SCA exclusions",,,,"UCB SCA exclusions","/shared/University of California System 01UCS_NETWORK/Reports/Local Requests/Annual Statistic Reports/Annual Stats FY 2025-2026/UCB SCA exclusions",,FALSE,
"F182","report_filter",190,"UCLA User Group Categorization Report","Fulfillment","/shared/University of California System 01UCS_NETWORK/Reports/Local Requests/Annual Statistic Reports/Annual Stats FY 2025-2026/Preparation review reports/Fulfillment preparation review reports/UCLA User Group Categorization Report",1,"1",1,,"inline","comparison","equal","""Institution"".""Institution Name""","""Institution"".""Institution Name"" = 6533",1,"6533",,,,1,,
"F183","report_filter",191,"UCSD Risk Management Report","Physical Items","/shared/University of California System 01UCS_NETWORK/Reports/Local Requests/Annual Statistic Reports/Annual Stats FY 2025-2026/Final stats reports (for July 1)/Risk Management/UCSD Risk Management Report",1,"1.1",2,"and","inline","list","in","""Institution"".""Institution Name""","""Institution"".""Institution Name"" IN (6535, 6532, 6533)",3,"6535 | 6532 | 6533",,,,1,,
"F184","report_filter",191,"UCSD Risk Management Report","Physical Items","/shared/University of California System 01UCS_NETWORK/Reports/Local Requests/Annual Statistic Reports/Annual Stats FY 2025-2026/Final stats reports (for July 1)/Risk Management/UCSD Risk Management Report",2,"1.2",2,"and","inline","list","in","""Institution"".""Institution Name""","""Institution"".""Institution Name"" IN ('SLF-N', 'SLF-S', 'UCSD')",3,"SLF-N | SLF-S | UCSD",,,,1,,
"F185","report_filter",191,"UCSD Risk Management Report","Physical Items","/shared/University of California System 01UCS_NETWORK/Reports/Local Requests/Annual Statistic Reports/Annual Stats FY 2025-2026/Final stats reports (for July 1)/Risk Management/UCSD Risk Management Report",3,"1.3",2,"and","saved_reference","savedFilter",,,"Saved filter: Global stats physical filters",,,,"Global stats physical filters","/shared/University of California System 01UCS_NETWORK/Reports/Local Requests/Annual Statistic Reports/Annual Stats FY 2025-2026/Global stats physical filters",,FALSE,
"F186","report_filter",191,"UCSD Risk Management Report","Physical Items","/shared/University of California System 01UCS_NETWORK/Reports/Local Requests/Annual Statistic Reports/Annual Stats FY 2025-2026/Final stats reports (for July 1)/Risk Management/UCSD Risk Management Report",4,"1.4",2,"and","saved_reference","savedFilter",,,"Saved filter: UCSD Physical Filters",,,,"UCSD Physical Filters","/shared/University of California System 01UCS_NETWORK/Reports/Local Requests/Annual Statistic Reports/Annual Stats FY 2025-2026/UCSD Physical Filters",,FALSE,
"F187","report_filter",191,"UCSD Risk Management Report","Physical Items","/shared/University of California System 01UCS_NETWORK/Reports/Local Requests/Annual Statistic Reports/Annual Stats FY 2025-2026/Final stats reports (for July 1)/Risk Management/UCSD Risk Management Report",5,"1.5",2,"and","saved_reference","savedFilter",,,"Saved filter: Physical - UCSD SCA Exclusions",,,300,"Physical - UCSD SCA Exclusions","/shared/University of California System 01UCS_NETWORK/Reports/Local Requests/Annual Statistic Reports/Annual Stats FY 2025-2026/Physical - UCSD SCA Exclusions",4,TRUE,
"F188","report_filter",193,"UCSC Library Categorization Report","Physical Items","/shared/University of California System 01UCS_NETWORK/Reports/Local Requests/Annual Statistic Reports/Annual Stats FY 2025-2026/Preparation review reports/Physical preparation review reports/UCSC Library Categorization Report",1,"1.1",2,"and","inline","list","in","""Institution"".""Institution Name""","""Institution"".""Institution Name"" IN (6532, 6533, 4876)",3,"6532 | 6533 | 4876",,,,1,,
"F189","report_filter",193,"UCSC Library Categorization Report","Physical Items","/shared/University of California System 01UCS_NETWORK/Reports/Local Requests/Annual Statistic Reports/Annual Stats FY 2025-2026/Preparation review reports/Physical preparation review reports/UCSC Library Categorization Report",2,"1.2",2,"and","inline","list","in","""Institution"".""Institution Name""","""Institution"".""Institution Name"" IN ('SLF-N', 'SLF-S', 'UCSC')",3,"SLF-N | SLF-S | UCSC",,,,1,,
"F190","report_filter",193,"UCSC Library Categorization Report","Physical Items","/shared/University of California System 01UCS_NETWORK/Reports/Local Requests/Annual Statistic Reports/Annual Stats FY 2025-2026/Preparation review reports/Physical preparation review reports/UCSC Library Categorization Report",3,"1.3",2,"and","saved_reference","savedFilter",,,"Saved filter: Global stats physical filters",,,,"Global stats physical filters","/shared/University of California System 01UCS_NETWORK/Reports/Local Requests/Annual Statistic Reports/Annual Stats FY 2025-2026/Global stats physical filters",,FALSE,
"F191","report_filter",193,"UCSC Library Categorization Report","Physical Items","/shared/University of California System 01UCS_NETWORK/Reports/Local Requests/Annual Statistic Reports/Annual Stats FY 2025-2026/Preparation review reports/Physical preparation review reports/UCSC Library Categorization Report",4,"1.4",2,"and","saved_reference","savedFilter",,,"Saved filter: UCSC Physical Filters",,,,"UCSC Physical Filters","/shared/University of California System 01UCS_NETWORK/Reports/Local Requests/Annual Statistic Reports/Annual Stats FY 2025-2026/UCSC Physical Filters",,FALSE,
"F192","report_filter",193,"UCSC Library Categorization Report","Physical Items","/shared/University of California System 01UCS_NETWORK/Reports/Local Requests/Annual Statistic Reports/Annual Stats FY 2025-2026/Preparation review reports/Physical preparation review reports/UCSC Library Categorization Report",5,"1.5",2,"and","saved_reference","savedFilter",,,"Saved filter: UCSC SCA Exclusions",,,,"UCSC SCA Exclusions","/shared/University of California System 01UCS_NETWORK/Reports/Local Requests/Annual Statistic Reports/Annual Stats FY 2025-2026/UCSC SCA Exclusions",,FALSE,
"F193","report_filter",194,"UCSD Physical Collection Usage","Fulfillment","/shared/University of California System 01UCS_NETWORK/Reports/Local Requests/Annual Statistic Reports/Annual Stats FY 2025-2026/Final stats reports (for July 1)/Physical Collection Usage/UCSD Physical Collection Usage",1,"1.1",2,"and","inline","comparison","equal","""Institution"".""Institution Name""","""Institution"".""Institution Name"" = 6535",1,"6535",,,,1,,
"F194","report_filter",194,"UCSD Physical Collection Usage","Fulfillment","/shared/University of California System 01UCS_NETWORK/Reports/Local Requests/Annual Statistic Reports/Annual Stats FY 2025-2026/Final stats reports (for July 1)/Physical Collection Usage/UCSD Physical Collection Usage",2,"1.2",2,"and","saved_reference","savedFilter",,,"Saved filter: Fulfillment - FY 2025-26 Loans",,,226,"Fulfillment - FY 2025-26 Loans","/shared/University of California System 01UCS_NETWORK/Reports/Local Requests/Annual Statistic Reports/Annual Stats FY 2025-2026/Fulfillment - FY 2025-26 Loans",1,TRUE,
"F195","report_filter",194,"UCSD Physical Collection Usage","Fulfillment","/shared/University of California System 01UCS_NETWORK/Reports/Local Requests/Annual Statistic Reports/Annual Stats FY 2025-2026/Final stats reports (for July 1)/Physical Collection Usage/UCSD Physical Collection Usage",3,"1.3",2,"and","inline","comparison","greater","""Loan"".""Loans (Not In House)""","""Loan"".""Loans (Not In House)"" > 0",1,"0",,,,1,,
"F196","report_filter",196,"UCSC eResources Comparison Report","E-Inventory","/shared/University of California System 01UCS_NETWORK/Reports/Local Requests/Annual Statistic Reports/Annual Stats FY 2025-2026/Final stats reports (for July 1)/eResources Comparison/UCSC eResources Comparison Report",1,"1.1",2,"and","inline","list","in","""Institution"".""Institution Name""","""Institution"".""Institution Name"" IN (4876, 6531)",2,"4876 | 6531",,,,1,,
"F197","report_filter",196,"UCSC eResources Comparison Report","E-Inventory","/shared/University of California System 01UCS_NETWORK/Reports/Local Requests/Annual Statistic Reports/Annual Stats FY 2025-2026/Final stats reports (for July 1)/eResources Comparison/UCSC eResources Comparison Report",2,"1.2",2,"and","inline","list","in","""Institution"".""Institution Name""","""Institution"".""Institution Name"" IN ('Managed by CDL', 'Managed by UCSC')",2,"Managed by CDL | Managed by UCSC",,,,1,,
"F198","report_filter",197,"UCSC Electronic Holdings and Titles Report","E-Inventory","/shared/University of California System 01UCS_NETWORK/Reports/Local Requests/Annual Statistic Reports/Annual Stats FY 2025-2026/Final stats reports (for July 1)/Electronic/UCSC Electronic Holdings and Titles Report",1,"1.1",2,"and","inline","list","in","""Institution"".""Institution Name""","""Institution"".""Institution Name"" IN (4876, 6531)",2,"4876 | 6531",,,,1,,
"F199","report_filter",197,"UCSC Electronic Holdings and Titles Report","E-Inventory","/shared/University of California System 01UCS_NETWORK/Reports/Local Requests/Annual Statistic Reports/Annual Stats FY 2025-2026/Final stats reports (for July 1)/Electronic/UCSC Electronic Holdings and Titles Report",2,"1.2",2,"and","inline","list","in","""Institution"".""Institution Name""","""Institution"".""Institution Name"" IN ('Managed by CDL', 'Managed by UCSC')",2,"Managed by CDL | Managed by UCSC",,,,1,,
"F200","report_filter",198,"UCSC eResources Library Categorization Report","E-Inventory","/shared/University of California System 01UCS_NETWORK/Reports/Local Requests/Annual Statistic Reports/Annual Stats FY 2025-2026/Preparation review reports/Electronic preparation review reports/UCSC eResources Library Categorization Report",1,"1",1,,"inline","comparison","equal","""Institution"".""Institution Name""","""Institution"".""Institution Name"" = 4876",1,"4876",,,,1,,
"F201","report_filter",199,"UCD Physical Holdings and Titles Report","Physical Items","/shared/University of California System 01UCS_NETWORK/Reports/Local Requests/Annual Statistic Reports/Annual Stats FY 2025-2026/Final stats reports (for July 1)/Physical/UCD Physical Holdings and Titles Report",1,"1.1",2,"and","inline","list","in","""Institution"".""Institution Name""","""Institution"".""Institution Name"" IN (6532, 3126, 6533)",3,"6532 | 3126 | 6533",,,,1,,
"F202","report_filter",199,"UCD Physical Holdings and Titles Report","Physical Items","/shared/University of California System 01UCS_NETWORK/Reports/Local Requests/Annual Statistic Reports/Annual Stats FY 2025-2026/Final stats reports (for July 1)/Physical/UCD Physical Holdings and Titles Report",2,"1.2",2,"and","inline","list","in","""Institution"".""Institution Name""","""Institution"".""Institution Name"" IN ('SLF-N', 'SLF-S', 'UCD')",3,"SLF-N | SLF-S | UCD",,,,1,,
"F203","report_filter",199,"UCD Physical Holdings and Titles Report","Physical Items","/shared/University of California System 01UCS_NETWORK/Reports/Local Requests/Annual Statistic Reports/Annual Stats FY 2025-2026/Final stats reports (for July 1)/Physical/UCD Physical Holdings and Titles Report",3,"1.3",2,"and","saved_reference","savedFilter",,,"Saved filter: Global stats physical filters",,,,"Global stats physical filters","/shared/University of California System 01UCS_NETWORK/Reports/Local Requests/Annual Statistic Reports/Annual Stats FY 2025-2026/Global stats physical filters",,FALSE,
"F204","report_filter",199,"UCD Physical Holdings and Titles Report","Physical Items","/shared/University of California System 01UCS_NETWORK/Reports/Local Requests/Annual Statistic Reports/Annual Stats FY 2025-2026/Final stats reports (for July 1)/Physical/UCD Physical Holdings and Titles Report",4,"1.4",2,"and","saved_reference","savedFilter",,,"Saved filter: UCD Physical Filters",,,,"UCD Physical Filters","/shared/University of California System 01UCS_NETWORK/Reports/Local Requests/Annual Statistic Reports/Annual Stats FY 2025-2026/UCD Physical Filters",,FALSE,
"F205","report_filter",201,"UCSD eResources Comparison Report","E-Inventory","/shared/University of California System 01UCS_NETWORK/Reports/Local Requests/Annual Statistic Reports/Annual Stats FY 2025-2026/Final stats reports (for July 1)/eResources Comparison/UCSD eResources Comparison Report",1,"1.1",2,"and","inline","list","in","""Institution"".""Institution Name""","""Institution"".""Institution Name"" IN (6535, 6531)",2,"6535 | 6531",,,,1,,
"F206","report_filter",201,"UCSD eResources Comparison Report","E-Inventory","/shared/University of California System 01UCS_NETWORK/Reports/Local Requests/Annual Statistic Reports/Annual Stats FY 2025-2026/Final stats reports (for July 1)/eResources Comparison/UCSD eResources Comparison Report",2,"1.2",2,"and","inline","list","in","""Institution"".""Institution Name""","""Institution"".""Institution Name"" IN ('Managed by CDL', 'Managed by UCSD')",2,"Managed by CDL | Managed by UCSD",,,,1,,
"F207","report_filter",202,"UCM Check-Out Type Categorization Report","Fulfillment","/shared/University of California System 01UCS_NETWORK/Reports/Local Requests/Annual Statistic Reports/Annual Stats FY 2025-2026/Preparation review reports/Fulfillment preparation review reports/UCM Check-Out Type Categorization Report",1,"1.1",2,"and","inline","comparison","equal","""Institution"".""Institution Name""","""Institution"".""Institution Name"" = 6534",1,"6534",,,,1,,
"F208","report_filter",202,"UCM Check-Out Type Categorization Report","Fulfillment","/shared/University of California System 01UCS_NETWORK/Reports/Local Requests/Annual Statistic Reports/Annual Stats FY 2025-2026/Preparation review reports/Fulfillment preparation review reports/UCM Check-Out Type Categorization Report",2,"1.2",2,"and","saved_reference","savedFilter",,,"Saved filter: FY 2025-26 Loans",,,,"FY 2025-26 Loans","/shared/University of California System 01UCS_NETWORK/Reports/Local Requests/Annual Statistic Reports/Annual Stats FY 2025-2026/FY 2025-26 Loans",,FALSE,
"F209","report_filter",202,"UCM Check-Out Type Categorization Report","Fulfillment","/shared/University of California System 01UCS_NETWORK/Reports/Local Requests/Annual Statistic Reports/Annual Stats FY 2025-2026/Preparation review reports/Fulfillment preparation review reports/UCM Check-Out Type Categorization Report",3,"1.3",2,"and","inline","comparison","equal","""Loan Details"".""In House Loan Indicator""","""Loan Details"".""In House Loan Indicator"" = 'N'",1,"N",,,,1,,
"F210","report_filter",204,"UCSD Library Categorization Report","Physical Items","/shared/University of California System 01UCS_NETWORK/Reports/Local Requests/Annual Statistic Reports/Annual Stats FY 2025-2026/Preparation review reports/Physical preparation review reports/UCSD Library Categorization Report",1,"1.1",2,"and","inline","list","in","""Institution"".""Institution Name""","""Institution"".""Institution Name"" IN (6535, 6532, 6533)",3,"6535 | 6532 | 6533",,,,1,,
"F211","report_filter",204,"UCSD Library Categorization Report","Physical Items","/shared/University of California System 01UCS_NETWORK/Reports/Local Requests/Annual Statistic Reports/Annual Stats FY 2025-2026/Preparation review reports/Physical preparation review reports/UCSD Library Categorization Report",2,"1.2",2,"and","inline","list","in","""Institution"".""Institution Name""","""Institution"".""Institution Name"" IN ('SLF-N', 'SLF-S', 'UCSD')",3,"SLF-N | SLF-S | UCSD",,,,1,,
"F212","report_filter",204,"UCSD Library Categorization Report","Physical Items","/shared/University of California System 01UCS_NETWORK/Reports/Local Requests/Annual Statistic Reports/Annual Stats FY 2025-2026/Preparation review reports/Physical preparation review reports/UCSD Library Categorization Report",3,"1.3",2,"and","saved_reference","savedFilter",,,"Saved filter: Global stats physical filters",,,,"Global stats physical filters","/shared/University of California System 01UCS_NETWORK/Reports/Local Requests/Annual Statistic Reports/Annual Stats FY 2025-2026/Global stats physical filters",,FALSE,
"F213","report_filter",204,"UCSD Library Categorization Report","Physical Items","/shared/University of California System 01UCS_NETWORK/Reports/Local Requests/Annual Statistic Reports/Annual Stats FY 2025-2026/Preparation review reports/Physical preparation review reports/UCSD Library Categorization Report",4,"1.4",2,"and","saved_reference","savedFilter",,,"Saved filter: UCSD Physical Filters",,,,"UCSD Physical Filters","/shared/University of California System 01UCS_NETWORK/Reports/Local Requests/Annual Statistic Reports/Annual Stats FY 2025-2026/UCSD Physical Filters",,FALSE,
"F214","report_filter",205,"UCSF Risk Management Report","Physical Items","/shared/University of California System 01UCS_NETWORK/Reports/Local Requests/Annual Statistic Reports/Annual Stats FY 2025-2026/Final stats reports (for July 1)/Risk Management/UCSF Risk Management Report",1,"1.1",2,"and","inline","list","in","""Institution"".""Institution Name""","""Institution"".""Institution Name"" IN (6532, 6533, 6536)",3,"6532 | 6533 | 6536",,,,1,,
"F215","report_filter",205,"UCSF Risk Management Report","Physical Items","/shared/University of California System 01UCS_NETWORK/Reports/Local Requests/Annual Statistic Reports/Annual Stats FY 2025-2026/Final stats reports (for July 1)/Risk Management/UCSF Risk Management Report",2,"1.2",2,"and","inline","list","in","""Institution"".""Institution Name""","""Institution"".""Institution Name"" IN ('SLF-N', 'SLF-S', 'UCSF')",3,"SLF-N | SLF-S | UCSF",,,,1,,
"F216","report_filter",205,"UCSF Risk Management Report","Physical Items","/shared/University of California System 01UCS_NETWORK/Reports/Local Requests/Annual Statistic Reports/Annual Stats FY 2025-2026/Final stats reports (for July 1)/Risk Management/UCSF Risk Management Report",3,"1.3",2,"and","saved_reference","savedFilter",,,"Saved filter: Global stats physical filters",,,,"Global stats physical filters","/shared/University of California System 01UCS_NETWORK/Reports/Local Requests/Annual Statistic Reports/Annual Stats FY 2025-2026/Global stats physical filters",,FALSE,
"F217","report_filter",205,"UCSF Risk Management Report","Physical Items","/shared/University of California System 01UCS_NETWORK/Reports/Local Requests/Annual Statistic Reports/Annual Stats FY 2025-2026/Final stats reports (for July 1)/Risk Management/UCSF Risk Management Report",4,"1.4",2,"and","saved_reference","savedFilter",,,"Saved filter: UCSF Physical Filters",,,,"UCSF Physical Filters","/shared/University of California System 01UCS_NETWORK/Reports/Local Requests/Annual Statistic Reports/Annual Stats FY 2025-2026/UCSF Physical Filters",,FALSE,
"F218","report_filter",206,"UCSD eResources Library Categorization Report","E-Inventory","/shared/University of California System 01UCS_NETWORK/Reports/Local Requests/Annual Statistic Reports/Annual Stats FY 2025-2026/Preparation review reports/Electronic preparation review reports/UCSD eResources Library Categorization Report",1,"1",1,,"inline","comparison","equal","""Institution"".""Institution Name""","""Institution"".""Institution Name"" = 6535",1,"6535",,,,1,,
"F219","report_filter",207,"UCSD Electronic Holdings and Titles Report","E-Inventory","/shared/University of California System 01UCS_NETWORK/Reports/Local Requests/Annual Statistic Reports/Annual Stats FY 2025-2026/Final stats reports (for July 1)/Electronic/UCSD Electronic Holdings and Titles Report",1,"1.1",2,"and","inline","list","in","""Institution"".""Institution Name""","""Institution"".""Institution Name"" IN (6535, 6531)",2,"6535 | 6531",,,,1,,
"F220","report_filter",207,"UCSD Electronic Holdings and Titles Report","E-Inventory","/shared/University of California System 01UCS_NETWORK/Reports/Local Requests/Annual Statistic Reports/Annual Stats FY 2025-2026/Final stats reports (for July 1)/Electronic/UCSD Electronic Holdings and Titles Report",2,"1.2",2,"and","inline","list","in","""Institution"".""Institution Name""","""Institution"".""Institution Name"" IN ('Managed by CDL', 'Managed by UCSD')",2,"Managed by CDL | Managed by UCSD",,,,1,,
"F221","report_filter",208,"UCSF Physical Collection Usage","Fulfillment","/shared/University of California System 01UCS_NETWORK/Reports/Local Requests/Annual Statistic Reports/Annual Stats FY 2025-2026/Final stats reports (for July 1)/Physical Collection Usage/UCSF Physical Collection Usage",1,"1.1",2,"and","inline","comparison","equal","""Institution"".""Institution Name""","""Institution"".""Institution Name"" = 6536",1,"6536",,,,1,,
"F222","report_filter",208,"UCSF Physical Collection Usage","Fulfillment","/shared/University of California System 01UCS_NETWORK/Reports/Local Requests/Annual Statistic Reports/Annual Stats FY 2025-2026/Final stats reports (for July 1)/Physical Collection Usage/UCSF Physical Collection Usage",2,"1.2",2,"and","saved_reference","savedFilter",,,"Saved filter: Fulfillment - FY 2025-26 Loans",,,226,"Fulfillment - FY 2025-26 Loans","/shared/University of California System 01UCS_NETWORK/Reports/Local Requests/Annual Statistic Reports/Annual Stats FY 2025-2026/Fulfillment - FY 2025-26 Loans",1,TRUE,
"F223","report_filter",208,"UCSF Physical Collection Usage","Fulfillment","/shared/University of California System 01UCS_NETWORK/Reports/Local Requests/Annual Statistic Reports/Annual Stats FY 2025-2026/Final stats reports (for July 1)/Physical Collection Usage/UCSF Physical Collection Usage",3,"1.3",2,"and","inline","comparison","greater","""Loan"".""Loans (Not In House)""","""Loan"".""Loans (Not In House)"" > 0",1,"0",,,,1,,
"F224","report_filter",211,"UCSF eResources Library Categorization Report","E-Inventory","/shared/University of California System 01UCS_NETWORK/Reports/Local Requests/Annual Statistic Reports/Annual Stats FY 2025-2026/Preparation review reports/Electronic preparation review reports/UCSF eResources Library Categorization Report",1,"1",1,,"inline","comparison","equal","""Institution"".""Institution Name""","""Institution"".""Institution Name"" = 6536",1,"6536",,,,1,,
"F225","report_filter",212,"UCM User Group categorization report","Fulfillment","/shared/University of California System 01UCS_NETWORK/Reports/Local Requests/Annual Statistic Reports/Annual Stats FY 2025-2026/Preparation review reports/Fulfillment preparation review reports/UCM User Group categorization report",1,"1",1,,"inline","comparison","equal","""Institution"".""Institution Name""","""Institution"".""Institution Name"" = 6534",1,"6534",,,,1,,
"F226","report_filter",213,"UCSF Library Categorization Report","Physical Items","/shared/University of California System 01UCS_NETWORK/Reports/Local Requests/Annual Statistic Reports/Annual Stats FY 2025-2026/Preparation review reports/Physical preparation review reports/UCSF Library Categorization Report",1,"1.1",2,"and","inline","list","in","""Institution"".""Institution Name""","""Institution"".""Institution Name"" IN (6532, 6533, 6536)",3,"6532 | 6533 | 6536",,,,1,,
"F227","report_filter",213,"UCSF Library Categorization Report","Physical Items","/shared/University of California System 01UCS_NETWORK/Reports/Local Requests/Annual Statistic Reports/Annual Stats FY 2025-2026/Preparation review reports/Physical preparation review reports/UCSF Library Categorization Report",2,"1.2",2,"and","inline","list","in","""Institution"".""Institution Name""","""Institution"".""Institution Name"" IN ('SLF-N', 'SLF-S', 'UCSF')",3,"SLF-N | SLF-S | UCSF",,,,1,,
"F228","report_filter",213,"UCSF Library Categorization Report","Physical Items","/shared/University of California System 01UCS_NETWORK/Reports/Local Requests/Annual Statistic Reports/Annual Stats FY 2025-2026/Preparation review reports/Physical preparation review reports/UCSF Library Categorization Report",3,"1.3",2,"and","saved_reference","savedFilter",,,"Saved filter: Global stats physical filters",,,,"Global stats physical filters","/shared/University of California System 01UCS_NETWORK/Reports/Local Requests/Annual Statistic Reports/Annual Stats FY 2025-2026/Global stats physical filters",,FALSE,
"F229","report_filter",213,"UCSF Library Categorization Report","Physical Items","/shared/University of California System 01UCS_NETWORK/Reports/Local Requests/Annual Statistic Reports/Annual Stats FY 2025-2026/Preparation review reports/Physical preparation review reports/UCSF Library Categorization Report",4,"1.4",2,"and","saved_reference","savedFilter",,,"Saved filter: UCSF Physical Filters",,,,"UCSF Physical Filters","/shared/University of California System 01UCS_NETWORK/Reports/Local Requests/Annual Statistic Reports/Annual Stats FY 2025-2026/UCSF Physical Filters",,FALSE,
"F230","report_filter",214,"UCSF Electronic Holdings and Titles Report","E-Inventory","/shared/University of California System 01UCS_NETWORK/Reports/Local Requests/Annual Statistic Reports/Annual Stats FY 2025-2026/Final stats reports (for July 1)/Electronic/UCSF Electronic Holdings and Titles Report",1,"1.1",2,"and","inline","list","in","""Institution"".""Institution Name""","""Institution"".""Institution Name"" IN (6536, 6531)",2,"6536 | 6531",,,,1,,
"F231","report_filter",214,"UCSF Electronic Holdings and Titles Report","E-Inventory","/shared/University of California System 01UCS_NETWORK/Reports/Local Requests/Annual Statistic Reports/Annual Stats FY 2025-2026/Final stats reports (for July 1)/Electronic/UCSF Electronic Holdings and Titles Report",2,"1.2",2,"and","inline","list","in","""Institution"".""Institution Name""","""Institution"".""Institution Name"" IN ('Managed by CDL', 'Managed by UCSF')",2,"Managed by CDL | Managed by UCSF",,,,1,,
"F232","report_filter",215,"UCSF eResources Comparison Report","E-Inventory","/shared/University of California System 01UCS_NETWORK/Reports/Local Requests/Annual Statistic Reports/Annual Stats FY 2025-2026/Final stats reports (for July 1)/eResources Comparison/UCSF eResources Comparison Report",1,"1.1",2,"and","inline","list","in","""Institution"".""Institution Name""","""Institution"".""Institution Name"" IN (6536, 6531)",2,"6536 | 6531",,,,1,,
"F233","report_filter",215,"UCSF eResources Comparison Report","E-Inventory","/shared/University of California System 01UCS_NETWORK/Reports/Local Requests/Annual Statistic Reports/Annual Stats FY 2025-2026/Final stats reports (for July 1)/eResources Comparison/UCSF eResources Comparison Report",2,"1.2",2,"and","inline","list","in","""Institution"".""Institution Name""","""Institution"".""Institution Name"" IN ('Managed by CDL', 'Managed by UCSF')",2,"Managed by CDL | Managed by UCSF",,,,1,,
"F234","report_filter",216,"UCI Physical Holdings and Titles Report","Physical Items","/shared/University of California System 01UCS_NETWORK/Reports/Local Requests/Annual Statistic Reports/Annual Stats FY 2025-2026/Final stats reports (for July 1)/Physical/UCI Physical Holdings and Titles Report",1,"1.1",2,"and","inline","list","in","""Institution"".""Institution Name""","""Institution"".""Institution Name"" IN (6532, 4701, 6533)",3,"6532 | 4701 | 6533",,,,1,,
"F235","report_filter",216,"UCI Physical Holdings and Titles Report","Physical Items","/shared/University of California System 01UCS_NETWORK/Reports/Local Requests/Annual Statistic Reports/Annual Stats FY 2025-2026/Final stats reports (for July 1)/Physical/UCI Physical Holdings and Titles Report",2,"1.2",2,"and","inline","list","in","""Institution"".""Institution Name""","""Institution"".""Institution Name"" IN ('SLF-N', 'SLF-S', 'UCI')",3,"SLF-N | SLF-S | UCI",,,,1,,
"F236","report_filter",216,"UCI Physical Holdings and Titles Report","Physical Items","/shared/University of California System 01UCS_NETWORK/Reports/Local Requests/Annual Statistic Reports/Annual Stats FY 2025-2026/Final stats reports (for July 1)/Physical/UCI Physical Holdings and Titles Report",3,"1.3",2,"and","saved_reference","savedFilter",,,"Saved filter: Global stats physical filters",,,,"Global stats physical filters","/shared/University of California System 01UCS_NETWORK/Reports/Local Requests/Annual Statistic Reports/Annual Stats FY 2025-2026/Global stats physical filters",,FALSE,
"F237","report_filter",216,"UCI Physical Holdings and Titles Report","Physical Items","/shared/University of California System 01UCS_NETWORK/Reports/Local Requests/Annual Statistic Reports/Annual Stats FY 2025-2026/Final stats reports (for July 1)/Physical/UCI Physical Holdings and Titles Report",4,"1.4",2,"and","saved_reference","savedFilter",,,"Saved filter: UCI Physical Filters",,,,"UCI Physical Filters","/shared/University of California System 01UCS_NETWORK/Reports/Local Requests/Annual Statistic Reports/Annual Stats FY 2025-2026/UCI Physical Filters",,FALSE,
"F238","report_filter",216,"UCI Physical Holdings and Titles Report","Physical Items","/shared/University of California System 01UCS_NETWORK/Reports/Local Requests/Annual Statistic Reports/Annual Stats FY 2025-2026/Final stats reports (for July 1)/Physical/UCI Physical Holdings and Titles Report",5,"1.5",2,"and","saved_reference","savedFilter",,,"Saved filter: UCI SCA Exclusions",,,,"UCI SCA Exclusions","/shared/University of California System 01UCS_NETWORK/Reports/Local Requests/Annual Statistic Reports/Annual Stats FY 2025-2026/UCI SCA Exclusions",,FALSE,
"F239","report_filter",219,"UCI Physical Holdings and Titles Report - all data with all exclusions noted","Physical Items","/shared/University of California System 01UCS_NETWORK/Reports/Local Requests/Annual Statistic Reports/Annual Stats FY 2025-2026/Final stats reports (for July 1)/Physical/UCI Physical Holdings and Titles Report - all data with all exclusions noted",1,"1",1,,"inline","comparison","equal","""Institution"".""Institution Name""","""Institution"".""Institution Name"" = 4701",1,"4701",,,,1,,
"F240","report_filter",220,"UCR Check-Out Type Categorization Report","Fulfillment","/shared/University of California System 01UCS_NETWORK/Reports/Local Requests/Annual Statistic Reports/Annual Stats FY 2025-2026/Preparation review reports/Fulfillment preparation review reports/UCR Check-Out Type Categorization Report",1,"1.1",2,"and","inline","comparison","equal","""Institution"".""Institution Name""","""Institution"".""Institution Name"" = 4706",1,"4706",,,,1,,
"F241","report_filter",220,"UCR Check-Out Type Categorization Report","Fulfillment","/shared/University of California System 01UCS_NETWORK/Reports/Local Requests/Annual Statistic Reports/Annual Stats FY 2025-2026/Preparation review reports/Fulfillment preparation review reports/UCR Check-Out Type Categorization Report",2,"1.2",2,"and","saved_reference","savedFilter",,,"Saved filter: FY 2025-26 Loans",,,,"FY 2025-26 Loans","/shared/University of California System 01UCS_NETWORK/Reports/Local Requests/Annual Statistic Reports/Annual Stats FY 2025-2026/FY 2025-26 Loans",,FALSE,
"F242","report_filter",220,"UCR Check-Out Type Categorization Report","Fulfillment","/shared/University of California System 01UCS_NETWORK/Reports/Local Requests/Annual Statistic Reports/Annual Stats FY 2025-2026/Preparation review reports/Fulfillment preparation review reports/UCR Check-Out Type Categorization Report",3,"1.3",2,"and","inline","comparison","equal","""Loan Details"".""In House Loan Indicator""","""Loan Details"".""In House Loan Indicator"" = 'N'",1,"N",,,,1,,
"F243","report_filter",221,"UCR User Group categorization report","Fulfillment","/shared/University of California System 01UCS_NETWORK/Reports/Local Requests/Annual Statistic Reports/Annual Stats FY 2025-2026/Preparation review reports/Fulfillment preparation review reports/UCR User Group categorization report",1,"1",1,,"inline","comparison","equal","""Institution"".""Institution Name""","""Institution"".""Institution Name"" = 4706",1,"4706",,,,1,,
"F244","report_filter",223,"UCLA Physical Holdings and Titles Report","Physical Items","/shared/University of California System 01UCS_NETWORK/Reports/Local Requests/Annual Statistic Reports/Annual Stats FY 2025-2026/Final stats reports (for July 1)/Physical/UCLA Physical Holdings and Titles Report",1,"1.1",2,"and","inline","list","in","""Institution"".""Institution Name""","""Institution"".""Institution Name"" IN (6532, 6533)",2,"6532 | 6533",,,,1,,
"F245","report_filter",223,"UCLA Physical Holdings and Titles Report","Physical Items","/shared/University of California System 01UCS_NETWORK/Reports/Local Requests/Annual Statistic Reports/Annual Stats FY 2025-2026/Final stats reports (for July 1)/Physical/UCLA Physical Holdings and Titles Report",2,"1.2",2,"and","saved_reference","savedFilter",,,"Saved filter: Global stats physical filters",,,,"Global stats physical filters","/shared/University of California System 01UCS_NETWORK/Reports/Local Requests/Annual Statistic Reports/Annual Stats FY 2025-2026/Global stats physical filters",,FALSE,
"F246","report_filter",223,"UCLA Physical Holdings and Titles Report","Physical Items","/shared/University of California System 01UCS_NETWORK/Reports/Local Requests/Annual Statistic Reports/Annual Stats FY 2025-2026/Final stats reports (for July 1)/Physical/UCLA Physical Holdings and Titles Report",3,"1.3",2,"and","saved_reference","savedFilter",,,"Saved filter: UCLA Physical Filters",,,,"UCLA Physical Filters","/shared/University of California System 01UCS_NETWORK/Reports/Local Requests/Annual Statistic Reports/Annual Stats FY 2025-2026/UCLA Physical Filters",,FALSE,
"F247","report_filter",223,"UCLA Physical Holdings and Titles Report","Physical Items","/shared/University of California System 01UCS_NETWORK/Reports/Local Requests/Annual Statistic Reports/Annual Stats FY 2025-2026/Final stats reports (for July 1)/Physical/UCLA Physical Holdings and Titles Report",4,"1.4",2,"and","saved_reference","savedFilter",,,"Saved filter: UCLA SCA Exclusions",,,,"UCLA SCA Exclusions","/shared/University of California System 01UCS_NETWORK/Reports/Local Requests/Annual Statistic Reports/Annual Stats FY 2025-2026/UCLA SCA Exclusions",,FALSE,
"F248","report_filter",223,"UCLA Physical Holdings and Titles Report","Physical Items","/shared/University of California System 01UCS_NETWORK/Reports/Local Requests/Annual Statistic Reports/Annual Stats FY 2025-2026/Final stats reports (for July 1)/Physical/UCLA Physical Holdings and Titles Report",5,"1.5",2,"and","inline","list","in","""Institution"".""Institution Name""","""Institution"".""Institution Name"" IN ('SLF-N', 'SLF-S', 'UCLA')",3,"SLF-N | SLF-S | UCLA",,,,1,,
"F249","report_filter",225,"UCM Physical Holdings and Titles Report","Physical Items","/shared/University of California System 01UCS_NETWORK/Reports/Local Requests/Annual Statistic Reports/Annual Stats FY 2025-2026/Final stats reports (for July 1)/Physical/UCM Physical Holdings and Titles Report",1,"1.1",2,"and","inline","list","in","""Institution"".""Institution Name""","""Institution"".""Institution Name"" IN (6532, 6533, 6534)",3,"6532 | 6533 | 6534",,,,1,,
"F250","report_filter",225,"UCM Physical Holdings and Titles Report","Physical Items","/shared/University of California System 01UCS_NETWORK/Reports/Local Requests/Annual Statistic Reports/Annual Stats FY 2025-2026/Final stats reports (for July 1)/Physical/UCM Physical Holdings and Titles Report",2,"1.2",2,"and","inline","list","in","""Institution"".""Institution Name""","""Institution"".""Institution Name"" IN ('SLF-S', 'UCM')",2,"SLF-S | UCM",,,,1,,
"F251","report_filter",225,"UCM Physical Holdings and Titles Report","Physical Items","/shared/University of California System 01UCS_NETWORK/Reports/Local Requests/Annual Statistic Reports/Annual Stats FY 2025-2026/Final stats reports (for July 1)/Physical/UCM Physical Holdings and Titles Report",3,"1.3",2,"and","saved_reference","savedFilter",,,"Saved filter: Global stats physical filters",,,,"Global stats physical filters","/shared/University of California System 01UCS_NETWORK/Reports/Local Requests/Annual Statistic Reports/Annual Stats FY 2025-2026/Global stats physical filters",,FALSE,
"F252","report_filter",227,"UCR Physical Holdings and Titles Report","Physical Items","/shared/University of California System 01UCS_NETWORK/Reports/Local Requests/Annual Statistic Reports/Annual Stats FY 2025-2026/Final stats reports (for July 1)/Physical/UCR Physical Holdings and Titles Report",1,"1.1",2,"and","inline","list","in","""Institution"".""Institution Name""","""Institution"".""Institution Name"" IN (6532, 6533, 4706)",3,"6532 | 6533 | 4706",,,,1,,
"F253","report_filter",227,"UCR Physical Holdings and Titles Report","Physical Items","/shared/University of California System 01UCS_NETWORK/Reports/Local Requests/Annual Statistic Reports/Annual Stats FY 2025-2026/Final stats reports (for July 1)/Physical/UCR Physical Holdings and Titles Report",2,"1.2",2,"and","inline","list","in","""Institution"".""Institution Name""","""Institution"".""Institution Name"" IN ('SLF-N', 'SLF-S', 'UCR')",3,"SLF-N | SLF-S | UCR",,,,1,,
"F254","report_filter",227,"UCR Physical Holdings and Titles Report","Physical Items","/shared/University of California System 01UCS_NETWORK/Reports/Local Requests/Annual Statistic Reports/Annual Stats FY 2025-2026/Final stats reports (for July 1)/Physical/UCR Physical Holdings and Titles Report",3,"1.3",2,"and","saved_reference","savedFilter",,,"Saved filter: Global stats physical filters",,,,"Global stats physical filters","/shared/University of California System 01UCS_NETWORK/Reports/Local Requests/Annual Statistic Reports/Annual Stats FY 2025-2026/Global stats physical filters",,FALSE,
"F255","report_filter",227,"UCR Physical Holdings and Titles Report","Physical Items","/shared/University of California System 01UCS_NETWORK/Reports/Local Requests/Annual Statistic Reports/Annual Stats FY 2025-2026/Final stats reports (for July 1)/Physical/UCR Physical Holdings and Titles Report",4,"1.4",2,"and","saved_reference","savedFilter",,,"Saved filter: UCR Physical Filters",,,,"UCR Physical Filters","/shared/University of California System 01UCS_NETWORK/Reports/Local Requests/Annual Statistic Reports/Annual Stats FY 2025-2026/UCR Physical Filters",,FALSE,
"F256","report_filter",227,"UCR Physical Holdings and Titles Report","Physical Items","/shared/University of California System 01UCS_NETWORK/Reports/Local Requests/Annual Statistic Reports/Annual Stats FY 2025-2026/Final stats reports (for July 1)/Physical/UCR Physical Holdings and Titles Report",5,"1.5",2,"and","saved_reference","savedFilter",,,"Saved filter: UCR SCA exclusions",,,,"UCR SCA exclusions","/shared/University of California System 01UCS_NETWORK/Reports/Local Requests/Annual Statistic Reports/Annual Stats FY 2025-2026/UCR SCA exclusions",,FALSE,
"F257","report_filter",228,"UCSB Check-Out Type Categorization Report","Fulfillment","/shared/University of California System 01UCS_NETWORK/Reports/Local Requests/Annual Statistic Reports/Annual Stats FY 2025-2026/Preparation review reports/Fulfillment preparation review reports/UCSB Check-Out Type Categorization Report",1,"1.1",2,"and","inline","comparison","equal","""Institution"".""Institution Name""","""Institution"".""Institution Name"" = 3776",1,"3776",,,,1,,
"F258","report_filter",228,"UCSB Check-Out Type Categorization Report","Fulfillment","/shared/University of California System 01UCS_NETWORK/Reports/Local Requests/Annual Statistic Reports/Annual Stats FY 2025-2026/Preparation review reports/Fulfillment preparation review reports/UCSB Check-Out Type Categorization Report",2,"1.2",2,"and","saved_reference","savedFilter",,,"Saved filter: FY 2025-26 Loans",,,,"FY 2025-26 Loans","/shared/University of California System 01UCS_NETWORK/Reports/Local Requests/Annual Statistic Reports/Annual Stats FY 2025-2026/FY 2025-26 Loans",,FALSE,
"F259","report_filter",228,"UCSB Check-Out Type Categorization Report","Fulfillment","/shared/University of California System 01UCS_NETWORK/Reports/Local Requests/Annual Statistic Reports/Annual Stats FY 2025-2026/Preparation review reports/Fulfillment preparation review reports/UCSB Check-Out Type Categorization Report",3,"1.3",2,"and","inline","comparison","equal","""Loan Details"".""In House Loan Indicator""","""Loan Details"".""In House Loan Indicator"" = 'N'",1,"N",,,,1,,
"F260","report_filter",230,"UCSB Physical Holdings and Titles Report","Physical Items","/shared/University of California System 01UCS_NETWORK/Reports/Local Requests/Annual Statistic Reports/Annual Stats FY 2025-2026/Final stats reports (for July 1)/Physical/UCSB Physical Holdings and Titles Report",1,"1.1",2,"and","inline","list","in","""Institution"".""Institution Name""","""Institution"".""Institution Name"" IN (6532, 6533, 3776)",3,"6532 | 6533 | 3776",,,,1,,
"F261","report_filter",230,"UCSB Physical Holdings and Titles Report","Physical Items","/shared/University of California System 01UCS_NETWORK/Reports/Local Requests/Annual Statistic Reports/Annual Stats FY 2025-2026/Final stats reports (for July 1)/Physical/UCSB Physical Holdings and Titles Report",2,"1.2",2,"and","inline","list","in","""Institution"".""Institution Name""","""Institution"".""Institution Name"" IN ('SLF-N', 'SLF-S', 'UCSB')",3,"SLF-N | SLF-S | UCSB",,,,1,,
"F262","report_filter",230,"UCSB Physical Holdings and Titles Report","Physical Items","/shared/University of California System 01UCS_NETWORK/Reports/Local Requests/Annual Statistic Reports/Annual Stats FY 2025-2026/Final stats reports (for July 1)/Physical/UCSB Physical Holdings and Titles Report",3,"1.3",2,"and","saved_reference","savedFilter",,,"Saved filter: Global stats physical filters",,,,"Global stats physical filters","/shared/University of California System 01UCS_NETWORK/Reports/Local Requests/Annual Statistic Reports/Annual Stats FY 2025-2026/Global stats physical filters",,FALSE,
"F263","report_filter",230,"UCSB Physical Holdings and Titles Report","Physical Items","/shared/University of California System 01UCS_NETWORK/Reports/Local Requests/Annual Statistic Reports/Annual Stats FY 2025-2026/Final stats reports (for July 1)/Physical/UCSB Physical Holdings and Titles Report",4,"1.4",2,"and","saved_reference","savedFilter",,,"Saved filter: UCSB Physical filters",,,,"UCSB Physical filters","/shared/University of California System 01UCS_NETWORK/Reports/Local Requests/Annual Statistic Reports/Annual Stats FY 2025-2026/UCSB Physical filters",,FALSE,
"F264","report_filter",231,"UCSB User Group Categorization Report","Fulfillment","/shared/University of California System 01UCS_NETWORK/Reports/Local Requests/Annual Statistic Reports/Annual Stats FY 2025-2026/Preparation review reports/Fulfillment preparation review reports/UCSB User Group Categorization Report",1,"1",1,,"inline","comparison","equal","""Institution"".""Institution Name""","""Institution"".""Institution Name"" = 3776",1,"3776",,,,1,,
"F265","report_filter",232,"UCSC Physical Holdings and Titles Report","Physical Items","/shared/University of California System 01UCS_NETWORK/Reports/Local Requests/Annual Statistic Reports/Annual Stats FY 2025-2026/Final stats reports (for July 1)/Physical/UCSC Physical Holdings and Titles Report",1,"1.1",2,"and","inline","list","in","""Institution"".""Institution Name""","""Institution"".""Institution Name"" IN (6532, 6533, 4876)",3,"6532 | 6533 | 4876",,,,1,,
"F266","report_filter",232,"UCSC Physical Holdings and Titles Report","Physical Items","/shared/University of California System 01UCS_NETWORK/Reports/Local Requests/Annual Statistic Reports/Annual Stats FY 2025-2026/Final stats reports (for July 1)/Physical/UCSC Physical Holdings and Titles Report",2,"1.2",2,"and","inline","list","in","""Institution"".""Institution Name""","""Institution"".""Institution Name"" IN ('SLF-N', 'SLF-S', 'UCSC')",3,"SLF-N | SLF-S | UCSC",,,,1,,
"F267","report_filter",232,"UCSC Physical Holdings and Titles Report","Physical Items","/shared/University of California System 01UCS_NETWORK/Reports/Local Requests/Annual Statistic Reports/Annual Stats FY 2025-2026/Final stats reports (for July 1)/Physical/UCSC Physical Holdings and Titles Report",3,"1.3",2,"and","saved_reference","savedFilter",,,"Saved filter: Global stats physical filters",,,,"Global stats physical filters","/shared/University of California System 01UCS_NETWORK/Reports/Local Requests/Annual Statistic Reports/Annual Stats FY 2025-2026/Global stats physical filters",,FALSE,
"F268","report_filter",232,"UCSC Physical Holdings and Titles Report","Physical Items","/shared/University of California System 01UCS_NETWORK/Reports/Local Requests/Annual Statistic Reports/Annual Stats FY 2025-2026/Final stats reports (for July 1)/Physical/UCSC Physical Holdings and Titles Report",4,"1.4",2,"and","saved_reference","savedFilter",,,"Saved filter: UCSC Physical Filters",,,,"UCSC Physical Filters","/shared/University of California System 01UCS_NETWORK/Reports/Local Requests/Annual Statistic Reports/Annual Stats FY 2025-2026/UCSC Physical Filters",,FALSE,
"F269","report_filter",232,"UCSC Physical Holdings and Titles Report","Physical Items","/shared/University of California System 01UCS_NETWORK/Reports/Local Requests/Annual Statistic Reports/Annual Stats FY 2025-2026/Final stats reports (for July 1)/Physical/UCSC Physical Holdings and Titles Report",5,"1.5",2,"and","saved_reference","savedFilter",,,"Saved filter: UCSC SCA Exclusions",,,,"UCSC SCA Exclusions","/shared/University of California System 01UCS_NETWORK/Reports/Local Requests/Annual Statistic Reports/Annual Stats FY 2025-2026/UCSC SCA Exclusions",,FALSE,
"F270","report_filter",234,"UCSD Physical Holdings and Titles Report","Physical Items","/shared/University of California System 01UCS_NETWORK/Reports/Local Requests/Annual Statistic Reports/Annual Stats FY 2025-2026/Final stats reports (for July 1)/Physical/UCSD Physical Holdings and Titles Report",1,"1.1",2,"and","inline","list","in","""Institution"".""Institution Name""","""Institution"".""Institution Name"" IN (6535, 6532, 6533)",3,"6535 | 6532 | 6533",,,,1,,
"F271","report_filter",234,"UCSD Physical Holdings and Titles Report","Physical Items","/shared/University of California System 01UCS_NETWORK/Reports/Local Requests/Annual Statistic Reports/Annual Stats FY 2025-2026/Final stats reports (for July 1)/Physical/UCSD Physical Holdings and Titles Report",2,"1.2",2,"and","inline","list","in","""Institution"".""Institution Name""","""Institution"".""Institution Name"" IN ('SLF-N', 'SLF-S', 'UCSD')",3,"SLF-N | SLF-S | UCSD",,,,1,,
"F272","report_filter",234,"UCSD Physical Holdings and Titles Report","Physical Items","/shared/University of California System 01UCS_NETWORK/Reports/Local Requests/Annual Statistic Reports/Annual Stats FY 2025-2026/Final stats reports (for July 1)/Physical/UCSD Physical Holdings and Titles Report",3,"1.3",2,"and","saved_reference","savedFilter",,,"Saved filter: Global stats physical filters",,,,"Global stats physical filters","/shared/University of California System 01UCS_NETWORK/Reports/Local Requests/Annual Statistic Reports/Annual Stats FY 2025-2026/Global stats physical filters",,FALSE,
"F273","report_filter",234,"UCSD Physical Holdings and Titles Report","Physical Items","/shared/University of California System 01UCS_NETWORK/Reports/Local Requests/Annual Statistic Reports/Annual Stats FY 2025-2026/Final stats reports (for July 1)/Physical/UCSD Physical Holdings and Titles Report",4,"1.4",2,"and","saved_reference","savedFilter",,,"Saved filter: Physical - UCSD Physical Filters",,,299,"Physical - UCSD Physical Filters","/shared/University of California System 01UCS_NETWORK/Reports/Local Requests/Annual Statistic Reports/Annual Stats FY 2025-2026/Physical - UCSD Physical Filters",2,TRUE,
"F274","report_filter",234,"UCSD Physical Holdings and Titles Report","Physical Items","/shared/University of California System 01UCS_NETWORK/Reports/Local Requests/Annual Statistic Reports/Annual Stats FY 2025-2026/Final stats reports (for July 1)/Physical/UCSD Physical Holdings and Titles Report",5,"1.5",2,"and","saved_reference","savedFilter",,,"Saved filter: Physical - UCSD SCA Exclusions",,,300,"Physical - UCSD SCA Exclusions","/shared/University of California System 01UCS_NETWORK/Reports/Local Requests/Annual Statistic Reports/Annual Stats FY 2025-2026/Physical - UCSD SCA Exclusions",4,TRUE,
"F275","report_filter",236,"UCSC Check-Out Type Categorization Report","Fulfillment","/shared/University of California System 01UCS_NETWORK/Reports/Local Requests/Annual Statistic Reports/Annual Stats FY 2025-2026/Preparation review reports/Fulfillment preparation review reports/UCSC Check-Out Type Categorization Report",1,"1.1",2,"and","inline","comparison","equal","""Institution"".""Institution Name""","""Institution"".""Institution Name"" = 4876",1,"4876",,,,1,,
"F276","report_filter",236,"UCSC Check-Out Type Categorization Report","Fulfillment","/shared/University of California System 01UCS_NETWORK/Reports/Local Requests/Annual Statistic Reports/Annual Stats FY 2025-2026/Preparation review reports/Fulfillment preparation review reports/UCSC Check-Out Type Categorization Report",2,"1.2",2,"and","saved_reference","savedFilter",,,"Saved filter: FY 2025-26 Loans",,,,"FY 2025-26 Loans","/shared/University of California System 01UCS_NETWORK/Reports/Local Requests/Annual Statistic Reports/Annual Stats FY 2025-2026/FY 2025-26 Loans",,FALSE,
"F277","report_filter",236,"UCSC Check-Out Type Categorization Report","Fulfillment","/shared/University of California System 01UCS_NETWORK/Reports/Local Requests/Annual Statistic Reports/Annual Stats FY 2025-2026/Preparation review reports/Fulfillment preparation review reports/UCSC Check-Out Type Categorization Report",3,"1.3",2,"and","inline","comparison","equal","""Loan Details"".""In House Loan Indicator""","""Loan Details"".""In House Loan Indicator"" = 'N'",1,"N",,,,1,,
"F278","report_filter",237,"UCSC User Group Categorization Report","Fulfillment","/shared/University of California System 01UCS_NETWORK/Reports/Local Requests/Annual Statistic Reports/Annual Stats FY 2025-2026/Preparation review reports/Fulfillment preparation review reports/UCSC User Group Categorization Report",1,"1",1,,"inline","comparison","equal","""Institution"".""Institution Name""","""Institution"".""Institution Name"" = 4876",1,"4876",,,,1,,
"F279","report_filter",238,"UCSF Physical Holdings and Titles Report","Physical Items","/shared/University of California System 01UCS_NETWORK/Reports/Local Requests/Annual Statistic Reports/Annual Stats FY 2025-2026/Final stats reports (for July 1)/Physical/UCSF Physical Holdings and Titles Report",1,"1.1",2,"and","inline","list","in","""Institution"".""Institution Name""","""Institution"".""Institution Name"" IN (6532, 6533, 6536)",3,"6532 | 6533 | 6536",,,,1,,
"F280","report_filter",238,"UCSF Physical Holdings and Titles Report","Physical Items","/shared/University of California System 01UCS_NETWORK/Reports/Local Requests/Annual Statistic Reports/Annual Stats FY 2025-2026/Final stats reports (for July 1)/Physical/UCSF Physical Holdings and Titles Report",2,"1.2",2,"and","inline","list","in","""Institution"".""Institution Name""","""Institution"".""Institution Name"" IN ('SLF-N', 'SLF-S', 'UCSF')",3,"SLF-N | SLF-S | UCSF",,,,1,,
"F281","report_filter",238,"UCSF Physical Holdings and Titles Report","Physical Items","/shared/University of California System 01UCS_NETWORK/Reports/Local Requests/Annual Statistic Reports/Annual Stats FY 2025-2026/Final stats reports (for July 1)/Physical/UCSF Physical Holdings and Titles Report",3,"1.3",2,"and","saved_reference","savedFilter",,,"Saved filter: Global stats physical filters",,,,"Global stats physical filters","/shared/University of California System 01UCS_NETWORK/Reports/Local Requests/Annual Statistic Reports/Annual Stats FY 2025-2026/Global stats physical filters",,FALSE,
"F282","report_filter",238,"UCSF Physical Holdings and Titles Report","Physical Items","/shared/University of California System 01UCS_NETWORK/Reports/Local Requests/Annual Statistic Reports/Annual Stats FY 2025-2026/Final stats reports (for July 1)/Physical/UCSF Physical Holdings and Titles Report",4,"1.4",2,"and","saved_reference","savedFilter",,,"Saved filter: UCSF Physical Filters",,,,"UCSF Physical Filters","/shared/University of California System 01UCS_NETWORK/Reports/Local Requests/Annual Statistic Reports/Annual Stats FY 2025-2026/UCSF Physical Filters",,FALSE,
"F283","report_filter",241,"zz_old_UCI testing updated SCA exclusion filter","Physical Items","/shared/University of California System 01UCS_NETWORK/Reports/Local Requests/Annual Statistic Reports/Annual Stats FY 2025-2026/Final stats reports (for July 1)/Physical/zz_old_UCI testing updated SCA exclusion filter",1,"1.1",2,"and","inline","comparison","equal","""Institution"".""Institution Name""","""Institution"".""Institution Name"" = 4701",1,"4701",,,,1,,
"F284","report_filter",241,"zz_old_UCI testing updated SCA exclusion filter","Physical Items","/shared/University of California System 01UCS_NETWORK/Reports/Local Requests/Annual Statistic Reports/Annual Stats FY 2025-2026/Final stats reports (for July 1)/Physical/zz_old_UCI testing updated SCA exclusion filter",2,"1.2",2,"and","saved_reference","savedFilter",,,"Saved filter: Physical - Global stats physical filters",,,264,"Physical - Global stats physical filters","/shared/University of California System 01UCS_NETWORK/Reports/Local Requests/Annual Statistic Reports/Annual Stats FY 2025-2026/Physical - Global stats physical filters",16,TRUE,
"F285","report_filter",241,"zz_old_UCI testing updated SCA exclusion filter","Physical Items","/shared/University of California System 01UCS_NETWORK/Reports/Local Requests/Annual Statistic Reports/Annual Stats FY 2025-2026/Final stats reports (for July 1)/Physical/zz_old_UCI testing updated SCA exclusion filter",3,"1.3",2,"and","saved_reference","savedFilter",,,"Saved filter: Physical - UCI Physical Filters",,,278,"Physical - UCI Physical Filters","/shared/University of California System 01UCS_NETWORK/Reports/Local Requests/Annual Statistic Reports/Annual Stats FY 2025-2026/Physical - UCI Physical Filters",12,TRUE,
"F286","report_filter",241,"zz_old_UCI testing updated SCA exclusion filter","Physical Items","/shared/University of California System 01UCS_NETWORK/Reports/Local Requests/Annual Statistic Reports/Annual Stats FY 2025-2026/Final stats reports (for July 1)/Physical/zz_old_UCI testing updated SCA exclusion filter",4,"1.4",2,"and","saved_reference","savedFilter",,,"Saved filter: Physical - UCI SCA Exclusions WITH IS NULL",,,,"Physical - UCI SCA Exclusions WITH IS NULL","/shared/University of California System 01UCS_NETWORK/Reports/Local Requests/Annual Statistic Reports/Annual Stats FY 2025-2026/Physical - UCI SCA Exclusions WITH IS NULL",,FALSE,
"F287","report_filter",243,"UCSD Check-Out Type Categorization Report","Fulfillment","/shared/University of California System 01UCS_NETWORK/Reports/Local Requests/Annual Statistic Reports/Annual Stats FY 2025-2026/Preparation review reports/Fulfillment preparation review reports/UCSD Check-Out Type Categorization Report",1,"1.1",2,"and","inline","comparison","equal","""Institution"".""Institution Name""","""Institution"".""Institution Name"" = 6535",1,"6535",,,,1,,
"F288","report_filter",243,"UCSD Check-Out Type Categorization Report","Fulfillment","/shared/University of California System 01UCS_NETWORK/Reports/Local Requests/Annual Statistic Reports/Annual Stats FY 2025-2026/Preparation review reports/Fulfillment preparation review reports/UCSD Check-Out Type Categorization Report",2,"1.2",2,"and","saved_reference","savedFilter",,,"Saved filter: FY 2025-26 Loans",,,,"FY 2025-26 Loans","/shared/University of California System 01UCS_NETWORK/Reports/Local Requests/Annual Statistic Reports/Annual Stats FY 2025-2026/FY 2025-26 Loans",,FALSE,
"F289","report_filter",243,"UCSD Check-Out Type Categorization Report","Fulfillment","/shared/University of California System 01UCS_NETWORK/Reports/Local Requests/Annual Statistic Reports/Annual Stats FY 2025-2026/Preparation review reports/Fulfillment preparation review reports/UCSD Check-Out Type Categorization Report",3,"1.3",2,"and","inline","comparison","equal","""Loan Details"".""In House Loan Indicator""","""Loan Details"".""In House Loan Indicator"" = 'N'",1,"N",,,,1,,
"F290","report_filter",245,"UCSD User Group Categorization Report","Fulfillment","/shared/University of California System 01UCS_NETWORK/Reports/Local Requests/Annual Statistic Reports/Annual Stats FY 2025-2026/Preparation review reports/Fulfillment preparation review reports/UCSD User Group Categorization Report",1,"1",1,,"inline","comparison","equal","""Institution"".""Institution Name""","""Institution"".""Institution Name"" = 6535",1,"6535",,,,1,,
"F291","report_filter",247,"UCSF Check-Out Type Categorization Report","Fulfillment","/shared/University of California System 01UCS_NETWORK/Reports/Local Requests/Annual Statistic Reports/Annual Stats FY 2025-2026/Preparation review reports/Fulfillment preparation review reports/UCSF Check-Out Type Categorization Report",1,"1.1",2,"and","inline","comparison","equal","""Institution"".""Institution Name""","""Institution"".""Institution Name"" = 6536",1,"6536",,,,1,,
"F292","report_filter",247,"UCSF Check-Out Type Categorization Report","Fulfillment","/shared/University of California System 01UCS_NETWORK/Reports/Local Requests/Annual Statistic Reports/Annual Stats FY 2025-2026/Preparation review reports/Fulfillment preparation review reports/UCSF Check-Out Type Categorization Report",2,"1.2",2,"and","saved_reference","savedFilter",,,"Saved filter: FY 2025-26 Loans",,,,"FY 2025-26 Loans","/shared/University of California System 01UCS_NETWORK/Reports/Local Requests/Annual Statistic Reports/Annual Stats FY 2025-2026/FY 2025-26 Loans",,FALSE,
"F293","report_filter",247,"UCSF Check-Out Type Categorization Report","Fulfillment","/shared/University of California System 01UCS_NETWORK/Reports/Local Requests/Annual Statistic Reports/Annual Stats FY 2025-2026/Preparation review reports/Fulfillment preparation review reports/UCSF Check-Out Type Categorization Report",3,"1.3",2,"and","inline","comparison","equal","""Loan Details"".""In House Loan Indicator""","""Loan Details"".""In House Loan Indicator"" = 'N'",1,"N",,,,1,,
"F294","report_filter",248,"UCSF User Group Categorization Report","Fulfillment","/shared/University of California System 01UCS_NETWORK/Reports/Local Requests/Annual Statistic Reports/Annual Stats FY 2025-2026/Preparation review reports/Fulfillment preparation review reports/UCSF User Group Categorization Report",1,"1",1,,"inline","comparison","equal","""Institution"".""Institution Name""","""Institution"".""Institution Name"" = 6536",1,"6536",,,,1,,
"F295","standalone_saved_object",,,,,,,,,"standalone_saved_object","comparison","between",,,,,226,"Fulfillment - FY 2025-26 Loans","/shared/University of California System 01UCS_NETWORK/Reports/Local Requests/Annual Statistic Reports/Annual Stats FY 2025-2026/Fulfillment - FY 2025-26 Loans",1,TRUE,TRUE
"F296","standalone_saved_object",,,,,,,,,"standalone_saved_object","logical","and",,,,,264,"Physical - Global stats physical filters","/shared/University of California System 01UCS_NETWORK/Reports/Local Requests/Annual Statistic Reports/Annual Stats FY 2025-2026/Physical - Global stats physical filters",16,TRUE,TRUE
"F297","standalone_saved_object",,,,,,,,,"standalone_saved_object","logical","and",,,,,267,"Physical - SLF-N FY 2026 accessions","/shared/University of California System 01UCS_NETWORK/Reports/Local Requests/Annual Statistic Reports/Annual Stats FY 2025-2026/Physical - SLF-N FY 2026 accessions",47,TRUE,TRUE
"F298","standalone_saved_object",,,,,,,,,"standalone_saved_object","logical","and",,,,,268,"Physical - SLF-S FY 2026 accessions","/shared/University of California System 01UCS_NETWORK/Reports/Local Requests/Annual Statistic Reports/Annual Stats FY 2025-2026/Physical - SLF-S FY 2026 accessions",9,TRUE,FALSE
"F299","standalone_saved_object",,,,,,,,,"standalone_saved_object","logical","and",,,,,271,"Physical - UCB Physical Filters","/shared/University of California System 01UCS_NETWORK/Reports/Local Requests/Annual Statistic Reports/Annual Stats FY 2025-2026/Physical - UCB Physical Filters",11,TRUE,TRUE
"F300","standalone_saved_object",,,,,,,,,"standalone_saved_object","logical","and",,,,,272,"Physical - UCB SCA exclusions","/shared/University of California System 01UCS_NETWORK/Reports/Local Requests/Annual Statistic Reports/Annual Stats FY 2025-2026/Physical - UCB SCA exclusions",2,TRUE,FALSE
"F301","standalone_saved_object",,,,,,,,,"standalone_saved_object","logical","and",,,,,275,"Physical - UCD Physical Filters","/shared/University of California System 01UCS_NETWORK/Reports/Local Requests/Annual Statistic Reports/Annual Stats FY 2025-2026/Physical - UCD Physical Filters",3,TRUE,FALSE
"F302","standalone_saved_object",,,,,,,,,"standalone_saved_object","logical","and",,,,,278,"Physical - UCI Physical Filters","/shared/University of California System 01UCS_NETWORK/Reports/Local Requests/Annual Statistic Reports/Annual Stats FY 2025-2026/Physical - UCI Physical Filters",12,TRUE,TRUE
"F303","standalone_saved_object",,,,,,,,,"standalone_saved_object","logical","or",,,,,279,"Physical - UCI SCA Exclusions","/shared/University of California System 01UCS_NETWORK/Reports/Local Requests/Annual Statistic Reports/Annual Stats FY 2025-2026/Physical - UCI SCA Exclusions",4,TRUE,FALSE
"F304","standalone_saved_object",,,,,,,,,"standalone_saved_object","logical","and",,,,,282,"Physical - UCLA Physical Filters","/shared/University of California System 01UCS_NETWORK/Reports/Local Requests/Annual Statistic Reports/Annual Stats FY 2025-2026/Physical - UCLA Physical Filters",4,TRUE,FALSE
"F305","standalone_saved_object",,,,,,,,,"standalone_saved_object","sql",,,,,,283,"Physical - UCLA SCA Exclusions","/shared/University of California System 01UCS_NETWORK/Reports/Local Requests/Annual Statistic Reports/Annual Stats FY 2025-2026/Physical - UCLA SCA Exclusions",1,TRUE,FALSE
"F306","standalone_saved_object",,,,,,,,,"standalone_saved_object","logical","and",,,,,288,"Physical - UCR Physical Filters","/shared/University of California System 01UCS_NETWORK/Reports/Local Requests/Annual Statistic Reports/Annual Stats FY 2025-2026/Physical - UCR Physical Filters",3,TRUE,FALSE
"F307","standalone_saved_object",,,,,,,,,"standalone_saved_object","sql",,,,,,289,"Physical - UCR SCA exclusions","/shared/University of California System 01UCS_NETWORK/Reports/Local Requests/Annual Statistic Reports/Annual Stats FY 2025-2026/Physical - UCR SCA exclusions",1,TRUE,FALSE
"F308","standalone_saved_object",,,,,,,,,"standalone_saved_object","comparison","notEqual",,,,,292,"Physical - UCSB Physical filters","/shared/University of California System 01UCS_NETWORK/Reports/Local Requests/Annual Statistic Reports/Annual Stats FY 2025-2026/Physical - UCSB Physical filters",1,TRUE,FALSE
"F309","standalone_saved_object",,,,,,,,,"standalone_saved_object","logical","and",,,,,295,"Physical - UCSC Physical Filters","/shared/University of California System 01UCS_NETWORK/Reports/Local Requests/Annual Statistic Reports/Annual Stats FY 2025-2026/Physical - UCSC Physical Filters",2,TRUE,FALSE
"F310","standalone_saved_object",,,,,,,,,"standalone_saved_object","logical","and",,,,,296,"Physical - UCSC SCA Exclusions","/shared/University of California System 01UCS_NETWORK/Reports/Local Requests/Annual Statistic Reports/Annual Stats FY 2025-2026/Physical - UCSC SCA Exclusions",2,TRUE,FALSE
"F311","standalone_saved_object",,,,,,,,,"standalone_saved_object","logical","and",,,,,299,"Physical - UCSD Physical Filters","/shared/University of California System 01UCS_NETWORK/Reports/Local Requests/Annual Statistic Reports/Annual Stats FY 2025-2026/Physical - UCSD Physical Filters",2,TRUE,TRUE
"F312","standalone_saved_object",,,,,,,,,"standalone_saved_object","logical","and",,,,,300,"Physical - UCSD SCA Exclusions","/shared/University of California System 01UCS_NETWORK/Reports/Local Requests/Annual Statistic Reports/Annual Stats FY 2025-2026/Physical - UCSD SCA Exclusions",4,TRUE,TRUE
"F313","standalone_saved_object",,,,,,,,,"standalone_saved_object","comparison","notEqual",,,,,303,"Physical - UCSF Physical Filters","/shared/University of California System 01UCS_NETWORK/Reports/Local Requests/Annual Statistic Reports/Annual Stats FY 2025-2026/Physical - UCSF Physical Filters",1,TRUE,FALSE
"F314","standalone_saved_object",,,,,,,,,"standalone_saved_object","logical","and",,,,,306,"TEST REDO Physical - UCI Physical Filters","/shared/University of California System 01UCS_NETWORK/Reports/Local Requests/Annual Statistic Reports/Annual Stats FY 2025-2026/TEST REDO Physical - UCI Physical Filters",12,TRUE,FALSE
"F315","standalone_saved_object",,,,,,,,,"standalone_saved_object","logical","and",,,,,307,"zz_old_Physical - UCI SCA Exclusions","/shared/University of California System 01UCS_NETWORK/Reports/Local Requests/Annual Statistic Reports/Annual Stats FY 2025-2026/zz_old_Physical - UCI SCA Exclusions",2,TRUE,FALSE
