"report_catalog_index","report_title","report_subject_area","report_path","column_index","column_source","column_xml_type","column_id","display_name","table_heading","column_heading","formula_type","formula","bin_rule_count","saved_column_path"
3,"test2 UCB physical holdings and titles report (no SLF)","Physical Items","/shared/University of California System 01UCS_NETWORK/Reports/Local Requests/Annual Statistic Reports/Annual Stats FY 2025-2026/Final stats reports (for July 1)/test2 UCB physical holdings and titles report (no SLF)",1,"saved_reference","savedRegularColumnRef","cc18664525476dcbc","UCB Library Stats Category",,,,,0,"/shared/University of California System 01UCS_NETWORK/Reports/Local Requests/Annual Statistic Reports/Annual Stats FY 2025-2026/UCB Library Stats Category"
3,"test2 UCB physical holdings and titles report (no SLF)","Physical Items","/shared/University of California System 01UCS_NETWORK/Reports/Local Requests/Annual Statistic Reports/Annual Stats FY 2025-2026/Final stats reports (for July 1)/test2 UCB physical holdings and titles report (no SLF)",2,"inline","regularColumn","c9732a414ee59ea03","""Location"".""Library Name""",,,"sqlExpression","""Location"".""Library Name""",0,
3,"test2 UCB physical holdings and titles report (no SLF)","Physical Items","/shared/University of California System 01UCS_NETWORK/Reports/Local Requests/Annual Statistic Reports/Annual Stats FY 2025-2026/Final stats reports (for July 1)/test2 UCB physical holdings and titles report (no SLF)",3,"inline","regularColumn","ccf1c0e7d4c3d9aab","""Location"".""Library Code""",,,"sqlExpression","""Location"".""Library Code""",0,
3,"test2 UCB physical holdings and titles report (no SLF)","Physical Items","/shared/University of California System 01UCS_NETWORK/Reports/Local Requests/Annual Statistic Reports/Annual Stats FY 2025-2026/Final stats reports (for July 1)/test2 UCB physical holdings and titles report (no SLF)",4,"inline","regularColumn","cebcd31ab3a9d5e54","""Location"".""Location Name""",,,"sqlExpression","""Location"".""Location Name""",0,
3,"test2 UCB physical holdings and titles report (no SLF)","Physical Items","/shared/University of California System 01UCS_NETWORK/Reports/Local Requests/Annual Statistic Reports/Annual Stats FY 2025-2026/Final stats reports (for July 1)/test2 UCB physical holdings and titles report (no SLF)",5,"inline","regularColumn","c474a504d4f9a06d6","""Location"".""Location Code""",,,"sqlExpression","""Location"".""Location Code""",0,
3,"test2 UCB physical holdings and titles report (no SLF)","Physical Items","/shared/University of California System 01UCS_NETWORK/Reports/Local Requests/Annual Statistic Reports/Annual Stats FY 2025-2026/Final stats reports (for July 1)/test2 UCB physical holdings and titles report (no SLF)",6,"inline","regularColumn","c6433431bdcd32b5b","""Bibliographic Details"".""Resource Type""",,,"sqlExpression","""Bibliographic Details"".""Resource Type""",0,
3,"test2 UCB physical holdings and titles report (no SLF)","Physical Items","/shared/University of California System 01UCS_NETWORK/Reports/Local Requests/Annual Statistic Reports/Annual Stats FY 2025-2026/Final stats reports (for July 1)/test2 UCB physical holdings and titles report (no SLF)",7,"inline","regularColumn","cb8999b65b1f92cfb","Item Creation Date","Item Creation Date","Item Creation Date","binned","""Item Creation Date"".""Item Creation Date""",2,
3,"test2 UCB physical holdings and titles report (no SLF)","Physical Items","/shared/University of California System 01UCS_NETWORK/Reports/Local Requests/Annual Statistic Reports/Annual Stats FY 2025-2026/Final stats reports (for July 1)/test2 UCB physical holdings and titles report (no SLF)",8,"inline","regularColumn","cc48c7957fa06fc85","Holdings","Physical Item Details","Holdings","sqlExpression","COUNT(DISTINCT ""Physical Item Details"".""Physical Item Id"")",0,
3,"test2 UCB physical holdings and titles report (no SLF)","Physical Items","/shared/University of California System 01UCS_NETWORK/Reports/Local Requests/Annual Statistic Reports/Annual Stats FY 2025-2026/Final stats reports (for July 1)/test2 UCB physical holdings and titles report (no SLF)",9,"inline","regularColumn","c781bf4ff43dd2337","Titles","Bibliographic Details","Titles","sqlExpression","COUNT(DISTINCT ""Bibliographic Details"".""MMS ID"")",0,
10,"UCB Physical Collection Usage","Fulfillment","/shared/University of California System 01UCS_NETWORK/Reports/Local Requests/Annual Statistic Reports/Annual Stats FY 2025-2026/Final stats reports (for July 1)/Physical Collection Usage/UCB Physical Collection Usage",1,"saved_reference","savedRegularColumnRef","cffb7e9e28d0bdcc3","Fulfillment - Fulfillment Institution",,,,,0,"/shared/University of California System 01UCS_NETWORK/Reports/Local Requests/Annual Statistic Reports/Annual Stats FY 2025-2026/Fulfillment - Fulfillment Institution"
10,"UCB Physical Collection Usage","Fulfillment","/shared/University of California System 01UCS_NETWORK/Reports/Local Requests/Annual Statistic Reports/Annual Stats FY 2025-2026/Final stats reports (for July 1)/Physical Collection Usage/UCB Physical Collection Usage",2,"saved_reference","savedRegularColumnRef","ca8d2eeabbce647e8","Physical - UCB Library Stats Category",,,,,0,"/shared/University of California System 01UCS_NETWORK/Reports/Local Requests/Annual Statistic Reports/Annual Stats FY 2025-2026/Physical - UCB Library Stats Category"
10,"UCB Physical Collection Usage","Fulfillment","/shared/University of California System 01UCS_NETWORK/Reports/Local Requests/Annual Statistic Reports/Annual Stats FY 2025-2026/Final stats reports (for July 1)/Physical Collection Usage/UCB Physical Collection Usage",3,"inline","regularColumn","ceca1c36df544247d","""Item Location at Time of Loan"".""Library Name""",,,"sqlExpression","""Item Location at Time of Loan"".""Library Name""",0,
10,"UCB Physical Collection Usage","Fulfillment","/shared/University of California System 01UCS_NETWORK/Reports/Local Requests/Annual Statistic Reports/Annual Stats FY 2025-2026/Final stats reports (for July 1)/Physical Collection Usage/UCB Physical Collection Usage",4,"inline","regularColumn","c69b0161ed0e9a6b0","""Item Location at Time of Loan"".""Library Code""",,,"sqlExpression","""Item Location at Time of Loan"".""Library Code""",0,
10,"UCB Physical Collection Usage","Fulfillment","/shared/University of California System 01UCS_NETWORK/Reports/Local Requests/Annual Statistic Reports/Annual Stats FY 2025-2026/Final stats reports (for July 1)/Physical Collection Usage/UCB Physical Collection Usage",5,"inline","regularColumn","c7775baed45c425ce","""Item Location at Time of Loan"".""Location Name""",,,"sqlExpression","""Item Location at Time of Loan"".""Location Name""",0,
10,"UCB Physical Collection Usage","Fulfillment","/shared/University of California System 01UCS_NETWORK/Reports/Local Requests/Annual Statistic Reports/Annual Stats FY 2025-2026/Final stats reports (for July 1)/Physical Collection Usage/UCB Physical Collection Usage",6,"inline","regularColumn","ccacb50b278ae6e74","""Item Location at Time of Loan"".""Location Code""",,,"sqlExpression","""Item Location at Time of Loan"".""Location Code""",0,
10,"UCB Physical Collection Usage","Fulfillment","/shared/University of California System 01UCS_NETWORK/Reports/Local Requests/Annual Statistic Reports/Annual Stats FY 2025-2026/Final stats reports (for July 1)/Physical Collection Usage/UCB Physical Collection Usage",7,"saved_reference","savedRegularColumnRef","cd7f6c6cdf1292bb0","Fulfillment - UCB Check-Out Type",,,,,0,"/shared/University of California System 01UCS_NETWORK/Reports/Local Requests/Annual Statistic Reports/Annual Stats FY 2025-2026/Fulfillment - UCB Check-Out Type"
10,"UCB Physical Collection Usage","Fulfillment","/shared/University of California System 01UCS_NETWORK/Reports/Local Requests/Annual Statistic Reports/Annual Stats FY 2025-2026/Final stats reports (for July 1)/Physical Collection Usage/UCB Physical Collection Usage",8,"saved_reference","savedRegularColumnRef","cc1fbfaa1945d6cc6","Fulfillment - Alma User Group",,,,,0,"/shared/University of California System 01UCS_NETWORK/Reports/Local Requests/Annual Statistic Reports/Annual Stats FY 2025-2026/Fulfillment - Alma User Group"
10,"UCB Physical Collection Usage","Fulfillment","/shared/University of California System 01UCS_NETWORK/Reports/Local Requests/Annual Statistic Reports/Annual Stats FY 2025-2026/Final stats reports (for July 1)/Physical Collection Usage/UCB Physical Collection Usage",9,"saved_reference","savedRegularColumnRef","c12802b0ecfd1cd48","Fulfillment - UCB User Group",,,,,0,"/shared/University of California System 01UCS_NETWORK/Reports/Local Requests/Annual Statistic Reports/Annual Stats FY 2025-2026/Fulfillment - UCB User Group"
10,"UCB Physical Collection Usage","Fulfillment","/shared/University of California System 01UCS_NETWORK/Reports/Local Requests/Annual Statistic Reports/Annual Stats FY 2025-2026/Final stats reports (for July 1)/Physical Collection Usage/UCB Physical Collection Usage",10,"saved_reference","savedRegularColumnRef","c788181f479f2fddd","Fulfillment - FY 2025-26 Loans (Not In House)",,,,,0,"/shared/University of California System 01UCS_NETWORK/Reports/Local Requests/Annual Statistic Reports/Annual Stats FY 2025-2026/Fulfillment - FY 2025-26 Loans (Not In House)"
16,"UCB Risk Management Report","Physical Items","/shared/University of California System 01UCS_NETWORK/Reports/Local Requests/Annual Statistic Reports/Annual Stats FY 2025-2026/Final stats reports (for July 1)/Risk Management/UCB Risk Management Report",1,"saved_reference","savedRegularColumnRef","cecd143a46aafb659","Campus designator",,,,,0,"/shared/University of California System 01UCS_NETWORK/Reports/Local Requests/Annual Statistic Reports/Annual Stats FY 2025-2026/UCB SLF\/Campus designator"
16,"UCB Risk Management Report","Physical Items","/shared/University of California System 01UCS_NETWORK/Reports/Local Requests/Annual Statistic Reports/Annual Stats FY 2025-2026/Final stats reports (for July 1)/Risk Management/UCB Risk Management Report",2,"saved_reference","savedRegularColumnRef","c69af768f28a5dc62","RM Building - UCB",,,,,0,"/shared/University of California System 01UCS_NETWORK/Reports/Local Requests/Annual Statistic Reports/Annual Stats FY 2025-2026/RM Building - UCB"
16,"UCB Risk Management Report","Physical Items","/shared/University of California System 01UCS_NETWORK/Reports/Local Requests/Annual Statistic Reports/Annual Stats FY 2025-2026/Final stats reports (for July 1)/Risk Management/UCB Risk Management Report",3,"inline","regularColumn","c91ff931798db204d","""Location"".""Library Name""",,,"sqlExpression","""Location"".""Library Name""",0,
16,"UCB Risk Management Report","Physical Items","/shared/University of California System 01UCS_NETWORK/Reports/Local Requests/Annual Statistic Reports/Annual Stats FY 2025-2026/Final stats reports (for July 1)/Risk Management/UCB Risk Management Report",4,"inline","regularColumn","c0a97a99fcff08d4d","""Location"".""Library Code""",,,"sqlExpression","""Location"".""Library Code""",0,
16,"UCB Risk Management Report","Physical Items","/shared/University of California System 01UCS_NETWORK/Reports/Local Requests/Annual Statistic Reports/Annual Stats FY 2025-2026/Final stats reports (for July 1)/Risk Management/UCB Risk Management Report",5,"inline","regularColumn","cd78d80d9721dafa1","""Location"".""Location Name""",,,"sqlExpression","""Location"".""Location Name""",0,
16,"UCB Risk Management Report","Physical Items","/shared/University of California System 01UCS_NETWORK/Reports/Local Requests/Annual Statistic Reports/Annual Stats FY 2025-2026/Final stats reports (for July 1)/Risk Management/UCB Risk Management Report",6,"inline","regularColumn","cca373db07e6d8158","""Location"".""Location Code""",,,"sqlExpression","""Location"".""Location Code""",0,
16,"UCB Risk Management Report","Physical Items","/shared/University of California System 01UCS_NETWORK/Reports/Local Requests/Annual Statistic Reports/Annual Stats FY 2025-2026/Final stats reports (for July 1)/Risk Management/UCB Risk Management Report",7,"inline","regularColumn","c5857dd5f99741e00","""Bibliographic Details"".""Resource Type""",,,"sqlExpression","""Bibliographic Details"".""Resource Type""",0,
16,"UCB Risk Management Report","Physical Items","/shared/University of California System 01UCS_NETWORK/Reports/Local Requests/Annual Statistic Reports/Annual Stats FY 2025-2026/Final stats reports (for July 1)/Risk Management/UCB Risk Management Report",8,"saved_reference","savedRegularColumnRef","c36d41845231ae347","Count of Physical Holdings",,,,,0,"/shared/University of California System 01UCS_NETWORK/Reports/Local Requests/Annual Statistic Reports/Annual Stats FY 2025-2026/Count of Physical Holdings"
17,"SLF Physical Holdings and Titles Report","Physical Items","/shared/University of California System 01UCS_NETWORK/Reports/Local Requests/Annual Statistic Reports/Annual Stats FY 2025-2026/Final stats reports (for July 1)/Physical/SLF Physical Holdings and Titles Report",1,"saved_reference","savedRegularColumnRef","c1f610dcccbc115d7","Physical - Systemwide Library Facility",,,,,0,"/shared/University of California System 01UCS_NETWORK/Reports/Local Requests/Annual Statistic Reports/Annual Stats FY 2025-2026/Physical - Systemwide Library Facility"
17,"SLF Physical Holdings and Titles Report","Physical Items","/shared/University of California System 01UCS_NETWORK/Reports/Local Requests/Annual Statistic Reports/Annual Stats FY 2025-2026/Final stats reports (for July 1)/Physical/SLF Physical Holdings and Titles Report",2,"saved_reference","savedRegularColumnRef","caa073b6d8c3d39ac","Physical - SLF Depositor",,,,,0,"/shared/University of California System 01UCS_NETWORK/Reports/Local Requests/Annual Statistic Reports/Annual Stats FY 2025-2026/Physical - SLF Depositor"
17,"SLF Physical Holdings and Titles Report","Physical Items","/shared/University of California System 01UCS_NETWORK/Reports/Local Requests/Annual Statistic Reports/Annual Stats FY 2025-2026/Final stats reports (for July 1)/Physical/SLF Physical Holdings and Titles Report",3,"inline","regularColumn","cd4897b469b0520d2","""Location"".""Library Name""",,,"sqlExpression","""Location"".""Library Name""",0,
17,"SLF Physical Holdings and Titles Report","Physical Items","/shared/University of California System 01UCS_NETWORK/Reports/Local Requests/Annual Statistic Reports/Annual Stats FY 2025-2026/Final stats reports (for July 1)/Physical/SLF Physical Holdings and Titles Report",4,"inline","regularColumn","cb6b886e5442e7b4e","""Location"".""Library Code""",,,"sqlExpression","""Location"".""Library Code""",0,
17,"SLF Physical Holdings and Titles Report","Physical Items","/shared/University of California System 01UCS_NETWORK/Reports/Local Requests/Annual Statistic Reports/Annual Stats FY 2025-2026/Final stats reports (for July 1)/Physical/SLF Physical Holdings and Titles Report",5,"inline","regularColumn","c741826d9144c87ab","""Location"".""Location Name""",,,"sqlExpression","""Location"".""Location Name""",0,
17,"SLF Physical Holdings and Titles Report","Physical Items","/shared/University of California System 01UCS_NETWORK/Reports/Local Requests/Annual Statistic Reports/Annual Stats FY 2025-2026/Final stats reports (for July 1)/Physical/SLF Physical Holdings and Titles Report",6,"inline","regularColumn","c5f7c80cc993d72e0","""Location"".""Location Code""",,,"sqlExpression","""Location"".""Location Code""",0,
17,"SLF Physical Holdings and Titles Report","Physical Items","/shared/University of California System 01UCS_NETWORK/Reports/Local Requests/Annual Statistic Reports/Annual Stats FY 2025-2026/Final stats reports (for July 1)/Physical/SLF Physical Holdings and Titles Report",7,"inline","regularColumn","cf158c28723a11737","""Bibliographic Details"".""Resource Type""",,,"sqlExpression","""Bibliographic Details"".""Resource Type""",0,
17,"SLF Physical Holdings and Titles Report","Physical Items","/shared/University of California System 01UCS_NETWORK/Reports/Local Requests/Annual Statistic Reports/Annual Stats FY 2025-2026/Final stats reports (for July 1)/Physical/SLF Physical Holdings and Titles Report",8,"inline","regularColumn","c3e0fd06505b10cd6","""Bibliographic Details"".""Material Type""",,,"sqlExpression","""Bibliographic Details"".""Material Type""",0,
17,"SLF Physical Holdings and Titles Report","Physical Items","/shared/University of California System 01UCS_NETWORK/Reports/Local Requests/Annual Statistic Reports/Annual Stats FY 2025-2026/Final stats reports (for July 1)/Physical/SLF Physical Holdings and Titles Report",9,"saved_reference","savedRegularColumnRef","c886b316b33474744","Physical - Count of Physical Holdings",,,,,0,"/shared/University of California System 01UCS_NETWORK/Reports/Local Requests/Annual Statistic Reports/Annual Stats FY 2025-2026/Physical - Count of Physical Holdings"
17,"SLF Physical Holdings and Titles Report","Physical Items","/shared/University of California System 01UCS_NETWORK/Reports/Local Requests/Annual Statistic Reports/Annual Stats FY 2025-2026/Final stats reports (for July 1)/Physical/SLF Physical Holdings and Titles Report",10,"saved_reference","savedRegularColumnRef","c41b53947686dd560","Physical - Count of Physical Titles",,,,,0,"/shared/University of California System 01UCS_NETWORK/Reports/Local Requests/Annual Statistic Reports/Annual Stats FY 2025-2026/Physical - Count of Physical Titles"
23,"UCB Library categorization report","Physical Items","/shared/University of California System 01UCS_NETWORK/Reports/Local Requests/Annual Statistic Reports/Annual Stats FY 2025-2026/Preparation review reports/Physical preparation review reports/UCB Library categorization report",1,"saved_reference","savedRegularColumnRef","cecd143a46aafb659","Campus designator",,,,,0,"/shared/University of California System 01UCS_NETWORK/Reports/Local Requests/Annual Statistic Reports/Annual Stats FY 2025-2026/UCB SLF\/Campus designator"
23,"UCB Library categorization report","Physical Items","/shared/University of California System 01UCS_NETWORK/Reports/Local Requests/Annual Statistic Reports/Annual Stats FY 2025-2026/Preparation review reports/Physical preparation review reports/UCB Library categorization report",2,"saved_reference","savedRegularColumnRef","c99e3c2efb0c6520c","UCB Library Stats Category",,,,,0,"/shared/University of California System 01UCS_NETWORK/Reports/Local Requests/Annual Statistic Reports/Annual Stats FY 2025-2026/UCB Library Stats Category"
23,"UCB Library categorization report","Physical Items","/shared/University of California System 01UCS_NETWORK/Reports/Local Requests/Annual Statistic Reports/Annual Stats FY 2025-2026/Preparation review reports/Physical preparation review reports/UCB Library categorization report",3,"inline","regularColumn","c91ff931798db204d","""Location"".""Library Name""",,,"sqlExpression","""Location"".""Library Name""",0,
23,"UCB Library categorization report","Physical Items","/shared/University of California System 01UCS_NETWORK/Reports/Local Requests/Annual Statistic Reports/Annual Stats FY 2025-2026/Preparation review reports/Physical preparation review reports/UCB Library categorization report",4,"inline","regularColumn","c0a97a99fcff08d4d","""Location"".""Library Code""",,,"sqlExpression","""Location"".""Library Code""",0,
23,"UCB Library categorization report","Physical Items","/shared/University of California System 01UCS_NETWORK/Reports/Local Requests/Annual Statistic Reports/Annual Stats FY 2025-2026/Preparation review reports/Physical preparation review reports/UCB Library categorization report",5,"inline","regularColumn","cd78d80d9721dafa1","""Location"".""Location Name""",,,"sqlExpression","""Location"".""Location Name""",0,
23,"UCB Library categorization report","Physical Items","/shared/University of California System 01UCS_NETWORK/Reports/Local Requests/Annual Statistic Reports/Annual Stats FY 2025-2026/Preparation review reports/Physical preparation review reports/UCB Library categorization report",6,"inline","regularColumn","cca373db07e6d8158","""Location"".""Location Code""",,,"sqlExpression","""Location"".""Location Code""",0,
23,"UCB Library categorization report","Physical Items","/shared/University of California System 01UCS_NETWORK/Reports/Local Requests/Annual Statistic Reports/Annual Stats FY 2025-2026/Preparation review reports/Physical preparation review reports/UCB Library categorization report",7,"saved_reference","savedRegularColumnRef","c36d41845231ae347","Count of Physical Holdings",,,,,0,"/shared/University of California System 01UCS_NETWORK/Reports/Local Requests/Annual Statistic Reports/Annual Stats FY 2025-2026/Count of Physical Holdings"
23,"UCB Library categorization report","Physical Items","/shared/University of California System 01UCS_NETWORK/Reports/Local Requests/Annual Statistic Reports/Annual Stats FY 2025-2026/Preparation review reports/Physical preparation review reports/UCB Library categorization report",8,"saved_reference","savedRegularColumnRef","c750011e955f0e06f","Count of Physical Titles",,,,,0,"/shared/University of California System 01UCS_NETWORK/Reports/Local Requests/Annual Statistic Reports/Annual Stats FY 2025-2026/Count of Physical Titles"
25,"UCB eResources Library Categorization Report","E-Inventory","/shared/University of California System 01UCS_NETWORK/Reports/Local Requests/Annual Statistic Reports/Annual Stats FY 2025-2026/Preparation review reports/Electronic preparation review reports/UCB eResources Library Categorization Report",1,"inline","regularColumn","c2a53da92d15619df","""Institution"".""Institution Name""",,,"sqlExpression","""Institution"".""Institution Name""",0,
25,"UCB eResources Library Categorization Report","E-Inventory","/shared/University of California System 01UCS_NETWORK/Reports/Local Requests/Annual Statistic Reports/Annual Stats FY 2025-2026/Preparation review reports/Electronic preparation review reports/UCB eResources Library Categorization Report",2,"saved_reference","savedRegularColumnRef","c93c38f9d46dde768","Electronic - Global Stats Electronic Library Categories",,,,,0,"/shared/University of California System 01UCS_NETWORK/Reports/Local Requests/Annual Statistic Reports/Annual Stats FY 2025-2026/Electronic - Global Stats Electronic Library Categories"
25,"UCB eResources Library Categorization Report","E-Inventory","/shared/University of California System 01UCS_NETWORK/Reports/Local Requests/Annual Statistic Reports/Annual Stats FY 2025-2026/Preparation review reports/Electronic preparation review reports/UCB eResources Library Categorization Report",3,"inline","regularColumn","c16b804d4f2a9bfed","""Portfolio Library Unit"".""Library Name""",,,"sqlExpression","""Portfolio Library Unit"".""Library Name""",0,
25,"UCB eResources Library Categorization Report","E-Inventory","/shared/University of California System 01UCS_NETWORK/Reports/Local Requests/Annual Statistic Reports/Annual Stats FY 2025-2026/Preparation review reports/Electronic preparation review reports/UCB eResources Library Categorization Report",4,"inline","regularColumn","c9a2b1a7e8a8fa595","""Portfolio Library Unit"".""Library Code""",,,"sqlExpression","""Portfolio Library Unit"".""Library Code""",0,
27,"UCB Electronic Holdings and Titles Report","E-Inventory","/shared/University of California System 01UCS_NETWORK/Reports/Local Requests/Annual Statistic Reports/Annual Stats FY 2025-2026/Final stats reports (for July 1)/Electronic/UCB Electronic Holdings and Titles Report",1,"saved_reference","savedRegularColumnRef","c2f893792b76abc19","excluded designator",,,,,0,"/shared/University of California System 01UCS_NETWORK/Reports/Local Requests/Annual Statistic Reports/Annual Stats FY 2025-2026/Electronic - Global Stats Electronic included\/excluded designator"
27,"UCB Electronic Holdings and Titles Report","E-Inventory","/shared/University of California System 01UCS_NETWORK/Reports/Local Requests/Annual Statistic Reports/Annual Stats FY 2025-2026/Final stats reports (for July 1)/Electronic/UCB Electronic Holdings and Titles Report",2,"saved_reference","savedRegularColumnRef","c05faa4dd6d01cde3","Electronic - UCB eResources Managed By designator",,,,,0,"/shared/University of California System 01UCS_NETWORK/Reports/Local Requests/Annual Statistic Reports/Annual Stats FY 2025-2026/Electronic - UCB eResources Managed By designator"
27,"UCB Electronic Holdings and Titles Report","E-Inventory","/shared/University of California System 01UCS_NETWORK/Reports/Local Requests/Annual Statistic Reports/Annual Stats FY 2025-2026/Final stats reports (for July 1)/Electronic/UCB Electronic Holdings and Titles Report",3,"saved_reference","savedRegularColumnRef","c8d7196b3700a77af","Electronic - Global Stats Electronic Library Categories",,,,,0,"/shared/University of California System 01UCS_NETWORK/Reports/Local Requests/Annual Statistic Reports/Annual Stats FY 2025-2026/Electronic - Global Stats Electronic Library Categories"
27,"UCB Electronic Holdings and Titles Report","E-Inventory","/shared/University of California System 01UCS_NETWORK/Reports/Local Requests/Annual Statistic Reports/Annual Stats FY 2025-2026/Final stats reports (for July 1)/Electronic/UCB Electronic Holdings and Titles Report",4,"inline","regularColumn","c4ef4894aea57bf83","""Bibliographic Details"".""Resource Type""",,,"sqlExpression","""Bibliographic Details"".""Resource Type""",0,
27,"UCB Electronic Holdings and Titles Report","E-Inventory","/shared/University of California System 01UCS_NETWORK/Reports/Local Requests/Annual Statistic Reports/Annual Stats FY 2025-2026/Final stats reports (for July 1)/Electronic/UCB Electronic Holdings and Titles Report",5,"saved_reference","savedRegularColumnRef","cd87aa1ad93da9a01","Electronic - Count of Electronic Holdings",,,,,0,"/shared/University of California System 01UCS_NETWORK/Reports/Local Requests/Annual Statistic Reports/Annual Stats FY 2025-2026/Electronic - Count of Electronic Holdings"
27,"UCB Electronic Holdings and Titles Report","E-Inventory","/shared/University of California System 01UCS_NETWORK/Reports/Local Requests/Annual Statistic Reports/Annual Stats FY 2025-2026/Final stats reports (for July 1)/Electronic/UCB Electronic Holdings and Titles Report",6,"saved_reference","savedRegularColumnRef","cecdf26fb3f88f10c","Electronic - Count of Electronic Titles",,,,,0,"/shared/University of California System 01UCS_NETWORK/Reports/Local Requests/Annual Statistic Reports/Annual Stats FY 2025-2026/Electronic - Count of Electronic Titles"
33,"UCB eResources Comparison Report","E-Inventory","/shared/University of California System 01UCS_NETWORK/Reports/Local Requests/Annual Statistic Reports/Annual Stats FY 2025-2026/Final stats reports (for July 1)/eResources Comparison/UCB eResources Comparison Report",1,"saved_reference","savedRegularColumnRef","c2f893792b76abc19","excluded designator",,,,,0,"/shared/University of California System 01UCS_NETWORK/Reports/Local Requests/Annual Statistic Reports/Annual Stats FY 2025-2026/Electronic - Global Stats Electronic included\/excluded designator"
33,"UCB eResources Comparison Report","E-Inventory","/shared/University of California System 01UCS_NETWORK/Reports/Local Requests/Annual Statistic Reports/Annual Stats FY 2025-2026/Final stats reports (for July 1)/eResources Comparison/UCB eResources Comparison Report",2,"saved_reference","savedRegularColumnRef","c05faa4dd6d01cde3","Electronic - UCB eResources Managed By designator",,,,,0,"/shared/University of California System 01UCS_NETWORK/Reports/Local Requests/Annual Statistic Reports/Annual Stats FY 2025-2026/Electronic - UCB eResources Managed By designator"
33,"UCB eResources Comparison Report","E-Inventory","/shared/University of California System 01UCS_NETWORK/Reports/Local Requests/Annual Statistic Reports/Annual Stats FY 2025-2026/Final stats reports (for July 1)/eResources Comparison/UCB eResources Comparison Report",3,"saved_reference","savedRegularColumnRef","c8d7196b3700a77af","Electronic - Global Stats Electronic Library Categories",,,,,0,"/shared/University of California System 01UCS_NETWORK/Reports/Local Requests/Annual Statistic Reports/Annual Stats FY 2025-2026/Electronic - Global Stats Electronic Library Categories"
33,"UCB eResources Comparison Report","E-Inventory","/shared/University of California System 01UCS_NETWORK/Reports/Local Requests/Annual Statistic Reports/Annual Stats FY 2025-2026/Final stats reports (for July 1)/eResources Comparison/UCB eResources Comparison Report",4,"inline","regularColumn","c0bbb7a1abe72198d","""Electronic Collection"".""Electronic Collection Interface Name""",,,"sqlExpression","""Electronic Collection"".""Electronic Collection Interface Name""",0,
33,"UCB eResources Comparison Report","E-Inventory","/shared/University of California System 01UCS_NETWORK/Reports/Local Requests/Annual Statistic Reports/Annual Stats FY 2025-2026/Final stats reports (for July 1)/eResources Comparison/UCB eResources Comparison Report",5,"saved_reference","savedRegularColumnRef","cd87aa1ad93da9a01","Electronic - Count of Electronic Holdings",,,,,0,"/shared/University of California System 01UCS_NETWORK/Reports/Local Requests/Annual Statistic Reports/Annual Stats FY 2025-2026/Electronic - Count of Electronic Holdings"
33,"UCB eResources Comparison Report","E-Inventory","/shared/University of California System 01UCS_NETWORK/Reports/Local Requests/Annual Statistic Reports/Annual Stats FY 2025-2026/Final stats reports (for July 1)/eResources Comparison/UCB eResources Comparison Report",6,"saved_reference","savedRegularColumnRef","cecdf26fb3f88f10c","Electronic - Count of Electronic Titles",,,,,0,"/shared/University of California System 01UCS_NETWORK/Reports/Local Requests/Annual Statistic Reports/Annual Stats FY 2025-2026/Electronic - Count of Electronic Titles"
35,"SLF-N Added Physical Holdings and Titles Report","Physical Items","/shared/University of California System 01UCS_NETWORK/Reports/Local Requests/Annual Statistic Reports/Annual Stats FY 2025-2026/Final stats reports (for July 1)/Physical/SLF-N Added Physical Holdings and Titles Report",1,"saved_reference","savedRegularColumnRef","cdb4727d2a4bc0027","Physical - Systemwide Library Facility",,,,,0,"/shared/University of California System 01UCS_NETWORK/Reports/Local Requests/Annual Statistic Reports/Annual Stats FY 2025-2026/Physical - Systemwide Library Facility"
35,"SLF-N Added Physical Holdings and Titles Report","Physical Items","/shared/University of California System 01UCS_NETWORK/Reports/Local Requests/Annual Statistic Reports/Annual Stats FY 2025-2026/Final stats reports (for July 1)/Physical/SLF-N Added Physical Holdings and Titles Report",2,"saved_reference","savedRegularColumnRef","cebcc92d7b1b50b86","Physical - SLF Depositor",,,,,0,"/shared/University of California System 01UCS_NETWORK/Reports/Local Requests/Annual Statistic Reports/Annual Stats FY 2025-2026/Physical - SLF Depositor"
35,"SLF-N Added Physical Holdings and Titles Report","Physical Items","/shared/University of California System 01UCS_NETWORK/Reports/Local Requests/Annual Statistic Reports/Annual Stats FY 2025-2026/Final stats reports (for July 1)/Physical/SLF-N Added Physical Holdings and Titles Report",3,"inline","regularColumn","cd4897b469b0520d2","""Location"".""Library Name""",,,"sqlExpression","""Location"".""Library Name""",0,
35,"SLF-N Added Physical Holdings and Titles Report","Physical Items","/shared/University of California System 01UCS_NETWORK/Reports/Local Requests/Annual Statistic Reports/Annual Stats FY 2025-2026/Final stats reports (for July 1)/Physical/SLF-N Added Physical Holdings and Titles Report",4,"inline","regularColumn","cb6b886e5442e7b4e","""Location"".""Library Code""",,,"sqlExpression","""Location"".""Library Code""",0,
35,"SLF-N Added Physical Holdings and Titles Report","Physical Items","/shared/University of California System 01UCS_NETWORK/Reports/Local Requests/Annual Statistic Reports/Annual Stats FY 2025-2026/Final stats reports (for July 1)/Physical/SLF-N Added Physical Holdings and Titles Report",5,"inline","regularColumn","c741826d9144c87ab","""Location"".""Location Name""",,,"sqlExpression","""Location"".""Location Name""",0,
35,"SLF-N Added Physical Holdings and Titles Report","Physical Items","/shared/University of California System 01UCS_NETWORK/Reports/Local Requests/Annual Statistic Reports/Annual Stats FY 2025-2026/Final stats reports (for July 1)/Physical/SLF-N Added Physical Holdings and Titles Report",6,"inline","regularColumn","c5f7c80cc993d72e0","""Location"".""Location Code""",,,"sqlExpression","""Location"".""Location Code""",0,
35,"SLF-N Added Physical Holdings and Titles Report","Physical Items","/shared/University of California System 01UCS_NETWORK/Reports/Local Requests/Annual Statistic Reports/Annual Stats FY 2025-2026/Final stats reports (for July 1)/Physical/SLF-N Added Physical Holdings and Titles Report",7,"inline","regularColumn","cf158c28723a11737","""Bibliographic Details"".""Resource Type""",,,"sqlExpression","""Bibliographic Details"".""Resource Type""",0,
35,"SLF-N Added Physical Holdings and Titles Report","Physical Items","/shared/University of California System 01UCS_NETWORK/Reports/Local Requests/Annual Statistic Reports/Annual Stats FY 2025-2026/Final stats reports (for July 1)/Physical/SLF-N Added Physical Holdings and Titles Report",8,"inline","regularColumn","cfa21e12a16391370","""Bibliographic Details"".""Material Type""",,,"sqlExpression","""Bibliographic Details"".""Material Type""",0,
35,"SLF-N Added Physical Holdings and Titles Report","Physical Items","/shared/University of California System 01UCS_NETWORK/Reports/Local Requests/Annual Statistic Reports/Annual Stats FY 2025-2026/Final stats reports (for July 1)/Physical/SLF-N Added Physical Holdings and Titles Report",9,"saved_reference","savedRegularColumnRef","c886b316b33474744","Physical - Count of Physical Holdings",,,,,0,"/shared/University of California System 01UCS_NETWORK/Reports/Local Requests/Annual Statistic Reports/Annual Stats FY 2025-2026/Physical - Count of Physical Holdings"
35,"SLF-N Added Physical Holdings and Titles Report","Physical Items","/shared/University of California System 01UCS_NETWORK/Reports/Local Requests/Annual Statistic Reports/Annual Stats FY 2025-2026/Final stats reports (for July 1)/Physical/SLF-N Added Physical Holdings and Titles Report",10,"saved_reference","savedRegularColumnRef","c41b53947686dd560","Physical - Count of Physical Titles",,,,,0,"/shared/University of California System 01UCS_NETWORK/Reports/Local Requests/Annual Statistic Reports/Annual Stats FY 2025-2026/Physical - Count of Physical Titles"
37,"UCD Physical Collection Usage","Fulfillment","/shared/University of California System 01UCS_NETWORK/Reports/Local Requests/Annual Statistic Reports/Annual Stats FY 2025-2026/Final stats reports (for July 1)/Physical Collection Usage/UCD Physical Collection Usage",1,"saved_reference","savedRegularColumnRef","cffb7e9e28d0bdcc3","Fulfillment - Fulfillment Institution",,,,,0,"/shared/University of California System 01UCS_NETWORK/Reports/Local Requests/Annual Statistic Reports/Annual Stats FY 2025-2026/Fulfillment - Fulfillment Institution"
37,"UCD Physical Collection Usage","Fulfillment","/shared/University of California System 01UCS_NETWORK/Reports/Local Requests/Annual Statistic Reports/Annual Stats FY 2025-2026/Final stats reports (for July 1)/Physical Collection Usage/UCD Physical Collection Usage",2,"saved_reference","savedRegularColumnRef","c89a1f4d34ad2a3d6","Physical - UCD Library Stats Category",,,,,0,"/shared/University of California System 01UCS_NETWORK/Reports/Local Requests/Annual Statistic Reports/Annual Stats FY 2025-2026/Physical - UCD Library Stats Category"
37,"UCD Physical Collection Usage","Fulfillment","/shared/University of California System 01UCS_NETWORK/Reports/Local Requests/Annual Statistic Reports/Annual Stats FY 2025-2026/Final stats reports (for July 1)/Physical Collection Usage/UCD Physical Collection Usage",3,"inline","regularColumn","ceca1c36df544247d","""Item Location at Time of Loan"".""Library Name""",,,"sqlExpression","""Item Location at Time of Loan"".""Library Name""",0,
37,"UCD Physical Collection Usage","Fulfillment","/shared/University of California System 01UCS_NETWORK/Reports/Local Requests/Annual Statistic Reports/Annual Stats FY 2025-2026/Final stats reports (for July 1)/Physical Collection Usage/UCD Physical Collection Usage",4,"inline","regularColumn","c69b0161ed0e9a6b0","""Item Location at Time of Loan"".""Library Code""",,,"sqlExpression","""Item Location at Time of Loan"".""Library Code""",0,
37,"UCD Physical Collection Usage","Fulfillment","/shared/University of California System 01UCS_NETWORK/Reports/Local Requests/Annual Statistic Reports/Annual Stats FY 2025-2026/Final stats reports (for July 1)/Physical Collection Usage/UCD Physical Collection Usage",5,"inline","regularColumn","c7775baed45c425ce","""Item Location at Time of Loan"".""Location Name""",,,"sqlExpression","""Item Location at Time of Loan"".""Location Name""",0,
37,"UCD Physical Collection Usage","Fulfillment","/shared/University of California System 01UCS_NETWORK/Reports/Local Requests/Annual Statistic Reports/Annual Stats FY 2025-2026/Final stats reports (for July 1)/Physical Collection Usage/UCD Physical Collection Usage",6,"inline","regularColumn","ccacb50b278ae6e74","""Item Location at Time of Loan"".""Location Code""",,,"sqlExpression","""Item Location at Time of Loan"".""Location Code""",0,
37,"UCD Physical Collection Usage","Fulfillment","/shared/University of California System 01UCS_NETWORK/Reports/Local Requests/Annual Statistic Reports/Annual Stats FY 2025-2026/Final stats reports (for July 1)/Physical Collection Usage/UCD Physical Collection Usage",7,"saved_reference","savedRegularColumnRef","c6614d754ab2e96ce","Fulfillment - UCD Check-Out Type",,,,,0,"/shared/University of California System 01UCS_NETWORK/Reports/Local Requests/Annual Statistic Reports/Annual Stats FY 2025-2026/Fulfillment - UCD Check-Out Type"
37,"UCD Physical Collection Usage","Fulfillment","/shared/University of California System 01UCS_NETWORK/Reports/Local Requests/Annual Statistic Reports/Annual Stats FY 2025-2026/Final stats reports (for July 1)/Physical Collection Usage/UCD Physical Collection Usage",8,"saved_reference","savedRegularColumnRef","cddffd37bb31699d8","Fulfillment - Alma User Group",,,,,0,"/shared/University of California System 01UCS_NETWORK/Reports/Local Requests/Annual Statistic Reports/Annual Stats FY 2025-2026/Fulfillment - Alma User Group"
37,"UCD Physical Collection Usage","Fulfillment","/shared/University of California System 01UCS_NETWORK/Reports/Local Requests/Annual Statistic Reports/Annual Stats FY 2025-2026/Final stats reports (for July 1)/Physical Collection Usage/UCD Physical Collection Usage",9,"saved_reference","savedRegularColumnRef","cbf7eab91cbbae7c1","Fulfillment - UCD User Group",,,,,0,"/shared/University of California System 01UCS_NETWORK/Reports/Local Requests/Annual Statistic Reports/Annual Stats FY 2025-2026/Fulfillment - UCD User Group"
37,"UCD Physical Collection Usage","Fulfillment","/shared/University of California System 01UCS_NETWORK/Reports/Local Requests/Annual Statistic Reports/Annual Stats FY 2025-2026/Final stats reports (for July 1)/Physical Collection Usage/UCD Physical Collection Usage",10,"saved_reference","savedRegularColumnRef","c788181f479f2fddd","Fulfillment - FY 2025-26 Loans (Not In House)",,,,,0,"/shared/University of California System 01UCS_NETWORK/Reports/Local Requests/Annual Statistic Reports/Annual Stats FY 2025-2026/Fulfillment - FY 2025-26 Loans (Not In House)"
47,"UCD Risk Management Report","Physical Items","/shared/University of California System 01UCS_NETWORK/Reports/Local Requests/Annual Statistic Reports/Annual Stats FY 2025-2026/Final stats reports (for July 1)/Risk Management/UCD Risk Management Report",1,"saved_reference","savedRegularColumnRef","c21b2e4b70db7edf9","campus designator",,,,,0,"/shared/University of California System 01UCS_NETWORK/Reports/Local Requests/Annual Statistic Reports/Annual Stats FY 2025-2026/UCD SLF\/campus designator"
47,"UCD Risk Management Report","Physical Items","/shared/University of California System 01UCS_NETWORK/Reports/Local Requests/Annual Statistic Reports/Annual Stats FY 2025-2026/Final stats reports (for July 1)/Risk Management/UCD Risk Management Report",2,"inline","regularColumn","cda1deb08987e1fa6","""Location"".""Library Name""",,,"sqlExpression","""Location"".""Library Name""",0,
47,"UCD Risk Management Report","Physical Items","/shared/University of California System 01UCS_NETWORK/Reports/Local Requests/Annual Statistic Reports/Annual Stats FY 2025-2026/Final stats reports (for July 1)/Risk Management/UCD Risk Management Report",3,"inline","regularColumn","cadaf9cc700ae3f42","""Location"".""Library Code""",,,"sqlExpression","""Location"".""Library Code""",0,
47,"UCD Risk Management Report","Physical Items","/shared/University of California System 01UCS_NETWORK/Reports/Local Requests/Annual Statistic Reports/Annual Stats FY 2025-2026/Final stats reports (for July 1)/Risk Management/UCD Risk Management Report",4,"inline","regularColumn","c5afc6e62fd22fed4","""Location"".""Location Name""",,,"sqlExpression","""Location"".""Location Name""",0,
47,"UCD Risk Management Report","Physical Items","/shared/University of California System 01UCS_NETWORK/Reports/Local Requests/Annual Statistic Reports/Annual Stats FY 2025-2026/Final stats reports (for July 1)/Risk Management/UCD Risk Management Report",5,"inline","regularColumn","c4bd0ce8049e7404a","""Location"".""Location Code""",,,"sqlExpression","""Location"".""Location Code""",0,
47,"UCD Risk Management Report","Physical Items","/shared/University of California System 01UCS_NETWORK/Reports/Local Requests/Annual Statistic Reports/Annual Stats FY 2025-2026/Final stats reports (for July 1)/Risk Management/UCD Risk Management Report",6,"inline","regularColumn","c3fbb3c640afacc26","""Bibliographic Details"".""Resource Type""",,,"sqlExpression","""Bibliographic Details"".""Resource Type""",0,
47,"UCD Risk Management Report","Physical Items","/shared/University of California System 01UCS_NETWORK/Reports/Local Requests/Annual Statistic Reports/Annual Stats FY 2025-2026/Final stats reports (for July 1)/Risk Management/UCD Risk Management Report",7,"saved_reference","savedRegularColumnRef","c58d561c93b74bb3b","Count of Physical Holdings",,,,,0,"/shared/University of California System 01UCS_NETWORK/Reports/Local Requests/Annual Statistic Reports/Annual Stats FY 2025-2026/Count of Physical Holdings"
51,"UCB Check-Out Type Categorization Report","Fulfillment","/shared/University of California System 01UCS_NETWORK/Reports/Local Requests/Annual Statistic Reports/Annual Stats FY 2025-2026/Preparation review reports/Fulfillment preparation review reports/UCB Check-Out Type Categorization Report",1,"inline","regularColumn","c17e17e501ce87f05","""Institution"".""Institution Name""",,,"sqlExpression","""Institution"".""Institution Name""",0,
51,"UCB Check-Out Type Categorization Report","Fulfillment","/shared/University of California System 01UCS_NETWORK/Reports/Local Requests/Annual Statistic Reports/Annual Stats FY 2025-2026/Preparation review reports/Fulfillment preparation review reports/UCB Check-Out Type Categorization Report",2,"saved_reference","savedRegularColumnRef","c7ee0cd1184af9908","UCB Check-Out Type",,,,,0,"/shared/University of California System 01UCS_NETWORK/Reports/Local Requests/Annual Statistic Reports/Annual Stats FY 2025-2026/UCB Check-Out Type"
51,"UCB Check-Out Type Categorization Report","Fulfillment","/shared/University of California System 01UCS_NETWORK/Reports/Local Requests/Annual Statistic Reports/Annual Stats FY 2025-2026/Preparation review reports/Fulfillment preparation review reports/UCB Check-Out Type Categorization Report",3,"inline","regularColumn","cfc84f6d81af621a3","""Item Location at Time of Loan"".""Library Name""",,,"sqlExpression","""Item Location at Time of Loan"".""Library Name""",0,
51,"UCB Check-Out Type Categorization Report","Fulfillment","/shared/University of California System 01UCS_NETWORK/Reports/Local Requests/Annual Statistic Reports/Annual Stats FY 2025-2026/Preparation review reports/Fulfillment preparation review reports/UCB Check-Out Type Categorization Report",4,"inline","regularColumn","cf9c8876bf49acbab","""Item Location at Time of Loan"".""Library Code""",,,"sqlExpression","""Item Location at Time of Loan"".""Library Code""",0,
51,"UCB Check-Out Type Categorization Report","Fulfillment","/shared/University of California System 01UCS_NETWORK/Reports/Local Requests/Annual Statistic Reports/Annual Stats FY 2025-2026/Preparation review reports/Fulfillment preparation review reports/UCB Check-Out Type Categorization Report",5,"inline","regularColumn","c1948351123828437","""Item Location at Time of Loan"".""Location Name""",,,"sqlExpression","""Item Location at Time of Loan"".""Location Name""",0,
51,"UCB Check-Out Type Categorization Report","Fulfillment","/shared/University of California System 01UCS_NETWORK/Reports/Local Requests/Annual Statistic Reports/Annual Stats FY 2025-2026/Preparation review reports/Fulfillment preparation review reports/UCB Check-Out Type Categorization Report",6,"inline","regularColumn","c4f1b4ee883efae40","""Item Location at Time of Loan"".""Location Code""",,,"sqlExpression","""Item Location at Time of Loan"".""Location Code""",0,
51,"UCB Check-Out Type Categorization Report","Fulfillment","/shared/University of California System 01UCS_NETWORK/Reports/Local Requests/Annual Statistic Reports/Annual Stats FY 2025-2026/Preparation review reports/Fulfillment preparation review reports/UCB Check-Out Type Categorization Report",7,"saved_reference","savedRegularColumnRef","cac46e3a38d77cd15","FY 2025-26 Loans (Not In House)",,,,,0,"/shared/University of California System 01UCS_NETWORK/Reports/Local Requests/Annual Statistic Reports/Annual Stats FY 2025-2026/FY 2025-26 Loans (Not In House)"
52,"UCD eResources Library Categorization Report","E-Inventory","/shared/University of California System 01UCS_NETWORK/Reports/Local Requests/Annual Statistic Reports/Annual Stats FY 2025-2026/Preparation review reports/Electronic preparation review reports/UCD eResources Library Categorization Report",1,"inline","regularColumn","c2a53da92d15619df","""Institution"".""Institution Name""",,,"sqlExpression","""Institution"".""Institution Name""",0,
52,"UCD eResources Library Categorization Report","E-Inventory","/shared/University of California System 01UCS_NETWORK/Reports/Local Requests/Annual Statistic Reports/Annual Stats FY 2025-2026/Preparation review reports/Electronic preparation review reports/UCD eResources Library Categorization Report",2,"saved_reference","savedRegularColumnRef","c93c38f9d46dde768","Electronic - Global Stats Electronic Library Categories",,,,,0,"/shared/University of California System 01UCS_NETWORK/Reports/Local Requests/Annual Statistic Reports/Annual Stats FY 2025-2026/Electronic - Global Stats Electronic Library Categories"
52,"UCD eResources Library Categorization Report","E-Inventory","/shared/University of California System 01UCS_NETWORK/Reports/Local Requests/Annual Statistic Reports/Annual Stats FY 2025-2026/Preparation review reports/Electronic preparation review reports/UCD eResources Library Categorization Report",3,"inline","regularColumn","c16b804d4f2a9bfed","""Portfolio Library Unit"".""Library Name""",,,"sqlExpression","""Portfolio Library Unit"".""Library Name""",0,
52,"UCD eResources Library Categorization Report","E-Inventory","/shared/University of California System 01UCS_NETWORK/Reports/Local Requests/Annual Statistic Reports/Annual Stats FY 2025-2026/Preparation review reports/Electronic preparation review reports/UCD eResources Library Categorization Report",4,"inline","regularColumn","c9a2b1a7e8a8fa595","""Portfolio Library Unit"".""Library Code""",,,"sqlExpression","""Portfolio Library Unit"".""Library Code""",0,
55,"UCD Library categorization report","Physical Items","/shared/University of California System 01UCS_NETWORK/Reports/Local Requests/Annual Statistic Reports/Annual Stats FY 2025-2026/Preparation review reports/Physical preparation review reports/UCD Library categorization report",1,"saved_reference","savedRegularColumnRef","c21b2e4b70db7edf9","campus designator",,,,,0,"/shared/University of California System 01UCS_NETWORK/Reports/Local Requests/Annual Statistic Reports/Annual Stats FY 2025-2026/UCD SLF\/campus designator"
55,"UCD Library categorization report","Physical Items","/shared/University of California System 01UCS_NETWORK/Reports/Local Requests/Annual Statistic Reports/Annual Stats FY 2025-2026/Preparation review reports/Physical preparation review reports/UCD Library categorization report",2,"saved_reference","savedRegularColumnRef","c2798a8e7f608032b","UCD Library Stats Category",,,,,0,"/shared/University of California System 01UCS_NETWORK/Reports/Local Requests/Annual Statistic Reports/Annual Stats FY 2025-2026/UCD Library Stats Category"
55,"UCD Library categorization report","Physical Items","/shared/University of California System 01UCS_NETWORK/Reports/Local Requests/Annual Statistic Reports/Annual Stats FY 2025-2026/Preparation review reports/Physical preparation review reports/UCD Library categorization report",3,"inline","regularColumn","cda1deb08987e1fa6","""Location"".""Library Name""",,,"sqlExpression","""Location"".""Library Name""",0,
55,"UCD Library categorization report","Physical Items","/shared/University of California System 01UCS_NETWORK/Reports/Local Requests/Annual Statistic Reports/Annual Stats FY 2025-2026/Preparation review reports/Physical preparation review reports/UCD Library categorization report",4,"inline","regularColumn","cadaf9cc700ae3f42","""Location"".""Library Code""",,,"sqlExpression","""Location"".""Library Code""",0,
55,"UCD Library categorization report","Physical Items","/shared/University of California System 01UCS_NETWORK/Reports/Local Requests/Annual Statistic Reports/Annual Stats FY 2025-2026/Preparation review reports/Physical preparation review reports/UCD Library categorization report",5,"inline","regularColumn","c5afc6e62fd22fed4","""Location"".""Location Name""",,,"sqlExpression","""Location"".""Location Name""",0,
55,"UCD Library categorization report","Physical Items","/shared/University of California System 01UCS_NETWORK/Reports/Local Requests/Annual Statistic Reports/Annual Stats FY 2025-2026/Preparation review reports/Physical preparation review reports/UCD Library categorization report",6,"inline","regularColumn","c4bd0ce8049e7404a","""Location"".""Location Code""",,,"sqlExpression","""Location"".""Location Code""",0,
55,"UCD Library categorization report","Physical Items","/shared/University of California System 01UCS_NETWORK/Reports/Local Requests/Annual Statistic Reports/Annual Stats FY 2025-2026/Preparation review reports/Physical preparation review reports/UCD Library categorization report",7,"saved_reference","savedRegularColumnRef","c58d561c93b74bb3b","Count of Physical Holdings",,,,,0,"/shared/University of California System 01UCS_NETWORK/Reports/Local Requests/Annual Statistic Reports/Annual Stats FY 2025-2026/Count of Physical Holdings"
55,"UCD Library categorization report","Physical Items","/shared/University of California System 01UCS_NETWORK/Reports/Local Requests/Annual Statistic Reports/Annual Stats FY 2025-2026/Preparation review reports/Physical preparation review reports/UCD Library categorization report",8,"saved_reference","savedRegularColumnRef","cffeca8ebc78e9327","Count of Physical Titles",,,,,0,"/shared/University of California System 01UCS_NETWORK/Reports/Local Requests/Annual Statistic Reports/Annual Stats FY 2025-2026/Count of Physical Titles"
56,"UCD eResources Comparison Report","E-Inventory","/shared/University of California System 01UCS_NETWORK/Reports/Local Requests/Annual Statistic Reports/Annual Stats FY 2025-2026/Final stats reports (for July 1)/eResources Comparison/UCD eResources Comparison Report",1,"saved_reference","savedRegularColumnRef","cf74c7a251dc67143","excluded designator",,,,,0,"/shared/University of California System 01UCS_NETWORK/Reports/Local Requests/Annual Statistic Reports/Annual Stats FY 2025-2026/Electronic - Global Stats Electronic included\/excluded designator"
56,"UCD eResources Comparison Report","E-Inventory","/shared/University of California System 01UCS_NETWORK/Reports/Local Requests/Annual Statistic Reports/Annual Stats FY 2025-2026/Final stats reports (for July 1)/eResources Comparison/UCD eResources Comparison Report",2,"saved_reference","savedRegularColumnRef","c8a022155aed0f0c2","Electronic - UCD eResources Managed By designator",,,,,0,"/shared/University of California System 01UCS_NETWORK/Reports/Local Requests/Annual Statistic Reports/Annual Stats FY 2025-2026/Electronic - UCD eResources Managed By designator"
56,"UCD eResources Comparison Report","E-Inventory","/shared/University of California System 01UCS_NETWORK/Reports/Local Requests/Annual Statistic Reports/Annual Stats FY 2025-2026/Final stats reports (for July 1)/eResources Comparison/UCD eResources Comparison Report",3,"saved_reference","savedRegularColumnRef","c36a5b245db236eab","Electronic - Global Stats Electronic Library Categories",,,,,0,"/shared/University of California System 01UCS_NETWORK/Reports/Local Requests/Annual Statistic Reports/Annual Stats FY 2025-2026/Electronic - Global Stats Electronic Library Categories"
56,"UCD eResources Comparison Report","E-Inventory","/shared/University of California System 01UCS_NETWORK/Reports/Local Requests/Annual Statistic Reports/Annual Stats FY 2025-2026/Final stats reports (for July 1)/eResources Comparison/UCD eResources Comparison Report",4,"inline","regularColumn","c2561f7702069cbe0","""Electronic Collection"".""Electronic Collection Interface Name""",,,"sqlExpression","""Electronic Collection"".""Electronic Collection Interface Name""",0,
56,"UCD eResources Comparison Report","E-Inventory","/shared/University of California System 01UCS_NETWORK/Reports/Local Requests/Annual Statistic Reports/Annual Stats FY 2025-2026/Final stats reports (for July 1)/eResources Comparison/UCD eResources Comparison Report",5,"saved_reference","savedRegularColumnRef","cd040aaf855b113e6","Electronic - Count of Electronic Holdings",,,,,0,"/shared/University of California System 01UCS_NETWORK/Reports/Local Requests/Annual Statistic Reports/Annual Stats FY 2025-2026/Electronic - Count of Electronic Holdings"
56,"UCD eResources Comparison Report","E-Inventory","/shared/University of California System 01UCS_NETWORK/Reports/Local Requests/Annual Statistic Reports/Annual Stats FY 2025-2026/Final stats reports (for July 1)/eResources Comparison/UCD eResources Comparison Report",6,"saved_reference","savedRegularColumnRef","c29ba20f3074788c6","Electronic - Count of Electronic Titles",,,,,0,"/shared/University of California System 01UCS_NETWORK/Reports/Local Requests/Annual Statistic Reports/Annual Stats FY 2025-2026/Electronic - Count of Electronic Titles"
60,"UCB User Group Categorization Report","Fulfillment","/shared/University of California System 01UCS_NETWORK/Reports/Local Requests/Annual Statistic Reports/Annual Stats FY 2025-2026/Preparation review reports/Fulfillment preparation review reports/UCB User Group Categorization Report",1,"inline","regularColumn","cb18fc9e7ed5e320d","""Institution"".""Institution Name""",,,"sqlExpression","""Institution"".""Institution Name""",0,
60,"UCB User Group Categorization Report","Fulfillment","/shared/University of California System 01UCS_NETWORK/Reports/Local Requests/Annual Statistic Reports/Annual Stats FY 2025-2026/Preparation review reports/Fulfillment preparation review reports/UCB User Group Categorization Report",2,"saved_reference","savedRegularColumnRef","c637d2fefda1719f3","UCB User Group",,,,,0,"/shared/University of California System 01UCS_NETWORK/Reports/Local Requests/Annual Statistic Reports/Annual Stats FY 2025-2026/UCB User Group"
60,"UCB User Group Categorization Report","Fulfillment","/shared/University of California System 01UCS_NETWORK/Reports/Local Requests/Annual Statistic Reports/Annual Stats FY 2025-2026/Preparation review reports/Fulfillment preparation review reports/UCB User Group Categorization Report",3,"inline","regularColumn","cc12e2f6a85a8127f","""Borrower Details"".""User Group""",,,"sqlExpression","""Borrower Details"".""User Group""",0,
65,"UCD Electronic Holdings and Titles Report","E-Inventory","/shared/University of California System 01UCS_NETWORK/Reports/Local Requests/Annual Statistic Reports/Annual Stats FY 2025-2026/Final stats reports (for July 1)/Electronic/UCD Electronic Holdings and Titles Report",1,"saved_reference","savedRegularColumnRef","cf74c7a251dc67143","excluded designator",,,,,0,"/shared/University of California System 01UCS_NETWORK/Reports/Local Requests/Annual Statistic Reports/Annual Stats FY 2025-2026/Electronic - Global Stats Electronic included\/excluded designator"
65,"UCD Electronic Holdings and Titles Report","E-Inventory","/shared/University of California System 01UCS_NETWORK/Reports/Local Requests/Annual Statistic Reports/Annual Stats FY 2025-2026/Final stats reports (for July 1)/Electronic/UCD Electronic Holdings and Titles Report",2,"saved_reference","savedRegularColumnRef","c8a022155aed0f0c2","Electronic - UCD eResources Managed By designator",,,,,0,"/shared/University of California System 01UCS_NETWORK/Reports/Local Requests/Annual Statistic Reports/Annual Stats FY 2025-2026/Electronic - UCD eResources Managed By designator"
65,"UCD Electronic Holdings and Titles Report","E-Inventory","/shared/University of California System 01UCS_NETWORK/Reports/Local Requests/Annual Statistic Reports/Annual Stats FY 2025-2026/Final stats reports (for July 1)/Electronic/UCD Electronic Holdings and Titles Report",3,"saved_reference","savedRegularColumnRef","c36a5b245db236eab","Electronic - Global Stats Electronic Library Categories",,,,,0,"/shared/University of California System 01UCS_NETWORK/Reports/Local Requests/Annual Statistic Reports/Annual Stats FY 2025-2026/Electronic - Global Stats Electronic Library Categories"
65,"UCD Electronic Holdings and Titles Report","E-Inventory","/shared/University of California System 01UCS_NETWORK/Reports/Local Requests/Annual Statistic Reports/Annual Stats FY 2025-2026/Final stats reports (for July 1)/Electronic/UCD Electronic Holdings and Titles Report",4,"inline","regularColumn","c30a5d9e17875098b","""Bibliographic Details"".""Resource Type""",,,"sqlExpression","""Bibliographic Details"".""Resource Type""",0,
65,"UCD Electronic Holdings and Titles Report","E-Inventory","/shared/University of California System 01UCS_NETWORK/Reports/Local Requests/Annual Statistic Reports/Annual Stats FY 2025-2026/Final stats reports (for July 1)/Electronic/UCD Electronic Holdings and Titles Report",5,"saved_reference","savedRegularColumnRef","cd040aaf855b113e6","Electronic - Count of Electronic Holdings",,,,,0,"/shared/University of California System 01UCS_NETWORK/Reports/Local Requests/Annual Statistic Reports/Annual Stats FY 2025-2026/Electronic - Count of Electronic Holdings"
65,"UCD Electronic Holdings and Titles Report","E-Inventory","/shared/University of California System 01UCS_NETWORK/Reports/Local Requests/Annual Statistic Reports/Annual Stats FY 2025-2026/Final stats reports (for July 1)/Electronic/UCD Electronic Holdings and Titles Report",6,"saved_reference","savedRegularColumnRef","c29ba20f3074788c6","Electronic - Count of Electronic Titles",,,,,0,"/shared/University of California System 01UCS_NETWORK/Reports/Local Requests/Annual Statistic Reports/Annual Stats FY 2025-2026/Electronic - Count of Electronic Titles"
66,"UCI Physical Collection Usage","Fulfillment","/shared/University of California System 01UCS_NETWORK/Reports/Local Requests/Annual Statistic Reports/Annual Stats FY 2025-2026/Final stats reports (for July 1)/Physical Collection Usage/UCI Physical Collection Usage",1,"saved_reference","savedRegularColumnRef","c6c3d3224ecec9695","Fulfillment - Fulfillment Institution",,,,,0,"/shared/University of California System 01UCS_NETWORK/Reports/Local Requests/Annual Statistic Reports/Annual Stats FY 2025-2026/Fulfillment - Fulfillment Institution"
66,"UCI Physical Collection Usage","Fulfillment","/shared/University of California System 01UCS_NETWORK/Reports/Local Requests/Annual Statistic Reports/Annual Stats FY 2025-2026/Final stats reports (for July 1)/Physical Collection Usage/UCI Physical Collection Usage",2,"saved_reference","savedRegularColumnRef","cf1a50928b13048ca","Physical - UCI Library Stats Category",,,,,0,"/shared/University of California System 01UCS_NETWORK/Reports/Local Requests/Annual Statistic Reports/Annual Stats FY 2025-2026/Physical - UCI Library Stats Category"
66,"UCI Physical Collection Usage","Fulfillment","/shared/University of California System 01UCS_NETWORK/Reports/Local Requests/Annual Statistic Reports/Annual Stats FY 2025-2026/Final stats reports (for July 1)/Physical Collection Usage/UCI Physical Collection Usage",3,"inline","regularColumn","c137daef7b8cee34c","""Item Location at Time of Loan"".""Library Name""",,,"sqlExpression","""Item Location at Time of Loan"".""Library Name""",0,
66,"UCI Physical Collection Usage","Fulfillment","/shared/University of California System 01UCS_NETWORK/Reports/Local Requests/Annual Statistic Reports/Annual Stats FY 2025-2026/Final stats reports (for July 1)/Physical Collection Usage/UCI Physical Collection Usage",4,"inline","regularColumn","ca3a8aee495cce00b","""Item Location at Time of Loan"".""Library Code""",,,"sqlExpression","""Item Location at Time of Loan"".""Library Code""",0,
66,"UCI Physical Collection Usage","Fulfillment","/shared/University of California System 01UCS_NETWORK/Reports/Local Requests/Annual Statistic Reports/Annual Stats FY 2025-2026/Final stats reports (for July 1)/Physical Collection Usage/UCI Physical Collection Usage",5,"inline","regularColumn","ccf9b236569d58205","""Item Location at Time of Loan"".""Location Name""",,,"sqlExpression","""Item Location at Time of Loan"".""Location Name""",0,
66,"UCI Physical Collection Usage","Fulfillment","/shared/University of California System 01UCS_NETWORK/Reports/Local Requests/Annual Statistic Reports/Annual Stats FY 2025-2026/Final stats reports (for July 1)/Physical Collection Usage/UCI Physical Collection Usage",6,"inline","regularColumn","c24d3cce65a7e222f","""Item Location at Time of Loan"".""Location Code""",,,"sqlExpression","""Item Location at Time of Loan"".""Location Code""",0,
66,"UCI Physical Collection Usage","Fulfillment","/shared/University of California System 01UCS_NETWORK/Reports/Local Requests/Annual Statistic Reports/Annual Stats FY 2025-2026/Final stats reports (for July 1)/Physical Collection Usage/UCI Physical Collection Usage",7,"saved_reference","savedRegularColumnRef","cab81dbc649b31702","Fulfillment - UCI Check-Out Type",,,,,0,"/shared/University of California System 01UCS_NETWORK/Reports/Local Requests/Annual Statistic Reports/Annual Stats FY 2025-2026/Fulfillment - UCI Check-Out Type"
66,"UCI Physical Collection Usage","Fulfillment","/shared/University of California System 01UCS_NETWORK/Reports/Local Requests/Annual Statistic Reports/Annual Stats FY 2025-2026/Final stats reports (for July 1)/Physical Collection Usage/UCI Physical Collection Usage",8,"saved_reference","savedRegularColumnRef","c74465b29644361e6","Fulfillment - Alma User Group",,,,,0,"/shared/University of California System 01UCS_NETWORK/Reports/Local Requests/Annual Statistic Reports/Annual Stats FY 2025-2026/Fulfillment - Alma User Group"
66,"UCI Physical Collection Usage","Fulfillment","/shared/University of California System 01UCS_NETWORK/Reports/Local Requests/Annual Statistic Reports/Annual Stats FY 2025-2026/Final stats reports (for July 1)/Physical Collection Usage/UCI Physical Collection Usage",9,"saved_reference","savedRegularColumnRef","c401d7507fc37bf6c","Fulfillment - UCI User Group",,,,,0,"/shared/University of California System 01UCS_NETWORK/Reports/Local Requests/Annual Statistic Reports/Annual Stats FY 2025-2026/Fulfillment - UCI User Group"
66,"UCI Physical Collection Usage","Fulfillment","/shared/University of California System 01UCS_NETWORK/Reports/Local Requests/Annual Statistic Reports/Annual Stats FY 2025-2026/Final stats reports (for July 1)/Physical Collection Usage/UCI Physical Collection Usage",10,"saved_reference","savedRegularColumnRef","c7ffae2431bc46186","Fulfillment - FY 2025-26 Loans (Not In House)",,,,,0,"/shared/University of California System 01UCS_NETWORK/Reports/Local Requests/Annual Statistic Reports/Annual Stats FY 2025-2026/Fulfillment - FY 2025-26 Loans (Not In House)"
67,"UCI Risk Management Report","Physical Items","/shared/University of California System 01UCS_NETWORK/Reports/Local Requests/Annual Statistic Reports/Annual Stats FY 2025-2026/Final stats reports (for July 1)/Risk Management/UCI Risk Management Report",1,"saved_reference","savedRegularColumnRef","c4f42de06c3c981e3","campus designator",,,,,0,"/shared/University of California System 01UCS_NETWORK/Reports/Local Requests/Annual Statistic Reports/Annual Stats FY 2025-2026/UCI SLF\/campus designator"
67,"UCI Risk Management Report","Physical Items","/shared/University of California System 01UCS_NETWORK/Reports/Local Requests/Annual Statistic Reports/Annual Stats FY 2025-2026/Final stats reports (for July 1)/Risk Management/UCI Risk Management Report",2,"inline","regularColumn","c3393832fcfb7bd4f","""Location"".""Library Name""",,,"sqlExpression","""Location"".""Library Name""",0,
67,"UCI Risk Management Report","Physical Items","/shared/University of California System 01UCS_NETWORK/Reports/Local Requests/Annual Statistic Reports/Annual Stats FY 2025-2026/Final stats reports (for July 1)/Risk Management/UCI Risk Management Report",3,"inline","regularColumn","c470460ecab5eb441","""Location"".""Library Code""",,,"sqlExpression","""Location"".""Library Code""",0,
67,"UCI Risk Management Report","Physical Items","/shared/University of California System 01UCS_NETWORK/Reports/Local Requests/Annual Statistic Reports/Annual Stats FY 2025-2026/Final stats reports (for July 1)/Risk Management/UCI Risk Management Report",4,"inline","regularColumn","caf603af9b0cd11dc","""Location"".""Location Name""",,,"sqlExpression","""Location"".""Location Name""",0,
67,"UCI Risk Management Report","Physical Items","/shared/University of California System 01UCS_NETWORK/Reports/Local Requests/Annual Statistic Reports/Annual Stats FY 2025-2026/Final stats reports (for July 1)/Risk Management/UCI Risk Management Report",5,"inline","regularColumn","ce5897f198b4b1081","""Location"".""Location Code""",,,"sqlExpression","""Location"".""Location Code""",0,
67,"UCI Risk Management Report","Physical Items","/shared/University of California System 01UCS_NETWORK/Reports/Local Requests/Annual Statistic Reports/Annual Stats FY 2025-2026/Final stats reports (for July 1)/Risk Management/UCI Risk Management Report",6,"inline","regularColumn","c3454e0b5095af659","""Bibliographic Details"".""Resource Type""",,,"sqlExpression","""Bibliographic Details"".""Resource Type""",0,
67,"UCI Risk Management Report","Physical Items","/shared/University of California System 01UCS_NETWORK/Reports/Local Requests/Annual Statistic Reports/Annual Stats FY 2025-2026/Final stats reports (for July 1)/Risk Management/UCI Risk Management Report",7,"saved_reference","savedRegularColumnRef","c1bdbb3535ba01246","Count of Physical Holdings",,,,,0,"/shared/University of California System 01UCS_NETWORK/Reports/Local Requests/Annual Statistic Reports/Annual Stats FY 2025-2026/Count of Physical Holdings"
74,"SLF-S Added Physical Holdings and Titles Report","Physical Items","/shared/University of California System 01UCS_NETWORK/Reports/Local Requests/Annual Statistic Reports/Annual Stats FY 2025-2026/Final stats reports (for July 1)/Physical/SLF-S Added Physical Holdings and Titles Report",1,"saved_reference","savedRegularColumnRef","cdb4727d2a4bc0027","Physical - Systemwide Library Facility",,,,,0,"/shared/University of California System 01UCS_NETWORK/Reports/Local Requests/Annual Statistic Reports/Annual Stats FY 2025-2026/Physical - Systemwide Library Facility"
74,"SLF-S Added Physical Holdings and Titles Report","Physical Items","/shared/University of California System 01UCS_NETWORK/Reports/Local Requests/Annual Statistic Reports/Annual Stats FY 2025-2026/Final stats reports (for July 1)/Physical/SLF-S Added Physical Holdings and Titles Report",2,"saved_reference","savedRegularColumnRef","cebcc92d7b1b50b86","Physical - SLF Depositor",,,,,0,"/shared/University of California System 01UCS_NETWORK/Reports/Local Requests/Annual Statistic Reports/Annual Stats FY 2025-2026/Physical - SLF Depositor"
74,"SLF-S Added Physical Holdings and Titles Report","Physical Items","/shared/University of California System 01UCS_NETWORK/Reports/Local Requests/Annual Statistic Reports/Annual Stats FY 2025-2026/Final stats reports (for July 1)/Physical/SLF-S Added Physical Holdings and Titles Report",3,"inline","regularColumn","cd4897b469b0520d2","""Location"".""Library Name""",,,"sqlExpression","""Location"".""Library Name""",0,
74,"SLF-S Added Physical Holdings and Titles Report","Physical Items","/shared/University of California System 01UCS_NETWORK/Reports/Local Requests/Annual Statistic Reports/Annual Stats FY 2025-2026/Final stats reports (for July 1)/Physical/SLF-S Added Physical Holdings and Titles Report",4,"inline","regularColumn","cb6b886e5442e7b4e","""Location"".""Library Code""",,,"sqlExpression","""Location"".""Library Code""",0,
74,"SLF-S Added Physical Holdings and Titles Report","Physical Items","/shared/University of California System 01UCS_NETWORK/Reports/Local Requests/Annual Statistic Reports/Annual Stats FY 2025-2026/Final stats reports (for July 1)/Physical/SLF-S Added Physical Holdings and Titles Report",5,"inline","regularColumn","c741826d9144c87ab","""Location"".""Location Name""",,,"sqlExpression","""Location"".""Location Name""",0,
74,"SLF-S Added Physical Holdings and Titles Report","Physical Items","/shared/University of California System 01UCS_NETWORK/Reports/Local Requests/Annual Statistic Reports/Annual Stats FY 2025-2026/Final stats reports (for July 1)/Physical/SLF-S Added Physical Holdings and Titles Report",6,"inline","regularColumn","c5f7c80cc993d72e0","""Location"".""Location Code""",,,"sqlExpression","""Location"".""Location Code""",0,
74,"SLF-S Added Physical Holdings and Titles Report","Physical Items","/shared/University of California System 01UCS_NETWORK/Reports/Local Requests/Annual Statistic Reports/Annual Stats FY 2025-2026/Final stats reports (for July 1)/Physical/SLF-S Added Physical Holdings and Titles Report",7,"inline","regularColumn","cf158c28723a11737","""Bibliographic Details"".""Resource Type""",,,"sqlExpression","""Bibliographic Details"".""Resource Type""",0,
74,"SLF-S Added Physical Holdings and Titles Report","Physical Items","/shared/University of California System 01UCS_NETWORK/Reports/Local Requests/Annual Statistic Reports/Annual Stats FY 2025-2026/Final stats reports (for July 1)/Physical/SLF-S Added Physical Holdings and Titles Report",8,"inline","regularColumn","c3c18cc6d41630c5d","""Bibliographic Details"".""Material Type""",,,"sqlExpression","""Bibliographic Details"".""Material Type""",0,
74,"SLF-S Added Physical Holdings and Titles Report","Physical Items","/shared/University of California System 01UCS_NETWORK/Reports/Local Requests/Annual Statistic Reports/Annual Stats FY 2025-2026/Final stats reports (for July 1)/Physical/SLF-S Added Physical Holdings and Titles Report",9,"saved_reference","savedRegularColumnRef","c886b316b33474744","Physical - Count of Physical Holdings",,,,,0,"/shared/University of California System 01UCS_NETWORK/Reports/Local Requests/Annual Statistic Reports/Annual Stats FY 2025-2026/Physical - Count of Physical Holdings"
74,"SLF-S Added Physical Holdings and Titles Report","Physical Items","/shared/University of California System 01UCS_NETWORK/Reports/Local Requests/Annual Statistic Reports/Annual Stats FY 2025-2026/Final stats reports (for July 1)/Physical/SLF-S Added Physical Holdings and Titles Report",10,"saved_reference","savedRegularColumnRef","c41b53947686dd560","Physical - Count of Physical Titles",,,,,0,"/shared/University of California System 01UCS_NETWORK/Reports/Local Requests/Annual Statistic Reports/Annual Stats FY 2025-2026/Physical - Count of Physical Titles"
83,"UCI Library Categorization Report","Physical Items","/shared/University of California System 01UCS_NETWORK/Reports/Local Requests/Annual Statistic Reports/Annual Stats FY 2025-2026/Preparation review reports/Physical preparation review reports/UCI Library Categorization Report",1,"saved_reference","savedRegularColumnRef","c4f42de06c3c981e3","campus designator",,,,,0,"/shared/University of California System 01UCS_NETWORK/Reports/Local Requests/Annual Statistic Reports/Annual Stats FY 2025-2026/UCI SLF\/campus designator"
83,"UCI Library Categorization Report","Physical Items","/shared/University of California System 01UCS_NETWORK/Reports/Local Requests/Annual Statistic Reports/Annual Stats FY 2025-2026/Preparation review reports/Physical preparation review reports/UCI Library Categorization Report",2,"saved_reference","savedRegularColumnRef","ce45cf41d57b6d04c","UCI Library Stats Category",,,,,0,"/shared/University of California System 01UCS_NETWORK/Reports/Local Requests/Annual Statistic Reports/Annual Stats FY 2025-2026/UCI Library Stats Category"
83,"UCI Library Categorization Report","Physical Items","/shared/University of California System 01UCS_NETWORK/Reports/Local Requests/Annual Statistic Reports/Annual Stats FY 2025-2026/Preparation review reports/Physical preparation review reports/UCI Library Categorization Report",3,"inline","regularColumn","c3393832fcfb7bd4f","""Location"".""Library Name""",,,"sqlExpression","""Location"".""Library Name""",0,
83,"UCI Library Categorization Report","Physical Items","/shared/University of California System 01UCS_NETWORK/Reports/Local Requests/Annual Statistic Reports/Annual Stats FY 2025-2026/Preparation review reports/Physical preparation review reports/UCI Library Categorization Report",4,"inline","regularColumn","c470460ecab5eb441","""Location"".""Library Code""",,,"sqlExpression","""Location"".""Library Code""",0,
83,"UCI Library Categorization Report","Physical Items","/shared/University of California System 01UCS_NETWORK/Reports/Local Requests/Annual Statistic Reports/Annual Stats FY 2025-2026/Preparation review reports/Physical preparation review reports/UCI Library Categorization Report",5,"inline","regularColumn","caf603af9b0cd11dc","""Location"".""Location Name""",,,"sqlExpression","""Location"".""Location Name""",0,
83,"UCI Library Categorization Report","Physical Items","/shared/University of California System 01UCS_NETWORK/Reports/Local Requests/Annual Statistic Reports/Annual Stats FY 2025-2026/Preparation review reports/Physical preparation review reports/UCI Library Categorization Report",6,"inline","regularColumn","ce5897f198b4b1081","""Location"".""Location Code""",,,"sqlExpression","""Location"".""Location Code""",0,
83,"UCI Library Categorization Report","Physical Items","/shared/University of California System 01UCS_NETWORK/Reports/Local Requests/Annual Statistic Reports/Annual Stats FY 2025-2026/Preparation review reports/Physical preparation review reports/UCI Library Categorization Report",7,"saved_reference","savedRegularColumnRef","c1bdbb3535ba01246","Count of Physical Holdings",,,,,0,"/shared/University of California System 01UCS_NETWORK/Reports/Local Requests/Annual Statistic Reports/Annual Stats FY 2025-2026/Count of Physical Holdings"
83,"UCI Library Categorization Report","Physical Items","/shared/University of California System 01UCS_NETWORK/Reports/Local Requests/Annual Statistic Reports/Annual Stats FY 2025-2026/Preparation review reports/Physical preparation review reports/UCI Library Categorization Report",8,"saved_reference","savedRegularColumnRef","c7b942a9dc7fc789c","Count of Physical Titles",,,,,0,"/shared/University of California System 01UCS_NETWORK/Reports/Local Requests/Annual Statistic Reports/Annual Stats FY 2025-2026/Count of Physical Titles"
85,"UCI eResources Library Categorization Report","E-Inventory","/shared/University of California System 01UCS_NETWORK/Reports/Local Requests/Annual Statistic Reports/Annual Stats FY 2025-2026/Preparation review reports/Electronic preparation review reports/UCI eResources Library Categorization Report",1,"inline","regularColumn","c2a53da92d15619df","""Institution"".""Institution Name""",,,"sqlExpression","""Institution"".""Institution Name""",0,
85,"UCI eResources Library Categorization Report","E-Inventory","/shared/University of California System 01UCS_NETWORK/Reports/Local Requests/Annual Statistic Reports/Annual Stats FY 2025-2026/Preparation review reports/Electronic preparation review reports/UCI eResources Library Categorization Report",2,"saved_reference","savedRegularColumnRef","c93c38f9d46dde768","Electronic - Global Stats Electronic Library Categories",,,,,0,"/shared/University of California System 01UCS_NETWORK/Reports/Local Requests/Annual Statistic Reports/Annual Stats FY 2025-2026/Electronic - Global Stats Electronic Library Categories"
85,"UCI eResources Library Categorization Report","E-Inventory","/shared/University of California System 01UCS_NETWORK/Reports/Local Requests/Annual Statistic Reports/Annual Stats FY 2025-2026/Preparation review reports/Electronic preparation review reports/UCI eResources Library Categorization Report",3,"inline","regularColumn","c16b804d4f2a9bfed","""Portfolio Library Unit"".""Library Name""",,,"sqlExpression","""Portfolio Library Unit"".""Library Name""",0,
85,"UCI eResources Library Categorization Report","E-Inventory","/shared/University of California System 01UCS_NETWORK/Reports/Local Requests/Annual Statistic Reports/Annual Stats FY 2025-2026/Preparation review reports/Electronic preparation review reports/UCI eResources Library Categorization Report",4,"inline","regularColumn","c9a2b1a7e8a8fa595","""Portfolio Library Unit"".""Library Code""",,,"sqlExpression","""Portfolio Library Unit"".""Library Code""",0,
89,"UCD Check-Out Type Categorization Report","Fulfillment","/shared/University of California System 01UCS_NETWORK/Reports/Local Requests/Annual Statistic Reports/Annual Stats FY 2025-2026/Preparation review reports/Fulfillment preparation review reports/UCD Check-Out Type Categorization Report",1,"inline","regularColumn","ca44030fab207e91f","""Institution"".""Institution Name""",,,"sqlExpression","""Institution"".""Institution Name""",0,
89,"UCD Check-Out Type Categorization Report","Fulfillment","/shared/University of California System 01UCS_NETWORK/Reports/Local Requests/Annual Statistic Reports/Annual Stats FY 2025-2026/Preparation review reports/Fulfillment preparation review reports/UCD Check-Out Type Categorization Report",2,"saved_reference","savedRegularColumnRef","cc2a688a12d582565","UCD Check-Out Type",,,,,0,"/shared/University of California System 01UCS_NETWORK/Reports/Local Requests/Annual Statistic Reports/Annual Stats FY 2025-2026/UCD Check-Out Type"
89,"UCD Check-Out Type Categorization Report","Fulfillment","/shared/University of California System 01UCS_NETWORK/Reports/Local Requests/Annual Statistic Reports/Annual Stats FY 2025-2026/Preparation review reports/Fulfillment preparation review reports/UCD Check-Out Type Categorization Report",3,"inline","regularColumn","cce5839b3630cf89b","""Item Location at Time of Loan"".""Library Name""",,,"sqlExpression","""Item Location at Time of Loan"".""Library Name""",0,
89,"UCD Check-Out Type Categorization Report","Fulfillment","/shared/University of California System 01UCS_NETWORK/Reports/Local Requests/Annual Statistic Reports/Annual Stats FY 2025-2026/Preparation review reports/Fulfillment preparation review reports/UCD Check-Out Type Categorization Report",4,"inline","regularColumn","c4cce1d6d2be04b82","""Item Location at Time of Loan"".""Library Code""",,,"sqlExpression","""Item Location at Time of Loan"".""Library Code""",0,
89,"UCD Check-Out Type Categorization Report","Fulfillment","/shared/University of California System 01UCS_NETWORK/Reports/Local Requests/Annual Statistic Reports/Annual Stats FY 2025-2026/Preparation review reports/Fulfillment preparation review reports/UCD Check-Out Type Categorization Report",5,"inline","regularColumn","c5540f363d8e9b74f","""Item Location at Time of Loan"".""Location Name""",,,"sqlExpression","""Item Location at Time of Loan"".""Location Name""",0,
89,"UCD Check-Out Type Categorization Report","Fulfillment","/shared/University of California System 01UCS_NETWORK/Reports/Local Requests/Annual Statistic Reports/Annual Stats FY 2025-2026/Preparation review reports/Fulfillment preparation review reports/UCD Check-Out Type Categorization Report",6,"inline","regularColumn","c6ecae181eef2238e","""Item Location at Time of Loan"".""Location Code""",,,"sqlExpression","""Item Location at Time of Loan"".""Location Code""",0,
89,"UCD Check-Out Type Categorization Report","Fulfillment","/shared/University of California System 01UCS_NETWORK/Reports/Local Requests/Annual Statistic Reports/Annual Stats FY 2025-2026/Preparation review reports/Fulfillment preparation review reports/UCD Check-Out Type Categorization Report",7,"saved_reference","savedRegularColumnRef","cf127365ccf7507dd","FY 2025-26 Loans (Not In House)",,,,,0,"/shared/University of California System 01UCS_NETWORK/Reports/Local Requests/Annual Statistic Reports/Annual Stats FY 2025-2026/FY 2025-26 Loans (Not In House)"
92,"UCI Electronic Holdings and Titles Report","E-Inventory","/shared/University of California System 01UCS_NETWORK/Reports/Local Requests/Annual Statistic Reports/Annual Stats FY 2025-2026/Final stats reports (for July 1)/Electronic/UCI Electronic Holdings and Titles Report",1,"saved_reference","savedRegularColumnRef","c70c4157a4b62191d","excluded designator",,,,,0,"/shared/University of California System 01UCS_NETWORK/Reports/Local Requests/Annual Statistic Reports/Annual Stats FY 2025-2026/Electronic - Global Stats Electronic included\/excluded designator"
92,"UCI Electronic Holdings and Titles Report","E-Inventory","/shared/University of California System 01UCS_NETWORK/Reports/Local Requests/Annual Statistic Reports/Annual Stats FY 2025-2026/Final stats reports (for July 1)/Electronic/UCI Electronic Holdings and Titles Report",2,"saved_reference","savedRegularColumnRef","c0d04bd2f85ef03f9","Electronic - UCI eResources Managed By designator",,,,,0,"/shared/University of California System 01UCS_NETWORK/Reports/Local Requests/Annual Statistic Reports/Annual Stats FY 2025-2026/Electronic - UCI eResources Managed By designator"
92,"UCI Electronic Holdings and Titles Report","E-Inventory","/shared/University of California System 01UCS_NETWORK/Reports/Local Requests/Annual Statistic Reports/Annual Stats FY 2025-2026/Final stats reports (for July 1)/Electronic/UCI Electronic Holdings and Titles Report",3,"saved_reference","savedRegularColumnRef","c6bfc4c748ea076f2","Electronic - Global Stats Electronic Library Categories",,,,,0,"/shared/University of California System 01UCS_NETWORK/Reports/Local Requests/Annual Statistic Reports/Annual Stats FY 2025-2026/Electronic - Global Stats Electronic Library Categories"
92,"UCI Electronic Holdings and Titles Report","E-Inventory","/shared/University of California System 01UCS_NETWORK/Reports/Local Requests/Annual Statistic Reports/Annual Stats FY 2025-2026/Final stats reports (for July 1)/Electronic/UCI Electronic Holdings and Titles Report",4,"inline","regularColumn","cf6f88e86b2cfebe0","""Bibliographic Details"".""Resource Type""",,,"sqlExpression","""Bibliographic Details"".""Resource Type""",0,
92,"UCI Electronic Holdings and Titles Report","E-Inventory","/shared/University of California System 01UCS_NETWORK/Reports/Local Requests/Annual Statistic Reports/Annual Stats FY 2025-2026/Final stats reports (for July 1)/Electronic/UCI Electronic Holdings and Titles Report",5,"saved_reference","savedRegularColumnRef","c9faf6541ccaa2d64","Electronic - Count of Electronic Holdings",,,,,0,"/shared/University of California System 01UCS_NETWORK/Reports/Local Requests/Annual Statistic Reports/Annual Stats FY 2025-2026/Electronic - Count of Electronic Holdings"
92,"UCI Electronic Holdings and Titles Report","E-Inventory","/shared/University of California System 01UCS_NETWORK/Reports/Local Requests/Annual Statistic Reports/Annual Stats FY 2025-2026/Final stats reports (for July 1)/Electronic/UCI Electronic Holdings and Titles Report",6,"saved_reference","savedRegularColumnRef","ca85fc597cf3a5fa2","Electronic - Count of Electronic Titles",,,,,0,"/shared/University of California System 01UCS_NETWORK/Reports/Local Requests/Annual Statistic Reports/Annual Stats FY 2025-2026/Electronic - Count of Electronic Titles"
95,"UCLA Risk Management Report","Physical Items","/shared/University of California System 01UCS_NETWORK/Reports/Local Requests/Annual Statistic Reports/Annual Stats FY 2025-2026/Final stats reports (for July 1)/Risk Management/UCLA Risk Management Report",1,"saved_reference","savedRegularColumnRef","c3a92023d1c64688e","campus designator",,,,,0,"/shared/University of California System 01UCS_NETWORK/Reports/Local Requests/Annual Statistic Reports/Annual Stats FY 2025-2026/UCLA SLF\/campus designator"
95,"UCLA Risk Management Report","Physical Items","/shared/University of California System 01UCS_NETWORK/Reports/Local Requests/Annual Statistic Reports/Annual Stats FY 2025-2026/Final stats reports (for July 1)/Risk Management/UCLA Risk Management Report",2,"inline","regularColumn","cef0eeaa37f790512","""Location"".""Library Name""",,,"sqlExpression","""Location"".""Library Name""",0,
95,"UCLA Risk Management Report","Physical Items","/shared/University of California System 01UCS_NETWORK/Reports/Local Requests/Annual Statistic Reports/Annual Stats FY 2025-2026/Final stats reports (for July 1)/Risk Management/UCLA Risk Management Report",3,"inline","regularColumn","c90eced759e6c5798","""Location"".""Library Code""",,,"sqlExpression","""Location"".""Library Code""",0,
95,"UCLA Risk Management Report","Physical Items","/shared/University of California System 01UCS_NETWORK/Reports/Local Requests/Annual Statistic Reports/Annual Stats FY 2025-2026/Final stats reports (for July 1)/Risk Management/UCLA Risk Management Report",4,"inline","regularColumn","c157e5aae90941fda","""Location"".""Location Name""",,,"sqlExpression","""Location"".""Location Name""",0,
95,"UCLA Risk Management Report","Physical Items","/shared/University of California System 01UCS_NETWORK/Reports/Local Requests/Annual Statistic Reports/Annual Stats FY 2025-2026/Final stats reports (for July 1)/Risk Management/UCLA Risk Management Report",5,"inline","regularColumn","c7d4ef11e2620d334","""Location"".""Location Code""",,,"sqlExpression","""Location"".""Location Code""",0,
95,"UCLA Risk Management Report","Physical Items","/shared/University of California System 01UCS_NETWORK/Reports/Local Requests/Annual Statistic Reports/Annual Stats FY 2025-2026/Final stats reports (for July 1)/Risk Management/UCLA Risk Management Report",6,"inline","regularColumn","c4ab6dc400aea3680","""Bibliographic Details"".""Resource Type""",,,"sqlExpression","""Bibliographic Details"".""Resource Type""",0,
95,"UCLA Risk Management Report","Physical Items","/shared/University of California System 01UCS_NETWORK/Reports/Local Requests/Annual Statistic Reports/Annual Stats FY 2025-2026/Final stats reports (for July 1)/Risk Management/UCLA Risk Management Report",7,"saved_reference","savedRegularColumnRef","c7627a31e783be0dd","Count of Physical Holdings",,,,,0,"/shared/University of California System 01UCS_NETWORK/Reports/Local Requests/Annual Statistic Reports/Annual Stats FY 2025-2026/Count of Physical Holdings"
96,"UCLA Physical Collection Usage","Fulfillment","/shared/University of California System 01UCS_NETWORK/Reports/Local Requests/Annual Statistic Reports/Annual Stats FY 2025-2026/Final stats reports (for July 1)/Physical Collection Usage/UCLA Physical Collection Usage",1,"saved_reference","savedRegularColumnRef","cffb7e9e28d0bdcc3","Fulfillment - Fulfillment Institution",,,,,0,"/shared/University of California System 01UCS_NETWORK/Reports/Local Requests/Annual Statistic Reports/Annual Stats FY 2025-2026/Fulfillment - Fulfillment Institution"
96,"UCLA Physical Collection Usage","Fulfillment","/shared/University of California System 01UCS_NETWORK/Reports/Local Requests/Annual Statistic Reports/Annual Stats FY 2025-2026/Final stats reports (for July 1)/Physical Collection Usage/UCLA Physical Collection Usage",2,"saved_reference","savedRegularColumnRef","c416a31f6687c54ab","Physical - UCLA Library Stats Category",,,,,0,"/shared/University of California System 01UCS_NETWORK/Reports/Local Requests/Annual Statistic Reports/Annual Stats FY 2025-2026/Physical - UCLA Library Stats Category"
96,"UCLA Physical Collection Usage","Fulfillment","/shared/University of California System 01UCS_NETWORK/Reports/Local Requests/Annual Statistic Reports/Annual Stats FY 2025-2026/Final stats reports (for July 1)/Physical Collection Usage/UCLA Physical Collection Usage",3,"inline","regularColumn","ceca1c36df544247d","""Item Location at Time of Loan"".""Library Name""",,,"sqlExpression","""Item Location at Time of Loan"".""Library Name""",0,
96,"UCLA Physical Collection Usage","Fulfillment","/shared/University of California System 01UCS_NETWORK/Reports/Local Requests/Annual Statistic Reports/Annual Stats FY 2025-2026/Final stats reports (for July 1)/Physical Collection Usage/UCLA Physical Collection Usage",4,"inline","regularColumn","c69b0161ed0e9a6b0","""Item Location at Time of Loan"".""Library Code""",,,"sqlExpression","""Item Location at Time of Loan"".""Library Code""",0,
96,"UCLA Physical Collection Usage","Fulfillment","/shared/University of California System 01UCS_NETWORK/Reports/Local Requests/Annual Statistic Reports/Annual Stats FY 2025-2026/Final stats reports (for July 1)/Physical Collection Usage/UCLA Physical Collection Usage",5,"inline","regularColumn","c7775baed45c425ce","""Item Location at Time of Loan"".""Location Name""",,,"sqlExpression","""Item Location at Time of Loan"".""Location Name""",0,
96,"UCLA Physical Collection Usage","Fulfillment","/shared/University of California System 01UCS_NETWORK/Reports/Local Requests/Annual Statistic Reports/Annual Stats FY 2025-2026/Final stats reports (for July 1)/Physical Collection Usage/UCLA Physical Collection Usage",6,"inline","regularColumn","ccacb50b278ae6e74","""Item Location at Time of Loan"".""Location Code""",,,"sqlExpression","""Item Location at Time of Loan"".""Location Code""",0,
96,"UCLA Physical Collection Usage","Fulfillment","/shared/University of California System 01UCS_NETWORK/Reports/Local Requests/Annual Statistic Reports/Annual Stats FY 2025-2026/Final stats reports (for July 1)/Physical Collection Usage/UCLA Physical Collection Usage",7,"saved_reference","savedRegularColumnRef","c4909bd88b3c39a7b","Fulfillment - UCLA Check-Out Type",,,,,0,"/shared/University of California System 01UCS_NETWORK/Reports/Local Requests/Annual Statistic Reports/Annual Stats FY 2025-2026/Fulfillment - UCLA Check-Out Type"
96,"UCLA Physical Collection Usage","Fulfillment","/shared/University of California System 01UCS_NETWORK/Reports/Local Requests/Annual Statistic Reports/Annual Stats FY 2025-2026/Final stats reports (for July 1)/Physical Collection Usage/UCLA Physical Collection Usage",8,"saved_reference","savedRegularColumnRef","c45724bb69e240378","Fulfillment - Alma User Group",,,,,0,"/shared/University of California System 01UCS_NETWORK/Reports/Local Requests/Annual Statistic Reports/Annual Stats FY 2025-2026/Fulfillment - Alma User Group"
96,"UCLA Physical Collection Usage","Fulfillment","/shared/University of California System 01UCS_NETWORK/Reports/Local Requests/Annual Statistic Reports/Annual Stats FY 2025-2026/Final stats reports (for July 1)/Physical Collection Usage/UCLA Physical Collection Usage",9,"saved_reference","savedRegularColumnRef","c4c3c2cb2977db642","Fulfillment - UCLA User Group",,,,,0,"/shared/University of California System 01UCS_NETWORK/Reports/Local Requests/Annual Statistic Reports/Annual Stats FY 2025-2026/Fulfillment - UCLA User Group"
96,"UCLA Physical Collection Usage","Fulfillment","/shared/University of California System 01UCS_NETWORK/Reports/Local Requests/Annual Statistic Reports/Annual Stats FY 2025-2026/Final stats reports (for July 1)/Physical Collection Usage/UCLA Physical Collection Usage",10,"saved_reference","savedRegularColumnRef","c788181f479f2fddd","Fulfillment - FY 2025-26 Loans (Not In House)",,,,,0,"/shared/University of California System 01UCS_NETWORK/Reports/Local Requests/Annual Statistic Reports/Annual Stats FY 2025-2026/Fulfillment - FY 2025-26 Loans (Not In House)"
105,"UCI eResources Comparison Report","E-Inventory","/shared/University of California System 01UCS_NETWORK/Reports/Local Requests/Annual Statistic Reports/Annual Stats FY 2025-2026/Final stats reports (for July 1)/eResources Comparison/UCI eResources Comparison Report",1,"saved_reference","savedRegularColumnRef","c70c4157a4b62191d","excluded designator",,,,,0,"/shared/University of California System 01UCS_NETWORK/Reports/Local Requests/Annual Statistic Reports/Annual Stats FY 2025-2026/Electronic - Global Stats Electronic included\/excluded designator"
105,"UCI eResources Comparison Report","E-Inventory","/shared/University of California System 01UCS_NETWORK/Reports/Local Requests/Annual Statistic Reports/Annual Stats FY 2025-2026/Final stats reports (for July 1)/eResources Comparison/UCI eResources Comparison Report",2,"saved_reference","savedRegularColumnRef","c0d04bd2f85ef03f9","Electronic - UCI eResources Managed By designator",,,,,0,"/shared/University of California System 01UCS_NETWORK/Reports/Local Requests/Annual Statistic Reports/Annual Stats FY 2025-2026/Electronic - UCI eResources Managed By designator"
105,"UCI eResources Comparison Report","E-Inventory","/shared/University of California System 01UCS_NETWORK/Reports/Local Requests/Annual Statistic Reports/Annual Stats FY 2025-2026/Final stats reports (for July 1)/eResources Comparison/UCI eResources Comparison Report",3,"saved_reference","savedRegularColumnRef","c6bfc4c748ea076f2","Electronic - Global Stats Electronic Library Categories",,,,,0,"/shared/University of California System 01UCS_NETWORK/Reports/Local Requests/Annual Statistic Reports/Annual Stats FY 2025-2026/Electronic - Global Stats Electronic Library Categories"
105,"UCI eResources Comparison Report","E-Inventory","/shared/University of California System 01UCS_NETWORK/Reports/Local Requests/Annual Statistic Reports/Annual Stats FY 2025-2026/Final stats reports (for July 1)/eResources Comparison/UCI eResources Comparison Report",4,"inline","regularColumn","c7945e665fc874cbf","""Electronic Collection"".""Electronic Collection Interface Name""",,,"sqlExpression","""Electronic Collection"".""Electronic Collection Interface Name""",0,
105,"UCI eResources Comparison Report","E-Inventory","/shared/University of California System 01UCS_NETWORK/Reports/Local Requests/Annual Statistic Reports/Annual Stats FY 2025-2026/Final stats reports (for July 1)/eResources Comparison/UCI eResources Comparison Report",5,"saved_reference","savedRegularColumnRef","c9faf6541ccaa2d64","Electronic - Count of Electronic Holdings",,,,,0,"/shared/University of California System 01UCS_NETWORK/Reports/Local Requests/Annual Statistic Reports/Annual Stats FY 2025-2026/Electronic - Count of Electronic Holdings"
105,"UCI eResources Comparison Report","E-Inventory","/shared/University of California System 01UCS_NETWORK/Reports/Local Requests/Annual Statistic Reports/Annual Stats FY 2025-2026/Final stats reports (for July 1)/eResources Comparison/UCI eResources Comparison Report",6,"saved_reference","savedRegularColumnRef","ca85fc597cf3a5fa2","Electronic - Count of Electronic Titles",,,,,0,"/shared/University of California System 01UCS_NETWORK/Reports/Local Requests/Annual Statistic Reports/Annual Stats FY 2025-2026/Electronic - Count of Electronic Titles"
113,"UCLA Library Categorization Report","Physical Items","/shared/University of California System 01UCS_NETWORK/Reports/Local Requests/Annual Statistic Reports/Annual Stats FY 2025-2026/Preparation review reports/Physical preparation review reports/UCLA Library Categorization Report",1,"saved_reference","savedRegularColumnRef","c3a92023d1c64688e","campus designator",,,,,0,"/shared/University of California System 01UCS_NETWORK/Reports/Local Requests/Annual Statistic Reports/Annual Stats FY 2025-2026/UCLA SLF\/campus designator"
113,"UCLA Library Categorization Report","Physical Items","/shared/University of California System 01UCS_NETWORK/Reports/Local Requests/Annual Statistic Reports/Annual Stats FY 2025-2026/Preparation review reports/Physical preparation review reports/UCLA Library Categorization Report",2,"saved_reference","savedRegularColumnRef","cc6c73b4a647065fb","UCLA Library Stats Category",,,,,0,"/shared/University of California System 01UCS_NETWORK/Reports/Local Requests/Annual Statistic Reports/Annual Stats FY 2025-2026/UCLA Library Stats Category"
113,"UCLA Library Categorization Report","Physical Items","/shared/University of California System 01UCS_NETWORK/Reports/Local Requests/Annual Statistic Reports/Annual Stats FY 2025-2026/Preparation review reports/Physical preparation review reports/UCLA Library Categorization Report",3,"inline","regularColumn","cef0eeaa37f790512","""Location"".""Library Name""",,,"sqlExpression","""Location"".""Library Name""",0,
113,"UCLA Library Categorization Report","Physical Items","/shared/University of California System 01UCS_NETWORK/Reports/Local Requests/Annual Statistic Reports/Annual Stats FY 2025-2026/Preparation review reports/Physical preparation review reports/UCLA Library Categorization Report",4,"inline","regularColumn","c90eced759e6c5798","""Location"".""Library Code""",,,"sqlExpression","""Location"".""Library Code""",0,
113,"UCLA Library Categorization Report","Physical Items","/shared/University of California System 01UCS_NETWORK/Reports/Local Requests/Annual Statistic Reports/Annual Stats FY 2025-2026/Preparation review reports/Physical preparation review reports/UCLA Library Categorization Report",5,"inline","regularColumn","c157e5aae90941fda","""Location"".""Location Name""",,,"sqlExpression","""Location"".""Location Name""",0,
113,"UCLA Library Categorization Report","Physical Items","/shared/University of California System 01UCS_NETWORK/Reports/Local Requests/Annual Statistic Reports/Annual Stats FY 2025-2026/Preparation review reports/Physical preparation review reports/UCLA Library Categorization Report",6,"inline","regularColumn","c7d4ef11e2620d334","""Location"".""Location Code""",,,"sqlExpression","""Location"".""Location Code""",0,
113,"UCLA Library Categorization Report","Physical Items","/shared/University of California System 01UCS_NETWORK/Reports/Local Requests/Annual Statistic Reports/Annual Stats FY 2025-2026/Preparation review reports/Physical preparation review reports/UCLA Library Categorization Report",7,"saved_reference","savedRegularColumnRef","c7627a31e783be0dd","Count of Physical Holdings",,,,,0,"/shared/University of California System 01UCS_NETWORK/Reports/Local Requests/Annual Statistic Reports/Annual Stats FY 2025-2026/Count of Physical Holdings"
113,"UCLA Library Categorization Report","Physical Items","/shared/University of California System 01UCS_NETWORK/Reports/Local Requests/Annual Statistic Reports/Annual Stats FY 2025-2026/Preparation review reports/Physical preparation review reports/UCLA Library Categorization Report",8,"saved_reference","savedRegularColumnRef","cc483d35555242a31","Count of Physical Titles",,,,,0,"/shared/University of California System 01UCS_NETWORK/Reports/Local Requests/Annual Statistic Reports/Annual Stats FY 2025-2026/Count of Physical Titles"
116,"UCD User Group Categorization Report","Fulfillment","/shared/University of California System 01UCS_NETWORK/Reports/Local Requests/Annual Statistic Reports/Annual Stats FY 2025-2026/Preparation review reports/Fulfillment preparation review reports/UCD User Group Categorization Report",1,"inline","regularColumn","c2a101401c60ccb8e","""Institution"".""Institution Name""",,,"sqlExpression","""Institution"".""Institution Name""",0,
116,"UCD User Group Categorization Report","Fulfillment","/shared/University of California System 01UCS_NETWORK/Reports/Local Requests/Annual Statistic Reports/Annual Stats FY 2025-2026/Preparation review reports/Fulfillment preparation review reports/UCD User Group Categorization Report",2,"saved_reference","savedRegularColumnRef","cb0d0c43d52048879","UCD User Group",,,,,0,"/shared/University of California System 01UCS_NETWORK/Reports/Local Requests/Annual Statistic Reports/Annual Stats FY 2025-2026/UCD User Group"
116,"UCD User Group Categorization Report","Fulfillment","/shared/University of California System 01UCS_NETWORK/Reports/Local Requests/Annual Statistic Reports/Annual Stats FY 2025-2026/Preparation review reports/Fulfillment preparation review reports/UCD User Group Categorization Report",3,"inline","regularColumn","c183bdcb775b83df7","""Borrower Details"".""User Group""",,,"sqlExpression","""Borrower Details"".""User Group""",0,
119,"UCLA Electronic Holdings and Titles Report","E-Inventory","/shared/University of California System 01UCS_NETWORK/Reports/Local Requests/Annual Statistic Reports/Annual Stats FY 2025-2026/Final stats reports (for July 1)/Electronic/UCLA Electronic Holdings and Titles Report",1,"saved_reference","savedRegularColumnRef","c761207b28c1a12f7","excluded designator",,,,,0,"/shared/University of California System 01UCS_NETWORK/Reports/Local Requests/Annual Statistic Reports/Annual Stats FY 2025-2026/Electronic - Global Stats Electronic included\/excluded designator"
119,"UCLA Electronic Holdings and Titles Report","E-Inventory","/shared/University of California System 01UCS_NETWORK/Reports/Local Requests/Annual Statistic Reports/Annual Stats FY 2025-2026/Final stats reports (for July 1)/Electronic/UCLA Electronic Holdings and Titles Report",2,"saved_reference","savedRegularColumnRef","c6d5a712ddd1cc606","Electronic - UCLA eResources Managed By designator",,,,,0,"/shared/University of California System 01UCS_NETWORK/Reports/Local Requests/Annual Statistic Reports/Annual Stats FY 2025-2026/Electronic - UCLA eResources Managed By designator"
119,"UCLA Electronic Holdings and Titles Report","E-Inventory","/shared/University of California System 01UCS_NETWORK/Reports/Local Requests/Annual Statistic Reports/Annual Stats FY 2025-2026/Final stats reports (for July 1)/Electronic/UCLA Electronic Holdings and Titles Report",3,"saved_reference","savedRegularColumnRef","cee83208cf2e35ace","Electronic - Global Stats Electronic Library Categories",,,,,0,"/shared/University of California System 01UCS_NETWORK/Reports/Local Requests/Annual Statistic Reports/Annual Stats FY 2025-2026/Electronic - Global Stats Electronic Library Categories"
119,"UCLA Electronic Holdings and Titles Report","E-Inventory","/shared/University of California System 01UCS_NETWORK/Reports/Local Requests/Annual Statistic Reports/Annual Stats FY 2025-2026/Final stats reports (for July 1)/Electronic/UCLA Electronic Holdings and Titles Report",4,"inline","regularColumn","c6b3b7bb4d8efd008","""Bibliographic Details"".""Resource Type""",,,"sqlExpression","""Bibliographic Details"".""Resource Type""",0,
119,"UCLA Electronic Holdings and Titles Report","E-Inventory","/shared/University of California System 01UCS_NETWORK/Reports/Local Requests/Annual Statistic Reports/Annual Stats FY 2025-2026/Final stats reports (for July 1)/Electronic/UCLA Electronic Holdings and Titles Report",5,"saved_reference","savedRegularColumnRef","c4b83b8ae9b906bfc","Electronic - Count of Electronic Holdings",,,,,0,"/shared/University of California System 01UCS_NETWORK/Reports/Local Requests/Annual Statistic Reports/Annual Stats FY 2025-2026/Electronic - Count of Electronic Holdings"
119,"UCLA Electronic Holdings and Titles Report","E-Inventory","/shared/University of California System 01UCS_NETWORK/Reports/Local Requests/Annual Statistic Reports/Annual Stats FY 2025-2026/Final stats reports (for July 1)/Electronic/UCLA Electronic Holdings and Titles Report",6,"saved_reference","savedRegularColumnRef","c0db166a95b85ba9b","Electronic - Count of Electronic Titles",,,,,0,"/shared/University of California System 01UCS_NETWORK/Reports/Local Requests/Annual Statistic Reports/Annual Stats FY 2025-2026/Electronic - Count of Electronic Titles"
123,"UCLA eResources Library Categorization Report","E-Inventory","/shared/University of California System 01UCS_NETWORK/Reports/Local Requests/Annual Statistic Reports/Annual Stats FY 2025-2026/Preparation review reports/Electronic preparation review reports/UCLA eResources Library Categorization Report",1,"inline","regularColumn","c2a53da92d15619df","""Institution"".""Institution Name""",,,"sqlExpression","""Institution"".""Institution Name""",0,
123,"UCLA eResources Library Categorization Report","E-Inventory","/shared/University of California System 01UCS_NETWORK/Reports/Local Requests/Annual Statistic Reports/Annual Stats FY 2025-2026/Preparation review reports/Electronic preparation review reports/UCLA eResources Library Categorization Report",2,"saved_reference","savedRegularColumnRef","c93c38f9d46dde768","Electronic - Global Stats Electronic Library Categories",,,,,0,"/shared/University of California System 01UCS_NETWORK/Reports/Local Requests/Annual Statistic Reports/Annual Stats FY 2025-2026/Electronic - Global Stats Electronic Library Categories"
123,"UCLA eResources Library Categorization Report","E-Inventory","/shared/University of California System 01UCS_NETWORK/Reports/Local Requests/Annual Statistic Reports/Annual Stats FY 2025-2026/Preparation review reports/Electronic preparation review reports/UCLA eResources Library Categorization Report",3,"inline","regularColumn","c16b804d4f2a9bfed","""Portfolio Library Unit"".""Library Name""",,,"sqlExpression","""Portfolio Library Unit"".""Library Name""",0,
123,"UCLA eResources Library Categorization Report","E-Inventory","/shared/University of California System 01UCS_NETWORK/Reports/Local Requests/Annual Statistic Reports/Annual Stats FY 2025-2026/Preparation review reports/Electronic preparation review reports/UCLA eResources Library Categorization Report",4,"inline","regularColumn","c9a2b1a7e8a8fa595","""Portfolio Library Unit"".""Library Code""",,,"sqlExpression","""Portfolio Library Unit"".""Library Code""",0,
124,"UCLA eResources Comparison Report","E-Inventory","/shared/University of California System 01UCS_NETWORK/Reports/Local Requests/Annual Statistic Reports/Annual Stats FY 2025-2026/Final stats reports (for July 1)/eResources Comparison/UCLA eResources Comparison Report",1,"saved_reference","savedRegularColumnRef","c761207b28c1a12f7","excluded designator",,,,,0,"/shared/University of California System 01UCS_NETWORK/Reports/Local Requests/Annual Statistic Reports/Annual Stats FY 2025-2026/Electronic - Global Stats Electronic included\/excluded designator"
124,"UCLA eResources Comparison Report","E-Inventory","/shared/University of California System 01UCS_NETWORK/Reports/Local Requests/Annual Statistic Reports/Annual Stats FY 2025-2026/Final stats reports (for July 1)/eResources Comparison/UCLA eResources Comparison Report",2,"saved_reference","savedRegularColumnRef","c6d5a712ddd1cc606","Electronic - UCLA eResources Managed By designator",,,,,0,"/shared/University of California System 01UCS_NETWORK/Reports/Local Requests/Annual Statistic Reports/Annual Stats FY 2025-2026/Electronic - UCLA eResources Managed By designator"
124,"UCLA eResources Comparison Report","E-Inventory","/shared/University of California System 01UCS_NETWORK/Reports/Local Requests/Annual Statistic Reports/Annual Stats FY 2025-2026/Final stats reports (for July 1)/eResources Comparison/UCLA eResources Comparison Report",3,"saved_reference","savedRegularColumnRef","cee83208cf2e35ace","Electronic - Global Stats Electronic Library Categories",,,,,0,"/shared/University of California System 01UCS_NETWORK/Reports/Local Requests/Annual Statistic Reports/Annual Stats FY 2025-2026/Electronic - Global Stats Electronic Library Categories"
124,"UCLA eResources Comparison Report","E-Inventory","/shared/University of California System 01UCS_NETWORK/Reports/Local Requests/Annual Statistic Reports/Annual Stats FY 2025-2026/Final stats reports (for July 1)/eResources Comparison/UCLA eResources Comparison Report",4,"inline","regularColumn","cc589c37eb4f7dda7","""Electronic Collection"".""Electronic Collection Interface Name""",,,"sqlExpression","""Electronic Collection"".""Electronic Collection Interface Name""",0,
124,"UCLA eResources Comparison Report","E-Inventory","/shared/University of California System 01UCS_NETWORK/Reports/Local Requests/Annual Statistic Reports/Annual Stats FY 2025-2026/Final stats reports (for July 1)/eResources Comparison/UCLA eResources Comparison Report",5,"saved_reference","savedRegularColumnRef","c4b83b8ae9b906bfc","Electronic - Count of Electronic Holdings",,,,,0,"/shared/University of California System 01UCS_NETWORK/Reports/Local Requests/Annual Statistic Reports/Annual Stats FY 2025-2026/Electronic - Count of Electronic Holdings"
124,"UCLA eResources Comparison Report","E-Inventory","/shared/University of California System 01UCS_NETWORK/Reports/Local Requests/Annual Statistic Reports/Annual Stats FY 2025-2026/Final stats reports (for July 1)/eResources Comparison/UCLA eResources Comparison Report",6,"saved_reference","savedRegularColumnRef","c0db166a95b85ba9b","Electronic - Count of Electronic Titles",,,,,0,"/shared/University of California System 01UCS_NETWORK/Reports/Local Requests/Annual Statistic Reports/Annual Stats FY 2025-2026/Electronic - Count of Electronic Titles"
125,"UCM Risk Management Report","Physical Items","/shared/University of California System 01UCS_NETWORK/Reports/Local Requests/Annual Statistic Reports/Annual Stats FY 2025-2026/Final stats reports (for July 1)/Risk Management/UCM Risk Management Report",1,"saved_reference","savedRegularColumnRef","c26bf758146cba529","campus designator",,,,,0,"/shared/University of California System 01UCS_NETWORK/Reports/Local Requests/Annual Statistic Reports/Annual Stats FY 2025-2026/UCM SLF\/campus designator"
125,"UCM Risk Management Report","Physical Items","/shared/University of California System 01UCS_NETWORK/Reports/Local Requests/Annual Statistic Reports/Annual Stats FY 2025-2026/Final stats reports (for July 1)/Risk Management/UCM Risk Management Report",2,"inline","regularColumn","ccb283a11aa8b6e6b","""Location"".""Library Name""",,,"sqlExpression","""Location"".""Library Name""",0,
125,"UCM Risk Management Report","Physical Items","/shared/University of California System 01UCS_NETWORK/Reports/Local Requests/Annual Statistic Reports/Annual Stats FY 2025-2026/Final stats reports (for July 1)/Risk Management/UCM Risk Management Report",3,"inline","regularColumn","cbe3f8ce31d1b46f1","""Location"".""Library Code""",,,"sqlExpression","""Location"".""Library Code""",0,
125,"UCM Risk Management Report","Physical Items","/shared/University of California System 01UCS_NETWORK/Reports/Local Requests/Annual Statistic Reports/Annual Stats FY 2025-2026/Final stats reports (for July 1)/Risk Management/UCM Risk Management Report",4,"inline","regularColumn","c60631ef88a59ef0f","""Location"".""Location Name""",,,"sqlExpression","""Location"".""Location Name""",0,
125,"UCM Risk Management Report","Physical Items","/shared/University of California System 01UCS_NETWORK/Reports/Local Requests/Annual Statistic Reports/Annual Stats FY 2025-2026/Final stats reports (for July 1)/Risk Management/UCM Risk Management Report",5,"inline","regularColumn","c377892e021ba2d7b","""Location"".""Location Code""",,,"sqlExpression","""Location"".""Location Code""",0,
125,"UCM Risk Management Report","Physical Items","/shared/University of California System 01UCS_NETWORK/Reports/Local Requests/Annual Statistic Reports/Annual Stats FY 2025-2026/Final stats reports (for July 1)/Risk Management/UCM Risk Management Report",6,"inline","regularColumn","cf4c81ae71bc766d6","""Bibliographic Details"".""Resource Type""",,,"sqlExpression","""Bibliographic Details"".""Resource Type""",0,
125,"UCM Risk Management Report","Physical Items","/shared/University of California System 01UCS_NETWORK/Reports/Local Requests/Annual Statistic Reports/Annual Stats FY 2025-2026/Final stats reports (for July 1)/Risk Management/UCM Risk Management Report",7,"saved_reference","savedRegularColumnRef","cb394f0163c061473","Count of Physical Holdings",,,,,0,"/shared/University of California System 01UCS_NETWORK/Reports/Local Requests/Annual Statistic Reports/Annual Stats FY 2025-2026/Count of Physical Holdings"
130,"UCM Physical Collection Usage","Fulfillment","/shared/University of California System 01UCS_NETWORK/Reports/Local Requests/Annual Statistic Reports/Annual Stats FY 2025-2026/Final stats reports (for July 1)/Physical Collection Usage/UCM Physical Collection Usage",1,"saved_reference","savedRegularColumnRef","cfdc6a16f3e740561","Fulfillment - Fulfillment Institution",,,,,0,"/shared/University of California System 01UCS_NETWORK/Reports/Local Requests/Annual Statistic Reports/Annual Stats FY 2025-2026/Fulfillment - Fulfillment Institution"
130,"UCM Physical Collection Usage","Fulfillment","/shared/University of California System 01UCS_NETWORK/Reports/Local Requests/Annual Statistic Reports/Annual Stats FY 2025-2026/Final stats reports (for July 1)/Physical Collection Usage/UCM Physical Collection Usage",2,"saved_reference","savedRegularColumnRef","c9adebd9cbf82afc3","Physical - UCM Library Stats Category",,,,,0,"/shared/University of California System 01UCS_NETWORK/Reports/Local Requests/Annual Statistic Reports/Annual Stats FY 2025-2026/Physical - UCM Library Stats Category"
130,"UCM Physical Collection Usage","Fulfillment","/shared/University of California System 01UCS_NETWORK/Reports/Local Requests/Annual Statistic Reports/Annual Stats FY 2025-2026/Final stats reports (for July 1)/Physical Collection Usage/UCM Physical Collection Usage",3,"inline","regularColumn","c5bada6ff10cb2a33","""Item Location at Time of Loan"".""Library Name""",,,"sqlExpression","""Item Location at Time of Loan"".""Library Name""",0,
130,"UCM Physical Collection Usage","Fulfillment","/shared/University of California System 01UCS_NETWORK/Reports/Local Requests/Annual Statistic Reports/Annual Stats FY 2025-2026/Final stats reports (for July 1)/Physical Collection Usage/UCM Physical Collection Usage",4,"inline","regularColumn","c2ae23823ce767d95","""Item Location at Time of Loan"".""Library Code""",,,"sqlExpression","""Item Location at Time of Loan"".""Library Code""",0,
130,"UCM Physical Collection Usage","Fulfillment","/shared/University of California System 01UCS_NETWORK/Reports/Local Requests/Annual Statistic Reports/Annual Stats FY 2025-2026/Final stats reports (for July 1)/Physical Collection Usage/UCM Physical Collection Usage",5,"inline","regularColumn","c23b27825941628fd","""Item Location at Time of Loan"".""Location Name""",,,"sqlExpression","""Item Location at Time of Loan"".""Location Name""",0,
130,"UCM Physical Collection Usage","Fulfillment","/shared/University of California System 01UCS_NETWORK/Reports/Local Requests/Annual Statistic Reports/Annual Stats FY 2025-2026/Final stats reports (for July 1)/Physical Collection Usage/UCM Physical Collection Usage",6,"inline","regularColumn","c59004e0189098ed9","""Item Location at Time of Loan"".""Location Code""",,,"sqlExpression","""Item Location at Time of Loan"".""Location Code""",0,
130,"UCM Physical Collection Usage","Fulfillment","/shared/University of California System 01UCS_NETWORK/Reports/Local Requests/Annual Statistic Reports/Annual Stats FY 2025-2026/Final stats reports (for July 1)/Physical Collection Usage/UCM Physical Collection Usage",7,"saved_reference","savedRegularColumnRef","c0548a8c9089fbee9","Fulfillment - UCM Check-Out Type",,,,,0,"/shared/University of California System 01UCS_NETWORK/Reports/Local Requests/Annual Statistic Reports/Annual Stats FY 2025-2026/Fulfillment - UCM Check-Out Type"
130,"UCM Physical Collection Usage","Fulfillment","/shared/University of California System 01UCS_NETWORK/Reports/Local Requests/Annual Statistic Reports/Annual Stats FY 2025-2026/Final stats reports (for July 1)/Physical Collection Usage/UCM Physical Collection Usage",8,"saved_reference","savedRegularColumnRef","cc8498fcc72e02f06","Fulfillment - Alma User Group",,,,,0,"/shared/University of California System 01UCS_NETWORK/Reports/Local Requests/Annual Statistic Reports/Annual Stats FY 2025-2026/Fulfillment - Alma User Group"
130,"UCM Physical Collection Usage","Fulfillment","/shared/University of California System 01UCS_NETWORK/Reports/Local Requests/Annual Statistic Reports/Annual Stats FY 2025-2026/Final stats reports (for July 1)/Physical Collection Usage/UCM Physical Collection Usage",9,"saved_reference","savedRegularColumnRef","c1381a430e5814e59","Fulfillment - UCM User Group",,,,,0,"/shared/University of California System 01UCS_NETWORK/Reports/Local Requests/Annual Statistic Reports/Annual Stats FY 2025-2026/Fulfillment - UCM User Group"
130,"UCM Physical Collection Usage","Fulfillment","/shared/University of California System 01UCS_NETWORK/Reports/Local Requests/Annual Statistic Reports/Annual Stats FY 2025-2026/Final stats reports (for July 1)/Physical Collection Usage/UCM Physical Collection Usage",10,"saved_reference","savedRegularColumnRef","c18284b5c4ab60b10","Fulfillment - FY 2025-26 Loans (Not In House)",,,,,0,"/shared/University of California System 01UCS_NETWORK/Reports/Local Requests/Annual Statistic Reports/Annual Stats FY 2025-2026/Fulfillment - FY 2025-26 Loans (Not In House)"
142,"SLF-S Added Physical Holdings and Titles Report part 1","Physical Items","/shared/University of California System 01UCS_NETWORK/Reports/Local Requests/Annual Statistic Reports/Annual Stats FY 2025-2026/Final stats reports (for July 1)/Physical/SLF-S Added Physical Holdings and Titles Report part 1",1,"saved_reference","savedRegularColumnRef","cdb4727d2a4bc0027","Physical - Systemwide Library Facility",,,,,0,"/shared/University of California System 01UCS_NETWORK/Reports/Local Requests/Annual Statistic Reports/Annual Stats FY 2025-2026/Physical - Systemwide Library Facility"
142,"SLF-S Added Physical Holdings and Titles Report part 1","Physical Items","/shared/University of California System 01UCS_NETWORK/Reports/Local Requests/Annual Statistic Reports/Annual Stats FY 2025-2026/Final stats reports (for July 1)/Physical/SLF-S Added Physical Holdings and Titles Report part 1",2,"saved_reference","savedRegularColumnRef","cebcc92d7b1b50b86","Physical - SLF Depositor",,,,,0,"/shared/University of California System 01UCS_NETWORK/Reports/Local Requests/Annual Statistic Reports/Annual Stats FY 2025-2026/Physical - SLF Depositor"
142,"SLF-S Added Physical Holdings and Titles Report part 1","Physical Items","/shared/University of California System 01UCS_NETWORK/Reports/Local Requests/Annual Statistic Reports/Annual Stats FY 2025-2026/Final stats reports (for July 1)/Physical/SLF-S Added Physical Holdings and Titles Report part 1",3,"inline","regularColumn","cd4897b469b0520d2","""Location"".""Library Name""",,,"sqlExpression","""Location"".""Library Name""",0,
142,"SLF-S Added Physical Holdings and Titles Report part 1","Physical Items","/shared/University of California System 01UCS_NETWORK/Reports/Local Requests/Annual Statistic Reports/Annual Stats FY 2025-2026/Final stats reports (for July 1)/Physical/SLF-S Added Physical Holdings and Titles Report part 1",4,"inline","regularColumn","cb6b886e5442e7b4e","""Location"".""Library Code""",,,"sqlExpression","""Location"".""Library Code""",0,
142,"SLF-S Added Physical Holdings and Titles Report part 1","Physical Items","/shared/University of California System 01UCS_NETWORK/Reports/Local Requests/Annual Statistic Reports/Annual Stats FY 2025-2026/Final stats reports (for July 1)/Physical/SLF-S Added Physical Holdings and Titles Report part 1",5,"inline","regularColumn","c741826d9144c87ab","""Location"".""Location Name""",,,"sqlExpression","""Location"".""Location Name""",0,
142,"SLF-S Added Physical Holdings and Titles Report part 1","Physical Items","/shared/University of California System 01UCS_NETWORK/Reports/Local Requests/Annual Statistic Reports/Annual Stats FY 2025-2026/Final stats reports (for July 1)/Physical/SLF-S Added Physical Holdings and Titles Report part 1",6,"inline","regularColumn","c5f7c80cc993d72e0","""Location"".""Location Code""",,,"sqlExpression","""Location"".""Location Code""",0,
142,"SLF-S Added Physical Holdings and Titles Report part 1","Physical Items","/shared/University of California System 01UCS_NETWORK/Reports/Local Requests/Annual Statistic Reports/Annual Stats FY 2025-2026/Final stats reports (for July 1)/Physical/SLF-S Added Physical Holdings and Titles Report part 1",7,"inline","regularColumn","cf158c28723a11737","""Bibliographic Details"".""Resource Type""",,,"sqlExpression","""Bibliographic Details"".""Resource Type""",0,
142,"SLF-S Added Physical Holdings and Titles Report part 1","Physical Items","/shared/University of California System 01UCS_NETWORK/Reports/Local Requests/Annual Statistic Reports/Annual Stats FY 2025-2026/Final stats reports (for July 1)/Physical/SLF-S Added Physical Holdings and Titles Report part 1",8,"inline","regularColumn","c3c18cc6d41630c5d","""Bibliographic Details"".""Material Type""",,,"sqlExpression","""Bibliographic Details"".""Material Type""",0,
142,"SLF-S Added Physical Holdings and Titles Report part 1","Physical Items","/shared/University of California System 01UCS_NETWORK/Reports/Local Requests/Annual Statistic Reports/Annual Stats FY 2025-2026/Final stats reports (for July 1)/Physical/SLF-S Added Physical Holdings and Titles Report part 1",9,"saved_reference","savedRegularColumnRef","c886b316b33474744","Physical - Count of Physical Holdings",,,,,0,"/shared/University of California System 01UCS_NETWORK/Reports/Local Requests/Annual Statistic Reports/Annual Stats FY 2025-2026/Physical - Count of Physical Holdings"
142,"SLF-S Added Physical Holdings and Titles Report part 1","Physical Items","/shared/University of California System 01UCS_NETWORK/Reports/Local Requests/Annual Statistic Reports/Annual Stats FY 2025-2026/Final stats reports (for July 1)/Physical/SLF-S Added Physical Holdings and Titles Report part 1",10,"saved_reference","savedRegularColumnRef","c41b53947686dd560","Physical - Count of Physical Titles",,,,,0,"/shared/University of California System 01UCS_NETWORK/Reports/Local Requests/Annual Statistic Reports/Annual Stats FY 2025-2026/Physical - Count of Physical Titles"
144,"UCR Physical Collection Usage","Fulfillment","/shared/University of California System 01UCS_NETWORK/Reports/Local Requests/Annual Statistic Reports/Annual Stats FY 2025-2026/Final stats reports (for July 1)/Physical Collection Usage/UCR Physical Collection Usage",1,"saved_reference","savedRegularColumnRef","cb59751b5732fc1df","Fulfillment - Fulfillment Institution",,,,,0,"/shared/University of California System 01UCS_NETWORK/Reports/Local Requests/Annual Statistic Reports/Annual Stats FY 2025-2026/Fulfillment - Fulfillment Institution"
144,"UCR Physical Collection Usage","Fulfillment","/shared/University of California System 01UCS_NETWORK/Reports/Local Requests/Annual Statistic Reports/Annual Stats FY 2025-2026/Final stats reports (for July 1)/Physical Collection Usage/UCR Physical Collection Usage",2,"saved_reference","savedRegularColumnRef","cdec224e62d23c88b","Physical - UCR Library Stats Category",,,,,0,"/shared/University of California System 01UCS_NETWORK/Reports/Local Requests/Annual Statistic Reports/Annual Stats FY 2025-2026/Physical - UCR Library Stats Category"
144,"UCR Physical Collection Usage","Fulfillment","/shared/University of California System 01UCS_NETWORK/Reports/Local Requests/Annual Statistic Reports/Annual Stats FY 2025-2026/Final stats reports (for July 1)/Physical Collection Usage/UCR Physical Collection Usage",3,"inline","regularColumn","c94820f7f6e331bdc","""Item Location at Time of Loan"".""Library Name""",,,"sqlExpression","""Item Location at Time of Loan"".""Library Name""",0,
144,"UCR Physical Collection Usage","Fulfillment","/shared/University of California System 01UCS_NETWORK/Reports/Local Requests/Annual Statistic Reports/Annual Stats FY 2025-2026/Final stats reports (for July 1)/Physical Collection Usage/UCR Physical Collection Usage",4,"inline","regularColumn","c8ec0a3ab17aec1ad","""Item Location at Time of Loan"".""Library Code""",,,"sqlExpression","""Item Location at Time of Loan"".""Library Code""",0,
144,"UCR Physical Collection Usage","Fulfillment","/shared/University of California System 01UCS_NETWORK/Reports/Local Requests/Annual Statistic Reports/Annual Stats FY 2025-2026/Final stats reports (for July 1)/Physical Collection Usage/UCR Physical Collection Usage",5,"inline","regularColumn","c9a6dd426a5e4ba5e","""Item Location at Time of Loan"".""Location Name""",,,"sqlExpression","""Item Location at Time of Loan"".""Location Name""",0,
144,"UCR Physical Collection Usage","Fulfillment","/shared/University of California System 01UCS_NETWORK/Reports/Local Requests/Annual Statistic Reports/Annual Stats FY 2025-2026/Final stats reports (for July 1)/Physical Collection Usage/UCR Physical Collection Usage",6,"inline","regularColumn","c3c4c461f2b982cf9","""Item Location at Time of Loan"".""Location Code""",,,"sqlExpression","""Item Location at Time of Loan"".""Location Code""",0,
144,"UCR Physical Collection Usage","Fulfillment","/shared/University of California System 01UCS_NETWORK/Reports/Local Requests/Annual Statistic Reports/Annual Stats FY 2025-2026/Final stats reports (for July 1)/Physical Collection Usage/UCR Physical Collection Usage",7,"saved_reference","savedRegularColumnRef","c4c2b7888fd7423ba","Fulfillment - UCR Check-Out Type",,,,,0,"/shared/University of California System 01UCS_NETWORK/Reports/Local Requests/Annual Statistic Reports/Annual Stats FY 2025-2026/Fulfillment - UCR Check-Out Type"
144,"UCR Physical Collection Usage","Fulfillment","/shared/University of California System 01UCS_NETWORK/Reports/Local Requests/Annual Statistic Reports/Annual Stats FY 2025-2026/Final stats reports (for July 1)/Physical Collection Usage/UCR Physical Collection Usage",8,"saved_reference","savedRegularColumnRef","cb9453be60d7601a7","Fulfillment - Alma User Group",,,,,0,"/shared/University of California System 01UCS_NETWORK/Reports/Local Requests/Annual Statistic Reports/Annual Stats FY 2025-2026/Fulfillment - Alma User Group"
144,"UCR Physical Collection Usage","Fulfillment","/shared/University of California System 01UCS_NETWORK/Reports/Local Requests/Annual Statistic Reports/Annual Stats FY 2025-2026/Final stats reports (for July 1)/Physical Collection Usage/UCR Physical Collection Usage",9,"saved_reference","savedRegularColumnRef","c03a1ae5c28ae8901","Fulfillment - UCR User Group",,,,,0,"/shared/University of California System 01UCS_NETWORK/Reports/Local Requests/Annual Statistic Reports/Annual Stats FY 2025-2026/Fulfillment - UCR User Group"
144,"UCR Physical Collection Usage","Fulfillment","/shared/University of California System 01UCS_NETWORK/Reports/Local Requests/Annual Statistic Reports/Annual Stats FY 2025-2026/Final stats reports (for July 1)/Physical Collection Usage/UCR Physical Collection Usage",10,"saved_reference","savedRegularColumnRef","c9e61e9ec377589a0","Fulfillment - FY 2025-26 Loans (Not In House)",,,,,0,"/shared/University of California System 01UCS_NETWORK/Reports/Local Requests/Annual Statistic Reports/Annual Stats FY 2025-2026/Fulfillment - FY 2025-26 Loans (Not In House)"
145,"UCM eResources Comparison Report","E-Inventory","/shared/University of California System 01UCS_NETWORK/Reports/Local Requests/Annual Statistic Reports/Annual Stats FY 2025-2026/Final stats reports (for July 1)/eResources Comparison/UCM eResources Comparison Report",1,"saved_reference","savedRegularColumnRef","c3167064b12534e5c","excluded designator",,,,,0,"/shared/University of California System 01UCS_NETWORK/Reports/Local Requests/Annual Statistic Reports/Annual Stats FY 2025-2026/Electronic - Global Stats Electronic included\/excluded designator"
145,"UCM eResources Comparison Report","E-Inventory","/shared/University of California System 01UCS_NETWORK/Reports/Local Requests/Annual Statistic Reports/Annual Stats FY 2025-2026/Final stats reports (for July 1)/eResources Comparison/UCM eResources Comparison Report",2,"saved_reference","savedRegularColumnRef","ced345739d6943101","Electronic - UCM eResources Managed By designator",,,,,0,"/shared/University of California System 01UCS_NETWORK/Reports/Local Requests/Annual Statistic Reports/Annual Stats FY 2025-2026/Electronic - UCM eResources Managed By designator"
145,"UCM eResources Comparison Report","E-Inventory","/shared/University of California System 01UCS_NETWORK/Reports/Local Requests/Annual Statistic Reports/Annual Stats FY 2025-2026/Final stats reports (for July 1)/eResources Comparison/UCM eResources Comparison Report",3,"saved_reference","savedRegularColumnRef","c22fca42134b43247","Electronic - Global Stats Electronic Library Categories",,,,,0,"/shared/University of California System 01UCS_NETWORK/Reports/Local Requests/Annual Statistic Reports/Annual Stats FY 2025-2026/Electronic - Global Stats Electronic Library Categories"
145,"UCM eResources Comparison Report","E-Inventory","/shared/University of California System 01UCS_NETWORK/Reports/Local Requests/Annual Statistic Reports/Annual Stats FY 2025-2026/Final stats reports (for July 1)/eResources Comparison/UCM eResources Comparison Report",4,"inline","regularColumn","c4c6ffb8620dd8bdd","""Electronic Collection"".""Electronic Collection Interface Name""",,,"sqlExpression","""Electronic Collection"".""Electronic Collection Interface Name""",0,
145,"UCM eResources Comparison Report","E-Inventory","/shared/University of California System 01UCS_NETWORK/Reports/Local Requests/Annual Statistic Reports/Annual Stats FY 2025-2026/Final stats reports (for July 1)/eResources Comparison/UCM eResources Comparison Report",5,"saved_reference","savedRegularColumnRef","c65315087015e0974","Electronic - Count of Electronic Holdings",,,,,0,"/shared/University of California System 01UCS_NETWORK/Reports/Local Requests/Annual Statistic Reports/Annual Stats FY 2025-2026/Electronic - Count of Electronic Holdings"
145,"UCM eResources Comparison Report","E-Inventory","/shared/University of California System 01UCS_NETWORK/Reports/Local Requests/Annual Statistic Reports/Annual Stats FY 2025-2026/Final stats reports (for July 1)/eResources Comparison/UCM eResources Comparison Report",6,"saved_reference","savedRegularColumnRef","c566c40555a7517b6","Electronic - Count of Electronic Titles",,,,,0,"/shared/University of California System 01UCS_NETWORK/Reports/Local Requests/Annual Statistic Reports/Annual Stats FY 2025-2026/Electronic - Count of Electronic Titles"
148,"UCM Library Categorization Report","Physical Items","/shared/University of California System 01UCS_NETWORK/Reports/Local Requests/Annual Statistic Reports/Annual Stats FY 2025-2026/Preparation review reports/Physical preparation review reports/UCM Library Categorization Report",1,"saved_reference","savedRegularColumnRef","c26bf758146cba529","campus designator",,,,,0,"/shared/University of California System 01UCS_NETWORK/Reports/Local Requests/Annual Statistic Reports/Annual Stats FY 2025-2026/UCM SLF\/campus designator"
148,"UCM Library Categorization Report","Physical Items","/shared/University of California System 01UCS_NETWORK/Reports/Local Requests/Annual Statistic Reports/Annual Stats FY 2025-2026/Preparation review reports/Physical preparation review reports/UCM Library Categorization Report",2,"saved_reference","savedRegularColumnRef","c5a52ce973de382e9","UCM Library Stats Category",,,,,0,"/shared/University of California System 01UCS_NETWORK/Reports/Local Requests/Annual Statistic Reports/Annual Stats FY 2025-2026/UCM Library Stats Category"
148,"UCM Library Categorization Report","Physical Items","/shared/University of California System 01UCS_NETWORK/Reports/Local Requests/Annual Statistic Reports/Annual Stats FY 2025-2026/Preparation review reports/Physical preparation review reports/UCM Library Categorization Report",3,"inline","regularColumn","ccb283a11aa8b6e6b","""Location"".""Library Name""",,,"sqlExpression","""Location"".""Library Name""",0,
148,"UCM Library Categorization Report","Physical Items","/shared/University of California System 01UCS_NETWORK/Reports/Local Requests/Annual Statistic Reports/Annual Stats FY 2025-2026/Preparation review reports/Physical preparation review reports/UCM Library Categorization Report",4,"inline","regularColumn","cbe3f8ce31d1b46f1","""Location"".""Library Code""",,,"sqlExpression","""Location"".""Library Code""",0,
148,"UCM Library Categorization Report","Physical Items","/shared/University of California System 01UCS_NETWORK/Reports/Local Requests/Annual Statistic Reports/Annual Stats FY 2025-2026/Preparation review reports/Physical preparation review reports/UCM Library Categorization Report",5,"inline","regularColumn","c60631ef88a59ef0f","""Location"".""Location Name""",,,"sqlExpression","""Location"".""Location Name""",0,
148,"UCM Library Categorization Report","Physical Items","/shared/University of California System 01UCS_NETWORK/Reports/Local Requests/Annual Statistic Reports/Annual Stats FY 2025-2026/Preparation review reports/Physical preparation review reports/UCM Library Categorization Report",6,"inline","regularColumn","c377892e021ba2d7b","""Location"".""Location Code""",,,"sqlExpression","""Location"".""Location Code""",0,
148,"UCM Library Categorization Report","Physical Items","/shared/University of California System 01UCS_NETWORK/Reports/Local Requests/Annual Statistic Reports/Annual Stats FY 2025-2026/Preparation review reports/Physical preparation review reports/UCM Library Categorization Report",7,"saved_reference","savedRegularColumnRef","cb394f0163c061473","Count of Physical Holdings",,,,,0,"/shared/University of California System 01UCS_NETWORK/Reports/Local Requests/Annual Statistic Reports/Annual Stats FY 2025-2026/Count of Physical Holdings"
148,"UCM Library Categorization Report","Physical Items","/shared/University of California System 01UCS_NETWORK/Reports/Local Requests/Annual Statistic Reports/Annual Stats FY 2025-2026/Preparation review reports/Physical preparation review reports/UCM Library Categorization Report",8,"saved_reference","savedRegularColumnRef","c9c5cdc70d81406c0","Count of Physical Titles",,,,,0,"/shared/University of California System 01UCS_NETWORK/Reports/Local Requests/Annual Statistic Reports/Annual Stats FY 2025-2026/Count of Physical Titles"
151,"UCR Risk Management Report","Physical Items","/shared/University of California System 01UCS_NETWORK/Reports/Local Requests/Annual Statistic Reports/Annual Stats FY 2025-2026/Final stats reports (for July 1)/Risk Management/UCR Risk Management Report",1,"saved_reference","savedRegularColumnRef","c9e85a30596e786b8","campus designator",,,,,0,"/shared/University of California System 01UCS_NETWORK/Reports/Local Requests/Annual Statistic Reports/Annual Stats FY 2025-2026/UCR SLF\/campus designator"
151,"UCR Risk Management Report","Physical Items","/shared/University of California System 01UCS_NETWORK/Reports/Local Requests/Annual Statistic Reports/Annual Stats FY 2025-2026/Final stats reports (for July 1)/Risk Management/UCR Risk Management Report",2,"inline","regularColumn","cafffd1e71a5a7ac8","""Location"".""Library Name""",,,"sqlExpression","""Location"".""Library Name""",0,
151,"UCR Risk Management Report","Physical Items","/shared/University of California System 01UCS_NETWORK/Reports/Local Requests/Annual Statistic Reports/Annual Stats FY 2025-2026/Final stats reports (for July 1)/Risk Management/UCR Risk Management Report",3,"inline","regularColumn","c0046ba395cf6caff","""Location"".""Library Code""",,,"sqlExpression","""Location"".""Library Code""",0,
151,"UCR Risk Management Report","Physical Items","/shared/University of California System 01UCS_NETWORK/Reports/Local Requests/Annual Statistic Reports/Annual Stats FY 2025-2026/Final stats reports (for July 1)/Risk Management/UCR Risk Management Report",4,"inline","regularColumn","c5e8cde1ba74beea7","""Location"".""Location Name""",,,"sqlExpression","""Location"".""Location Name""",0,
151,"UCR Risk Management Report","Physical Items","/shared/University of California System 01UCS_NETWORK/Reports/Local Requests/Annual Statistic Reports/Annual Stats FY 2025-2026/Final stats reports (for July 1)/Risk Management/UCR Risk Management Report",5,"inline","regularColumn","c3e3e024d301c6319","""Location"".""Location Code""",,,"sqlExpression","""Location"".""Location Code""",0,
151,"UCR Risk Management Report","Physical Items","/shared/University of California System 01UCS_NETWORK/Reports/Local Requests/Annual Statistic Reports/Annual Stats FY 2025-2026/Final stats reports (for July 1)/Risk Management/UCR Risk Management Report",6,"inline","regularColumn","cd536c10c479d7815","""Bibliographic Details"".""Resource Type""",,,"sqlExpression","""Bibliographic Details"".""Resource Type""",0,
151,"UCR Risk Management Report","Physical Items","/shared/University of California System 01UCS_NETWORK/Reports/Local Requests/Annual Statistic Reports/Annual Stats FY 2025-2026/Final stats reports (for July 1)/Risk Management/UCR Risk Management Report",7,"saved_reference","savedRegularColumnRef","c4121df0acdd2ca3b","Count of Physical Holdings",,,,,0,"/shared/University of California System 01UCS_NETWORK/Reports/Local Requests/Annual Statistic Reports/Annual Stats FY 2025-2026/Count of Physical Holdings"
154,"UCM eResources Library Categorization Report","E-Inventory","/shared/University of California System 01UCS_NETWORK/Reports/Local Requests/Annual Statistic Reports/Annual Stats FY 2025-2026/Preparation review reports/Electronic preparation review reports/UCM eResources Library Categorization Report",1,"inline","regularColumn","c2a53da92d15619df","""Institution"".""Institution Name""",,,"sqlExpression","""Institution"".""Institution Name""",0,
154,"UCM eResources Library Categorization Report","E-Inventory","/shared/University of California System 01UCS_NETWORK/Reports/Local Requests/Annual Statistic Reports/Annual Stats FY 2025-2026/Preparation review reports/Electronic preparation review reports/UCM eResources Library Categorization Report",2,"saved_reference","savedRegularColumnRef","c93c38f9d46dde768","Electronic - Global Stats Electronic Library Categories",,,,,0,"/shared/University of California System 01UCS_NETWORK/Reports/Local Requests/Annual Statistic Reports/Annual Stats FY 2025-2026/Electronic - Global Stats Electronic Library Categories"
154,"UCM eResources Library Categorization Report","E-Inventory","/shared/University of California System 01UCS_NETWORK/Reports/Local Requests/Annual Statistic Reports/Annual Stats FY 2025-2026/Preparation review reports/Electronic preparation review reports/UCM eResources Library Categorization Report",3,"inline","regularColumn","c16b804d4f2a9bfed","""Portfolio Library Unit"".""Library Name""",,,"sqlExpression","""Portfolio Library Unit"".""Library Name""",0,
154,"UCM eResources Library Categorization Report","E-Inventory","/shared/University of California System 01UCS_NETWORK/Reports/Local Requests/Annual Statistic Reports/Annual Stats FY 2025-2026/Preparation review reports/Electronic preparation review reports/UCM eResources Library Categorization Report",4,"inline","regularColumn","c9a2b1a7e8a8fa595","""Portfolio Library Unit"".""Library Code""",,,"sqlExpression","""Portfolio Library Unit"".""Library Code""",0,
162,"UCM Electronic Holdings and Titles Report","E-Inventory","/shared/University of California System 01UCS_NETWORK/Reports/Local Requests/Annual Statistic Reports/Annual Stats FY 2025-2026/Final stats reports (for July 1)/Electronic/UCM Electronic Holdings and Titles Report",1,"saved_reference","savedRegularColumnRef","c3167064b12534e5c","excluded designator",,,,,0,"/shared/University of California System 01UCS_NETWORK/Reports/Local Requests/Annual Statistic Reports/Annual Stats FY 2025-2026/Electronic - Global Stats Electronic included\/excluded designator"
162,"UCM Electronic Holdings and Titles Report","E-Inventory","/shared/University of California System 01UCS_NETWORK/Reports/Local Requests/Annual Statistic Reports/Annual Stats FY 2025-2026/Final stats reports (for July 1)/Electronic/UCM Electronic Holdings and Titles Report",2,"saved_reference","savedRegularColumnRef","ced345739d6943101","Electronic - UCM eResources Managed By designator",,,,,0,"/shared/University of California System 01UCS_NETWORK/Reports/Local Requests/Annual Statistic Reports/Annual Stats FY 2025-2026/Electronic - UCM eResources Managed By designator"
162,"UCM Electronic Holdings and Titles Report","E-Inventory","/shared/University of California System 01UCS_NETWORK/Reports/Local Requests/Annual Statistic Reports/Annual Stats FY 2025-2026/Final stats reports (for July 1)/Electronic/UCM Electronic Holdings and Titles Report",3,"saved_reference","savedRegularColumnRef","c22fca42134b43247","Electronic - Global Stats Electronic Library Categories",,,,,0,"/shared/University of California System 01UCS_NETWORK/Reports/Local Requests/Annual Statistic Reports/Annual Stats FY 2025-2026/Electronic - Global Stats Electronic Library Categories"
162,"UCM Electronic Holdings and Titles Report","E-Inventory","/shared/University of California System 01UCS_NETWORK/Reports/Local Requests/Annual Statistic Reports/Annual Stats FY 2025-2026/Final stats reports (for July 1)/Electronic/UCM Electronic Holdings and Titles Report",4,"inline","regularColumn","c896ed44fc3546941","""Bibliographic Details"".""Resource Type""",,,"sqlExpression","""Bibliographic Details"".""Resource Type""",0,
162,"UCM Electronic Holdings and Titles Report","E-Inventory","/shared/University of California System 01UCS_NETWORK/Reports/Local Requests/Annual Statistic Reports/Annual Stats FY 2025-2026/Final stats reports (for July 1)/Electronic/UCM Electronic Holdings and Titles Report",5,"saved_reference","savedRegularColumnRef","c65315087015e0974","Electronic - Count of Electronic Holdings",,,,,0,"/shared/University of California System 01UCS_NETWORK/Reports/Local Requests/Annual Statistic Reports/Annual Stats FY 2025-2026/Electronic - Count of Electronic Holdings"
162,"UCM Electronic Holdings and Titles Report","E-Inventory","/shared/University of California System 01UCS_NETWORK/Reports/Local Requests/Annual Statistic Reports/Annual Stats FY 2025-2026/Final stats reports (for July 1)/Electronic/UCM Electronic Holdings and Titles Report",6,"saved_reference","savedRegularColumnRef","c566c40555a7517b6","Electronic - Count of Electronic Titles",,,,,0,"/shared/University of California System 01UCS_NETWORK/Reports/Local Requests/Annual Statistic Reports/Annual Stats FY 2025-2026/Electronic - Count of Electronic Titles"
164,"UCI Check-Out Type Categorization Report","Fulfillment","/shared/University of California System 01UCS_NETWORK/Reports/Local Requests/Annual Statistic Reports/Annual Stats FY 2025-2026/Preparation review reports/Fulfillment preparation review reports/UCI Check-Out Type Categorization Report",1,"inline","regularColumn","c34f76bfacb00c3a3","""Institution"".""Institution Name""",,,"sqlExpression","""Institution"".""Institution Name""",0,
164,"UCI Check-Out Type Categorization Report","Fulfillment","/shared/University of California System 01UCS_NETWORK/Reports/Local Requests/Annual Statistic Reports/Annual Stats FY 2025-2026/Preparation review reports/Fulfillment preparation review reports/UCI Check-Out Type Categorization Report",2,"saved_reference","savedRegularColumnRef","c5b4e30bb148eeb63","UCI Check-Out Type",,,,,0,"/shared/University of California System 01UCS_NETWORK/Reports/Local Requests/Annual Statistic Reports/Annual Stats FY 2025-2026/UCI Check-Out Type"
164,"UCI Check-Out Type Categorization Report","Fulfillment","/shared/University of California System 01UCS_NETWORK/Reports/Local Requests/Annual Statistic Reports/Annual Stats FY 2025-2026/Preparation review reports/Fulfillment preparation review reports/UCI Check-Out Type Categorization Report",3,"inline","regularColumn","c1bd54facdc32c0a1","""Item Location at Time of Loan"".""Library Name""",,,"sqlExpression","""Item Location at Time of Loan"".""Library Name""",0,
164,"UCI Check-Out Type Categorization Report","Fulfillment","/shared/University of California System 01UCS_NETWORK/Reports/Local Requests/Annual Statistic Reports/Annual Stats FY 2025-2026/Preparation review reports/Fulfillment preparation review reports/UCI Check-Out Type Categorization Report",4,"inline","regularColumn","c62ac00ab510fc22f","""Item Location at Time of Loan"".""Library Code""",,,"sqlExpression","""Item Location at Time of Loan"".""Library Code""",0,
164,"UCI Check-Out Type Categorization Report","Fulfillment","/shared/University of California System 01UCS_NETWORK/Reports/Local Requests/Annual Statistic Reports/Annual Stats FY 2025-2026/Preparation review reports/Fulfillment preparation review reports/UCI Check-Out Type Categorization Report",5,"inline","regularColumn","c4add33d3429b4f12","""Item Location at Time of Loan"".""Location Name""",,,"sqlExpression","""Item Location at Time of Loan"".""Location Name""",0,
164,"UCI Check-Out Type Categorization Report","Fulfillment","/shared/University of California System 01UCS_NETWORK/Reports/Local Requests/Annual Statistic Reports/Annual Stats FY 2025-2026/Preparation review reports/Fulfillment preparation review reports/UCI Check-Out Type Categorization Report",6,"inline","regularColumn","c1a3202bb7ce6f4b7","""Item Location at Time of Loan"".""Location Code""",,,"sqlExpression","""Item Location at Time of Loan"".""Location Code""",0,
164,"UCI Check-Out Type Categorization Report","Fulfillment","/shared/University of California System 01UCS_NETWORK/Reports/Local Requests/Annual Statistic Reports/Annual Stats FY 2025-2026/Preparation review reports/Fulfillment preparation review reports/UCI Check-Out Type Categorization Report",7,"saved_reference","savedRegularColumnRef","c37b3277854b960c2","FY 2025-26 Loans (Not In House)",,,,,0,"/shared/University of California System 01UCS_NETWORK/Reports/Local Requests/Annual Statistic Reports/Annual Stats FY 2025-2026/FY 2025-26 Loans (Not In House)"
166,"UCSB Physical Collection Usage","Fulfillment","/shared/University of California System 01UCS_NETWORK/Reports/Local Requests/Annual Statistic Reports/Annual Stats FY 2025-2026/Final stats reports (for July 1)/Physical Collection Usage/UCSB Physical Collection Usage",1,"saved_reference","savedRegularColumnRef","c6af50930e383411e","Fulfillment - Fulfillment Institution",,,,,0,"/shared/University of California System 01UCS_NETWORK/Reports/Local Requests/Annual Statistic Reports/Annual Stats FY 2025-2026/Fulfillment - Fulfillment Institution"
166,"UCSB Physical Collection Usage","Fulfillment","/shared/University of California System 01UCS_NETWORK/Reports/Local Requests/Annual Statistic Reports/Annual Stats FY 2025-2026/Final stats reports (for July 1)/Physical Collection Usage/UCSB Physical Collection Usage",2,"saved_reference","savedRegularColumnRef","cd5d74027cc7c9461","Physical - UCSB Library Stats Category",,,,,0,"/shared/University of California System 01UCS_NETWORK/Reports/Local Requests/Annual Statistic Reports/Annual Stats FY 2025-2026/Physical - UCSB Library Stats Category"
166,"UCSB Physical Collection Usage","Fulfillment","/shared/University of California System 01UCS_NETWORK/Reports/Local Requests/Annual Statistic Reports/Annual Stats FY 2025-2026/Final stats reports (for July 1)/Physical Collection Usage/UCSB Physical Collection Usage",3,"inline","regularColumn","c51a373891ac05dc6","""Item Location at Time of Loan"".""Library Name""",,,"sqlExpression","""Item Location at Time of Loan"".""Library Name""",0,
166,"UCSB Physical Collection Usage","Fulfillment","/shared/University of California System 01UCS_NETWORK/Reports/Local Requests/Annual Statistic Reports/Annual Stats FY 2025-2026/Final stats reports (for July 1)/Physical Collection Usage/UCSB Physical Collection Usage",4,"inline","regularColumn","c1bd01995cf6bcd2d","""Item Location at Time of Loan"".""Library Code""",,,"sqlExpression","""Item Location at Time of Loan"".""Library Code""",0,
166,"UCSB Physical Collection Usage","Fulfillment","/shared/University of California System 01UCS_NETWORK/Reports/Local Requests/Annual Statistic Reports/Annual Stats FY 2025-2026/Final stats reports (for July 1)/Physical Collection Usage/UCSB Physical Collection Usage",5,"inline","regularColumn","c171d98dff491b246","""Item Location at Time of Loan"".""Location Name""",,,"sqlExpression","""Item Location at Time of Loan"".""Location Name""",0,
166,"UCSB Physical Collection Usage","Fulfillment","/shared/University of California System 01UCS_NETWORK/Reports/Local Requests/Annual Statistic Reports/Annual Stats FY 2025-2026/Final stats reports (for July 1)/Physical Collection Usage/UCSB Physical Collection Usage",6,"inline","regularColumn","c462a2d0992dc7fb6","""Item Location at Time of Loan"".""Location Code""",,,"sqlExpression","""Item Location at Time of Loan"".""Location Code""",0,
166,"UCSB Physical Collection Usage","Fulfillment","/shared/University of California System 01UCS_NETWORK/Reports/Local Requests/Annual Statistic Reports/Annual Stats FY 2025-2026/Final stats reports (for July 1)/Physical Collection Usage/UCSB Physical Collection Usage",7,"saved_reference","savedRegularColumnRef","c29a0c68ffbab61f1","Fulfillment - UCSB Check-Out Type",,,,,0,"/shared/University of California System 01UCS_NETWORK/Reports/Local Requests/Annual Statistic Reports/Annual Stats FY 2025-2026/Fulfillment - UCSB Check-Out Type"
166,"UCSB Physical Collection Usage","Fulfillment","/shared/University of California System 01UCS_NETWORK/Reports/Local Requests/Annual Statistic Reports/Annual Stats FY 2025-2026/Final stats reports (for July 1)/Physical Collection Usage/UCSB Physical Collection Usage",8,"saved_reference","savedRegularColumnRef","ccd20af49afa0ed51","Fulfillment - Alma User Group",,,,,0,"/shared/University of California System 01UCS_NETWORK/Reports/Local Requests/Annual Statistic Reports/Annual Stats FY 2025-2026/Fulfillment - Alma User Group"
166,"UCSB Physical Collection Usage","Fulfillment","/shared/University of California System 01UCS_NETWORK/Reports/Local Requests/Annual Statistic Reports/Annual Stats FY 2025-2026/Final stats reports (for July 1)/Physical Collection Usage/UCSB Physical Collection Usage",9,"saved_reference","savedRegularColumnRef","c2993cba366d35dca","Fulfillment - UCSB User Group",,,,,0,"/shared/University of California System 01UCS_NETWORK/Reports/Local Requests/Annual Statistic Reports/Annual Stats FY 2025-2026/Fulfillment - UCSB User Group"
166,"UCSB Physical Collection Usage","Fulfillment","/shared/University of California System 01UCS_NETWORK/Reports/Local Requests/Annual Statistic Reports/Annual Stats FY 2025-2026/Final stats reports (for July 1)/Physical Collection Usage/UCSB Physical Collection Usage",10,"saved_reference","savedRegularColumnRef","c7164f26c009be836","Fulfillment - FY 2025-26 Loans (Not In House)",,,,,0,"/shared/University of California System 01UCS_NETWORK/Reports/Local Requests/Annual Statistic Reports/Annual Stats FY 2025-2026/Fulfillment - FY 2025-26 Loans (Not In House)"
170,"UCSB Risk Management Report","Physical Items","/shared/University of California System 01UCS_NETWORK/Reports/Local Requests/Annual Statistic Reports/Annual Stats FY 2025-2026/Final stats reports (for July 1)/Risk Management/UCSB Risk Management Report",1,"saved_reference","savedRegularColumnRef","cca8ab1963e080dac","campus designator",,,,,0,"/shared/University of California System 01UCS_NETWORK/Reports/Local Requests/Annual Statistic Reports/Annual Stats FY 2025-2026/UCSB SLF\/campus designator"
170,"UCSB Risk Management Report","Physical Items","/shared/University of California System 01UCS_NETWORK/Reports/Local Requests/Annual Statistic Reports/Annual Stats FY 2025-2026/Final stats reports (for July 1)/Risk Management/UCSB Risk Management Report",2,"inline","regularColumn","c2585db472a60f04b","""Location"".""Library Name""",,,"sqlExpression","""Location"".""Library Name""",0,
170,"UCSB Risk Management Report","Physical Items","/shared/University of California System 01UCS_NETWORK/Reports/Local Requests/Annual Statistic Reports/Annual Stats FY 2025-2026/Final stats reports (for July 1)/Risk Management/UCSB Risk Management Report",3,"inline","regularColumn","c29c00b20b93d6510","""Location"".""Library Code""",,,"sqlExpression","""Location"".""Library Code""",0,
170,"UCSB Risk Management Report","Physical Items","/shared/University of California System 01UCS_NETWORK/Reports/Local Requests/Annual Statistic Reports/Annual Stats FY 2025-2026/Final stats reports (for July 1)/Risk Management/UCSB Risk Management Report",4,"inline","regularColumn","ce80c79fe167b2f62","""Location"".""Location Name""",,,"sqlExpression","""Location"".""Location Name""",0,
170,"UCSB Risk Management Report","Physical Items","/shared/University of California System 01UCS_NETWORK/Reports/Local Requests/Annual Statistic Reports/Annual Stats FY 2025-2026/Final stats reports (for July 1)/Risk Management/UCSB Risk Management Report",5,"inline","regularColumn","c617c0d6880875dab","""Location"".""Location Code""",,,"sqlExpression","""Location"".""Location Code""",0,
170,"UCSB Risk Management Report","Physical Items","/shared/University of California System 01UCS_NETWORK/Reports/Local Requests/Annual Statistic Reports/Annual Stats FY 2025-2026/Final stats reports (for July 1)/Risk Management/UCSB Risk Management Report",6,"inline","regularColumn","cc8fb810eb21242a5","""Bibliographic Details"".""Resource Type""",,,"sqlExpression","""Bibliographic Details"".""Resource Type""",0,
170,"UCSB Risk Management Report","Physical Items","/shared/University of California System 01UCS_NETWORK/Reports/Local Requests/Annual Statistic Reports/Annual Stats FY 2025-2026/Final stats reports (for July 1)/Risk Management/UCSB Risk Management Report",7,"saved_reference","savedRegularColumnRef","c4748f241953224ae","Count of Physical Holdings",,,,,0,"/shared/University of California System 01UCS_NETWORK/Reports/Local Requests/Annual Statistic Reports/Annual Stats FY 2025-2026/Count of Physical Holdings"
171,"UCI User Group Categorization Report","Fulfillment","/shared/University of California System 01UCS_NETWORK/Reports/Local Requests/Annual Statistic Reports/Annual Stats FY 2025-2026/Preparation review reports/Fulfillment preparation review reports/UCI User Group Categorization Report",1,"inline","regularColumn","c7354defbe70a2760","""Institution"".""Institution Name""",,,"sqlExpression","""Institution"".""Institution Name""",0,
171,"UCI User Group Categorization Report","Fulfillment","/shared/University of California System 01UCS_NETWORK/Reports/Local Requests/Annual Statistic Reports/Annual Stats FY 2025-2026/Preparation review reports/Fulfillment preparation review reports/UCI User Group Categorization Report",2,"saved_reference","savedRegularColumnRef","c7e283cf40b206838","UCI User Group",,,,,0,"/shared/University of California System 01UCS_NETWORK/Reports/Local Requests/Annual Statistic Reports/Annual Stats FY 2025-2026/UCI User Group"
171,"UCI User Group Categorization Report","Fulfillment","/shared/University of California System 01UCS_NETWORK/Reports/Local Requests/Annual Statistic Reports/Annual Stats FY 2025-2026/Preparation review reports/Fulfillment preparation review reports/UCI User Group Categorization Report",3,"inline","regularColumn","cb8d2bd0c4a449b3f","""Borrower Details"".""User Group""",,,"sqlExpression","""Borrower Details"".""User Group""",0,
174,"UCR eResources Comparison Report","E-Inventory","/shared/University of California System 01UCS_NETWORK/Reports/Local Requests/Annual Statistic Reports/Annual Stats FY 2025-2026/Final stats reports (for July 1)/eResources Comparison/UCR eResources Comparison Report",1,"saved_reference","savedRegularColumnRef","c0ad6ee1e1e656a7d","excluded designator",,,,,0,"/shared/University of California System 01UCS_NETWORK/Reports/Local Requests/Annual Statistic Reports/Annual Stats FY 2025-2026/Electronic - Global Stats Electronic included\/excluded designator"
174,"UCR eResources Comparison Report","E-Inventory","/shared/University of California System 01UCS_NETWORK/Reports/Local Requests/Annual Statistic Reports/Annual Stats FY 2025-2026/Final stats reports (for July 1)/eResources Comparison/UCR eResources Comparison Report",2,"saved_reference","savedRegularColumnRef","ca8cd2eee29d7f9ab","Electronic - UCR eResources Managed By designator",,,,,0,"/shared/University of California System 01UCS_NETWORK/Reports/Local Requests/Annual Statistic Reports/Annual Stats FY 2025-2026/Electronic - UCR eResources Managed By designator"
174,"UCR eResources Comparison Report","E-Inventory","/shared/University of California System 01UCS_NETWORK/Reports/Local Requests/Annual Statistic Reports/Annual Stats FY 2025-2026/Final stats reports (for July 1)/eResources Comparison/UCR eResources Comparison Report",3,"saved_reference","savedRegularColumnRef","c522878cc99270e54","Electronic - Global Stats Electronic Library Categories",,,,,0,"/shared/University of California System 01UCS_NETWORK/Reports/Local Requests/Annual Statistic Reports/Annual Stats FY 2025-2026/Electronic - Global Stats Electronic Library Categories"
174,"UCR eResources Comparison Report","E-Inventory","/shared/University of California System 01UCS_NETWORK/Reports/Local Requests/Annual Statistic Reports/Annual Stats FY 2025-2026/Final stats reports (for July 1)/eResources Comparison/UCR eResources Comparison Report",4,"inline","regularColumn","cb0eea3d634c8bf69","""Electronic Collection"".""Electronic Collection Interface Name""",,,"sqlExpression","""Electronic Collection"".""Electronic Collection Interface Name""",0,
174,"UCR eResources Comparison Report","E-Inventory","/shared/University of California System 01UCS_NETWORK/Reports/Local Requests/Annual Statistic Reports/Annual Stats FY 2025-2026/Final stats reports (for July 1)/eResources Comparison/UCR eResources Comparison Report",5,"saved_reference","savedRegularColumnRef","c2d15ce3950148fb6","Electronic - Count of Electronic Holdings",,,,,0,"/shared/University of California System 01UCS_NETWORK/Reports/Local Requests/Annual Statistic Reports/Annual Stats FY 2025-2026/Electronic - Count of Electronic Holdings"
174,"UCR eResources Comparison Report","E-Inventory","/shared/University of California System 01UCS_NETWORK/Reports/Local Requests/Annual Statistic Reports/Annual Stats FY 2025-2026/Final stats reports (for July 1)/eResources Comparison/UCR eResources Comparison Report",6,"saved_reference","savedRegularColumnRef","cfde45ba53c222294","Electronic - Count of Electronic Titles",,,,,0,"/shared/University of California System 01UCS_NETWORK/Reports/Local Requests/Annual Statistic Reports/Annual Stats FY 2025-2026/Electronic - Count of Electronic Titles"
175,"UCR eResources Library Categorization Report","E-Inventory","/shared/University of California System 01UCS_NETWORK/Reports/Local Requests/Annual Statistic Reports/Annual Stats FY 2025-2026/Preparation review reports/Electronic preparation review reports/UCR eResources Library Categorization Report",1,"inline","regularColumn","c2a53da92d15619df","""Institution"".""Institution Name""",,,"sqlExpression","""Institution"".""Institution Name""",0,
175,"UCR eResources Library Categorization Report","E-Inventory","/shared/University of California System 01UCS_NETWORK/Reports/Local Requests/Annual Statistic Reports/Annual Stats FY 2025-2026/Preparation review reports/Electronic preparation review reports/UCR eResources Library Categorization Report",2,"saved_reference","savedRegularColumnRef","c93c38f9d46dde768","Electronic - Global Stats Electronic Library Categories",,,,,0,"/shared/University of California System 01UCS_NETWORK/Reports/Local Requests/Annual Statistic Reports/Annual Stats FY 2025-2026/Electronic - Global Stats Electronic Library Categories"
175,"UCR eResources Library Categorization Report","E-Inventory","/shared/University of California System 01UCS_NETWORK/Reports/Local Requests/Annual Statistic Reports/Annual Stats FY 2025-2026/Preparation review reports/Electronic preparation review reports/UCR eResources Library Categorization Report",3,"inline","regularColumn","c16b804d4f2a9bfed","""Portfolio Library Unit"".""Library Name""",,,"sqlExpression","""Portfolio Library Unit"".""Library Name""",0,
175,"UCR eResources Library Categorization Report","E-Inventory","/shared/University of California System 01UCS_NETWORK/Reports/Local Requests/Annual Statistic Reports/Annual Stats FY 2025-2026/Preparation review reports/Electronic preparation review reports/UCR eResources Library Categorization Report",4,"inline","regularColumn","c9a2b1a7e8a8fa595","""Portfolio Library Unit"".""Library Code""",,,"sqlExpression","""Portfolio Library Unit"".""Library Code""",0,
177,"UCR Library Categorization Report","Physical Items","/shared/University of California System 01UCS_NETWORK/Reports/Local Requests/Annual Statistic Reports/Annual Stats FY 2025-2026/Preparation review reports/Physical preparation review reports/UCR Library Categorization Report",1,"saved_reference","savedRegularColumnRef","c9e85a30596e786b8","campus designator",,,,,0,"/shared/University of California System 01UCS_NETWORK/Reports/Local Requests/Annual Statistic Reports/Annual Stats FY 2025-2026/UCR SLF\/campus designator"
177,"UCR Library Categorization Report","Physical Items","/shared/University of California System 01UCS_NETWORK/Reports/Local Requests/Annual Statistic Reports/Annual Stats FY 2025-2026/Preparation review reports/Physical preparation review reports/UCR Library Categorization Report",2,"saved_reference","savedRegularColumnRef","c815a8c9612bce20a","UCR Library Stats Category",,,,,0,"/shared/University of California System 01UCS_NETWORK/Reports/Local Requests/Annual Statistic Reports/Annual Stats FY 2025-2026/UCR Library Stats Category"
177,"UCR Library Categorization Report","Physical Items","/shared/University of California System 01UCS_NETWORK/Reports/Local Requests/Annual Statistic Reports/Annual Stats FY 2025-2026/Preparation review reports/Physical preparation review reports/UCR Library Categorization Report",3,"inline","regularColumn","cafffd1e71a5a7ac8","""Location"".""Library Name""",,,"sqlExpression","""Location"".""Library Name""",0,
177,"UCR Library Categorization Report","Physical Items","/shared/University of California System 01UCS_NETWORK/Reports/Local Requests/Annual Statistic Reports/Annual Stats FY 2025-2026/Preparation review reports/Physical preparation review reports/UCR Library Categorization Report",4,"inline","regularColumn","c0046ba395cf6caff","""Location"".""Library Code""",,,"sqlExpression","""Location"".""Library Code""",0,
177,"UCR Library Categorization Report","Physical Items","/shared/University of California System 01UCS_NETWORK/Reports/Local Requests/Annual Statistic Reports/Annual Stats FY 2025-2026/Preparation review reports/Physical preparation review reports/UCR Library Categorization Report",5,"inline","regularColumn","c5e8cde1ba74beea7","""Location"".""Location Name""",,,"sqlExpression","""Location"".""Location Name""",0,
177,"UCR Library Categorization Report","Physical Items","/shared/University of California System 01UCS_NETWORK/Reports/Local Requests/Annual Statistic Reports/Annual Stats FY 2025-2026/Preparation review reports/Physical preparation review reports/UCR Library Categorization Report",6,"inline","regularColumn","c3e3e024d301c6319","""Location"".""Location Code""",,,"sqlExpression","""Location"".""Location Code""",0,
177,"UCR Library Categorization Report","Physical Items","/shared/University of California System 01UCS_NETWORK/Reports/Local Requests/Annual Statistic Reports/Annual Stats FY 2025-2026/Preparation review reports/Physical preparation review reports/UCR Library Categorization Report",7,"saved_reference","savedRegularColumnRef","c4121df0acdd2ca3b","Count of Physical Holdings",,,,,0,"/shared/University of California System 01UCS_NETWORK/Reports/Local Requests/Annual Statistic Reports/Annual Stats FY 2025-2026/Count of Physical Holdings"
177,"UCR Library Categorization Report","Physical Items","/shared/University of California System 01UCS_NETWORK/Reports/Local Requests/Annual Statistic Reports/Annual Stats FY 2025-2026/Preparation review reports/Physical preparation review reports/UCR Library Categorization Report",8,"saved_reference","savedRegularColumnRef","ce4948648c0ab650b","Count of Physical Titles",,,,,0,"/shared/University of California System 01UCS_NETWORK/Reports/Local Requests/Annual Statistic Reports/Annual Stats FY 2025-2026/Count of Physical Titles"
178,"UCR Electronic Holdings and Titles Report","E-Inventory","/shared/University of California System 01UCS_NETWORK/Reports/Local Requests/Annual Statistic Reports/Annual Stats FY 2025-2026/Final stats reports (for July 1)/Electronic/UCR Electronic Holdings and Titles Report",1,"saved_reference","savedRegularColumnRef","c0ad6ee1e1e656a7d","excluded designator",,,,,0,"/shared/University of California System 01UCS_NETWORK/Reports/Local Requests/Annual Statistic Reports/Annual Stats FY 2025-2026/Electronic - Global Stats Electronic included\/excluded designator"
178,"UCR Electronic Holdings and Titles Report","E-Inventory","/shared/University of California System 01UCS_NETWORK/Reports/Local Requests/Annual Statistic Reports/Annual Stats FY 2025-2026/Final stats reports (for July 1)/Electronic/UCR Electronic Holdings and Titles Report",2,"saved_reference","savedRegularColumnRef","ca8cd2eee29d7f9ab","Electronic - UCR eResources Managed By designator",,,,,0,"/shared/University of California System 01UCS_NETWORK/Reports/Local Requests/Annual Statistic Reports/Annual Stats FY 2025-2026/Electronic - UCR eResources Managed By designator"
178,"UCR Electronic Holdings and Titles Report","E-Inventory","/shared/University of California System 01UCS_NETWORK/Reports/Local Requests/Annual Statistic Reports/Annual Stats FY 2025-2026/Final stats reports (for July 1)/Electronic/UCR Electronic Holdings and Titles Report",3,"saved_reference","savedRegularColumnRef","c522878cc99270e54","Electronic - Global Stats Electronic Library Categories",,,,,0,"/shared/University of California System 01UCS_NETWORK/Reports/Local Requests/Annual Statistic Reports/Annual Stats FY 2025-2026/Electronic - Global Stats Electronic Library Categories"
178,"UCR Electronic Holdings and Titles Report","E-Inventory","/shared/University of California System 01UCS_NETWORK/Reports/Local Requests/Annual Statistic Reports/Annual Stats FY 2025-2026/Final stats reports (for July 1)/Electronic/UCR Electronic Holdings and Titles Report",4,"inline","regularColumn","cea5066c6462ce29f","""Bibliographic Details"".""Resource Type""",,,"sqlExpression","""Bibliographic Details"".""Resource Type""",0,
178,"UCR Electronic Holdings and Titles Report","E-Inventory","/shared/University of California System 01UCS_NETWORK/Reports/Local Requests/Annual Statistic Reports/Annual Stats FY 2025-2026/Final stats reports (for July 1)/Electronic/UCR Electronic Holdings and Titles Report",5,"saved_reference","savedRegularColumnRef","c2d15ce3950148fb6","Electronic - Count of Electronic Holdings",,,,,0,"/shared/University of California System 01UCS_NETWORK/Reports/Local Requests/Annual Statistic Reports/Annual Stats FY 2025-2026/Electronic - Count of Electronic Holdings"
178,"UCR Electronic Holdings and Titles Report","E-Inventory","/shared/University of California System 01UCS_NETWORK/Reports/Local Requests/Annual Statistic Reports/Annual Stats FY 2025-2026/Final stats reports (for July 1)/Electronic/UCR Electronic Holdings and Titles Report",6,"saved_reference","savedRegularColumnRef","cfde45ba53c222294","Electronic - Count of Electronic Titles",,,,,0,"/shared/University of California System 01UCS_NETWORK/Reports/Local Requests/Annual Statistic Reports/Annual Stats FY 2025-2026/Electronic - Count of Electronic Titles"
181,"UCLA Check-Out Type Categorization Report","Fulfillment","/shared/University of California System 01UCS_NETWORK/Reports/Local Requests/Annual Statistic Reports/Annual Stats FY 2025-2026/Preparation review reports/Fulfillment preparation review reports/UCLA Check-Out Type Categorization Report",1,"inline","regularColumn","caf0615f8c012c60c","""Institution"".""Institution Name""",,,"sqlExpression","""Institution"".""Institution Name""",0,
181,"UCLA Check-Out Type Categorization Report","Fulfillment","/shared/University of California System 01UCS_NETWORK/Reports/Local Requests/Annual Statistic Reports/Annual Stats FY 2025-2026/Preparation review reports/Fulfillment preparation review reports/UCLA Check-Out Type Categorization Report",2,"saved_reference","savedRegularColumnRef","c405cf6687833f496","UCLA Check-Out Type",,,,,0,"/shared/University of California System 01UCS_NETWORK/Reports/Local Requests/Annual Statistic Reports/Annual Stats FY 2025-2026/UCLA Check-Out Type"
181,"UCLA Check-Out Type Categorization Report","Fulfillment","/shared/University of California System 01UCS_NETWORK/Reports/Local Requests/Annual Statistic Reports/Annual Stats FY 2025-2026/Preparation review reports/Fulfillment preparation review reports/UCLA Check-Out Type Categorization Report",3,"inline","regularColumn","cc001cd4b6c7866b7","""Item Location at Time of Loan"".""Library Name""",,,"sqlExpression","""Item Location at Time of Loan"".""Library Name""",0,
181,"UCLA Check-Out Type Categorization Report","Fulfillment","/shared/University of California System 01UCS_NETWORK/Reports/Local Requests/Annual Statistic Reports/Annual Stats FY 2025-2026/Preparation review reports/Fulfillment preparation review reports/UCLA Check-Out Type Categorization Report",4,"inline","regularColumn","c3db5e9163a2cc3b1","""Item Location at Time of Loan"".""Library Code""",,,"sqlExpression","""Item Location at Time of Loan"".""Library Code""",0,
181,"UCLA Check-Out Type Categorization Report","Fulfillment","/shared/University of California System 01UCS_NETWORK/Reports/Local Requests/Annual Statistic Reports/Annual Stats FY 2025-2026/Preparation review reports/Fulfillment preparation review reports/UCLA Check-Out Type Categorization Report",5,"inline","regularColumn","cece98683aeb26440","""Item Location at Time of Loan"".""Location Name""",,,"sqlExpression","""Item Location at Time of Loan"".""Location Name""",0,
181,"UCLA Check-Out Type Categorization Report","Fulfillment","/shared/University of California System 01UCS_NETWORK/Reports/Local Requests/Annual Statistic Reports/Annual Stats FY 2025-2026/Preparation review reports/Fulfillment preparation review reports/UCLA Check-Out Type Categorization Report",6,"inline","regularColumn","ccdfa3a798e1323b7","""Item Location at Time of Loan"".""Location Code""",,,"sqlExpression","""Item Location at Time of Loan"".""Location Code""",0,
181,"UCLA Check-Out Type Categorization Report","Fulfillment","/shared/University of California System 01UCS_NETWORK/Reports/Local Requests/Annual Statistic Reports/Annual Stats FY 2025-2026/Preparation review reports/Fulfillment preparation review reports/UCLA Check-Out Type Categorization Report",7,"saved_reference","savedRegularColumnRef","c095bc60c7fa4f03c","FY 2025-26 Loans (Not In House)",,,,,0,"/shared/University of California System 01UCS_NETWORK/Reports/Local Requests/Annual Statistic Reports/Annual Stats FY 2025-2026/FY 2025-26 Loans (Not In House)"
182,"UCSC Physical Collection Usage","Fulfillment","/shared/University of California System 01UCS_NETWORK/Reports/Local Requests/Annual Statistic Reports/Annual Stats FY 2025-2026/Final stats reports (for July 1)/Physical Collection Usage/UCSC Physical Collection Usage",1,"saved_reference","savedRegularColumnRef","cf49e8bae56e580c2","Fulfillment - Fulfillment Institution",,,,,0,"/shared/University of California System 01UCS_NETWORK/Reports/Local Requests/Annual Statistic Reports/Annual Stats FY 2025-2026/Fulfillment - Fulfillment Institution"
182,"UCSC Physical Collection Usage","Fulfillment","/shared/University of California System 01UCS_NETWORK/Reports/Local Requests/Annual Statistic Reports/Annual Stats FY 2025-2026/Final stats reports (for July 1)/Physical Collection Usage/UCSC Physical Collection Usage",2,"saved_reference","savedRegularColumnRef","cdd045725507fe3cc","Physical - UCSC Library Stats Category",,,,,0,"/shared/University of California System 01UCS_NETWORK/Reports/Local Requests/Annual Statistic Reports/Annual Stats FY 2025-2026/Physical - UCSC Library Stats Category"
182,"UCSC Physical Collection Usage","Fulfillment","/shared/University of California System 01UCS_NETWORK/Reports/Local Requests/Annual Statistic Reports/Annual Stats FY 2025-2026/Final stats reports (for July 1)/Physical Collection Usage/UCSC Physical Collection Usage",3,"inline","regularColumn","cd139ae7b1f413cf9","""Item Location at Time of Loan"".""Library Name""",,,"sqlExpression","""Item Location at Time of Loan"".""Library Name""",0,
182,"UCSC Physical Collection Usage","Fulfillment","/shared/University of California System 01UCS_NETWORK/Reports/Local Requests/Annual Statistic Reports/Annual Stats FY 2025-2026/Final stats reports (for July 1)/Physical Collection Usage/UCSC Physical Collection Usage",4,"inline","regularColumn","c2d7d25a7ca93bf64","""Item Location at Time of Loan"".""Library Code""",,,"sqlExpression","""Item Location at Time of Loan"".""Library Code""",0,
182,"UCSC Physical Collection Usage","Fulfillment","/shared/University of California System 01UCS_NETWORK/Reports/Local Requests/Annual Statistic Reports/Annual Stats FY 2025-2026/Final stats reports (for July 1)/Physical Collection Usage/UCSC Physical Collection Usage",5,"inline","regularColumn","c7a4c238d21dcaa88","""Item Location at Time of Loan"".""Location Name""",,,"sqlExpression","""Item Location at Time of Loan"".""Location Name""",0,
182,"UCSC Physical Collection Usage","Fulfillment","/shared/University of California System 01UCS_NETWORK/Reports/Local Requests/Annual Statistic Reports/Annual Stats FY 2025-2026/Final stats reports (for July 1)/Physical Collection Usage/UCSC Physical Collection Usage",6,"inline","regularColumn","cc95db8d91b637f58","""Item Location at Time of Loan"".""Location Code""",,,"sqlExpression","""Item Location at Time of Loan"".""Location Code""",0,
182,"UCSC Physical Collection Usage","Fulfillment","/shared/University of California System 01UCS_NETWORK/Reports/Local Requests/Annual Statistic Reports/Annual Stats FY 2025-2026/Final stats reports (for July 1)/Physical Collection Usage/UCSC Physical Collection Usage",7,"saved_reference","savedRegularColumnRef","cecae5de29190e76c","Fulfillment - UCSC Check-Out Type",,,,,0,"/shared/University of California System 01UCS_NETWORK/Reports/Local Requests/Annual Statistic Reports/Annual Stats FY 2025-2026/Fulfillment - UCSC Check-Out Type"
182,"UCSC Physical Collection Usage","Fulfillment","/shared/University of California System 01UCS_NETWORK/Reports/Local Requests/Annual Statistic Reports/Annual Stats FY 2025-2026/Final stats reports (for July 1)/Physical Collection Usage/UCSC Physical Collection Usage",8,"saved_reference","savedRegularColumnRef","c07d1c1a14c98ba59","Fulfillment - Alma User Group",,,,,0,"/shared/University of California System 01UCS_NETWORK/Reports/Local Requests/Annual Statistic Reports/Annual Stats FY 2025-2026/Fulfillment - Alma User Group"
182,"UCSC Physical Collection Usage","Fulfillment","/shared/University of California System 01UCS_NETWORK/Reports/Local Requests/Annual Statistic Reports/Annual Stats FY 2025-2026/Final stats reports (for July 1)/Physical Collection Usage/UCSC Physical Collection Usage",9,"saved_reference","savedRegularColumnRef","c56b90fe1945bddbf","Fulfillment - UCSC User Group",,,,,0,"/shared/University of California System 01UCS_NETWORK/Reports/Local Requests/Annual Statistic Reports/Annual Stats FY 2025-2026/Fulfillment - UCSC User Group"
182,"UCSC Physical Collection Usage","Fulfillment","/shared/University of California System 01UCS_NETWORK/Reports/Local Requests/Annual Statistic Reports/Annual Stats FY 2025-2026/Final stats reports (for July 1)/Physical Collection Usage/UCSC Physical Collection Usage",10,"saved_reference","savedRegularColumnRef","c35269fba7a6a1f10","Fulfillment - FY 2025-26 Loans (Not In House)",,,,,0,"/shared/University of California System 01UCS_NETWORK/Reports/Local Requests/Annual Statistic Reports/Annual Stats FY 2025-2026/Fulfillment - FY 2025-26 Loans (Not In House)"
183,"UCSB eResources Comparison Report","E-Inventory","/shared/University of California System 01UCS_NETWORK/Reports/Local Requests/Annual Statistic Reports/Annual Stats FY 2025-2026/Final stats reports (for July 1)/eResources Comparison/UCSB eResources Comparison Report",1,"saved_reference","savedRegularColumnRef","c0ad6ee1e1e656a7d","excluded designator",,,,,0,"/shared/University of California System 01UCS_NETWORK/Reports/Local Requests/Annual Statistic Reports/Annual Stats FY 2025-2026/Electronic - Global Stats Electronic included\/excluded designator"
183,"UCSB eResources Comparison Report","E-Inventory","/shared/University of California System 01UCS_NETWORK/Reports/Local Requests/Annual Statistic Reports/Annual Stats FY 2025-2026/Final stats reports (for July 1)/eResources Comparison/UCSB eResources Comparison Report",2,"saved_reference","savedRegularColumnRef","ca6a6fdc551ca91c6","Electronic - UCSB eResources Managed By designator",,,,,0,"/shared/University of California System 01UCS_NETWORK/Reports/Local Requests/Annual Statistic Reports/Annual Stats FY 2025-2026/Electronic - UCSB eResources Managed By designator"
183,"UCSB eResources Comparison Report","E-Inventory","/shared/University of California System 01UCS_NETWORK/Reports/Local Requests/Annual Statistic Reports/Annual Stats FY 2025-2026/Final stats reports (for July 1)/eResources Comparison/UCSB eResources Comparison Report",3,"saved_reference","savedRegularColumnRef","c522878cc99270e54","Electronic - Global Stats Electronic Library Categories",,,,,0,"/shared/University of California System 01UCS_NETWORK/Reports/Local Requests/Annual Statistic Reports/Annual Stats FY 2025-2026/Electronic - Global Stats Electronic Library Categories"
183,"UCSB eResources Comparison Report","E-Inventory","/shared/University of California System 01UCS_NETWORK/Reports/Local Requests/Annual Statistic Reports/Annual Stats FY 2025-2026/Final stats reports (for July 1)/eResources Comparison/UCSB eResources Comparison Report",4,"inline","regularColumn","c6360a4842314b13c","""Electronic Collection"".""Electronic Collection Interface Name""",,,"sqlExpression","""Electronic Collection"".""Electronic Collection Interface Name""",0,
183,"UCSB eResources Comparison Report","E-Inventory","/shared/University of California System 01UCS_NETWORK/Reports/Local Requests/Annual Statistic Reports/Annual Stats FY 2025-2026/Final stats reports (for July 1)/eResources Comparison/UCSB eResources Comparison Report",5,"saved_reference","savedRegularColumnRef","c2d15ce3950148fb6","Electronic - Count of Electronic Holdings",,,,,0,"/shared/University of California System 01UCS_NETWORK/Reports/Local Requests/Annual Statistic Reports/Annual Stats FY 2025-2026/Electronic - Count of Electronic Holdings"
183,"UCSB eResources Comparison Report","E-Inventory","/shared/University of California System 01UCS_NETWORK/Reports/Local Requests/Annual Statistic Reports/Annual Stats FY 2025-2026/Final stats reports (for July 1)/eResources Comparison/UCSB eResources Comparison Report",6,"saved_reference","savedRegularColumnRef","cfde45ba53c222294","Electronic - Count of Electronic Titles",,,,,0,"/shared/University of California System 01UCS_NETWORK/Reports/Local Requests/Annual Statistic Reports/Annual Stats FY 2025-2026/Electronic - Count of Electronic Titles"
184,"UCSC Risk Management Report","Physical Items","/shared/University of California System 01UCS_NETWORK/Reports/Local Requests/Annual Statistic Reports/Annual Stats FY 2025-2026/Final stats reports (for July 1)/Risk Management/UCSC Risk Management Report",1,"saved_reference","savedRegularColumnRef","c82b594d56c75fadd","campus designator",,,,,0,"/shared/University of California System 01UCS_NETWORK/Reports/Local Requests/Annual Statistic Reports/Annual Stats FY 2025-2026/UCSC SLF\/campus designator"
184,"UCSC Risk Management Report","Physical Items","/shared/University of California System 01UCS_NETWORK/Reports/Local Requests/Annual Statistic Reports/Annual Stats FY 2025-2026/Final stats reports (for July 1)/Risk Management/UCSC Risk Management Report",2,"inline","regularColumn","cee292e062dfd689d","""Location"".""Library Name""",,,"sqlExpression","""Location"".""Library Name""",0,
184,"UCSC Risk Management Report","Physical Items","/shared/University of California System 01UCS_NETWORK/Reports/Local Requests/Annual Statistic Reports/Annual Stats FY 2025-2026/Final stats reports (for July 1)/Risk Management/UCSC Risk Management Report",3,"inline","regularColumn","ccf9f61121ed5de7c","""Location"".""Library Code""",,,"sqlExpression","""Location"".""Library Code""",0,
184,"UCSC Risk Management Report","Physical Items","/shared/University of California System 01UCS_NETWORK/Reports/Local Requests/Annual Statistic Reports/Annual Stats FY 2025-2026/Final stats reports (for July 1)/Risk Management/UCSC Risk Management Report",4,"inline","regularColumn","c14b6455f3270569d","""Location"".""Location Name""",,,"sqlExpression","""Location"".""Location Name""",0,
184,"UCSC Risk Management Report","Physical Items","/shared/University of California System 01UCS_NETWORK/Reports/Local Requests/Annual Statistic Reports/Annual Stats FY 2025-2026/Final stats reports (for July 1)/Risk Management/UCSC Risk Management Report",5,"inline","regularColumn","c25515112241d7018","""Location"".""Location Code""",,,"sqlExpression","""Location"".""Location Code""",0,
184,"UCSC Risk Management Report","Physical Items","/shared/University of California System 01UCS_NETWORK/Reports/Local Requests/Annual Statistic Reports/Annual Stats FY 2025-2026/Final stats reports (for July 1)/Risk Management/UCSC Risk Management Report",6,"inline","regularColumn","c036c7c0e207c78b0","""Bibliographic Details"".""Resource Type""",,,"sqlExpression","""Bibliographic Details"".""Resource Type""",0,
184,"UCSC Risk Management Report","Physical Items","/shared/University of California System 01UCS_NETWORK/Reports/Local Requests/Annual Statistic Reports/Annual Stats FY 2025-2026/Final stats reports (for July 1)/Risk Management/UCSC Risk Management Report",7,"saved_reference","savedRegularColumnRef","ce3ddafad98c1a502","Count of Physical Holdings",,,,,0,"/shared/University of California System 01UCS_NETWORK/Reports/Local Requests/Annual Statistic Reports/Annual Stats FY 2025-2026/Count of Physical Holdings"
185,"UCSB Electronic Holdings and Titles Report","E-Inventory","/shared/University of California System 01UCS_NETWORK/Reports/Local Requests/Annual Statistic Reports/Annual Stats FY 2025-2026/Final stats reports (for July 1)/Electronic/UCSB Electronic Holdings and Titles Report",1,"saved_reference","savedRegularColumnRef","c0ad6ee1e1e656a7d","excluded designator",,,,,0,"/shared/University of California System 01UCS_NETWORK/Reports/Local Requests/Annual Statistic Reports/Annual Stats FY 2025-2026/Electronic - Global Stats Electronic included\/excluded designator"
185,"UCSB Electronic Holdings and Titles Report","E-Inventory","/shared/University of California System 01UCS_NETWORK/Reports/Local Requests/Annual Statistic Reports/Annual Stats FY 2025-2026/Final stats reports (for July 1)/Electronic/UCSB Electronic Holdings and Titles Report",2,"saved_reference","savedRegularColumnRef","ca6a6fdc551ca91c6","Electronic - UCSB eResources Managed By designator",,,,,0,"/shared/University of California System 01UCS_NETWORK/Reports/Local Requests/Annual Statistic Reports/Annual Stats FY 2025-2026/Electronic - UCSB eResources Managed By designator"
185,"UCSB Electronic Holdings and Titles Report","E-Inventory","/shared/University of California System 01UCS_NETWORK/Reports/Local Requests/Annual Statistic Reports/Annual Stats FY 2025-2026/Final stats reports (for July 1)/Electronic/UCSB Electronic Holdings and Titles Report",3,"saved_reference","savedRegularColumnRef","c522878cc99270e54","Electronic - Global Stats Electronic Library Categories",,,,,0,"/shared/University of California System 01UCS_NETWORK/Reports/Local Requests/Annual Statistic Reports/Annual Stats FY 2025-2026/Electronic - Global Stats Electronic Library Categories"
185,"UCSB Electronic Holdings and Titles Report","E-Inventory","/shared/University of California System 01UCS_NETWORK/Reports/Local Requests/Annual Statistic Reports/Annual Stats FY 2025-2026/Final stats reports (for July 1)/Electronic/UCSB Electronic Holdings and Titles Report",4,"inline","regularColumn","cea5066c6462ce29f","""Bibliographic Details"".""Resource Type""",,,"sqlExpression","""Bibliographic Details"".""Resource Type""",0,
185,"UCSB Electronic Holdings and Titles Report","E-Inventory","/shared/University of California System 01UCS_NETWORK/Reports/Local Requests/Annual Statistic Reports/Annual Stats FY 2025-2026/Final stats reports (for July 1)/Electronic/UCSB Electronic Holdings and Titles Report",5,"saved_reference","savedRegularColumnRef","c2d15ce3950148fb6","Electronic - Count of Electronic Holdings",,,,,0,"/shared/University of California System 01UCS_NETWORK/Reports/Local Requests/Annual Statistic Reports/Annual Stats FY 2025-2026/Electronic - Count of Electronic Holdings"
185,"UCSB Electronic Holdings and Titles Report","E-Inventory","/shared/University of California System 01UCS_NETWORK/Reports/Local Requests/Annual Statistic Reports/Annual Stats FY 2025-2026/Final stats reports (for July 1)/Electronic/UCSB Electronic Holdings and Titles Report",6,"saved_reference","savedRegularColumnRef","cfde45ba53c222294","Electronic - Count of Electronic Titles",,,,,0,"/shared/University of California System 01UCS_NETWORK/Reports/Local Requests/Annual Statistic Reports/Annual Stats FY 2025-2026/Electronic - Count of Electronic Titles"
186,"UCSB eResources Library Categorization Report","E-Inventory","/shared/University of California System 01UCS_NETWORK/Reports/Local Requests/Annual Statistic Reports/Annual Stats FY 2025-2026/Preparation review reports/Electronic preparation review reports/UCSB eResources Library Categorization Report",1,"inline","regularColumn","c2a53da92d15619df","""Institution"".""Institution Name""",,,"sqlExpression","""Institution"".""Institution Name""",0,
186,"UCSB eResources Library Categorization Report","E-Inventory","/shared/University of California System 01UCS_NETWORK/Reports/Local Requests/Annual Statistic Reports/Annual Stats FY 2025-2026/Preparation review reports/Electronic preparation review reports/UCSB eResources Library Categorization Report",2,"saved_reference","savedRegularColumnRef","c93c38f9d46dde768","Electronic - Global Stats Electronic Library Categories",,,,,0,"/shared/University of California System 01UCS_NETWORK/Reports/Local Requests/Annual Statistic Reports/Annual Stats FY 2025-2026/Electronic - Global Stats Electronic Library Categories"
186,"UCSB eResources Library Categorization Report","E-Inventory","/shared/University of California System 01UCS_NETWORK/Reports/Local Requests/Annual Statistic Reports/Annual Stats FY 2025-2026/Preparation review reports/Electronic preparation review reports/UCSB eResources Library Categorization Report",3,"inline","regularColumn","c16b804d4f2a9bfed","""Portfolio Library Unit"".""Library Name""",,,"sqlExpression","""Portfolio Library Unit"".""Library Name""",0,
186,"UCSB eResources Library Categorization Report","E-Inventory","/shared/University of California System 01UCS_NETWORK/Reports/Local Requests/Annual Statistic Reports/Annual Stats FY 2025-2026/Preparation review reports/Electronic preparation review reports/UCSB eResources Library Categorization Report",4,"inline","regularColumn","c9a2b1a7e8a8fa595","""Portfolio Library Unit"".""Library Code""",,,"sqlExpression","""Portfolio Library Unit"".""Library Code""",0,
187,"UCSB Library Categorization Report","Physical Items","/shared/University of California System 01UCS_NETWORK/Reports/Local Requests/Annual Statistic Reports/Annual Stats FY 2025-2026/Preparation review reports/Physical preparation review reports/UCSB Library Categorization Report",1,"saved_reference","savedRegularColumnRef","cca8ab1963e080dac","campus designator",,,,,0,"/shared/University of California System 01UCS_NETWORK/Reports/Local Requests/Annual Statistic Reports/Annual Stats FY 2025-2026/UCSB SLF\/campus designator"
187,"UCSB Library Categorization Report","Physical Items","/shared/University of California System 01UCS_NETWORK/Reports/Local Requests/Annual Statistic Reports/Annual Stats FY 2025-2026/Preparation review reports/Physical preparation review reports/UCSB Library Categorization Report",2,"saved_reference","savedRegularColumnRef","c247e71ec8482d941","UCSB Library Stats Category",,,,,0,"/shared/University of California System 01UCS_NETWORK/Reports/Local Requests/Annual Statistic Reports/Annual Stats FY 2025-2026/UCSB Library Stats Category"
187,"UCSB Library Categorization Report","Physical Items","/shared/University of California System 01UCS_NETWORK/Reports/Local Requests/Annual Statistic Reports/Annual Stats FY 2025-2026/Preparation review reports/Physical preparation review reports/UCSB Library Categorization Report",3,"inline","regularColumn","c2585db472a60f04b","""Location"".""Library Name""",,,"sqlExpression","""Location"".""Library Name""",0,
187,"UCSB Library Categorization Report","Physical Items","/shared/University of California System 01UCS_NETWORK/Reports/Local Requests/Annual Statistic Reports/Annual Stats FY 2025-2026/Preparation review reports/Physical preparation review reports/UCSB Library Categorization Report",4,"inline","regularColumn","c29c00b20b93d6510","""Location"".""Library Code""",,,"sqlExpression","""Location"".""Library Code""",0,
187,"UCSB Library Categorization Report","Physical Items","/shared/University of California System 01UCS_NETWORK/Reports/Local Requests/Annual Statistic Reports/Annual Stats FY 2025-2026/Preparation review reports/Physical preparation review reports/UCSB Library Categorization Report",5,"inline","regularColumn","ce80c79fe167b2f62","""Location"".""Location Name""",,,"sqlExpression","""Location"".""Location Name""",0,
187,"UCSB Library Categorization Report","Physical Items","/shared/University of California System 01UCS_NETWORK/Reports/Local Requests/Annual Statistic Reports/Annual Stats FY 2025-2026/Preparation review reports/Physical preparation review reports/UCSB Library Categorization Report",6,"inline","regularColumn","c617c0d6880875dab","""Location"".""Location Code""",,,"sqlExpression","""Location"".""Location Code""",0,
187,"UCSB Library Categorization Report","Physical Items","/shared/University of California System 01UCS_NETWORK/Reports/Local Requests/Annual Statistic Reports/Annual Stats FY 2025-2026/Preparation review reports/Physical preparation review reports/UCSB Library Categorization Report",7,"saved_reference","savedRegularColumnRef","c4748f241953224ae","Count of Physical Holdings",,,,,0,"/shared/University of California System 01UCS_NETWORK/Reports/Local Requests/Annual Statistic Reports/Annual Stats FY 2025-2026/Count of Physical Holdings"
187,"UCSB Library Categorization Report","Physical Items","/shared/University of California System 01UCS_NETWORK/Reports/Local Requests/Annual Statistic Reports/Annual Stats FY 2025-2026/Preparation review reports/Physical preparation review reports/UCSB Library Categorization Report",8,"saved_reference","savedRegularColumnRef","c6452c41b1c4cda5f","Count of Physical Titles",,,,,0,"/shared/University of California System 01UCS_NETWORK/Reports/Local Requests/Annual Statistic Reports/Annual Stats FY 2025-2026/Count of Physical Titles"
188,"SLF-S Added Physical Holdings and Titles Report part 2","Physical Items","/shared/University of California System 01UCS_NETWORK/Reports/Local Requests/Annual Statistic Reports/Annual Stats FY 2025-2026/Final stats reports (for July 1)/Physical/SLF-S Added Physical Holdings and Titles Report part 2",1,"saved_reference","savedRegularColumnRef","cdb4727d2a4bc0027","Physical - Systemwide Library Facility",,,,,0,"/shared/University of California System 01UCS_NETWORK/Reports/Local Requests/Annual Statistic Reports/Annual Stats FY 2025-2026/Physical - Systemwide Library Facility"
188,"SLF-S Added Physical Holdings and Titles Report part 2","Physical Items","/shared/University of California System 01UCS_NETWORK/Reports/Local Requests/Annual Statistic Reports/Annual Stats FY 2025-2026/Final stats reports (for July 1)/Physical/SLF-S Added Physical Holdings and Titles Report part 2",2,"saved_reference","savedRegularColumnRef","cebcc92d7b1b50b86","Physical - SLF Depositor",,,,,0,"/shared/University of California System 01UCS_NETWORK/Reports/Local Requests/Annual Statistic Reports/Annual Stats FY 2025-2026/Physical - SLF Depositor"
188,"SLF-S Added Physical Holdings and Titles Report part 2","Physical Items","/shared/University of California System 01UCS_NETWORK/Reports/Local Requests/Annual Statistic Reports/Annual Stats FY 2025-2026/Final stats reports (for July 1)/Physical/SLF-S Added Physical Holdings and Titles Report part 2",3,"inline","regularColumn","cd4897b469b0520d2","""Location"".""Library Name""",,,"sqlExpression","""Location"".""Library Name""",0,
188,"SLF-S Added Physical Holdings and Titles Report part 2","Physical Items","/shared/University of California System 01UCS_NETWORK/Reports/Local Requests/Annual Statistic Reports/Annual Stats FY 2025-2026/Final stats reports (for July 1)/Physical/SLF-S Added Physical Holdings and Titles Report part 2",4,"inline","regularColumn","cb6b886e5442e7b4e","""Location"".""Library Code""",,,"sqlExpression","""Location"".""Library Code""",0,
188,"SLF-S Added Physical Holdings and Titles Report part 2","Physical Items","/shared/University of California System 01UCS_NETWORK/Reports/Local Requests/Annual Statistic Reports/Annual Stats FY 2025-2026/Final stats reports (for July 1)/Physical/SLF-S Added Physical Holdings and Titles Report part 2",5,"inline","regularColumn","c741826d9144c87ab","""Location"".""Location Name""",,,"sqlExpression","""Location"".""Location Name""",0,
188,"SLF-S Added Physical Holdings and Titles Report part 2","Physical Items","/shared/University of California System 01UCS_NETWORK/Reports/Local Requests/Annual Statistic Reports/Annual Stats FY 2025-2026/Final stats reports (for July 1)/Physical/SLF-S Added Physical Holdings and Titles Report part 2",6,"inline","regularColumn","c5f7c80cc993d72e0","""Location"".""Location Code""",,,"sqlExpression","""Location"".""Location Code""",0,
188,"SLF-S Added Physical Holdings and Titles Report part 2","Physical Items","/shared/University of California System 01UCS_NETWORK/Reports/Local Requests/Annual Statistic Reports/Annual Stats FY 2025-2026/Final stats reports (for July 1)/Physical/SLF-S Added Physical Holdings and Titles Report part 2",7,"inline","regularColumn","cf158c28723a11737","""Bibliographic Details"".""Resource Type""",,,"sqlExpression","""Bibliographic Details"".""Resource Type""",0,
188,"SLF-S Added Physical Holdings and Titles Report part 2","Physical Items","/shared/University of California System 01UCS_NETWORK/Reports/Local Requests/Annual Statistic Reports/Annual Stats FY 2025-2026/Final stats reports (for July 1)/Physical/SLF-S Added Physical Holdings and Titles Report part 2",8,"inline","regularColumn","c3c18cc6d41630c5d","""Bibliographic Details"".""Material Type""",,,"sqlExpression","""Bibliographic Details"".""Material Type""",0,
188,"SLF-S Added Physical Holdings and Titles Report part 2","Physical Items","/shared/University of California System 01UCS_NETWORK/Reports/Local Requests/Annual Statistic Reports/Annual Stats FY 2025-2026/Final stats reports (for July 1)/Physical/SLF-S Added Physical Holdings and Titles Report part 2",9,"saved_reference","savedRegularColumnRef","c886b316b33474744","Physical - Count of Physical Holdings",,,,,0,"/shared/University of California System 01UCS_NETWORK/Reports/Local Requests/Annual Statistic Reports/Annual Stats FY 2025-2026/Physical - Count of Physical Holdings"
188,"SLF-S Added Physical Holdings and Titles Report part 2","Physical Items","/shared/University of California System 01UCS_NETWORK/Reports/Local Requests/Annual Statistic Reports/Annual Stats FY 2025-2026/Final stats reports (for July 1)/Physical/SLF-S Added Physical Holdings and Titles Report part 2",10,"saved_reference","savedRegularColumnRef","c41b53947686dd560","Physical - Count of Physical Titles",,,,,0,"/shared/University of California System 01UCS_NETWORK/Reports/Local Requests/Annual Statistic Reports/Annual Stats FY 2025-2026/Physical - Count of Physical Titles"
189,"UCB physical holdings and titles report","Physical Items","/shared/University of California System 01UCS_NETWORK/Reports/Local Requests/Annual Statistic Reports/Annual Stats FY 2025-2026/Final stats reports (for July 1)/Physical/UCB physical holdings and titles report",1,"saved_reference","savedRegularColumnRef","cecd143a46aafb659","Campus designator",,,,,0,"/shared/University of California System 01UCS_NETWORK/Reports/Local Requests/Annual Statistic Reports/Annual Stats FY 2025-2026/UCB SLF\/Campus designator"
189,"UCB physical holdings and titles report","Physical Items","/shared/University of California System 01UCS_NETWORK/Reports/Local Requests/Annual Statistic Reports/Annual Stats FY 2025-2026/Final stats reports (for July 1)/Physical/UCB physical holdings and titles report",2,"saved_reference","savedRegularColumnRef","c99e3c2efb0c6520c","UCB Library Stats Category",,,,,0,"/shared/University of California System 01UCS_NETWORK/Reports/Local Requests/Annual Statistic Reports/Annual Stats FY 2025-2026/UCB Library Stats Category"
189,"UCB physical holdings and titles report","Physical Items","/shared/University of California System 01UCS_NETWORK/Reports/Local Requests/Annual Statistic Reports/Annual Stats FY 2025-2026/Final stats reports (for July 1)/Physical/UCB physical holdings and titles report",3,"inline","regularColumn","c91ff931798db204d","""Location"".""Library Name""",,,"sqlExpression","""Location"".""Library Name""",0,
189,"UCB physical holdings and titles report","Physical Items","/shared/University of California System 01UCS_NETWORK/Reports/Local Requests/Annual Statistic Reports/Annual Stats FY 2025-2026/Final stats reports (for July 1)/Physical/UCB physical holdings and titles report",4,"inline","regularColumn","c0a97a99fcff08d4d","""Location"".""Library Code""",,,"sqlExpression","""Location"".""Library Code""",0,
189,"UCB physical holdings and titles report","Physical Items","/shared/University of California System 01UCS_NETWORK/Reports/Local Requests/Annual Statistic Reports/Annual Stats FY 2025-2026/Final stats reports (for July 1)/Physical/UCB physical holdings and titles report",5,"inline","regularColumn","cd78d80d9721dafa1","""Location"".""Location Name""",,,"sqlExpression","""Location"".""Location Name""",0,
189,"UCB physical holdings and titles report","Physical Items","/shared/University of California System 01UCS_NETWORK/Reports/Local Requests/Annual Statistic Reports/Annual Stats FY 2025-2026/Final stats reports (for July 1)/Physical/UCB physical holdings and titles report",6,"inline","regularColumn","cca373db07e6d8158","""Location"".""Location Code""",,,"sqlExpression","""Location"".""Location Code""",0,
189,"UCB physical holdings and titles report","Physical Items","/shared/University of California System 01UCS_NETWORK/Reports/Local Requests/Annual Statistic Reports/Annual Stats FY 2025-2026/Final stats reports (for July 1)/Physical/UCB physical holdings and titles report",7,"inline","regularColumn","c5857dd5f99741e00","""Bibliographic Details"".""Resource Type""",,,"sqlExpression","""Bibliographic Details"".""Resource Type""",0,
189,"UCB physical holdings and titles report","Physical Items","/shared/University of California System 01UCS_NETWORK/Reports/Local Requests/Annual Statistic Reports/Annual Stats FY 2025-2026/Final stats reports (for July 1)/Physical/UCB physical holdings and titles report",8,"saved_reference","savedRegularColumnRef","c4ed051dbe14f3e88","Physical - Holdings Added Year",,,,,0,"/shared/University of California System 01UCS_NETWORK/Reports/Local Requests/Annual Statistic Reports/Annual Stats FY 2025-2026/Physical - Holdings Added Year"
189,"UCB physical holdings and titles report","Physical Items","/shared/University of California System 01UCS_NETWORK/Reports/Local Requests/Annual Statistic Reports/Annual Stats FY 2025-2026/Final stats reports (for July 1)/Physical/UCB physical holdings and titles report",9,"saved_reference","savedRegularColumnRef","c36d41845231ae347","Count of Physical Holdings",,,,,0,"/shared/University of California System 01UCS_NETWORK/Reports/Local Requests/Annual Statistic Reports/Annual Stats FY 2025-2026/Count of Physical Holdings"
189,"UCB physical holdings and titles report","Physical Items","/shared/University of California System 01UCS_NETWORK/Reports/Local Requests/Annual Statistic Reports/Annual Stats FY 2025-2026/Final stats reports (for July 1)/Physical/UCB physical holdings and titles report",10,"saved_reference","savedRegularColumnRef","c750011e955f0e06f","Count of Physical Titles",,,,,0,"/shared/University of California System 01UCS_NETWORK/Reports/Local Requests/Annual Statistic Reports/Annual Stats FY 2025-2026/Count of Physical Titles"
190,"UCLA User Group Categorization Report","Fulfillment","/shared/University of California System 01UCS_NETWORK/Reports/Local Requests/Annual Statistic Reports/Annual Stats FY 2025-2026/Preparation review reports/Fulfillment preparation review reports/UCLA User Group Categorization Report",1,"inline","regularColumn","c6f364742ef92f055","""Institution"".""Institution Name""",,,"sqlExpression","""Institution"".""Institution Name""",0,
190,"UCLA User Group Categorization Report","Fulfillment","/shared/University of California System 01UCS_NETWORK/Reports/Local Requests/Annual Statistic Reports/Annual Stats FY 2025-2026/Preparation review reports/Fulfillment preparation review reports/UCLA User Group Categorization Report",2,"saved_reference","savedRegularColumnRef","c959a38404bb1a509","UCLA User Group",,,,,0,"/shared/University of California System 01UCS_NETWORK/Reports/Local Requests/Annual Statistic Reports/Annual Stats FY 2025-2026/UCLA User Group"
190,"UCLA User Group Categorization Report","Fulfillment","/shared/University of California System 01UCS_NETWORK/Reports/Local Requests/Annual Statistic Reports/Annual Stats FY 2025-2026/Preparation review reports/Fulfillment preparation review reports/UCLA User Group Categorization Report",3,"inline","regularColumn","cc7f612ed03527616","""Borrower Details"".""User Group""",,,"sqlExpression","""Borrower Details"".""User Group""",0,
191,"UCSD Risk Management Report","Physical Items","/shared/University of California System 01UCS_NETWORK/Reports/Local Requests/Annual Statistic Reports/Annual Stats FY 2025-2026/Final stats reports (for July 1)/Risk Management/UCSD Risk Management Report",1,"saved_reference","savedRegularColumnRef","c5c7362e4876eb782","campus designator",,,,,0,"/shared/University of California System 01UCS_NETWORK/Reports/Local Requests/Annual Statistic Reports/Annual Stats FY 2025-2026/UCSD SLF\/campus designator"
191,"UCSD Risk Management Report","Physical Items","/shared/University of California System 01UCS_NETWORK/Reports/Local Requests/Annual Statistic Reports/Annual Stats FY 2025-2026/Final stats reports (for July 1)/Risk Management/UCSD Risk Management Report",2,"inline","regularColumn","c11f1bc37045f5246","""Location"".""Library Name""",,,"sqlExpression","""Location"".""Library Name""",0,
191,"UCSD Risk Management Report","Physical Items","/shared/University of California System 01UCS_NETWORK/Reports/Local Requests/Annual Statistic Reports/Annual Stats FY 2025-2026/Final stats reports (for July 1)/Risk Management/UCSD Risk Management Report",3,"inline","regularColumn","c5b753ac3507179de","""Location"".""Library Code""",,,"sqlExpression","""Location"".""Library Code""",0,
191,"UCSD Risk Management Report","Physical Items","/shared/University of California System 01UCS_NETWORK/Reports/Local Requests/Annual Statistic Reports/Annual Stats FY 2025-2026/Final stats reports (for July 1)/Risk Management/UCSD Risk Management Report",4,"inline","regularColumn","cca8e491579614ace","""Location"".""Location Name""",,,"sqlExpression","""Location"".""Location Name""",0,
191,"UCSD Risk Management Report","Physical Items","/shared/University of California System 01UCS_NETWORK/Reports/Local Requests/Annual Statistic Reports/Annual Stats FY 2025-2026/Final stats reports (for July 1)/Risk Management/UCSD Risk Management Report",5,"inline","regularColumn","c0a6425ae82f111ec","""Location"".""Location Code""",,,"sqlExpression","""Location"".""Location Code""",0,
191,"UCSD Risk Management Report","Physical Items","/shared/University of California System 01UCS_NETWORK/Reports/Local Requests/Annual Statistic Reports/Annual Stats FY 2025-2026/Final stats reports (for July 1)/Risk Management/UCSD Risk Management Report",6,"inline","regularColumn","c4a02cb4f64daa673","""Bibliographic Details"".""Resource Type""",,,"sqlExpression","""Bibliographic Details"".""Resource Type""",0,
191,"UCSD Risk Management Report","Physical Items","/shared/University of California System 01UCS_NETWORK/Reports/Local Requests/Annual Statistic Reports/Annual Stats FY 2025-2026/Final stats reports (for July 1)/Risk Management/UCSD Risk Management Report",7,"saved_reference","savedRegularColumnRef","c4580f55e0701575e","Count of Physical Holdings",,,,,0,"/shared/University of California System 01UCS_NETWORK/Reports/Local Requests/Annual Statistic Reports/Annual Stats FY 2025-2026/Count of Physical Holdings"
193,"UCSC Library Categorization Report","Physical Items","/shared/University of California System 01UCS_NETWORK/Reports/Local Requests/Annual Statistic Reports/Annual Stats FY 2025-2026/Preparation review reports/Physical preparation review reports/UCSC Library Categorization Report",1,"saved_reference","savedRegularColumnRef","c82b594d56c75fadd","campus designator",,,,,0,"/shared/University of California System 01UCS_NETWORK/Reports/Local Requests/Annual Statistic Reports/Annual Stats FY 2025-2026/UCSC SLF\/campus designator"
193,"UCSC Library Categorization Report","Physical Items","/shared/University of California System 01UCS_NETWORK/Reports/Local Requests/Annual Statistic Reports/Annual Stats FY 2025-2026/Preparation review reports/Physical preparation review reports/UCSC Library Categorization Report",2,"saved_reference","savedRegularColumnRef","c13c5a4f7c6307b3c","UCSC Library Stats Category",,,,,0,"/shared/University of California System 01UCS_NETWORK/Reports/Local Requests/Annual Statistic Reports/Annual Stats FY 2025-2026/UCSC Library Stats Category"
193,"UCSC Library Categorization Report","Physical Items","/shared/University of California System 01UCS_NETWORK/Reports/Local Requests/Annual Statistic Reports/Annual Stats FY 2025-2026/Preparation review reports/Physical preparation review reports/UCSC Library Categorization Report",3,"inline","regularColumn","cee292e062dfd689d","""Location"".""Library Name""",,,"sqlExpression","""Location"".""Library Name""",0,
193,"UCSC Library Categorization Report","Physical Items","/shared/University of California System 01UCS_NETWORK/Reports/Local Requests/Annual Statistic Reports/Annual Stats FY 2025-2026/Preparation review reports/Physical preparation review reports/UCSC Library Categorization Report",4,"inline","regularColumn","ccf9f61121ed5de7c","""Location"".""Library Code""",,,"sqlExpression","""Location"".""Library Code""",0,
193,"UCSC Library Categorization Report","Physical Items","/shared/University of California System 01UCS_NETWORK/Reports/Local Requests/Annual Statistic Reports/Annual Stats FY 2025-2026/Preparation review reports/Physical preparation review reports/UCSC Library Categorization Report",5,"inline","regularColumn","c14b6455f3270569d","""Location"".""Location Name""",,,"sqlExpression","""Location"".""Location Name""",0,
193,"UCSC Library Categorization Report","Physical Items","/shared/University of California System 01UCS_NETWORK/Reports/Local Requests/Annual Statistic Reports/Annual Stats FY 2025-2026/Preparation review reports/Physical preparation review reports/UCSC Library Categorization Report",6,"inline","regularColumn","c25515112241d7018","""Location"".""Location Code""",,,"sqlExpression","""Location"".""Location Code""",0,
193,"UCSC Library Categorization Report","Physical Items","/shared/University of California System 01UCS_NETWORK/Reports/Local Requests/Annual Statistic Reports/Annual Stats FY 2025-2026/Preparation review reports/Physical preparation review reports/UCSC Library Categorization Report",7,"saved_reference","savedRegularColumnRef","ce3ddafad98c1a502","Count of Physical Holdings",,,,,0,"/shared/University of California System 01UCS_NETWORK/Reports/Local Requests/Annual Statistic Reports/Annual Stats FY 2025-2026/Count of Physical Holdings"
193,"UCSC Library Categorization Report","Physical Items","/shared/University of California System 01UCS_NETWORK/Reports/Local Requests/Annual Statistic Reports/Annual Stats FY 2025-2026/Preparation review reports/Physical preparation review reports/UCSC Library Categorization Report",8,"saved_reference","savedRegularColumnRef","ce9c5538760833a0c","Count of Physical Titles",,,,,0,"/shared/University of California System 01UCS_NETWORK/Reports/Local Requests/Annual Statistic Reports/Annual Stats FY 2025-2026/Count of Physical Titles"
194,"UCSD Physical Collection Usage","Fulfillment","/shared/University of California System 01UCS_NETWORK/Reports/Local Requests/Annual Statistic Reports/Annual Stats FY 2025-2026/Final stats reports (for July 1)/Physical Collection Usage/UCSD Physical Collection Usage",1,"saved_reference","savedRegularColumnRef","cbed14dc8bb19e018","Fulfillment - Fulfillment Institution",,,,,0,"/shared/University of California System 01UCS_NETWORK/Reports/Local Requests/Annual Statistic Reports/Annual Stats FY 2025-2026/Fulfillment - Fulfillment Institution"
194,"UCSD Physical Collection Usage","Fulfillment","/shared/University of California System 01UCS_NETWORK/Reports/Local Requests/Annual Statistic Reports/Annual Stats FY 2025-2026/Final stats reports (for July 1)/Physical Collection Usage/UCSD Physical Collection Usage",2,"saved_reference","savedRegularColumnRef","c9f0ddcc0f126eec8","Physical - UCSD Library Stats Category",,,,,0,"/shared/University of California System 01UCS_NETWORK/Reports/Local Requests/Annual Statistic Reports/Annual Stats FY 2025-2026/Physical - UCSD Library Stats Category"
194,"UCSD Physical Collection Usage","Fulfillment","/shared/University of California System 01UCS_NETWORK/Reports/Local Requests/Annual Statistic Reports/Annual Stats FY 2025-2026/Final stats reports (for July 1)/Physical Collection Usage/UCSD Physical Collection Usage",3,"inline","regularColumn","c306960efd3a29bf0","""Item Location at Time of Loan"".""Library Name""",,,"sqlExpression","""Item Location at Time of Loan"".""Library Name""",0,
194,"UCSD Physical Collection Usage","Fulfillment","/shared/University of California System 01UCS_NETWORK/Reports/Local Requests/Annual Statistic Reports/Annual Stats FY 2025-2026/Final stats reports (for July 1)/Physical Collection Usage/UCSD Physical Collection Usage",4,"inline","regularColumn","ccefb4f4948ec5b6f","""Item Location at Time of Loan"".""Library Code""",,,"sqlExpression","""Item Location at Time of Loan"".""Library Code""",0,
194,"UCSD Physical Collection Usage","Fulfillment","/shared/University of California System 01UCS_NETWORK/Reports/Local Requests/Annual Statistic Reports/Annual Stats FY 2025-2026/Final stats reports (for July 1)/Physical Collection Usage/UCSD Physical Collection Usage",5,"inline","regularColumn","cbab4f172104345cc","""Item Location at Time of Loan"".""Location Name""",,,"sqlExpression","""Item Location at Time of Loan"".""Location Name""",0,
194,"UCSD Physical Collection Usage","Fulfillment","/shared/University of California System 01UCS_NETWORK/Reports/Local Requests/Annual Statistic Reports/Annual Stats FY 2025-2026/Final stats reports (for July 1)/Physical Collection Usage/UCSD Physical Collection Usage",6,"inline","regularColumn","ce4dbd60e6f6f3246","""Item Location at Time of Loan"".""Location Code""",,,"sqlExpression","""Item Location at Time of Loan"".""Location Code""",0,
194,"UCSD Physical Collection Usage","Fulfillment","/shared/University of California System 01UCS_NETWORK/Reports/Local Requests/Annual Statistic Reports/Annual Stats FY 2025-2026/Final stats reports (for July 1)/Physical Collection Usage/UCSD Physical Collection Usage",7,"saved_reference","savedRegularColumnRef","c000b40a5ff7884d8","Fulfillment - UCSD Check-Out Type",,,,,0,"/shared/University of California System 01UCS_NETWORK/Reports/Local Requests/Annual Statistic Reports/Annual Stats FY 2025-2026/Fulfillment - UCSD Check-Out Type"
194,"UCSD Physical Collection Usage","Fulfillment","/shared/University of California System 01UCS_NETWORK/Reports/Local Requests/Annual Statistic Reports/Annual Stats FY 2025-2026/Final stats reports (for July 1)/Physical Collection Usage/UCSD Physical Collection Usage",8,"saved_reference","savedRegularColumnRef","c5793c1fffd0cd0a7","Fulfillment - Alma User Group",,,,,0,"/shared/University of California System 01UCS_NETWORK/Reports/Local Requests/Annual Statistic Reports/Annual Stats FY 2025-2026/Fulfillment - Alma User Group"
194,"UCSD Physical Collection Usage","Fulfillment","/shared/University of California System 01UCS_NETWORK/Reports/Local Requests/Annual Statistic Reports/Annual Stats FY 2025-2026/Final stats reports (for July 1)/Physical Collection Usage/UCSD Physical Collection Usage",9,"saved_reference","savedRegularColumnRef","cc3cb928d5f10a72f","Fulfillment - UCSD User Group",,,,,0,"/shared/University of California System 01UCS_NETWORK/Reports/Local Requests/Annual Statistic Reports/Annual Stats FY 2025-2026/Fulfillment - UCSD User Group"
194,"UCSD Physical Collection Usage","Fulfillment","/shared/University of California System 01UCS_NETWORK/Reports/Local Requests/Annual Statistic Reports/Annual Stats FY 2025-2026/Final stats reports (for July 1)/Physical Collection Usage/UCSD Physical Collection Usage",10,"saved_reference","savedRegularColumnRef","cb90ca9b474de9343","Fulfillment - FY 2025-26 Loans (Not In House)",,,,,0,"/shared/University of California System 01UCS_NETWORK/Reports/Local Requests/Annual Statistic Reports/Annual Stats FY 2025-2026/Fulfillment - FY 2025-26 Loans (Not In House)"
196,"UCSC eResources Comparison Report","E-Inventory","/shared/University of California System 01UCS_NETWORK/Reports/Local Requests/Annual Statistic Reports/Annual Stats FY 2025-2026/Final stats reports (for July 1)/eResources Comparison/UCSC eResources Comparison Report",1,"saved_reference","savedRegularColumnRef","c4c9eaf1086948281","excluded designator",,,,,0,"/shared/University of California System 01UCS_NETWORK/Reports/Local Requests/Annual Statistic Reports/Annual Stats FY 2025-2026/Electronic - Global Stats Electronic included\/excluded designator"
196,"UCSC eResources Comparison Report","E-Inventory","/shared/University of California System 01UCS_NETWORK/Reports/Local Requests/Annual Statistic Reports/Annual Stats FY 2025-2026/Final stats reports (for July 1)/eResources Comparison/UCSC eResources Comparison Report",2,"saved_reference","savedRegularColumnRef","cc3459c48d39152ec","Electronic - UCSC eResources Managed By designator",,,,,0,"/shared/University of California System 01UCS_NETWORK/Reports/Local Requests/Annual Statistic Reports/Annual Stats FY 2025-2026/Electronic - UCSC eResources Managed By designator"
196,"UCSC eResources Comparison Report","E-Inventory","/shared/University of California System 01UCS_NETWORK/Reports/Local Requests/Annual Statistic Reports/Annual Stats FY 2025-2026/Final stats reports (for July 1)/eResources Comparison/UCSC eResources Comparison Report",3,"saved_reference","savedRegularColumnRef","c992d1aea7fa30575","Electronic - Global Stats Electronic Library Categories",,,,,0,"/shared/University of California System 01UCS_NETWORK/Reports/Local Requests/Annual Statistic Reports/Annual Stats FY 2025-2026/Electronic - Global Stats Electronic Library Categories"
196,"UCSC eResources Comparison Report","E-Inventory","/shared/University of California System 01UCS_NETWORK/Reports/Local Requests/Annual Statistic Reports/Annual Stats FY 2025-2026/Final stats reports (for July 1)/eResources Comparison/UCSC eResources Comparison Report",4,"inline","regularColumn","cf11640a564ae4a9a","""Electronic Collection"".""Electronic Collection Interface Name""",,,"sqlExpression","""Electronic Collection"".""Electronic Collection Interface Name""",0,
196,"UCSC eResources Comparison Report","E-Inventory","/shared/University of California System 01UCS_NETWORK/Reports/Local Requests/Annual Statistic Reports/Annual Stats FY 2025-2026/Final stats reports (for July 1)/eResources Comparison/UCSC eResources Comparison Report",5,"saved_reference","savedRegularColumnRef","ce68d8173c2f92fb7","Electronic - Count of Electronic Holdings",,,,,0,"/shared/University of California System 01UCS_NETWORK/Reports/Local Requests/Annual Statistic Reports/Annual Stats FY 2025-2026/Electronic - Count of Electronic Holdings"
196,"UCSC eResources Comparison Report","E-Inventory","/shared/University of California System 01UCS_NETWORK/Reports/Local Requests/Annual Statistic Reports/Annual Stats FY 2025-2026/Final stats reports (for July 1)/eResources Comparison/UCSC eResources Comparison Report",6,"saved_reference","savedRegularColumnRef","c063746732ed44082","Electronic - Count of Electronic Titles",,,,,0,"/shared/University of California System 01UCS_NETWORK/Reports/Local Requests/Annual Statistic Reports/Annual Stats FY 2025-2026/Electronic - Count of Electronic Titles"
197,"UCSC Electronic Holdings and Titles Report","E-Inventory","/shared/University of California System 01UCS_NETWORK/Reports/Local Requests/Annual Statistic Reports/Annual Stats FY 2025-2026/Final stats reports (for July 1)/Electronic/UCSC Electronic Holdings and Titles Report",1,"saved_reference","savedRegularColumnRef","c4c9eaf1086948281","excluded designator",,,,,0,"/shared/University of California System 01UCS_NETWORK/Reports/Local Requests/Annual Statistic Reports/Annual Stats FY 2025-2026/Electronic - Global Stats Electronic included\/excluded designator"
197,"UCSC Electronic Holdings and Titles Report","E-Inventory","/shared/University of California System 01UCS_NETWORK/Reports/Local Requests/Annual Statistic Reports/Annual Stats FY 2025-2026/Final stats reports (for July 1)/Electronic/UCSC Electronic Holdings and Titles Report",2,"saved_reference","savedRegularColumnRef","cc3459c48d39152ec","Electronic - UCSC eResources Managed By designator",,,,,0,"/shared/University of California System 01UCS_NETWORK/Reports/Local Requests/Annual Statistic Reports/Annual Stats FY 2025-2026/Electronic - UCSC eResources Managed By designator"
197,"UCSC Electronic Holdings and Titles Report","E-Inventory","/shared/University of California System 01UCS_NETWORK/Reports/Local Requests/Annual Statistic Reports/Annual Stats FY 2025-2026/Final stats reports (for July 1)/Electronic/UCSC Electronic Holdings and Titles Report",3,"saved_reference","savedRegularColumnRef","c992d1aea7fa30575","Electronic - Global Stats Electronic Library Categories",,,,,0,"/shared/University of California System 01UCS_NETWORK/Reports/Local Requests/Annual Statistic Reports/Annual Stats FY 2025-2026/Electronic - Global Stats Electronic Library Categories"
197,"UCSC Electronic Holdings and Titles Report","E-Inventory","/shared/University of California System 01UCS_NETWORK/Reports/Local Requests/Annual Statistic Reports/Annual Stats FY 2025-2026/Final stats reports (for July 1)/Electronic/UCSC Electronic Holdings and Titles Report",4,"inline","regularColumn","c5e3481f0a5949f71","""Bibliographic Details"".""Resource Type""",,,"sqlExpression","""Bibliographic Details"".""Resource Type""",0,
197,"UCSC Electronic Holdings and Titles Report","E-Inventory","/shared/University of California System 01UCS_NETWORK/Reports/Local Requests/Annual Statistic Reports/Annual Stats FY 2025-2026/Final stats reports (for July 1)/Electronic/UCSC Electronic Holdings and Titles Report",5,"saved_reference","savedRegularColumnRef","ce68d8173c2f92fb7","Electronic - Count of Electronic Holdings",,,,,0,"/shared/University of California System 01UCS_NETWORK/Reports/Local Requests/Annual Statistic Reports/Annual Stats FY 2025-2026/Electronic - Count of Electronic Holdings"
197,"UCSC Electronic Holdings and Titles Report","E-Inventory","/shared/University of California System 01UCS_NETWORK/Reports/Local Requests/Annual Statistic Reports/Annual Stats FY 2025-2026/Final stats reports (for July 1)/Electronic/UCSC Electronic Holdings and Titles Report",6,"saved_reference","savedRegularColumnRef","c063746732ed44082","Electronic - Count of Electronic Titles",,,,,0,"/shared/University of California System 01UCS_NETWORK/Reports/Local Requests/Annual Statistic Reports/Annual Stats FY 2025-2026/Electronic - Count of Electronic Titles"
198,"UCSC eResources Library Categorization Report","E-Inventory","/shared/University of California System 01UCS_NETWORK/Reports/Local Requests/Annual Statistic Reports/Annual Stats FY 2025-2026/Preparation review reports/Electronic preparation review reports/UCSC eResources Library Categorization Report",1,"inline","regularColumn","c2a53da92d15619df","""Institution"".""Institution Name""",,,"sqlExpression","""Institution"".""Institution Name""",0,
198,"UCSC eResources Library Categorization Report","E-Inventory","/shared/University of California System 01UCS_NETWORK/Reports/Local Requests/Annual Statistic Reports/Annual Stats FY 2025-2026/Preparation review reports/Electronic preparation review reports/UCSC eResources Library Categorization Report",2,"saved_reference","savedRegularColumnRef","c93c38f9d46dde768","Electronic - Global Stats Electronic Library Categories",,,,,0,"/shared/University of California System 01UCS_NETWORK/Reports/Local Requests/Annual Statistic Reports/Annual Stats FY 2025-2026/Electronic - Global Stats Electronic Library Categories"
198,"UCSC eResources Library Categorization Report","E-Inventory","/shared/University of California System 01UCS_NETWORK/Reports/Local Requests/Annual Statistic Reports/Annual Stats FY 2025-2026/Preparation review reports/Electronic preparation review reports/UCSC eResources Library Categorization Report",3,"inline","regularColumn","c16b804d4f2a9bfed","""Portfolio Library Unit"".""Library Name""",,,"sqlExpression","""Portfolio Library Unit"".""Library Name""",0,
198,"UCSC eResources Library Categorization Report","E-Inventory","/shared/University of California System 01UCS_NETWORK/Reports/Local Requests/Annual Statistic Reports/Annual Stats FY 2025-2026/Preparation review reports/Electronic preparation review reports/UCSC eResources Library Categorization Report",4,"inline","regularColumn","c9a2b1a7e8a8fa595","""Portfolio Library Unit"".""Library Code""",,,"sqlExpression","""Portfolio Library Unit"".""Library Code""",0,
199,"UCD Physical Holdings and Titles Report","Physical Items","/shared/University of California System 01UCS_NETWORK/Reports/Local Requests/Annual Statistic Reports/Annual Stats FY 2025-2026/Final stats reports (for July 1)/Physical/UCD Physical Holdings and Titles Report",1,"saved_reference","savedRegularColumnRef","c21b2e4b70db7edf9","campus designator",,,,,0,"/shared/University of California System 01UCS_NETWORK/Reports/Local Requests/Annual Statistic Reports/Annual Stats FY 2025-2026/UCD SLF\/campus designator"
199,"UCD Physical Holdings and Titles Report","Physical Items","/shared/University of California System 01UCS_NETWORK/Reports/Local Requests/Annual Statistic Reports/Annual Stats FY 2025-2026/Final stats reports (for July 1)/Physical/UCD Physical Holdings and Titles Report",2,"saved_reference","savedRegularColumnRef","c2798a8e7f608032b","UCD Library Stats Category",,,,,0,"/shared/University of California System 01UCS_NETWORK/Reports/Local Requests/Annual Statistic Reports/Annual Stats FY 2025-2026/UCD Library Stats Category"
199,"UCD Physical Holdings and Titles Report","Physical Items","/shared/University of California System 01UCS_NETWORK/Reports/Local Requests/Annual Statistic Reports/Annual Stats FY 2025-2026/Final stats reports (for July 1)/Physical/UCD Physical Holdings and Titles Report",3,"inline","regularColumn","cda1deb08987e1fa6","""Location"".""Library Name""",,,"sqlExpression","""Location"".""Library Name""",0,
199,"UCD Physical Holdings and Titles Report","Physical Items","/shared/University of California System 01UCS_NETWORK/Reports/Local Requests/Annual Statistic Reports/Annual Stats FY 2025-2026/Final stats reports (for July 1)/Physical/UCD Physical Holdings and Titles Report",4,"inline","regularColumn","cadaf9cc700ae3f42","""Location"".""Library Code""",,,"sqlExpression","""Location"".""Library Code""",0,
199,"UCD Physical Holdings and Titles Report","Physical Items","/shared/University of California System 01UCS_NETWORK/Reports/Local Requests/Annual Statistic Reports/Annual Stats FY 2025-2026/Final stats reports (for July 1)/Physical/UCD Physical Holdings and Titles Report",5,"inline","regularColumn","c5afc6e62fd22fed4","""Location"".""Location Name""",,,"sqlExpression","""Location"".""Location Name""",0,
199,"UCD Physical Holdings and Titles Report","Physical Items","/shared/University of California System 01UCS_NETWORK/Reports/Local Requests/Annual Statistic Reports/Annual Stats FY 2025-2026/Final stats reports (for July 1)/Physical/UCD Physical Holdings and Titles Report",6,"inline","regularColumn","c4bd0ce8049e7404a","""Location"".""Location Code""",,,"sqlExpression","""Location"".""Location Code""",0,
199,"UCD Physical Holdings and Titles Report","Physical Items","/shared/University of California System 01UCS_NETWORK/Reports/Local Requests/Annual Statistic Reports/Annual Stats FY 2025-2026/Final stats reports (for July 1)/Physical/UCD Physical Holdings and Titles Report",7,"inline","regularColumn","c3fbb3c640afacc26","""Bibliographic Details"".""Resource Type""",,,"sqlExpression","""Bibliographic Details"".""Resource Type""",0,
199,"UCD Physical Holdings and Titles Report","Physical Items","/shared/University of California System 01UCS_NETWORK/Reports/Local Requests/Annual Statistic Reports/Annual Stats FY 2025-2026/Final stats reports (for July 1)/Physical/UCD Physical Holdings and Titles Report",8,"saved_reference","savedRegularColumnRef","c3745e82da13e7333","Physical - Holdings Added Year",,,,,0,"/shared/University of California System 01UCS_NETWORK/Reports/Local Requests/Annual Statistic Reports/Annual Stats FY 2025-2026/Physical - Holdings Added Year"
199,"UCD Physical Holdings and Titles Report","Physical Items","/shared/University of California System 01UCS_NETWORK/Reports/Local Requests/Annual Statistic Reports/Annual Stats FY 2025-2026/Final stats reports (for July 1)/Physical/UCD Physical Holdings and Titles Report",9,"saved_reference","savedRegularColumnRef","c58d561c93b74bb3b","Count of Physical Holdings",,,,,0,"/shared/University of California System 01UCS_NETWORK/Reports/Local Requests/Annual Statistic Reports/Annual Stats FY 2025-2026/Count of Physical Holdings"
199,"UCD Physical Holdings and Titles Report","Physical Items","/shared/University of California System 01UCS_NETWORK/Reports/Local Requests/Annual Statistic Reports/Annual Stats FY 2025-2026/Final stats reports (for July 1)/Physical/UCD Physical Holdings and Titles Report",10,"saved_reference","savedRegularColumnRef","cffeca8ebc78e9327","Count of Physical Titles",,,,,0,"/shared/University of California System 01UCS_NETWORK/Reports/Local Requests/Annual Statistic Reports/Annual Stats FY 2025-2026/Count of Physical Titles"
201,"UCSD eResources Comparison Report","E-Inventory","/shared/University of California System 01UCS_NETWORK/Reports/Local Requests/Annual Statistic Reports/Annual Stats FY 2025-2026/Final stats reports (for July 1)/eResources Comparison/UCSD eResources Comparison Report",1,"saved_reference","savedRegularColumnRef","c02690a55b95aba77","excluded designator",,,,,0,"/shared/University of California System 01UCS_NETWORK/Reports/Local Requests/Annual Statistic Reports/Annual Stats FY 2025-2026/Electronic - Global Stats Electronic included\/excluded designator"
201,"UCSD eResources Comparison Report","E-Inventory","/shared/University of California System 01UCS_NETWORK/Reports/Local Requests/Annual Statistic Reports/Annual Stats FY 2025-2026/Final stats reports (for July 1)/eResources Comparison/UCSD eResources Comparison Report",2,"saved_reference","savedRegularColumnRef","c19d9f141c13abe4a","Electronic - UCSD eResources Managed By designator",,,,,0,"/shared/University of California System 01UCS_NETWORK/Reports/Local Requests/Annual Statistic Reports/Annual Stats FY 2025-2026/Electronic - UCSD eResources Managed By designator"
201,"UCSD eResources Comparison Report","E-Inventory","/shared/University of California System 01UCS_NETWORK/Reports/Local Requests/Annual Statistic Reports/Annual Stats FY 2025-2026/Final stats reports (for July 1)/eResources Comparison/UCSD eResources Comparison Report",3,"saved_reference","savedRegularColumnRef","c9bcf36c7cb272dee","Electronic - Global Stats Electronic Library Categories",,,,,0,"/shared/University of California System 01UCS_NETWORK/Reports/Local Requests/Annual Statistic Reports/Annual Stats FY 2025-2026/Electronic - Global Stats Electronic Library Categories"
201,"UCSD eResources Comparison Report","E-Inventory","/shared/University of California System 01UCS_NETWORK/Reports/Local Requests/Annual Statistic Reports/Annual Stats FY 2025-2026/Final stats reports (for July 1)/eResources Comparison/UCSD eResources Comparison Report",4,"inline","regularColumn","c016e0632eb30a180","""Electronic Collection"".""Electronic Collection Interface Name""",,,"sqlExpression","""Electronic Collection"".""Electronic Collection Interface Name""",0,
201,"UCSD eResources Comparison Report","E-Inventory","/shared/University of California System 01UCS_NETWORK/Reports/Local Requests/Annual Statistic Reports/Annual Stats FY 2025-2026/Final stats reports (for July 1)/eResources Comparison/UCSD eResources Comparison Report",5,"saved_reference","savedRegularColumnRef","c708545ebb9da0a4d","Electronic - Count of Electronic Holdings",,,,,0,"/shared/University of California System 01UCS_NETWORK/Reports/Local Requests/Annual Statistic Reports/Annual Stats FY 2025-2026/Electronic - Count of Electronic Holdings"
201,"UCSD eResources Comparison Report","E-Inventory","/shared/University of California System 01UCS_NETWORK/Reports/Local Requests/Annual Statistic Reports/Annual Stats FY 2025-2026/Final stats reports (for July 1)/eResources Comparison/UCSD eResources Comparison Report",6,"saved_reference","savedRegularColumnRef","c522c03a2b09413e5","Electronic - Count of Electronic Titles",,,,,0,"/shared/University of California System 01UCS_NETWORK/Reports/Local Requests/Annual Statistic Reports/Annual Stats FY 2025-2026/Electronic - Count of Electronic Titles"
202,"UCM Check-Out Type Categorization Report","Fulfillment","/shared/University of California System 01UCS_NETWORK/Reports/Local Requests/Annual Statistic Reports/Annual Stats FY 2025-2026/Preparation review reports/Fulfillment preparation review reports/UCM Check-Out Type Categorization Report",1,"inline","regularColumn","c23cc5eeeae7ad97e","""Institution"".""Institution Name""",,,"sqlExpression","""Institution"".""Institution Name""",0,
202,"UCM Check-Out Type Categorization Report","Fulfillment","/shared/University of California System 01UCS_NETWORK/Reports/Local Requests/Annual Statistic Reports/Annual Stats FY 2025-2026/Preparation review reports/Fulfillment preparation review reports/UCM Check-Out Type Categorization Report",2,"saved_reference","savedRegularColumnRef","cf3b9677da47bf41d","UCM Check-Out Type",,,,,0,"/shared/University of California System 01UCS_NETWORK/Reports/Local Requests/Annual Statistic Reports/Annual Stats FY 2025-2026/UCM Check-Out Type"
202,"UCM Check-Out Type Categorization Report","Fulfillment","/shared/University of California System 01UCS_NETWORK/Reports/Local Requests/Annual Statistic Reports/Annual Stats FY 2025-2026/Preparation review reports/Fulfillment preparation review reports/UCM Check-Out Type Categorization Report",3,"inline","regularColumn","c5ffbccacf52ca449","""Item Location at Time of Loan"".""Library Name""",,,"sqlExpression","""Item Location at Time of Loan"".""Library Name""",0,
202,"UCM Check-Out Type Categorization Report","Fulfillment","/shared/University of California System 01UCS_NETWORK/Reports/Local Requests/Annual Statistic Reports/Annual Stats FY 2025-2026/Preparation review reports/Fulfillment preparation review reports/UCM Check-Out Type Categorization Report",4,"inline","regularColumn","c8c3bea60a6baa8ee","""Item Location at Time of Loan"".""Library Code""",,,"sqlExpression","""Item Location at Time of Loan"".""Library Code""",0,
202,"UCM Check-Out Type Categorization Report","Fulfillment","/shared/University of California System 01UCS_NETWORK/Reports/Local Requests/Annual Statistic Reports/Annual Stats FY 2025-2026/Preparation review reports/Fulfillment preparation review reports/UCM Check-Out Type Categorization Report",5,"inline","regularColumn","cafca0e6039247eb7","""Item Location at Time of Loan"".""Location Name""",,,"sqlExpression","""Item Location at Time of Loan"".""Location Name""",0,
202,"UCM Check-Out Type Categorization Report","Fulfillment","/shared/University of California System 01UCS_NETWORK/Reports/Local Requests/Annual Statistic Reports/Annual Stats FY 2025-2026/Preparation review reports/Fulfillment preparation review reports/UCM Check-Out Type Categorization Report",6,"inline","regularColumn","cfc94a605d75c6d31","""Item Location at Time of Loan"".""Location Code""",,,"sqlExpression","""Item Location at Time of Loan"".""Location Code""",0,
202,"UCM Check-Out Type Categorization Report","Fulfillment","/shared/University of California System 01UCS_NETWORK/Reports/Local Requests/Annual Statistic Reports/Annual Stats FY 2025-2026/Preparation review reports/Fulfillment preparation review reports/UCM Check-Out Type Categorization Report",7,"saved_reference","savedRegularColumnRef","c0cdc0ba9c6b2e5bd","FY 2025-26 Loans (Not In House)",,,,,0,"/shared/University of California System 01UCS_NETWORK/Reports/Local Requests/Annual Statistic Reports/Annual Stats FY 2025-2026/FY 2025-26 Loans (Not In House)"
204,"UCSD Library Categorization Report","Physical Items","/shared/University of California System 01UCS_NETWORK/Reports/Local Requests/Annual Statistic Reports/Annual Stats FY 2025-2026/Preparation review reports/Physical preparation review reports/UCSD Library Categorization Report",1,"saved_reference","savedRegularColumnRef","c5c7362e4876eb782","campus designator",,,,,0,"/shared/University of California System 01UCS_NETWORK/Reports/Local Requests/Annual Statistic Reports/Annual Stats FY 2025-2026/UCSD SLF\/campus designator"
204,"UCSD Library Categorization Report","Physical Items","/shared/University of California System 01UCS_NETWORK/Reports/Local Requests/Annual Statistic Reports/Annual Stats FY 2025-2026/Preparation review reports/Physical preparation review reports/UCSD Library Categorization Report",2,"saved_reference","savedRegularColumnRef","cd0b1e0e65675e95f","UCSD Library Stats Category",,,,,0,"/shared/University of California System 01UCS_NETWORK/Reports/Local Requests/Annual Statistic Reports/Annual Stats FY 2025-2026/UCSD Library Stats Category"
204,"UCSD Library Categorization Report","Physical Items","/shared/University of California System 01UCS_NETWORK/Reports/Local Requests/Annual Statistic Reports/Annual Stats FY 2025-2026/Preparation review reports/Physical preparation review reports/UCSD Library Categorization Report",3,"inline","regularColumn","c11f1bc37045f5246","""Location"".""Library Name""",,,"sqlExpression","""Location"".""Library Name""",0,
204,"UCSD Library Categorization Report","Physical Items","/shared/University of California System 01UCS_NETWORK/Reports/Local Requests/Annual Statistic Reports/Annual Stats FY 2025-2026/Preparation review reports/Physical preparation review reports/UCSD Library Categorization Report",4,"inline","regularColumn","c5b753ac3507179de","""Location"".""Library Code""",,,"sqlExpression","""Location"".""Library Code""",0,
204,"UCSD Library Categorization Report","Physical Items","/shared/University of California System 01UCS_NETWORK/Reports/Local Requests/Annual Statistic Reports/Annual Stats FY 2025-2026/Preparation review reports/Physical preparation review reports/UCSD Library Categorization Report",5,"inline","regularColumn","cca8e491579614ace","""Location"".""Location Name""",,,"sqlExpression","""Location"".""Location Name""",0,
204,"UCSD Library Categorization Report","Physical Items","/shared/University of California System 01UCS_NETWORK/Reports/Local Requests/Annual Statistic Reports/Annual Stats FY 2025-2026/Preparation review reports/Physical preparation review reports/UCSD Library Categorization Report",6,"inline","regularColumn","c0a6425ae82f111ec","""Location"".""Location Code""",,,"sqlExpression","""Location"".""Location Code""",0,
204,"UCSD Library Categorization Report","Physical Items","/shared/University of California System 01UCS_NETWORK/Reports/Local Requests/Annual Statistic Reports/Annual Stats FY 2025-2026/Preparation review reports/Physical preparation review reports/UCSD Library Categorization Report",7,"saved_reference","savedRegularColumnRef","c4580f55e0701575e","Count of Physical Holdings",,,,,0,"/shared/University of California System 01UCS_NETWORK/Reports/Local Requests/Annual Statistic Reports/Annual Stats FY 2025-2026/Count of Physical Holdings"
204,"UCSD Library Categorization Report","Physical Items","/shared/University of California System 01UCS_NETWORK/Reports/Local Requests/Annual Statistic Reports/Annual Stats FY 2025-2026/Preparation review reports/Physical preparation review reports/UCSD Library Categorization Report",8,"saved_reference","savedRegularColumnRef","c07cc92cf4907e63a","Count of Physical Titles",,,,,0,"/shared/University of California System 01UCS_NETWORK/Reports/Local Requests/Annual Statistic Reports/Annual Stats FY 2025-2026/Count of Physical Titles"
205,"UCSF Risk Management Report","Physical Items","/shared/University of California System 01UCS_NETWORK/Reports/Local Requests/Annual Statistic Reports/Annual Stats FY 2025-2026/Final stats reports (for July 1)/Risk Management/UCSF Risk Management Report",1,"saved_reference","savedRegularColumnRef","cc58e9ddfaf723776","campus designator",,,,,0,"/shared/University of California System 01UCS_NETWORK/Reports/Local Requests/Annual Statistic Reports/Annual Stats FY 2025-2026/UCSF SLF\/campus designator"
205,"UCSF Risk Management Report","Physical Items","/shared/University of California System 01UCS_NETWORK/Reports/Local Requests/Annual Statistic Reports/Annual Stats FY 2025-2026/Final stats reports (for July 1)/Risk Management/UCSF Risk Management Report",2,"inline","regularColumn","c5f9aa39ec6d7a429","""Location"".""Library Name""",,,"sqlExpression","""Location"".""Library Name""",0,
205,"UCSF Risk Management Report","Physical Items","/shared/University of California System 01UCS_NETWORK/Reports/Local Requests/Annual Statistic Reports/Annual Stats FY 2025-2026/Final stats reports (for July 1)/Risk Management/UCSF Risk Management Report",3,"inline","regularColumn","c9b9b555ed2aa8caa","""Location"".""Library Code""",,,"sqlExpression","""Location"".""Library Code""",0,
205,"UCSF Risk Management Report","Physical Items","/shared/University of California System 01UCS_NETWORK/Reports/Local Requests/Annual Statistic Reports/Annual Stats FY 2025-2026/Final stats reports (for July 1)/Risk Management/UCSF Risk Management Report",4,"inline","regularColumn","c7ae27ad3719e42bb","""Location"".""Location Name""",,,"sqlExpression","""Location"".""Location Name""",0,
205,"UCSF Risk Management Report","Physical Items","/shared/University of California System 01UCS_NETWORK/Reports/Local Requests/Annual Statistic Reports/Annual Stats FY 2025-2026/Final stats reports (for July 1)/Risk Management/UCSF Risk Management Report",5,"inline","regularColumn","c5671a1363a940746","""Location"".""Location Code""",,,"sqlExpression","""Location"".""Location Code""",0,
205,"UCSF Risk Management Report","Physical Items","/shared/University of California System 01UCS_NETWORK/Reports/Local Requests/Annual Statistic Reports/Annual Stats FY 2025-2026/Final stats reports (for July 1)/Risk Management/UCSF Risk Management Report",6,"inline","regularColumn","cb573d5683ec2a325","""Bibliographic Details"".""Resource Type""",,,"sqlExpression","""Bibliographic Details"".""Resource Type""",0,
205,"UCSF Risk Management Report","Physical Items","/shared/University of California System 01UCS_NETWORK/Reports/Local Requests/Annual Statistic Reports/Annual Stats FY 2025-2026/Final stats reports (for July 1)/Risk Management/UCSF Risk Management Report",7,"saved_reference","savedRegularColumnRef","cd7a08c12c4defb0d","Count of Physical Holdings",,,,,0,"/shared/University of California System 01UCS_NETWORK/Reports/Local Requests/Annual Statistic Reports/Annual Stats FY 2025-2026/Count of Physical Holdings"
206,"UCSD eResources Library Categorization Report","E-Inventory","/shared/University of California System 01UCS_NETWORK/Reports/Local Requests/Annual Statistic Reports/Annual Stats FY 2025-2026/Preparation review reports/Electronic preparation review reports/UCSD eResources Library Categorization Report",1,"inline","regularColumn","c2a53da92d15619df","""Institution"".""Institution Name""",,,"sqlExpression","""Institution"".""Institution Name""",0,
206,"UCSD eResources Library Categorization Report","E-Inventory","/shared/University of California System 01UCS_NETWORK/Reports/Local Requests/Annual Statistic Reports/Annual Stats FY 2025-2026/Preparation review reports/Electronic preparation review reports/UCSD eResources Library Categorization Report",2,"saved_reference","savedRegularColumnRef","c93c38f9d46dde768","Electronic - Global Stats Electronic Library Categories",,,,,0,"/shared/University of California System 01UCS_NETWORK/Reports/Local Requests/Annual Statistic Reports/Annual Stats FY 2025-2026/Electronic - Global Stats Electronic Library Categories"
206,"UCSD eResources Library Categorization Report","E-Inventory","/shared/University of California System 01UCS_NETWORK/Reports/Local Requests/Annual Statistic Reports/Annual Stats FY 2025-2026/Preparation review reports/Electronic preparation review reports/UCSD eResources Library Categorization Report",3,"inline","regularColumn","c16b804d4f2a9bfed","""Portfolio Library Unit"".""Library Name""",,,"sqlExpression","""Portfolio Library Unit"".""Library Name""",0,
206,"UCSD eResources Library Categorization Report","E-Inventory","/shared/University of California System 01UCS_NETWORK/Reports/Local Requests/Annual Statistic Reports/Annual Stats FY 2025-2026/Preparation review reports/Electronic preparation review reports/UCSD eResources Library Categorization Report",4,"inline","regularColumn","c9a2b1a7e8a8fa595","""Portfolio Library Unit"".""Library Code""",,,"sqlExpression","""Portfolio Library Unit"".""Library Code""",0,
207,"UCSD Electronic Holdings and Titles Report","E-Inventory","/shared/University of California System 01UCS_NETWORK/Reports/Local Requests/Annual Statistic Reports/Annual Stats FY 2025-2026/Final stats reports (for July 1)/Electronic/UCSD Electronic Holdings and Titles Report",1,"saved_reference","savedRegularColumnRef","c02690a55b95aba77","excluded designator",,,,,0,"/shared/University of California System 01UCS_NETWORK/Reports/Local Requests/Annual Statistic Reports/Annual Stats FY 2025-2026/Electronic - Global Stats Electronic included\/excluded designator"
207,"UCSD Electronic Holdings and Titles Report","E-Inventory","/shared/University of California System 01UCS_NETWORK/Reports/Local Requests/Annual Statistic Reports/Annual Stats FY 2025-2026/Final stats reports (for July 1)/Electronic/UCSD Electronic Holdings and Titles Report",2,"saved_reference","savedRegularColumnRef","c19d9f141c13abe4a","Electronic - UCSD eResources Managed By designator",,,,,0,"/shared/University of California System 01UCS_NETWORK/Reports/Local Requests/Annual Statistic Reports/Annual Stats FY 2025-2026/Electronic - UCSD eResources Managed By designator"
207,"UCSD Electronic Holdings and Titles Report","E-Inventory","/shared/University of California System 01UCS_NETWORK/Reports/Local Requests/Annual Statistic Reports/Annual Stats FY 2025-2026/Final stats reports (for July 1)/Electronic/UCSD Electronic Holdings and Titles Report",3,"saved_reference","savedRegularColumnRef","c9bcf36c7cb272dee","Electronic - Global Stats Electronic Library Categories",,,,,0,"/shared/University of California System 01UCS_NETWORK/Reports/Local Requests/Annual Statistic Reports/Annual Stats FY 2025-2026/Electronic - Global Stats Electronic Library Categories"
207,"UCSD Electronic Holdings and Titles Report","E-Inventory","/shared/University of California System 01UCS_NETWORK/Reports/Local Requests/Annual Statistic Reports/Annual Stats FY 2025-2026/Final stats reports (for July 1)/Electronic/UCSD Electronic Holdings and Titles Report",4,"inline","regularColumn","c516de8829a7f5e09","""Bibliographic Details"".""Resource Type""",,,"sqlExpression","""Bibliographic Details"".""Resource Type""",0,
207,"UCSD Electronic Holdings and Titles Report","E-Inventory","/shared/University of California System 01UCS_NETWORK/Reports/Local Requests/Annual Statistic Reports/Annual Stats FY 2025-2026/Final stats reports (for July 1)/Electronic/UCSD Electronic Holdings and Titles Report",5,"saved_reference","savedRegularColumnRef","c708545ebb9da0a4d","Electronic - Count of Electronic Holdings",,,,,0,"/shared/University of California System 01UCS_NETWORK/Reports/Local Requests/Annual Statistic Reports/Annual Stats FY 2025-2026/Electronic - Count of Electronic Holdings"
207,"UCSD Electronic Holdings and Titles Report","E-Inventory","/shared/University of California System 01UCS_NETWORK/Reports/Local Requests/Annual Statistic Reports/Annual Stats FY 2025-2026/Final stats reports (for July 1)/Electronic/UCSD Electronic Holdings and Titles Report",6,"saved_reference","savedRegularColumnRef","c522c03a2b09413e5","Electronic - Count of Electronic Titles",,,,,0,"/shared/University of California System 01UCS_NETWORK/Reports/Local Requests/Annual Statistic Reports/Annual Stats FY 2025-2026/Electronic - Count of Electronic Titles"
208,"UCSF Physical Collection Usage","Fulfillment","/shared/University of California System 01UCS_NETWORK/Reports/Local Requests/Annual Statistic Reports/Annual Stats FY 2025-2026/Final stats reports (for July 1)/Physical Collection Usage/UCSF Physical Collection Usage",1,"saved_reference","savedRegularColumnRef","cd6ad68b2587538d5","Fulfillment - Fulfillment Institution",,,,,0,"/shared/University of California System 01UCS_NETWORK/Reports/Local Requests/Annual Statistic Reports/Annual Stats FY 2025-2026/Fulfillment - Fulfillment Institution"
208,"UCSF Physical Collection Usage","Fulfillment","/shared/University of California System 01UCS_NETWORK/Reports/Local Requests/Annual Statistic Reports/Annual Stats FY 2025-2026/Final stats reports (for July 1)/Physical Collection Usage/UCSF Physical Collection Usage",2,"saved_reference","savedRegularColumnRef","c3978eb5d768d8288","Physical - UCSF Library Stats Category",,,,,0,"/shared/University of California System 01UCS_NETWORK/Reports/Local Requests/Annual Statistic Reports/Annual Stats FY 2025-2026/Physical - UCSF Library Stats Category"
208,"UCSF Physical Collection Usage","Fulfillment","/shared/University of California System 01UCS_NETWORK/Reports/Local Requests/Annual Statistic Reports/Annual Stats FY 2025-2026/Final stats reports (for July 1)/Physical Collection Usage/UCSF Physical Collection Usage",3,"inline","regularColumn","cc86c5ed0f3411e3a","""Item Location at Time of Loan"".""Library Name""",,,"sqlExpression","""Item Location at Time of Loan"".""Library Name""",0,
208,"UCSF Physical Collection Usage","Fulfillment","/shared/University of California System 01UCS_NETWORK/Reports/Local Requests/Annual Statistic Reports/Annual Stats FY 2025-2026/Final stats reports (for July 1)/Physical Collection Usage/UCSF Physical Collection Usage",4,"inline","regularColumn","c7064db9789b3f6fb","""Item Location at Time of Loan"".""Library Code""",,,"sqlExpression","""Item Location at Time of Loan"".""Library Code""",0,
208,"UCSF Physical Collection Usage","Fulfillment","/shared/University of California System 01UCS_NETWORK/Reports/Local Requests/Annual Statistic Reports/Annual Stats FY 2025-2026/Final stats reports (for July 1)/Physical Collection Usage/UCSF Physical Collection Usage",5,"inline","regularColumn","c69e4ce5b955b1774","""Item Location at Time of Loan"".""Location Name""",,,"sqlExpression","""Item Location at Time of Loan"".""Location Name""",0,
208,"UCSF Physical Collection Usage","Fulfillment","/shared/University of California System 01UCS_NETWORK/Reports/Local Requests/Annual Statistic Reports/Annual Stats FY 2025-2026/Final stats reports (for July 1)/Physical Collection Usage/UCSF Physical Collection Usage",6,"inline","regularColumn","cababd2320251aad6","""Item Location at Time of Loan"".""Location Code""",,,"sqlExpression","""Item Location at Time of Loan"".""Location Code""",0,
208,"UCSF Physical Collection Usage","Fulfillment","/shared/University of California System 01UCS_NETWORK/Reports/Local Requests/Annual Statistic Reports/Annual Stats FY 2025-2026/Final stats reports (for July 1)/Physical Collection Usage/UCSF Physical Collection Usage",7,"saved_reference","savedRegularColumnRef","c381e18281ab79798","Fulfillment - UCSF Check-Out Type",,,,,0,"/shared/University of California System 01UCS_NETWORK/Reports/Local Requests/Annual Statistic Reports/Annual Stats FY 2025-2026/Fulfillment - UCSF Check-Out Type"
208,"UCSF Physical Collection Usage","Fulfillment","/shared/University of California System 01UCS_NETWORK/Reports/Local Requests/Annual Statistic Reports/Annual Stats FY 2025-2026/Final stats reports (for July 1)/Physical Collection Usage/UCSF Physical Collection Usage",8,"saved_reference","savedRegularColumnRef","c93f53203aa7b7952","Fulfillment - Alma User Group",,,,,0,"/shared/University of California System 01UCS_NETWORK/Reports/Local Requests/Annual Statistic Reports/Annual Stats FY 2025-2026/Fulfillment - Alma User Group"
208,"UCSF Physical Collection Usage","Fulfillment","/shared/University of California System 01UCS_NETWORK/Reports/Local Requests/Annual Statistic Reports/Annual Stats FY 2025-2026/Final stats reports (for July 1)/Physical Collection Usage/UCSF Physical Collection Usage",9,"saved_reference","savedRegularColumnRef","c6215ed5597427900","Fulfillment - UCSF User Group",,,,,0,"/shared/University of California System 01UCS_NETWORK/Reports/Local Requests/Annual Statistic Reports/Annual Stats FY 2025-2026/Fulfillment - UCSF User Group"
208,"UCSF Physical Collection Usage","Fulfillment","/shared/University of California System 01UCS_NETWORK/Reports/Local Requests/Annual Statistic Reports/Annual Stats FY 2025-2026/Final stats reports (for July 1)/Physical Collection Usage/UCSF Physical Collection Usage",10,"saved_reference","savedRegularColumnRef","c48609981ac4c5f9a","Fulfillment - FY 2025-26 Loans (Not In House)",,,,,0,"/shared/University of California System 01UCS_NETWORK/Reports/Local Requests/Annual Statistic Reports/Annual Stats FY 2025-2026/Fulfillment - FY 2025-26 Loans (Not In House)"
211,"UCSF eResources Library Categorization Report","E-Inventory","/shared/University of California System 01UCS_NETWORK/Reports/Local Requests/Annual Statistic Reports/Annual Stats FY 2025-2026/Preparation review reports/Electronic preparation review reports/UCSF eResources Library Categorization Report",1,"inline","regularColumn","c2a53da92d15619df","""Institution"".""Institution Name""",,,"sqlExpression","""Institution"".""Institution Name""",0,
211,"UCSF eResources Library Categorization Report","E-Inventory","/shared/University of California System 01UCS_NETWORK/Reports/Local Requests/Annual Statistic Reports/Annual Stats FY 2025-2026/Preparation review reports/Electronic preparation review reports/UCSF eResources Library Categorization Report",2,"saved_reference","savedRegularColumnRef","c93c38f9d46dde768","Electronic - Global Stats Electronic Library Categories",,,,,0,"/shared/University of California System 01UCS_NETWORK/Reports/Local Requests/Annual Statistic Reports/Annual Stats FY 2025-2026/Electronic - Global Stats Electronic Library Categories"
211,"UCSF eResources Library Categorization Report","E-Inventory","/shared/University of California System 01UCS_NETWORK/Reports/Local Requests/Annual Statistic Reports/Annual Stats FY 2025-2026/Preparation review reports/Electronic preparation review reports/UCSF eResources Library Categorization Report",3,"inline","regularColumn","c16b804d4f2a9bfed","""Portfolio Library Unit"".""Library Name""",,,"sqlExpression","""Portfolio Library Unit"".""Library Name""",0,
211,"UCSF eResources Library Categorization Report","E-Inventory","/shared/University of California System 01UCS_NETWORK/Reports/Local Requests/Annual Statistic Reports/Annual Stats FY 2025-2026/Preparation review reports/Electronic preparation review reports/UCSF eResources Library Categorization Report",4,"inline","regularColumn","c9a2b1a7e8a8fa595","""Portfolio Library Unit"".""Library Code""",,,"sqlExpression","""Portfolio Library Unit"".""Library Code""",0,
212,"UCM User Group categorization report","Fulfillment","/shared/University of California System 01UCS_NETWORK/Reports/Local Requests/Annual Statistic Reports/Annual Stats FY 2025-2026/Preparation review reports/Fulfillment preparation review reports/UCM User Group categorization report",1,"inline","regularColumn","c0b9069ebb3112696","""Institution"".""Institution Name""",,,"sqlExpression","""Institution"".""Institution Name""",0,
212,"UCM User Group categorization report","Fulfillment","/shared/University of California System 01UCS_NETWORK/Reports/Local Requests/Annual Statistic Reports/Annual Stats FY 2025-2026/Preparation review reports/Fulfillment preparation review reports/UCM User Group categorization report",2,"saved_reference","savedRegularColumnRef","cb9ca7f0400687eaf","UCM User Group",,,,,0,"/shared/University of California System 01UCS_NETWORK/Reports/Local Requests/Annual Statistic Reports/Annual Stats FY 2025-2026/UCM User Group"
212,"UCM User Group categorization report","Fulfillment","/shared/University of California System 01UCS_NETWORK/Reports/Local Requests/Annual Statistic Reports/Annual Stats FY 2025-2026/Preparation review reports/Fulfillment preparation review reports/UCM User Group categorization report",3,"inline","regularColumn","cd035c9b380e2047f","""Borrower Details"".""User Group""",,,"sqlExpression","""Borrower Details"".""User Group""",0,
213,"UCSF Library Categorization Report","Physical Items","/shared/University of California System 01UCS_NETWORK/Reports/Local Requests/Annual Statistic Reports/Annual Stats FY 2025-2026/Preparation review reports/Physical preparation review reports/UCSF Library Categorization Report",1,"saved_reference","savedRegularColumnRef","cc58e9ddfaf723776","campus designator",,,,,0,"/shared/University of California System 01UCS_NETWORK/Reports/Local Requests/Annual Statistic Reports/Annual Stats FY 2025-2026/UCSF SLF\/campus designator"
213,"UCSF Library Categorization Report","Physical Items","/shared/University of California System 01UCS_NETWORK/Reports/Local Requests/Annual Statistic Reports/Annual Stats FY 2025-2026/Preparation review reports/Physical preparation review reports/UCSF Library Categorization Report",2,"saved_reference","savedRegularColumnRef","c4ab6c1e180550974","UCSF Library Stats Category",,,,,0,"/shared/University of California System 01UCS_NETWORK/Reports/Local Requests/Annual Statistic Reports/Annual Stats FY 2025-2026/UCSF Library Stats Category"
213,"UCSF Library Categorization Report","Physical Items","/shared/University of California System 01UCS_NETWORK/Reports/Local Requests/Annual Statistic Reports/Annual Stats FY 2025-2026/Preparation review reports/Physical preparation review reports/UCSF Library Categorization Report",3,"inline","regularColumn","c5f9aa39ec6d7a429","""Location"".""Library Name""",,,"sqlExpression","""Location"".""Library Name""",0,
213,"UCSF Library Categorization Report","Physical Items","/shared/University of California System 01UCS_NETWORK/Reports/Local Requests/Annual Statistic Reports/Annual Stats FY 2025-2026/Preparation review reports/Physical preparation review reports/UCSF Library Categorization Report",4,"inline","regularColumn","c9b9b555ed2aa8caa","""Location"".""Library Code""",,,"sqlExpression","""Location"".""Library Code""",0,
213,"UCSF Library Categorization Report","Physical Items","/shared/University of California System 01UCS_NETWORK/Reports/Local Requests/Annual Statistic Reports/Annual Stats FY 2025-2026/Preparation review reports/Physical preparation review reports/UCSF Library Categorization Report",5,"inline","regularColumn","c7ae27ad3719e42bb","""Location"".""Location Name""",,,"sqlExpression","""Location"".""Location Name""",0,
213,"UCSF Library Categorization Report","Physical Items","/shared/University of California System 01UCS_NETWORK/Reports/Local Requests/Annual Statistic Reports/Annual Stats FY 2025-2026/Preparation review reports/Physical preparation review reports/UCSF Library Categorization Report",6,"inline","regularColumn","c5671a1363a940746","""Location"".""Location Code""",,,"sqlExpression","""Location"".""Location Code""",0,
213,"UCSF Library Categorization Report","Physical Items","/shared/University of California System 01UCS_NETWORK/Reports/Local Requests/Annual Statistic Reports/Annual Stats FY 2025-2026/Preparation review reports/Physical preparation review reports/UCSF Library Categorization Report",7,"saved_reference","savedRegularColumnRef","cd7a08c12c4defb0d","Count of Physical Holdings",,,,,0,"/shared/University of California System 01UCS_NETWORK/Reports/Local Requests/Annual Statistic Reports/Annual Stats FY 2025-2026/Count of Physical Holdings"
213,"UCSF Library Categorization Report","Physical Items","/shared/University of California System 01UCS_NETWORK/Reports/Local Requests/Annual Statistic Reports/Annual Stats FY 2025-2026/Preparation review reports/Physical preparation review reports/UCSF Library Categorization Report",8,"saved_reference","savedRegularColumnRef","cbe8a14003d344c94","Count of Physical Titles",,,,,0,"/shared/University of California System 01UCS_NETWORK/Reports/Local Requests/Annual Statistic Reports/Annual Stats FY 2025-2026/Count of Physical Titles"
214,"UCSF Electronic Holdings and Titles Report","E-Inventory","/shared/University of California System 01UCS_NETWORK/Reports/Local Requests/Annual Statistic Reports/Annual Stats FY 2025-2026/Final stats reports (for July 1)/Electronic/UCSF Electronic Holdings and Titles Report",1,"saved_reference","savedRegularColumnRef","ca15fe28ee9943cfd","excluded designator",,,,,0,"/shared/University of California System 01UCS_NETWORK/Reports/Local Requests/Annual Statistic Reports/Annual Stats FY 2025-2026/Electronic - Global Stats Electronic included\/excluded designator"
214,"UCSF Electronic Holdings and Titles Report","E-Inventory","/shared/University of California System 01UCS_NETWORK/Reports/Local Requests/Annual Statistic Reports/Annual Stats FY 2025-2026/Final stats reports (for July 1)/Electronic/UCSF Electronic Holdings and Titles Report",2,"saved_reference","savedRegularColumnRef","c423b8c740affd4db","Electronic UCSF eResources Managed By designator",,,,,0,"/shared/University of California System 01UCS_NETWORK/Reports/Local Requests/Annual Statistic Reports/Annual Stats FY 2025-2026/Electronic UCSF eResources Managed By designator"
214,"UCSF Electronic Holdings and Titles Report","E-Inventory","/shared/University of California System 01UCS_NETWORK/Reports/Local Requests/Annual Statistic Reports/Annual Stats FY 2025-2026/Final stats reports (for July 1)/Electronic/UCSF Electronic Holdings and Titles Report",3,"saved_reference","savedRegularColumnRef","c34c8e3be659c877f","Electronic - Global Stats Electronic Library Categories",,,,,0,"/shared/University of California System 01UCS_NETWORK/Reports/Local Requests/Annual Statistic Reports/Annual Stats FY 2025-2026/Electronic - Global Stats Electronic Library Categories"
214,"UCSF Electronic Holdings and Titles Report","E-Inventory","/shared/University of California System 01UCS_NETWORK/Reports/Local Requests/Annual Statistic Reports/Annual Stats FY 2025-2026/Final stats reports (for July 1)/Electronic/UCSF Electronic Holdings and Titles Report",4,"inline","regularColumn","cd88fd49eb02ff47b","""Bibliographic Details"".""Resource Type""",,,"sqlExpression","""Bibliographic Details"".""Resource Type""",0,
214,"UCSF Electronic Holdings and Titles Report","E-Inventory","/shared/University of California System 01UCS_NETWORK/Reports/Local Requests/Annual Statistic Reports/Annual Stats FY 2025-2026/Final stats reports (for July 1)/Electronic/UCSF Electronic Holdings and Titles Report",5,"saved_reference","savedRegularColumnRef","c0a7973e25dc56ece","Electronic - Count of Electronic Holdings",,,,,0,"/shared/University of California System 01UCS_NETWORK/Reports/Local Requests/Annual Statistic Reports/Annual Stats FY 2025-2026/Electronic - Count of Electronic Holdings"
214,"UCSF Electronic Holdings and Titles Report","E-Inventory","/shared/University of California System 01UCS_NETWORK/Reports/Local Requests/Annual Statistic Reports/Annual Stats FY 2025-2026/Final stats reports (for July 1)/Electronic/UCSF Electronic Holdings and Titles Report",6,"saved_reference","savedRegularColumnRef","c1c9417af7a150c46","Electronic - Count of Electronic Titles",,,,,0,"/shared/University of California System 01UCS_NETWORK/Reports/Local Requests/Annual Statistic Reports/Annual Stats FY 2025-2026/Electronic - Count of Electronic Titles"
215,"UCSF eResources Comparison Report","E-Inventory","/shared/University of California System 01UCS_NETWORK/Reports/Local Requests/Annual Statistic Reports/Annual Stats FY 2025-2026/Final stats reports (for July 1)/eResources Comparison/UCSF eResources Comparison Report",1,"saved_reference","savedRegularColumnRef","ca15fe28ee9943cfd","excluded designator",,,,,0,"/shared/University of California System 01UCS_NETWORK/Reports/Local Requests/Annual Statistic Reports/Annual Stats FY 2025-2026/Electronic - Global Stats Electronic included\/excluded designator"
215,"UCSF eResources Comparison Report","E-Inventory","/shared/University of California System 01UCS_NETWORK/Reports/Local Requests/Annual Statistic Reports/Annual Stats FY 2025-2026/Final stats reports (for July 1)/eResources Comparison/UCSF eResources Comparison Report",2,"saved_reference","savedRegularColumnRef","c423b8c740affd4db","Electronic UCSF eResources Managed By designator",,,,,0,"/shared/University of California System 01UCS_NETWORK/Reports/Local Requests/Annual Statistic Reports/Annual Stats FY 2025-2026/Electronic UCSF eResources Managed By designator"
215,"UCSF eResources Comparison Report","E-Inventory","/shared/University of California System 01UCS_NETWORK/Reports/Local Requests/Annual Statistic Reports/Annual Stats FY 2025-2026/Final stats reports (for July 1)/eResources Comparison/UCSF eResources Comparison Report",3,"saved_reference","savedRegularColumnRef","c34c8e3be659c877f","Electronic - Global Stats Electronic Library Categories",,,,,0,"/shared/University of California System 01UCS_NETWORK/Reports/Local Requests/Annual Statistic Reports/Annual Stats FY 2025-2026/Electronic - Global Stats Electronic Library Categories"
215,"UCSF eResources Comparison Report","E-Inventory","/shared/University of California System 01UCS_NETWORK/Reports/Local Requests/Annual Statistic Reports/Annual Stats FY 2025-2026/Final stats reports (for July 1)/eResources Comparison/UCSF eResources Comparison Report",4,"inline","regularColumn","c8db56c0dad189260","""Electronic Collection"".""Electronic Collection Interface Name""",,,"sqlExpression","""Electronic Collection"".""Electronic Collection Interface Name""",0,
215,"UCSF eResources Comparison Report","E-Inventory","/shared/University of California System 01UCS_NETWORK/Reports/Local Requests/Annual Statistic Reports/Annual Stats FY 2025-2026/Final stats reports (for July 1)/eResources Comparison/UCSF eResources Comparison Report",5,"saved_reference","savedRegularColumnRef","c0a7973e25dc56ece","Electronic - Count of Electronic Holdings",,,,,0,"/shared/University of California System 01UCS_NETWORK/Reports/Local Requests/Annual Statistic Reports/Annual Stats FY 2025-2026/Electronic - Count of Electronic Holdings"
215,"UCSF eResources Comparison Report","E-Inventory","/shared/University of California System 01UCS_NETWORK/Reports/Local Requests/Annual Statistic Reports/Annual Stats FY 2025-2026/Final stats reports (for July 1)/eResources Comparison/UCSF eResources Comparison Report",6,"saved_reference","savedRegularColumnRef","c1c9417af7a150c46","Electronic - Count of Electronic Titles",,,,,0,"/shared/University of California System 01UCS_NETWORK/Reports/Local Requests/Annual Statistic Reports/Annual Stats FY 2025-2026/Electronic - Count of Electronic Titles"
216,"UCI Physical Holdings and Titles Report","Physical Items","/shared/University of California System 01UCS_NETWORK/Reports/Local Requests/Annual Statistic Reports/Annual Stats FY 2025-2026/Final stats reports (for July 1)/Physical/UCI Physical Holdings and Titles Report",1,"saved_reference","savedRegularColumnRef","c4f42de06c3c981e3","campus designator",,,,,0,"/shared/University of California System 01UCS_NETWORK/Reports/Local Requests/Annual Statistic Reports/Annual Stats FY 2025-2026/UCI SLF\/campus designator"
216,"UCI Physical Holdings and Titles Report","Physical Items","/shared/University of California System 01UCS_NETWORK/Reports/Local Requests/Annual Statistic Reports/Annual Stats FY 2025-2026/Final stats reports (for July 1)/Physical/UCI Physical Holdings and Titles Report",2,"saved_reference","savedRegularColumnRef","ce45cf41d57b6d04c","UCI Library Stats Category",,,,,0,"/shared/University of California System 01UCS_NETWORK/Reports/Local Requests/Annual Statistic Reports/Annual Stats FY 2025-2026/UCI Library Stats Category"
216,"UCI Physical Holdings and Titles Report","Physical Items","/shared/University of California System 01UCS_NETWORK/Reports/Local Requests/Annual Statistic Reports/Annual Stats FY 2025-2026/Final stats reports (for July 1)/Physical/UCI Physical Holdings and Titles Report",3,"inline","regularColumn","c3393832fcfb7bd4f","""Location"".""Library Name""",,,"sqlExpression","""Location"".""Library Name""",0,
216,"UCI Physical Holdings and Titles Report","Physical Items","/shared/University of California System 01UCS_NETWORK/Reports/Local Requests/Annual Statistic Reports/Annual Stats FY 2025-2026/Final stats reports (for July 1)/Physical/UCI Physical Holdings and Titles Report",4,"inline","regularColumn","c470460ecab5eb441","""Location"".""Library Code""",,,"sqlExpression","""Location"".""Library Code""",0,
216,"UCI Physical Holdings and Titles Report","Physical Items","/shared/University of California System 01UCS_NETWORK/Reports/Local Requests/Annual Statistic Reports/Annual Stats FY 2025-2026/Final stats reports (for July 1)/Physical/UCI Physical Holdings and Titles Report",5,"inline","regularColumn","caf603af9b0cd11dc","""Location"".""Location Name""",,,"sqlExpression","""Location"".""Location Name""",0,
216,"UCI Physical Holdings and Titles Report","Physical Items","/shared/University of California System 01UCS_NETWORK/Reports/Local Requests/Annual Statistic Reports/Annual Stats FY 2025-2026/Final stats reports (for July 1)/Physical/UCI Physical Holdings and Titles Report",6,"inline","regularColumn","ce5897f198b4b1081","""Location"".""Location Code""",,,"sqlExpression","""Location"".""Location Code""",0,
216,"UCI Physical Holdings and Titles Report","Physical Items","/shared/University of California System 01UCS_NETWORK/Reports/Local Requests/Annual Statistic Reports/Annual Stats FY 2025-2026/Final stats reports (for July 1)/Physical/UCI Physical Holdings and Titles Report",7,"inline","regularColumn","c3454e0b5095af659","""Bibliographic Details"".""Resource Type""",,,"sqlExpression","""Bibliographic Details"".""Resource Type""",0,
216,"UCI Physical Holdings and Titles Report","Physical Items","/shared/University of California System 01UCS_NETWORK/Reports/Local Requests/Annual Statistic Reports/Annual Stats FY 2025-2026/Final stats reports (for July 1)/Physical/UCI Physical Holdings and Titles Report",8,"saved_reference","savedRegularColumnRef","cd55a153d395e01f2","Physical - Holdings Added Year",,,,,0,"/shared/University of California System 01UCS_NETWORK/Reports/Local Requests/Annual Statistic Reports/Annual Stats FY 2025-2026/Physical - Holdings Added Year"
216,"UCI Physical Holdings and Titles Report","Physical Items","/shared/University of California System 01UCS_NETWORK/Reports/Local Requests/Annual Statistic Reports/Annual Stats FY 2025-2026/Final stats reports (for July 1)/Physical/UCI Physical Holdings and Titles Report",9,"saved_reference","savedRegularColumnRef","c1bdbb3535ba01246","Count of Physical Holdings",,,,,0,"/shared/University of California System 01UCS_NETWORK/Reports/Local Requests/Annual Statistic Reports/Annual Stats FY 2025-2026/Count of Physical Holdings"
216,"UCI Physical Holdings and Titles Report","Physical Items","/shared/University of California System 01UCS_NETWORK/Reports/Local Requests/Annual Statistic Reports/Annual Stats FY 2025-2026/Final stats reports (for July 1)/Physical/UCI Physical Holdings and Titles Report",10,"saved_reference","savedRegularColumnRef","c7b942a9dc7fc789c","Count of Physical Titles",,,,,0,"/shared/University of California System 01UCS_NETWORK/Reports/Local Requests/Annual Statistic Reports/Annual Stats FY 2025-2026/Count of Physical Titles"
219,"UCI Physical Holdings and Titles Report - all data with all exclusions noted","Physical Items","/shared/University of California System 01UCS_NETWORK/Reports/Local Requests/Annual Statistic Reports/Annual Stats FY 2025-2026/Final stats reports (for July 1)/Physical/UCI Physical Holdings and Titles Report - all data with all exclusions noted",1,"saved_reference","savedRegularColumnRef","c4f42de06c3c981e3","campus designator",,,,,0,"/shared/University of California System 01UCS_NETWORK/Reports/Local Requests/Annual Statistic Reports/Annual Stats FY 2025-2026/UCI SLF\/campus designator"
219,"UCI Physical Holdings and Titles Report - all data with all exclusions noted","Physical Items","/shared/University of California System 01UCS_NETWORK/Reports/Local Requests/Annual Statistic Reports/Annual Stats FY 2025-2026/Final stats reports (for July 1)/Physical/UCI Physical Holdings and Titles Report - all data with all exclusions noted",2,"saved_reference","savedRegularColumnRef","ce45cf41d57b6d04c","UCI Library Stats Category",,,,,0,"/shared/University of California System 01UCS_NETWORK/Reports/Local Requests/Annual Statistic Reports/Annual Stats FY 2025-2026/UCI Library Stats Category"
219,"UCI Physical Holdings and Titles Report - all data with all exclusions noted","Physical Items","/shared/University of California System 01UCS_NETWORK/Reports/Local Requests/Annual Statistic Reports/Annual Stats FY 2025-2026/Final stats reports (for July 1)/Physical/UCI Physical Holdings and Titles Report - all data with all exclusions noted",3,"inline","regularColumn","c3393832fcfb7bd4f","""Location"".""Library Name""",,,"sqlExpression","""Location"".""Library Name""",0,
219,"UCI Physical Holdings and Titles Report - all data with all exclusions noted","Physical Items","/shared/University of California System 01UCS_NETWORK/Reports/Local Requests/Annual Statistic Reports/Annual Stats FY 2025-2026/Final stats reports (for July 1)/Physical/UCI Physical Holdings and Titles Report - all data with all exclusions noted",4,"inline","regularColumn","c470460ecab5eb441","""Location"".""Library Code""",,,"sqlExpression","""Location"".""Library Code""",0,
219,"UCI Physical Holdings and Titles Report - all data with all exclusions noted","Physical Items","/shared/University of California System 01UCS_NETWORK/Reports/Local Requests/Annual Statistic Reports/Annual Stats FY 2025-2026/Final stats reports (for July 1)/Physical/UCI Physical Holdings and Titles Report - all data with all exclusions noted",5,"inline","regularColumn","caf603af9b0cd11dc","""Location"".""Location Name""",,,"sqlExpression","""Location"".""Location Name""",0,
219,"UCI Physical Holdings and Titles Report - all data with all exclusions noted","Physical Items","/shared/University of California System 01UCS_NETWORK/Reports/Local Requests/Annual Statistic Reports/Annual Stats FY 2025-2026/Final stats reports (for July 1)/Physical/UCI Physical Holdings and Titles Report - all data with all exclusions noted",6,"inline","regularColumn","ce5897f198b4b1081","""Location"".""Location Code""",,,"sqlExpression","""Location"".""Location Code""",0,
219,"UCI Physical Holdings and Titles Report - all data with all exclusions noted","Physical Items","/shared/University of California System 01UCS_NETWORK/Reports/Local Requests/Annual Statistic Reports/Annual Stats FY 2025-2026/Final stats reports (for July 1)/Physical/UCI Physical Holdings and Titles Report - all data with all exclusions noted",7,"inline","regularColumn","c3454e0b5095af659","""Bibliographic Details"".""Resource Type""",,,"sqlExpression","""Bibliographic Details"".""Resource Type""",0,
219,"UCI Physical Holdings and Titles Report - all data with all exclusions noted","Physical Items","/shared/University of California System 01UCS_NETWORK/Reports/Local Requests/Annual Statistic Reports/Annual Stats FY 2025-2026/Final stats reports (for July 1)/Physical/UCI Physical Holdings and Titles Report - all data with all exclusions noted",8,"saved_reference","savedRegularColumnRef","cd55a153d395e01f2","Physical - Holdings Added Year",,,,,0,"/shared/University of California System 01UCS_NETWORK/Reports/Local Requests/Annual Statistic Reports/Annual Stats FY 2025-2026/Physical - Holdings Added Year"
219,"UCI Physical Holdings and Titles Report - all data with all exclusions noted","Physical Items","/shared/University of California System 01UCS_NETWORK/Reports/Local Requests/Annual Statistic Reports/Annual Stats FY 2025-2026/Final stats reports (for July 1)/Physical/UCI Physical Holdings and Titles Report - all data with all exclusions noted",9,"saved_reference","savedRegularColumnRef","c1bdbb3535ba01246","Count of Physical Holdings",,,,,0,"/shared/University of California System 01UCS_NETWORK/Reports/Local Requests/Annual Statistic Reports/Annual Stats FY 2025-2026/Count of Physical Holdings"
219,"UCI Physical Holdings and Titles Report - all data with all exclusions noted","Physical Items","/shared/University of California System 01UCS_NETWORK/Reports/Local Requests/Annual Statistic Reports/Annual Stats FY 2025-2026/Final stats reports (for July 1)/Physical/UCI Physical Holdings and Titles Report - all data with all exclusions noted",10,"saved_reference","savedRegularColumnRef","c7b942a9dc7fc789c","Count of Physical Titles",,,,,0,"/shared/University of California System 01UCS_NETWORK/Reports/Local Requests/Annual Statistic Reports/Annual Stats FY 2025-2026/Count of Physical Titles"
219,"UCI Physical Holdings and Titles Report - all data with all exclusions noted","Physical Items","/shared/University of California System 01UCS_NETWORK/Reports/Local Requests/Annual Statistic Reports/Annual Stats FY 2025-2026/Final stats reports (for July 1)/Physical/UCI Physical Holdings and Titles Report - all data with all exclusions noted",11,"inline","regularColumn","c36bedd0e271e506e","EXCLUSION category (for testing)","Institution","EXCLUSION category (for testing)","binned","""Institution"".""Institution Name""",28,
219,"UCI Physical Holdings and Titles Report - all data with all exclusions noted","Physical Items","/shared/University of California System 01UCS_NETWORK/Reports/Local Requests/Annual Statistic Reports/Annual Stats FY 2025-2026/Final stats reports (for July 1)/Physical/UCI Physical Holdings and Titles Report - all data with all exclusions noted",12,"inline","regularColumn","c3a392d7c8b8daab5","""Physical Item Details"".""Lifecycle""",,,"sqlExpression","""Physical Item Details"".""Lifecycle""",0,
219,"UCI Physical Holdings and Titles Report - all data with all exclusions noted","Physical Items","/shared/University of California System 01UCS_NETWORK/Reports/Local Requests/Annual Statistic Reports/Annual Stats FY 2025-2026/Final stats reports (for July 1)/Physical/UCI Physical Holdings and Titles Report - all data with all exclusions noted",13,"inline","regularColumn","c6ea2a0df73dbcc1c","Library Unit.Library Code","Library Unit","Library Unit.Library Code","sqlExpression","""Library Unit"".""Library Code""",0,
219,"UCI Physical Holdings and Titles Report - all data with all exclusions noted","Physical Items","/shared/University of California System 01UCS_NETWORK/Reports/Local Requests/Annual Statistic Reports/Annual Stats FY 2025-2026/Final stats reports (for July 1)/Physical/UCI Physical Holdings and Titles Report - all data with all exclusions noted",14,"inline","regularColumn","c8e899941a96c70a9","""Physical Item Details"".""Statistics Note 2""",,,"sqlExpression","""Physical Item Details"".""Statistics Note 2""",0,
219,"UCI Physical Holdings and Titles Report - all data with all exclusions noted","Physical Items","/shared/University of California System 01UCS_NETWORK/Reports/Local Requests/Annual Statistic Reports/Annual Stats FY 2025-2026/Final stats reports (for July 1)/Physical/UCI Physical Holdings and Titles Report - all data with all exclusions noted",15,"inline","regularColumn","c310edc5f47837df2","""Physical Item Details"".""Item Policy""",,,"sqlExpression","""Physical Item Details"".""Item Policy""",0,
219,"UCI Physical Holdings and Titles Report - all data with all exclusions noted","Physical Items","/shared/University of California System 01UCS_NETWORK/Reports/Local Requests/Annual Statistic Reports/Annual Stats FY 2025-2026/Final stats reports (for July 1)/Physical/UCI Physical Holdings and Titles Report - all data with all exclusions noted",16,"inline","regularColumn","c9e77be7c93beb7cd","""Physical Item Details"".""Physical Item Id""",,,"sqlExpression","""Physical Item Details"".""Physical Item Id""",0,
219,"UCI Physical Holdings and Titles Report - all data with all exclusions noted","Physical Items","/shared/University of California System 01UCS_NETWORK/Reports/Local Requests/Annual Statistic Reports/Annual Stats FY 2025-2026/Final stats reports (for July 1)/Physical/UCI Physical Holdings and Titles Report - all data with all exclusions noted",17,"inline","regularColumn","cf455aef45c7f7222","Bibliographic Details.Suppressed From Discovery","Bibliographic Details","Bibliographic Details.Suppressed From Discovery","sqlExpression","""Bibliographic Details"".""Suppressed From Discovery""",0,
219,"UCI Physical Holdings and Titles Report - all data with all exclusions noted","Physical Items","/shared/University of California System 01UCS_NETWORK/Reports/Local Requests/Annual Statistic Reports/Annual Stats FY 2025-2026/Final stats reports (for July 1)/Physical/UCI Physical Holdings and Titles Report - all data with all exclusions noted",18,"inline","regularColumn","c9b2c25fb41d8e48f","Location.Suppressed from Discovery","Location","Location.Suppressed from Discovery","sqlExpression","""Location"".""Suppressed from Discovery""",0,
219,"UCI Physical Holdings and Titles Report - all data with all exclusions noted","Physical Items","/shared/University of California System 01UCS_NETWORK/Reports/Local Requests/Annual Statistic Reports/Annual Stats FY 2025-2026/Final stats reports (for July 1)/Physical/UCI Physical Holdings and Titles Report - all data with all exclusions noted",19,"inline","regularColumn","ca058f13027ee1aa3","Holdings Details.Suppressed from Discovery","Holdings Details","Holdings Details.Suppressed from Discovery","sqlExpression","""Holdings Details"".""Suppressed from Discovery""",0,
219,"UCI Physical Holdings and Titles Report - all data with all exclusions noted","Physical Items","/shared/University of California System 01UCS_NETWORK/Reports/Local Requests/Annual Statistic Reports/Annual Stats FY 2025-2026/Final stats reports (for July 1)/Physical/UCI Physical Holdings and Titles Report - all data with all exclusions noted",20,"inline","regularColumn","c2d1ffd0d1a711088","Holdings Details.Suppressed from Discovery by Suppressed Location","Holdings Details","Holdings Details.Suppressed from Discovery by Suppressed Location","sqlExpression","""Holdings Details"".""Suppressed from Discovery by Suppressed Location""",0,
219,"UCI Physical Holdings and Titles Report - all data with all exclusions noted","Physical Items","/shared/University of California System 01UCS_NETWORK/Reports/Local Requests/Annual Statistic Reports/Annual Stats FY 2025-2026/Final stats reports (for July 1)/Physical/UCI Physical Holdings and Titles Report - all data with all exclusions noted",21,"inline","regularColumn","cc7ebf0d695c93dbc","""Bibliographic Details"".""Uniform Resource Identifier""",,,"sqlExpression","""Bibliographic Details"".""Uniform Resource Identifier""",0,
219,"UCI Physical Holdings and Titles Report - all data with all exclusions noted","Physical Items","/shared/University of California System 01UCS_NETWORK/Reports/Local Requests/Annual Statistic Reports/Annual Stats FY 2025-2026/Final stats reports (for July 1)/Physical/UCI Physical Holdings and Titles Report - all data with all exclusions noted",22,"inline","regularColumn","c1ab7b2a8031c0ee2","""Bibliographic Details"".""MMS Id""",,,"sqlExpression","""Bibliographic Details"".""MMS Id""",0,
220,"UCR Check-Out Type Categorization Report","Fulfillment","/shared/University of California System 01UCS_NETWORK/Reports/Local Requests/Annual Statistic Reports/Annual Stats FY 2025-2026/Preparation review reports/Fulfillment preparation review reports/UCR Check-Out Type Categorization Report",1,"inline","regularColumn","c1dd75bb8745f81b3","""Institution"".""Institution Name""",,,"sqlExpression","""Institution"".""Institution Name""",0,
220,"UCR Check-Out Type Categorization Report","Fulfillment","/shared/University of California System 01UCS_NETWORK/Reports/Local Requests/Annual Statistic Reports/Annual Stats FY 2025-2026/Preparation review reports/Fulfillment preparation review reports/UCR Check-Out Type Categorization Report",2,"saved_reference","savedRegularColumnRef","cd8bb23fbc1b21ed8","UCR Check-Out Type",,,,,0,"/shared/University of California System 01UCS_NETWORK/Reports/Local Requests/Annual Statistic Reports/Annual Stats FY 2025-2026/UCR Check-Out Type"
220,"UCR Check-Out Type Categorization Report","Fulfillment","/shared/University of California System 01UCS_NETWORK/Reports/Local Requests/Annual Statistic Reports/Annual Stats FY 2025-2026/Preparation review reports/Fulfillment preparation review reports/UCR Check-Out Type Categorization Report",3,"inline","regularColumn","c927692f1cd705021","""Item Location at Time of Loan"".""Library Name""",,,"sqlExpression","""Item Location at Time of Loan"".""Library Name""",0,
220,"UCR Check-Out Type Categorization Report","Fulfillment","/shared/University of California System 01UCS_NETWORK/Reports/Local Requests/Annual Statistic Reports/Annual Stats FY 2025-2026/Preparation review reports/Fulfillment preparation review reports/UCR Check-Out Type Categorization Report",4,"inline","regularColumn","c4d5c697d28573c83","""Item Location at Time of Loan"".""Library Code""",,,"sqlExpression","""Item Location at Time of Loan"".""Library Code""",0,
220,"UCR Check-Out Type Categorization Report","Fulfillment","/shared/University of California System 01UCS_NETWORK/Reports/Local Requests/Annual Statistic Reports/Annual Stats FY 2025-2026/Preparation review reports/Fulfillment preparation review reports/UCR Check-Out Type Categorization Report",5,"inline","regularColumn","ceb7f5391f7776379","""Item Location at Time of Loan"".""Location Name""",,,"sqlExpression","""Item Location at Time of Loan"".""Location Name""",0,
220,"UCR Check-Out Type Categorization Report","Fulfillment","/shared/University of California System 01UCS_NETWORK/Reports/Local Requests/Annual Statistic Reports/Annual Stats FY 2025-2026/Preparation review reports/Fulfillment preparation review reports/UCR Check-Out Type Categorization Report",6,"inline","regularColumn","cb1f208b2ef8ba1b5","""Item Location at Time of Loan"".""Location Code""",,,"sqlExpression","""Item Location at Time of Loan"".""Location Code""",0,
220,"UCR Check-Out Type Categorization Report","Fulfillment","/shared/University of California System 01UCS_NETWORK/Reports/Local Requests/Annual Statistic Reports/Annual Stats FY 2025-2026/Preparation review reports/Fulfillment preparation review reports/UCR Check-Out Type Categorization Report",7,"saved_reference","savedRegularColumnRef","cf1ebc6114a8a5efa","FY 2025-26 Loans (Not In House)",,,,,0,"/shared/University of California System 01UCS_NETWORK/Reports/Local Requests/Annual Statistic Reports/Annual Stats FY 2025-2026/FY 2025-26 Loans (Not In House)"
221,"UCR User Group categorization report","Fulfillment","/shared/University of California System 01UCS_NETWORK/Reports/Local Requests/Annual Statistic Reports/Annual Stats FY 2025-2026/Preparation review reports/Fulfillment preparation review reports/UCR User Group categorization report",1,"inline","regularColumn","ce3c570053857fbdf","""Institution"".""Institution Name""",,,"sqlExpression","""Institution"".""Institution Name""",0,
221,"UCR User Group categorization report","Fulfillment","/shared/University of California System 01UCS_NETWORK/Reports/Local Requests/Annual Statistic Reports/Annual Stats FY 2025-2026/Preparation review reports/Fulfillment preparation review reports/UCR User Group categorization report",2,"saved_reference","savedRegularColumnRef","ceb599d26cd947b3a","UCR User Group",,,,,0,"/shared/University of California System 01UCS_NETWORK/Reports/Local Requests/Annual Statistic Reports/Annual Stats FY 2025-2026/UCR User Group"
221,"UCR User Group categorization report","Fulfillment","/shared/University of California System 01UCS_NETWORK/Reports/Local Requests/Annual Statistic Reports/Annual Stats FY 2025-2026/Preparation review reports/Fulfillment preparation review reports/UCR User Group categorization report",3,"inline","regularColumn","cfe30d860f8b2beb5","""Borrower Details"".""User Group""",,,"sqlExpression","""Borrower Details"".""User Group""",0,
223,"UCLA Physical Holdings and Titles Report","Physical Items","/shared/University of California System 01UCS_NETWORK/Reports/Local Requests/Annual Statistic Reports/Annual Stats FY 2025-2026/Final stats reports (for July 1)/Physical/UCLA Physical Holdings and Titles Report",1,"saved_reference","savedRegularColumnRef","cf296931493645e9f","campus designator",,,,,0,"/shared/University of California System 01UCS_NETWORK/Reports/Local Requests/Annual Statistic Reports/Annual Stats FY 2025-2026/Physical - UCLA SLF\/campus designator"
223,"UCLA Physical Holdings and Titles Report","Physical Items","/shared/University of California System 01UCS_NETWORK/Reports/Local Requests/Annual Statistic Reports/Annual Stats FY 2025-2026/Final stats reports (for July 1)/Physical/UCLA Physical Holdings and Titles Report",2,"saved_reference","savedRegularColumnRef","cc6c73b4a647065fb","UCLA Library Stats Category",,,,,0,"/shared/University of California System 01UCS_NETWORK/Reports/Local Requests/Annual Statistic Reports/Annual Stats FY 2025-2026/UCLA Library Stats Category"
223,"UCLA Physical Holdings and Titles Report","Physical Items","/shared/University of California System 01UCS_NETWORK/Reports/Local Requests/Annual Statistic Reports/Annual Stats FY 2025-2026/Final stats reports (for July 1)/Physical/UCLA Physical Holdings and Titles Report",3,"inline","regularColumn","cef0eeaa37f790512","""Location"".""Library Name""",,,"sqlExpression","""Location"".""Library Name""",0,
223,"UCLA Physical Holdings and Titles Report","Physical Items","/shared/University of California System 01UCS_NETWORK/Reports/Local Requests/Annual Statistic Reports/Annual Stats FY 2025-2026/Final stats reports (for July 1)/Physical/UCLA Physical Holdings and Titles Report",4,"inline","regularColumn","c90eced759e6c5798","""Location"".""Library Code""",,,"sqlExpression","""Location"".""Library Code""",0,
223,"UCLA Physical Holdings and Titles Report","Physical Items","/shared/University of California System 01UCS_NETWORK/Reports/Local Requests/Annual Statistic Reports/Annual Stats FY 2025-2026/Final stats reports (for July 1)/Physical/UCLA Physical Holdings and Titles Report",5,"inline","regularColumn","c157e5aae90941fda","""Location"".""Location Name""",,,"sqlExpression","""Location"".""Location Name""",0,
223,"UCLA Physical Holdings and Titles Report","Physical Items","/shared/University of California System 01UCS_NETWORK/Reports/Local Requests/Annual Statistic Reports/Annual Stats FY 2025-2026/Final stats reports (for July 1)/Physical/UCLA Physical Holdings and Titles Report",6,"inline","regularColumn","c7d4ef11e2620d334","""Location"".""Location Code""",,,"sqlExpression","""Location"".""Location Code""",0,
223,"UCLA Physical Holdings and Titles Report","Physical Items","/shared/University of California System 01UCS_NETWORK/Reports/Local Requests/Annual Statistic Reports/Annual Stats FY 2025-2026/Final stats reports (for July 1)/Physical/UCLA Physical Holdings and Titles Report",7,"inline","regularColumn","c4ab6dc400aea3680","""Bibliographic Details"".""Resource Type""",,,"sqlExpression","""Bibliographic Details"".""Resource Type""",0,
223,"UCLA Physical Holdings and Titles Report","Physical Items","/shared/University of California System 01UCS_NETWORK/Reports/Local Requests/Annual Statistic Reports/Annual Stats FY 2025-2026/Final stats reports (for July 1)/Physical/UCLA Physical Holdings and Titles Report",8,"saved_reference","savedRegularColumnRef","c4067449352bd274e","Physical - Holdings Added Year",,,,,0,"/shared/University of California System 01UCS_NETWORK/Reports/Local Requests/Annual Statistic Reports/Annual Stats FY 2025-2026/Physical - Holdings Added Year"
223,"UCLA Physical Holdings and Titles Report","Physical Items","/shared/University of California System 01UCS_NETWORK/Reports/Local Requests/Annual Statistic Reports/Annual Stats FY 2025-2026/Final stats reports (for July 1)/Physical/UCLA Physical Holdings and Titles Report",9,"saved_reference","savedRegularColumnRef","c7627a31e783be0dd","Count of Physical Holdings",,,,,0,"/shared/University of California System 01UCS_NETWORK/Reports/Local Requests/Annual Statistic Reports/Annual Stats FY 2025-2026/Count of Physical Holdings"
223,"UCLA Physical Holdings and Titles Report","Physical Items","/shared/University of California System 01UCS_NETWORK/Reports/Local Requests/Annual Statistic Reports/Annual Stats FY 2025-2026/Final stats reports (for July 1)/Physical/UCLA Physical Holdings and Titles Report",10,"saved_reference","savedRegularColumnRef","cc483d35555242a31","Count of Physical Titles",,,,,0,"/shared/University of California System 01UCS_NETWORK/Reports/Local Requests/Annual Statistic Reports/Annual Stats FY 2025-2026/Count of Physical Titles"
225,"UCM Physical Holdings and Titles Report","Physical Items","/shared/University of California System 01UCS_NETWORK/Reports/Local Requests/Annual Statistic Reports/Annual Stats FY 2025-2026/Final stats reports (for July 1)/Physical/UCM Physical Holdings and Titles Report",1,"saved_reference","savedRegularColumnRef","c26bf758146cba529","campus designator",,,,,0,"/shared/University of California System 01UCS_NETWORK/Reports/Local Requests/Annual Statistic Reports/Annual Stats FY 2025-2026/UCM SLF\/campus designator"
225,"UCM Physical Holdings and Titles Report","Physical Items","/shared/University of California System 01UCS_NETWORK/Reports/Local Requests/Annual Statistic Reports/Annual Stats FY 2025-2026/Final stats reports (for July 1)/Physical/UCM Physical Holdings and Titles Report",2,"saved_reference","savedRegularColumnRef","c5a52ce973de382e9","UCM Library Stats Category",,,,,0,"/shared/University of California System 01UCS_NETWORK/Reports/Local Requests/Annual Statistic Reports/Annual Stats FY 2025-2026/UCM Library Stats Category"
225,"UCM Physical Holdings and Titles Report","Physical Items","/shared/University of California System 01UCS_NETWORK/Reports/Local Requests/Annual Statistic Reports/Annual Stats FY 2025-2026/Final stats reports (for July 1)/Physical/UCM Physical Holdings and Titles Report",3,"inline","regularColumn","ccb283a11aa8b6e6b","""Location"".""Library Name""",,,"sqlExpression","""Location"".""Library Name""",0,
225,"UCM Physical Holdings and Titles Report","Physical Items","/shared/University of California System 01UCS_NETWORK/Reports/Local Requests/Annual Statistic Reports/Annual Stats FY 2025-2026/Final stats reports (for July 1)/Physical/UCM Physical Holdings and Titles Report",4,"inline","regularColumn","cbe3f8ce31d1b46f1","""Location"".""Library Code""",,,"sqlExpression","""Location"".""Library Code""",0,
225,"UCM Physical Holdings and Titles Report","Physical Items","/shared/University of California System 01UCS_NETWORK/Reports/Local Requests/Annual Statistic Reports/Annual Stats FY 2025-2026/Final stats reports (for July 1)/Physical/UCM Physical Holdings and Titles Report",5,"inline","regularColumn","c60631ef88a59ef0f","""Location"".""Location Name""",,,"sqlExpression","""Location"".""Location Name""",0,
225,"UCM Physical Holdings and Titles Report","Physical Items","/shared/University of California System 01UCS_NETWORK/Reports/Local Requests/Annual Statistic Reports/Annual Stats FY 2025-2026/Final stats reports (for July 1)/Physical/UCM Physical Holdings and Titles Report",6,"inline","regularColumn","c377892e021ba2d7b","""Location"".""Location Code""",,,"sqlExpression","""Location"".""Location Code""",0,
225,"UCM Physical Holdings and Titles Report","Physical Items","/shared/University of California System 01UCS_NETWORK/Reports/Local Requests/Annual Statistic Reports/Annual Stats FY 2025-2026/Final stats reports (for July 1)/Physical/UCM Physical Holdings and Titles Report",7,"inline","regularColumn","cf4c81ae71bc766d6","""Bibliographic Details"".""Resource Type""",,,"sqlExpression","""Bibliographic Details"".""Resource Type""",0,
225,"UCM Physical Holdings and Titles Report","Physical Items","/shared/University of California System 01UCS_NETWORK/Reports/Local Requests/Annual Statistic Reports/Annual Stats FY 2025-2026/Final stats reports (for July 1)/Physical/UCM Physical Holdings and Titles Report",8,"saved_reference","savedRegularColumnRef","c6a31583775fae036","Physical - Holdings Added Year",,,,,0,"/shared/University of California System 01UCS_NETWORK/Reports/Local Requests/Annual Statistic Reports/Annual Stats FY 2025-2026/Physical - Holdings Added Year"
225,"UCM Physical Holdings and Titles Report","Physical Items","/shared/University of California System 01UCS_NETWORK/Reports/Local Requests/Annual Statistic Reports/Annual Stats FY 2025-2026/Final stats reports (for July 1)/Physical/UCM Physical Holdings and Titles Report",9,"saved_reference","savedRegularColumnRef","cb394f0163c061473","Count of Physical Holdings",,,,,0,"/shared/University of California System 01UCS_NETWORK/Reports/Local Requests/Annual Statistic Reports/Annual Stats FY 2025-2026/Count of Physical Holdings"
225,"UCM Physical Holdings and Titles Report","Physical Items","/shared/University of California System 01UCS_NETWORK/Reports/Local Requests/Annual Statistic Reports/Annual Stats FY 2025-2026/Final stats reports (for July 1)/Physical/UCM Physical Holdings and Titles Report",10,"saved_reference","savedRegularColumnRef","c9c5cdc70d81406c0","Count of Physical Titles",,,,,0,"/shared/University of California System 01UCS_NETWORK/Reports/Local Requests/Annual Statistic Reports/Annual Stats FY 2025-2026/Count of Physical Titles"
227,"UCR Physical Holdings and Titles Report","Physical Items","/shared/University of California System 01UCS_NETWORK/Reports/Local Requests/Annual Statistic Reports/Annual Stats FY 2025-2026/Final stats reports (for July 1)/Physical/UCR Physical Holdings and Titles Report",1,"saved_reference","savedRegularColumnRef","c9e85a30596e786b8","campus designator",,,,,0,"/shared/University of California System 01UCS_NETWORK/Reports/Local Requests/Annual Statistic Reports/Annual Stats FY 2025-2026/UCR SLF\/campus designator"
227,"UCR Physical Holdings and Titles Report","Physical Items","/shared/University of California System 01UCS_NETWORK/Reports/Local Requests/Annual Statistic Reports/Annual Stats FY 2025-2026/Final stats reports (for July 1)/Physical/UCR Physical Holdings and Titles Report",2,"saved_reference","savedRegularColumnRef","c815a8c9612bce20a","UCR Library Stats Category",,,,,0,"/shared/University of California System 01UCS_NETWORK/Reports/Local Requests/Annual Statistic Reports/Annual Stats FY 2025-2026/UCR Library Stats Category"
227,"UCR Physical Holdings and Titles Report","Physical Items","/shared/University of California System 01UCS_NETWORK/Reports/Local Requests/Annual Statistic Reports/Annual Stats FY 2025-2026/Final stats reports (for July 1)/Physical/UCR Physical Holdings and Titles Report",3,"inline","regularColumn","cafffd1e71a5a7ac8","""Location"".""Library Name""",,,"sqlExpression","""Location"".""Library Name""",0,
227,"UCR Physical Holdings and Titles Report","Physical Items","/shared/University of California System 01UCS_NETWORK/Reports/Local Requests/Annual Statistic Reports/Annual Stats FY 2025-2026/Final stats reports (for July 1)/Physical/UCR Physical Holdings and Titles Report",4,"inline","regularColumn","c0046ba395cf6caff","""Location"".""Library Code""",,,"sqlExpression","""Location"".""Library Code""",0,
227,"UCR Physical Holdings and Titles Report","Physical Items","/shared/University of California System 01UCS_NETWORK/Reports/Local Requests/Annual Statistic Reports/Annual Stats FY 2025-2026/Final stats reports (for July 1)/Physical/UCR Physical Holdings and Titles Report",5,"inline","regularColumn","c5e8cde1ba74beea7","""Location"".""Location Name""",,,"sqlExpression","""Location"".""Location Name""",0,
227,"UCR Physical Holdings and Titles Report","Physical Items","/shared/University of California System 01UCS_NETWORK/Reports/Local Requests/Annual Statistic Reports/Annual Stats FY 2025-2026/Final stats reports (for July 1)/Physical/UCR Physical Holdings and Titles Report",6,"inline","regularColumn","c3e3e024d301c6319","""Location"".""Location Code""",,,"sqlExpression","""Location"".""Location Code""",0,
227,"UCR Physical Holdings and Titles Report","Physical Items","/shared/University of California System 01UCS_NETWORK/Reports/Local Requests/Annual Statistic Reports/Annual Stats FY 2025-2026/Final stats reports (for July 1)/Physical/UCR Physical Holdings and Titles Report",7,"inline","regularColumn","cd536c10c479d7815","""Bibliographic Details"".""Resource Type""",,,"sqlExpression","""Bibliographic Details"".""Resource Type""",0,
227,"UCR Physical Holdings and Titles Report","Physical Items","/shared/University of California System 01UCS_NETWORK/Reports/Local Requests/Annual Statistic Reports/Annual Stats FY 2025-2026/Final stats reports (for July 1)/Physical/UCR Physical Holdings and Titles Report",8,"saved_reference","savedRegularColumnRef","c9670a771fe2ad617","Physical - Holdings Added Year",,,,,0,"/shared/University of California System 01UCS_NETWORK/Reports/Local Requests/Annual Statistic Reports/Annual Stats FY 2025-2026/Physical - Holdings Added Year"
227,"UCR Physical Holdings and Titles Report","Physical Items","/shared/University of California System 01UCS_NETWORK/Reports/Local Requests/Annual Statistic Reports/Annual Stats FY 2025-2026/Final stats reports (for July 1)/Physical/UCR Physical Holdings and Titles Report",9,"saved_reference","savedRegularColumnRef","c4121df0acdd2ca3b","Count of Physical Holdings",,,,,0,"/shared/University of California System 01UCS_NETWORK/Reports/Local Requests/Annual Statistic Reports/Annual Stats FY 2025-2026/Count of Physical Holdings"
227,"UCR Physical Holdings and Titles Report","Physical Items","/shared/University of California System 01UCS_NETWORK/Reports/Local Requests/Annual Statistic Reports/Annual Stats FY 2025-2026/Final stats reports (for July 1)/Physical/UCR Physical Holdings and Titles Report",10,"saved_reference","savedRegularColumnRef","ce4948648c0ab650b","Count of Physical Titles",,,,,0,"/shared/University of California System 01UCS_NETWORK/Reports/Local Requests/Annual Statistic Reports/Annual Stats FY 2025-2026/Count of Physical Titles"
228,"UCSB Check-Out Type Categorization Report","Fulfillment","/shared/University of California System 01UCS_NETWORK/Reports/Local Requests/Annual Statistic Reports/Annual Stats FY 2025-2026/Preparation review reports/Fulfillment preparation review reports/UCSB Check-Out Type Categorization Report",1,"inline","regularColumn","ca1ce52137e00fd72","""Institution"".""Institution Name""",,,"sqlExpression","""Institution"".""Institution Name""",0,
228,"UCSB Check-Out Type Categorization Report","Fulfillment","/shared/University of California System 01UCS_NETWORK/Reports/Local Requests/Annual Statistic Reports/Annual Stats FY 2025-2026/Preparation review reports/Fulfillment preparation review reports/UCSB Check-Out Type Categorization Report",2,"saved_reference","savedRegularColumnRef","cda42d3d3310d2cf4","UCSB Check-Out Type",,,,,0,"/shared/University of California System 01UCS_NETWORK/Reports/Local Requests/Annual Statistic Reports/Annual Stats FY 2025-2026/UCSB Check-Out Type"
228,"UCSB Check-Out Type Categorization Report","Fulfillment","/shared/University of California System 01UCS_NETWORK/Reports/Local Requests/Annual Statistic Reports/Annual Stats FY 2025-2026/Preparation review reports/Fulfillment preparation review reports/UCSB Check-Out Type Categorization Report",3,"inline","regularColumn","cab698e1a09687d7d","""Item Location at Time of Loan"".""Library Name""",,,"sqlExpression","""Item Location at Time of Loan"".""Library Name""",0,
228,"UCSB Check-Out Type Categorization Report","Fulfillment","/shared/University of California System 01UCS_NETWORK/Reports/Local Requests/Annual Statistic Reports/Annual Stats FY 2025-2026/Preparation review reports/Fulfillment preparation review reports/UCSB Check-Out Type Categorization Report",4,"inline","regularColumn","c451ce4a330cea57c","""Item Location at Time of Loan"".""Library Code""",,,"sqlExpression","""Item Location at Time of Loan"".""Library Code""",0,
228,"UCSB Check-Out Type Categorization Report","Fulfillment","/shared/University of California System 01UCS_NETWORK/Reports/Local Requests/Annual Statistic Reports/Annual Stats FY 2025-2026/Preparation review reports/Fulfillment preparation review reports/UCSB Check-Out Type Categorization Report",5,"inline","regularColumn","c5b9951b3d992d6a8","""Item Location at Time of Loan"".""Location Name""",,,"sqlExpression","""Item Location at Time of Loan"".""Location Name""",0,
228,"UCSB Check-Out Type Categorization Report","Fulfillment","/shared/University of California System 01UCS_NETWORK/Reports/Local Requests/Annual Statistic Reports/Annual Stats FY 2025-2026/Preparation review reports/Fulfillment preparation review reports/UCSB Check-Out Type Categorization Report",6,"inline","regularColumn","ccece23b38799fff5","""Item Location at Time of Loan"".""Location Code""",,,"sqlExpression","""Item Location at Time of Loan"".""Location Code""",0,
228,"UCSB Check-Out Type Categorization Report","Fulfillment","/shared/University of California System 01UCS_NETWORK/Reports/Local Requests/Annual Statistic Reports/Annual Stats FY 2025-2026/Preparation review reports/Fulfillment preparation review reports/UCSB Check-Out Type Categorization Report",7,"saved_reference","savedRegularColumnRef","c6d16040bf27c4377","FY 2025-26 Loans (Not In House)",,,,,0,"/shared/University of California System 01UCS_NETWORK/Reports/Local Requests/Annual Statistic Reports/Annual Stats FY 2025-2026/FY 2025-26 Loans (Not In House)"
230,"UCSB Physical Holdings and Titles Report","Physical Items","/shared/University of California System 01UCS_NETWORK/Reports/Local Requests/Annual Statistic Reports/Annual Stats FY 2025-2026/Final stats reports (for July 1)/Physical/UCSB Physical Holdings and Titles Report",1,"saved_reference","savedRegularColumnRef","cca8ab1963e080dac","campus designator",,,,,0,"/shared/University of California System 01UCS_NETWORK/Reports/Local Requests/Annual Statistic Reports/Annual Stats FY 2025-2026/UCSB SLF\/campus designator"
230,"UCSB Physical Holdings and Titles Report","Physical Items","/shared/University of California System 01UCS_NETWORK/Reports/Local Requests/Annual Statistic Reports/Annual Stats FY 2025-2026/Final stats reports (for July 1)/Physical/UCSB Physical Holdings and Titles Report",2,"saved_reference","savedRegularColumnRef","c247e71ec8482d941","UCSB Library Stats Category",,,,,0,"/shared/University of California System 01UCS_NETWORK/Reports/Local Requests/Annual Statistic Reports/Annual Stats FY 2025-2026/UCSB Library Stats Category"
230,"UCSB Physical Holdings and Titles Report","Physical Items","/shared/University of California System 01UCS_NETWORK/Reports/Local Requests/Annual Statistic Reports/Annual Stats FY 2025-2026/Final stats reports (for July 1)/Physical/UCSB Physical Holdings and Titles Report",3,"inline","regularColumn","c2585db472a60f04b","""Location"".""Library Name""",,,"sqlExpression","""Location"".""Library Name""",0,
230,"UCSB Physical Holdings and Titles Report","Physical Items","/shared/University of California System 01UCS_NETWORK/Reports/Local Requests/Annual Statistic Reports/Annual Stats FY 2025-2026/Final stats reports (for July 1)/Physical/UCSB Physical Holdings and Titles Report",4,"inline","regularColumn","c29c00b20b93d6510","""Location"".""Library Code""",,,"sqlExpression","""Location"".""Library Code""",0,
230,"UCSB Physical Holdings and Titles Report","Physical Items","/shared/University of California System 01UCS_NETWORK/Reports/Local Requests/Annual Statistic Reports/Annual Stats FY 2025-2026/Final stats reports (for July 1)/Physical/UCSB Physical Holdings and Titles Report",5,"inline","regularColumn","ce80c79fe167b2f62","""Location"".""Location Name""",,,"sqlExpression","""Location"".""Location Name""",0,
230,"UCSB Physical Holdings and Titles Report","Physical Items","/shared/University of California System 01UCS_NETWORK/Reports/Local Requests/Annual Statistic Reports/Annual Stats FY 2025-2026/Final stats reports (for July 1)/Physical/UCSB Physical Holdings and Titles Report",6,"inline","regularColumn","c617c0d6880875dab","""Location"".""Location Code""",,,"sqlExpression","""Location"".""Location Code""",0,
230,"UCSB Physical Holdings and Titles Report","Physical Items","/shared/University of California System 01UCS_NETWORK/Reports/Local Requests/Annual Statistic Reports/Annual Stats FY 2025-2026/Final stats reports (for July 1)/Physical/UCSB Physical Holdings and Titles Report",7,"inline","regularColumn","cc8fb810eb21242a5","""Bibliographic Details"".""Resource Type""",,,"sqlExpression","""Bibliographic Details"".""Resource Type""",0,
230,"UCSB Physical Holdings and Titles Report","Physical Items","/shared/University of California System 01UCS_NETWORK/Reports/Local Requests/Annual Statistic Reports/Annual Stats FY 2025-2026/Final stats reports (for July 1)/Physical/UCSB Physical Holdings and Titles Report",8,"saved_reference","savedRegularColumnRef","c698baabdb96f1f88","Physical - Holdings Added Year",,,,,0,"/shared/University of California System 01UCS_NETWORK/Reports/Local Requests/Annual Statistic Reports/Annual Stats FY 2025-2026/Physical - Holdings Added Year"
230,"UCSB Physical Holdings and Titles Report","Physical Items","/shared/University of California System 01UCS_NETWORK/Reports/Local Requests/Annual Statistic Reports/Annual Stats FY 2025-2026/Final stats reports (for July 1)/Physical/UCSB Physical Holdings and Titles Report",9,"saved_reference","savedRegularColumnRef","c4748f241953224ae","Count of Physical Holdings",,,,,0,"/shared/University of California System 01UCS_NETWORK/Reports/Local Requests/Annual Statistic Reports/Annual Stats FY 2025-2026/Count of Physical Holdings"
230,"UCSB Physical Holdings and Titles Report","Physical Items","/shared/University of California System 01UCS_NETWORK/Reports/Local Requests/Annual Statistic Reports/Annual Stats FY 2025-2026/Final stats reports (for July 1)/Physical/UCSB Physical Holdings and Titles Report",10,"saved_reference","savedRegularColumnRef","c6452c41b1c4cda5f","Count of Physical Titles",,,,,0,"/shared/University of California System 01UCS_NETWORK/Reports/Local Requests/Annual Statistic Reports/Annual Stats FY 2025-2026/Count of Physical Titles"
231,"UCSB User Group Categorization Report","Fulfillment","/shared/University of California System 01UCS_NETWORK/Reports/Local Requests/Annual Statistic Reports/Annual Stats FY 2025-2026/Preparation review reports/Fulfillment preparation review reports/UCSB User Group Categorization Report",1,"inline","regularColumn","cb15c00add4ea074b","""Institution"".""Institution Name""",,,"sqlExpression","""Institution"".""Institution Name""",0,
231,"UCSB User Group Categorization Report","Fulfillment","/shared/University of California System 01UCS_NETWORK/Reports/Local Requests/Annual Statistic Reports/Annual Stats FY 2025-2026/Preparation review reports/Fulfillment preparation review reports/UCSB User Group Categorization Report",2,"saved_reference","savedRegularColumnRef","c046977140fb1c455","UCSB User Group",,,,,0,"/shared/University of California System 01UCS_NETWORK/Reports/Local Requests/Annual Statistic Reports/Annual Stats FY 2025-2026/UCSB User Group"
231,"UCSB User Group Categorization Report","Fulfillment","/shared/University of California System 01UCS_NETWORK/Reports/Local Requests/Annual Statistic Reports/Annual Stats FY 2025-2026/Preparation review reports/Fulfillment preparation review reports/UCSB User Group Categorization Report",3,"inline","regularColumn","c40172d38767c09a5","""Borrower Details"".""User Group""",,,"sqlExpression","""Borrower Details"".""User Group""",0,
232,"UCSC Physical Holdings and Titles Report","Physical Items","/shared/University of California System 01UCS_NETWORK/Reports/Local Requests/Annual Statistic Reports/Annual Stats FY 2025-2026/Final stats reports (for July 1)/Physical/UCSC Physical Holdings and Titles Report",1,"saved_reference","savedRegularColumnRef","c82b594d56c75fadd","campus designator",,,,,0,"/shared/University of California System 01UCS_NETWORK/Reports/Local Requests/Annual Statistic Reports/Annual Stats FY 2025-2026/UCSC SLF\/campus designator"
232,"UCSC Physical Holdings and Titles Report","Physical Items","/shared/University of California System 01UCS_NETWORK/Reports/Local Requests/Annual Statistic Reports/Annual Stats FY 2025-2026/Final stats reports (for July 1)/Physical/UCSC Physical Holdings and Titles Report",2,"saved_reference","savedRegularColumnRef","c13c5a4f7c6307b3c","UCSC Library Stats Category",,,,,0,"/shared/University of California System 01UCS_NETWORK/Reports/Local Requests/Annual Statistic Reports/Annual Stats FY 2025-2026/UCSC Library Stats Category"
232,"UCSC Physical Holdings and Titles Report","Physical Items","/shared/University of California System 01UCS_NETWORK/Reports/Local Requests/Annual Statistic Reports/Annual Stats FY 2025-2026/Final stats reports (for July 1)/Physical/UCSC Physical Holdings and Titles Report",3,"inline","regularColumn","cee292e062dfd689d","""Location"".""Library Name""",,,"sqlExpression","""Location"".""Library Name""",0,
232,"UCSC Physical Holdings and Titles Report","Physical Items","/shared/University of California System 01UCS_NETWORK/Reports/Local Requests/Annual Statistic Reports/Annual Stats FY 2025-2026/Final stats reports (for July 1)/Physical/UCSC Physical Holdings and Titles Report",4,"inline","regularColumn","ccf9f61121ed5de7c","""Location"".""Library Code""",,,"sqlExpression","""Location"".""Library Code""",0,
232,"UCSC Physical Holdings and Titles Report","Physical Items","/shared/University of California System 01UCS_NETWORK/Reports/Local Requests/Annual Statistic Reports/Annual Stats FY 2025-2026/Final stats reports (for July 1)/Physical/UCSC Physical Holdings and Titles Report",5,"inline","regularColumn","c14b6455f3270569d","""Location"".""Location Name""",,,"sqlExpression","""Location"".""Location Name""",0,
232,"UCSC Physical Holdings and Titles Report","Physical Items","/shared/University of California System 01UCS_NETWORK/Reports/Local Requests/Annual Statistic Reports/Annual Stats FY 2025-2026/Final stats reports (for July 1)/Physical/UCSC Physical Holdings and Titles Report",6,"inline","regularColumn","c25515112241d7018","""Location"".""Location Code""",,,"sqlExpression","""Location"".""Location Code""",0,
232,"UCSC Physical Holdings and Titles Report","Physical Items","/shared/University of California System 01UCS_NETWORK/Reports/Local Requests/Annual Statistic Reports/Annual Stats FY 2025-2026/Final stats reports (for July 1)/Physical/UCSC Physical Holdings and Titles Report",7,"inline","regularColumn","c036c7c0e207c78b0","""Bibliographic Details"".""Resource Type""",,,"sqlExpression","""Bibliographic Details"".""Resource Type""",0,
232,"UCSC Physical Holdings and Titles Report","Physical Items","/shared/University of California System 01UCS_NETWORK/Reports/Local Requests/Annual Statistic Reports/Annual Stats FY 2025-2026/Final stats reports (for July 1)/Physical/UCSC Physical Holdings and Titles Report",8,"saved_reference","savedRegularColumnRef","c75ea8d1be2790cef","Physical - Holdings Added Year",,,,,0,"/shared/University of California System 01UCS_NETWORK/Reports/Local Requests/Annual Statistic Reports/Annual Stats FY 2025-2026/Physical - Holdings Added Year"
232,"UCSC Physical Holdings and Titles Report","Physical Items","/shared/University of California System 01UCS_NETWORK/Reports/Local Requests/Annual Statistic Reports/Annual Stats FY 2025-2026/Final stats reports (for July 1)/Physical/UCSC Physical Holdings and Titles Report",9,"saved_reference","savedRegularColumnRef","ce3ddafad98c1a502","Count of Physical Holdings",,,,,0,"/shared/University of California System 01UCS_NETWORK/Reports/Local Requests/Annual Statistic Reports/Annual Stats FY 2025-2026/Count of Physical Holdings"
232,"UCSC Physical Holdings and Titles Report","Physical Items","/shared/University of California System 01UCS_NETWORK/Reports/Local Requests/Annual Statistic Reports/Annual Stats FY 2025-2026/Final stats reports (for July 1)/Physical/UCSC Physical Holdings and Titles Report",10,"saved_reference","savedRegularColumnRef","ce9c5538760833a0c","Count of Physical Titles",,,,,0,"/shared/University of California System 01UCS_NETWORK/Reports/Local Requests/Annual Statistic Reports/Annual Stats FY 2025-2026/Count of Physical Titles"
234,"UCSD Physical Holdings and Titles Report","Physical Items","/shared/University of California System 01UCS_NETWORK/Reports/Local Requests/Annual Statistic Reports/Annual Stats FY 2025-2026/Final stats reports (for July 1)/Physical/UCSD Physical Holdings and Titles Report",1,"saved_reference","savedRegularColumnRef","c5c7362e4876eb782","campus designator",,,,,0,"/shared/University of California System 01UCS_NETWORK/Reports/Local Requests/Annual Statistic Reports/Annual Stats FY 2025-2026/UCSD SLF\/campus designator"
234,"UCSD Physical Holdings and Titles Report","Physical Items","/shared/University of California System 01UCS_NETWORK/Reports/Local Requests/Annual Statistic Reports/Annual Stats FY 2025-2026/Final stats reports (for July 1)/Physical/UCSD Physical Holdings and Titles Report",2,"saved_reference","savedRegularColumnRef","cd0b1e0e65675e95f","UCSD Library Stats Category",,,,,0,"/shared/University of California System 01UCS_NETWORK/Reports/Local Requests/Annual Statistic Reports/Annual Stats FY 2025-2026/UCSD Library Stats Category"
234,"UCSD Physical Holdings and Titles Report","Physical Items","/shared/University of California System 01UCS_NETWORK/Reports/Local Requests/Annual Statistic Reports/Annual Stats FY 2025-2026/Final stats reports (for July 1)/Physical/UCSD Physical Holdings and Titles Report",3,"inline","regularColumn","c11f1bc37045f5246","""Location"".""Library Name""",,,"sqlExpression","""Location"".""Library Name""",0,
234,"UCSD Physical Holdings and Titles Report","Physical Items","/shared/University of California System 01UCS_NETWORK/Reports/Local Requests/Annual Statistic Reports/Annual Stats FY 2025-2026/Final stats reports (for July 1)/Physical/UCSD Physical Holdings and Titles Report",4,"inline","regularColumn","c5b753ac3507179de","""Location"".""Library Code""",,,"sqlExpression","""Location"".""Library Code""",0,
234,"UCSD Physical Holdings and Titles Report","Physical Items","/shared/University of California System 01UCS_NETWORK/Reports/Local Requests/Annual Statistic Reports/Annual Stats FY 2025-2026/Final stats reports (for July 1)/Physical/UCSD Physical Holdings and Titles Report",5,"inline","regularColumn","cca8e491579614ace","""Location"".""Location Name""",,,"sqlExpression","""Location"".""Location Name""",0,
234,"UCSD Physical Holdings and Titles Report","Physical Items","/shared/University of California System 01UCS_NETWORK/Reports/Local Requests/Annual Statistic Reports/Annual Stats FY 2025-2026/Final stats reports (for July 1)/Physical/UCSD Physical Holdings and Titles Report",6,"inline","regularColumn","c0a6425ae82f111ec","""Location"".""Location Code""",,,"sqlExpression","""Location"".""Location Code""",0,
234,"UCSD Physical Holdings and Titles Report","Physical Items","/shared/University of California System 01UCS_NETWORK/Reports/Local Requests/Annual Statistic Reports/Annual Stats FY 2025-2026/Final stats reports (for July 1)/Physical/UCSD Physical Holdings and Titles Report",7,"inline","regularColumn","c4a02cb4f64daa673","""Bibliographic Details"".""Resource Type""",,,"sqlExpression","""Bibliographic Details"".""Resource Type""",0,
234,"UCSD Physical Holdings and Titles Report","Physical Items","/shared/University of California System 01UCS_NETWORK/Reports/Local Requests/Annual Statistic Reports/Annual Stats FY 2025-2026/Final stats reports (for July 1)/Physical/UCSD Physical Holdings and Titles Report",8,"saved_reference","savedRegularColumnRef","c58db3f667872a2b5","Physical - Holdings Added Year",,,,,0,"/shared/University of California System 01UCS_NETWORK/Reports/Local Requests/Annual Statistic Reports/Annual Stats FY 2025-2026/Physical - Holdings Added Year"
234,"UCSD Physical Holdings and Titles Report","Physical Items","/shared/University of California System 01UCS_NETWORK/Reports/Local Requests/Annual Statistic Reports/Annual Stats FY 2025-2026/Final stats reports (for July 1)/Physical/UCSD Physical Holdings and Titles Report",9,"saved_reference","savedRegularColumnRef","c4580f55e0701575e","Count of Physical Holdings",,,,,0,"/shared/University of California System 01UCS_NETWORK/Reports/Local Requests/Annual Statistic Reports/Annual Stats FY 2025-2026/Count of Physical Holdings"
234,"UCSD Physical Holdings and Titles Report","Physical Items","/shared/University of California System 01UCS_NETWORK/Reports/Local Requests/Annual Statistic Reports/Annual Stats FY 2025-2026/Final stats reports (for July 1)/Physical/UCSD Physical Holdings and Titles Report",10,"saved_reference","savedRegularColumnRef","c07cc92cf4907e63a","Count of Physical Titles",,,,,0,"/shared/University of California System 01UCS_NETWORK/Reports/Local Requests/Annual Statistic Reports/Annual Stats FY 2025-2026/Count of Physical Titles"
236,"UCSC Check-Out Type Categorization Report","Fulfillment","/shared/University of California System 01UCS_NETWORK/Reports/Local Requests/Annual Statistic Reports/Annual Stats FY 2025-2026/Preparation review reports/Fulfillment preparation review reports/UCSC Check-Out Type Categorization Report",1,"inline","regularColumn","c3c9abbd35e9a9c56","""Institution"".""Institution Name""",,,"sqlExpression","""Institution"".""Institution Name""",0,
236,"UCSC Check-Out Type Categorization Report","Fulfillment","/shared/University of California System 01UCS_NETWORK/Reports/Local Requests/Annual Statistic Reports/Annual Stats FY 2025-2026/Preparation review reports/Fulfillment preparation review reports/UCSC Check-Out Type Categorization Report",2,"saved_reference","savedRegularColumnRef","caffb1bfdc6fba0fe","UCSC Check-Out Type",,,,,0,"/shared/University of California System 01UCS_NETWORK/Reports/Local Requests/Annual Statistic Reports/Annual Stats FY 2025-2026/UCSC Check-Out Type"
236,"UCSC Check-Out Type Categorization Report","Fulfillment","/shared/University of California System 01UCS_NETWORK/Reports/Local Requests/Annual Statistic Reports/Annual Stats FY 2025-2026/Preparation review reports/Fulfillment preparation review reports/UCSC Check-Out Type Categorization Report",3,"inline","regularColumn","c9a9faa4ac839c891","""Item Location at Time of Loan"".""Library Name""",,,"sqlExpression","""Item Location at Time of Loan"".""Library Name""",0,
236,"UCSC Check-Out Type Categorization Report","Fulfillment","/shared/University of California System 01UCS_NETWORK/Reports/Local Requests/Annual Statistic Reports/Annual Stats FY 2025-2026/Preparation review reports/Fulfillment preparation review reports/UCSC Check-Out Type Categorization Report",4,"inline","regularColumn","c4e6743790fc53661","""Item Location at Time of Loan"".""Library Code""",,,"sqlExpression","""Item Location at Time of Loan"".""Library Code""",0,
236,"UCSC Check-Out Type Categorization Report","Fulfillment","/shared/University of California System 01UCS_NETWORK/Reports/Local Requests/Annual Statistic Reports/Annual Stats FY 2025-2026/Preparation review reports/Fulfillment preparation review reports/UCSC Check-Out Type Categorization Report",5,"inline","regularColumn","c9ab8f8d1e5996a23","""Item Location at Time of Loan"".""Location Name""",,,"sqlExpression","""Item Location at Time of Loan"".""Location Name""",0,
236,"UCSC Check-Out Type Categorization Report","Fulfillment","/shared/University of California System 01UCS_NETWORK/Reports/Local Requests/Annual Statistic Reports/Annual Stats FY 2025-2026/Preparation review reports/Fulfillment preparation review reports/UCSC Check-Out Type Categorization Report",6,"inline","regularColumn","c8c827589850d51c5","""Item Location at Time of Loan"".""Location Code""",,,"sqlExpression","""Item Location at Time of Loan"".""Location Code""",0,
236,"UCSC Check-Out Type Categorization Report","Fulfillment","/shared/University of California System 01UCS_NETWORK/Reports/Local Requests/Annual Statistic Reports/Annual Stats FY 2025-2026/Preparation review reports/Fulfillment preparation review reports/UCSC Check-Out Type Categorization Report",7,"saved_reference","savedRegularColumnRef","c547c5f1c7e3c8648","FY 2025-26 Loans (Not In House)",,,,,0,"/shared/University of California System 01UCS_NETWORK/Reports/Local Requests/Annual Statistic Reports/Annual Stats FY 2025-2026/FY 2025-26 Loans (Not In House)"
237,"UCSC User Group Categorization Report","Fulfillment","/shared/University of California System 01UCS_NETWORK/Reports/Local Requests/Annual Statistic Reports/Annual Stats FY 2025-2026/Preparation review reports/Fulfillment preparation review reports/UCSC User Group Categorization Report",1,"inline","regularColumn","c8ab9f303935e00f4","""Institution"".""Institution Name""",,,"sqlExpression","""Institution"".""Institution Name""",0,
237,"UCSC User Group Categorization Report","Fulfillment","/shared/University of California System 01UCS_NETWORK/Reports/Local Requests/Annual Statistic Reports/Annual Stats FY 2025-2026/Preparation review reports/Fulfillment preparation review reports/UCSC User Group Categorization Report",2,"saved_reference","savedRegularColumnRef","cada37f5435e9240a","UCSC User Group",,,,,0,"/shared/University of California System 01UCS_NETWORK/Reports/Local Requests/Annual Statistic Reports/Annual Stats FY 2025-2026/UCSC User Group"
237,"UCSC User Group Categorization Report","Fulfillment","/shared/University of California System 01UCS_NETWORK/Reports/Local Requests/Annual Statistic Reports/Annual Stats FY 2025-2026/Preparation review reports/Fulfillment preparation review reports/UCSC User Group Categorization Report",3,"inline","regularColumn","ce93de805713965e1","""Borrower Details"".""User Group""",,,"sqlExpression","""Borrower Details"".""User Group""",0,
238,"UCSF Physical Holdings and Titles Report","Physical Items","/shared/University of California System 01UCS_NETWORK/Reports/Local Requests/Annual Statistic Reports/Annual Stats FY 2025-2026/Final stats reports (for July 1)/Physical/UCSF Physical Holdings and Titles Report",1,"saved_reference","savedRegularColumnRef","cc58e9ddfaf723776","campus designator",,,,,0,"/shared/University of California System 01UCS_NETWORK/Reports/Local Requests/Annual Statistic Reports/Annual Stats FY 2025-2026/UCSF SLF\/campus designator"
238,"UCSF Physical Holdings and Titles Report","Physical Items","/shared/University of California System 01UCS_NETWORK/Reports/Local Requests/Annual Statistic Reports/Annual Stats FY 2025-2026/Final stats reports (for July 1)/Physical/UCSF Physical Holdings and Titles Report",2,"saved_reference","savedRegularColumnRef","c4ab6c1e180550974","UCSF Library Stats Category",,,,,0,"/shared/University of California System 01UCS_NETWORK/Reports/Local Requests/Annual Statistic Reports/Annual Stats FY 2025-2026/UCSF Library Stats Category"
238,"UCSF Physical Holdings and Titles Report","Physical Items","/shared/University of California System 01UCS_NETWORK/Reports/Local Requests/Annual Statistic Reports/Annual Stats FY 2025-2026/Final stats reports (for July 1)/Physical/UCSF Physical Holdings and Titles Report",3,"inline","regularColumn","c5f9aa39ec6d7a429","""Location"".""Library Name""",,,"sqlExpression","""Location"".""Library Name""",0,
238,"UCSF Physical Holdings and Titles Report","Physical Items","/shared/University of California System 01UCS_NETWORK/Reports/Local Requests/Annual Statistic Reports/Annual Stats FY 2025-2026/Final stats reports (for July 1)/Physical/UCSF Physical Holdings and Titles Report",4,"inline","regularColumn","c9b9b555ed2aa8caa","""Location"".""Library Code""",,,"sqlExpression","""Location"".""Library Code""",0,
238,"UCSF Physical Holdings and Titles Report","Physical Items","/shared/University of California System 01UCS_NETWORK/Reports/Local Requests/Annual Statistic Reports/Annual Stats FY 2025-2026/Final stats reports (for July 1)/Physical/UCSF Physical Holdings and Titles Report",5,"inline","regularColumn","c7ae27ad3719e42bb","""Location"".""Location Name""",,,"sqlExpression","""Location"".""Location Name""",0,
238,"UCSF Physical Holdings and Titles Report","Physical Items","/shared/University of California System 01UCS_NETWORK/Reports/Local Requests/Annual Statistic Reports/Annual Stats FY 2025-2026/Final stats reports (for July 1)/Physical/UCSF Physical Holdings and Titles Report",6,"inline","regularColumn","c5671a1363a940746","""Location"".""Location Code""",,,"sqlExpression","""Location"".""Location Code""",0,
238,"UCSF Physical Holdings and Titles Report","Physical Items","/shared/University of California System 01UCS_NETWORK/Reports/Local Requests/Annual Statistic Reports/Annual Stats FY 2025-2026/Final stats reports (for July 1)/Physical/UCSF Physical Holdings and Titles Report",7,"inline","regularColumn","cb573d5683ec2a325","""Bibliographic Details"".""Resource Type""",,,"sqlExpression","""Bibliographic Details"".""Resource Type""",0,
238,"UCSF Physical Holdings and Titles Report","Physical Items","/shared/University of California System 01UCS_NETWORK/Reports/Local Requests/Annual Statistic Reports/Annual Stats FY 2025-2026/Final stats reports (for July 1)/Physical/UCSF Physical Holdings and Titles Report",8,"saved_reference","savedRegularColumnRef","c5a75ac9dae819352","Physical - Holdings Added Year",,,,,0,"/shared/University of California System 01UCS_NETWORK/Reports/Local Requests/Annual Statistic Reports/Annual Stats FY 2025-2026/Physical - Holdings Added Year"
238,"UCSF Physical Holdings and Titles Report","Physical Items","/shared/University of California System 01UCS_NETWORK/Reports/Local Requests/Annual Statistic Reports/Annual Stats FY 2025-2026/Final stats reports (for July 1)/Physical/UCSF Physical Holdings and Titles Report",9,"saved_reference","savedRegularColumnRef","cd7a08c12c4defb0d","Count of Physical Holdings",,,,,0,"/shared/University of California System 01UCS_NETWORK/Reports/Local Requests/Annual Statistic Reports/Annual Stats FY 2025-2026/Count of Physical Holdings"
238,"UCSF Physical Holdings and Titles Report","Physical Items","/shared/University of California System 01UCS_NETWORK/Reports/Local Requests/Annual Statistic Reports/Annual Stats FY 2025-2026/Final stats reports (for July 1)/Physical/UCSF Physical Holdings and Titles Report",10,"saved_reference","savedRegularColumnRef","cbe8a14003d344c94","Count of Physical Titles",,,,,0,"/shared/University of California System 01UCS_NETWORK/Reports/Local Requests/Annual Statistic Reports/Annual Stats FY 2025-2026/Count of Physical Titles"
241,"zz_old_UCI testing updated SCA exclusion filter","Physical Items","/shared/University of California System 01UCS_NETWORK/Reports/Local Requests/Annual Statistic Reports/Annual Stats FY 2025-2026/Final stats reports (for July 1)/Physical/zz_old_UCI testing updated SCA exclusion filter",1,"saved_reference","savedRegularColumnRef","c9f387e6abff41fe5","Physical - UCI Library Stats Category",,,,,0,"/shared/University of California System 01UCS_NETWORK/Reports/Local Requests/Annual Statistic Reports/Annual Stats FY 2025-2026/Physical - UCI Library Stats Category"
241,"zz_old_UCI testing updated SCA exclusion filter","Physical Items","/shared/University of California System 01UCS_NETWORK/Reports/Local Requests/Annual Statistic Reports/Annual Stats FY 2025-2026/Final stats reports (for July 1)/Physical/zz_old_UCI testing updated SCA exclusion filter",2,"inline","regularColumn","cbb64281f1cc2cbf4","""Location"".""Library Name""",,,"sqlExpression","""Location"".""Library Name""",0,
241,"zz_old_UCI testing updated SCA exclusion filter","Physical Items","/shared/University of California System 01UCS_NETWORK/Reports/Local Requests/Annual Statistic Reports/Annual Stats FY 2025-2026/Final stats reports (for July 1)/Physical/zz_old_UCI testing updated SCA exclusion filter",3,"inline","regularColumn","c6437d802ca592d95","""Location"".""Location Code""",,,"sqlExpression","""Location"".""Location Code""",0,
241,"zz_old_UCI testing updated SCA exclusion filter","Physical Items","/shared/University of California System 01UCS_NETWORK/Reports/Local Requests/Annual Statistic Reports/Annual Stats FY 2025-2026/Final stats reports (for July 1)/Physical/zz_old_UCI testing updated SCA exclusion filter",4,"inline","regularColumn","c0fbcd1c1de33aeb5","Uniform Resource Identifier","Bibliographic Details","Uniform Resource Identifier","binned","""Bibliographic Details"".""Uniform Resource Identifier""",4,
241,"zz_old_UCI testing updated SCA exclusion filter","Physical Items","/shared/University of California System 01UCS_NETWORK/Reports/Local Requests/Annual Statistic Reports/Annual Stats FY 2025-2026/Final stats reports (for July 1)/Physical/zz_old_UCI testing updated SCA exclusion filter",5,"saved_reference","savedRegularColumnRef","c258102b3cf17aeba","Physical - Count of Physical Holdings",,,,,0,"/shared/University of California System 01UCS_NETWORK/Reports/Local Requests/Annual Statistic Reports/Annual Stats FY 2025-2026/Physical - Count of Physical Holdings"
243,"UCSD Check-Out Type Categorization Report","Fulfillment","/shared/University of California System 01UCS_NETWORK/Reports/Local Requests/Annual Statistic Reports/Annual Stats FY 2025-2026/Preparation review reports/Fulfillment preparation review reports/UCSD Check-Out Type Categorization Report",1,"inline","regularColumn","caa051d764f8c5b61","""Institution"".""Institution Name""",,,"sqlExpression","""Institution"".""Institution Name""",0,
243,"UCSD Check-Out Type Categorization Report","Fulfillment","/shared/University of California System 01UCS_NETWORK/Reports/Local Requests/Annual Statistic Reports/Annual Stats FY 2025-2026/Preparation review reports/Fulfillment preparation review reports/UCSD Check-Out Type Categorization Report",2,"saved_reference","savedRegularColumnRef","c21aac88c3cc850c5","UCSD Check-Out Type",,,,,0,"/shared/University of California System 01UCS_NETWORK/Reports/Local Requests/Annual Statistic Reports/Annual Stats FY 2025-2026/UCSD Check-Out Type"
243,"UCSD Check-Out Type Categorization Report","Fulfillment","/shared/University of California System 01UCS_NETWORK/Reports/Local Requests/Annual Statistic Reports/Annual Stats FY 2025-2026/Preparation review reports/Fulfillment preparation review reports/UCSD Check-Out Type Categorization Report",3,"inline","regularColumn","cfaaedd428aaac90f","""Item Location at Time of Loan"".""Library Name""",,,"sqlExpression","""Item Location at Time of Loan"".""Library Name""",0,
243,"UCSD Check-Out Type Categorization Report","Fulfillment","/shared/University of California System 01UCS_NETWORK/Reports/Local Requests/Annual Statistic Reports/Annual Stats FY 2025-2026/Preparation review reports/Fulfillment preparation review reports/UCSD Check-Out Type Categorization Report",4,"inline","regularColumn","c0d088ab0250e4f10","""Item Location at Time of Loan"".""Library Code""",,,"sqlExpression","""Item Location at Time of Loan"".""Library Code""",0,
243,"UCSD Check-Out Type Categorization Report","Fulfillment","/shared/University of California System 01UCS_NETWORK/Reports/Local Requests/Annual Statistic Reports/Annual Stats FY 2025-2026/Preparation review reports/Fulfillment preparation review reports/UCSD Check-Out Type Categorization Report",5,"inline","regularColumn","cfc2e07e4425fd15e","""Item Location at Time of Loan"".""Location Name""",,,"sqlExpression","""Item Location at Time of Loan"".""Location Name""",0,
243,"UCSD Check-Out Type Categorization Report","Fulfillment","/shared/University of California System 01UCS_NETWORK/Reports/Local Requests/Annual Statistic Reports/Annual Stats FY 2025-2026/Preparation review reports/Fulfillment preparation review reports/UCSD Check-Out Type Categorization Report",6,"inline","regularColumn","c2215a678dd4a6a09","""Item Location at Time of Loan"".""Location Code""",,,"sqlExpression","""Item Location at Time of Loan"".""Location Code""",0,
243,"UCSD Check-Out Type Categorization Report","Fulfillment","/shared/University of California System 01UCS_NETWORK/Reports/Local Requests/Annual Statistic Reports/Annual Stats FY 2025-2026/Preparation review reports/Fulfillment preparation review reports/UCSD Check-Out Type Categorization Report",7,"saved_reference","savedRegularColumnRef","c58650ab2da46c47d","FY 2025-26 Loans (Not In House)",,,,,0,"/shared/University of California System 01UCS_NETWORK/Reports/Local Requests/Annual Statistic Reports/Annual Stats FY 2025-2026/FY 2025-26 Loans (Not In House)"
245,"UCSD User Group Categorization Report","Fulfillment","/shared/University of California System 01UCS_NETWORK/Reports/Local Requests/Annual Statistic Reports/Annual Stats FY 2025-2026/Preparation review reports/Fulfillment preparation review reports/UCSD User Group Categorization Report",1,"inline","regularColumn","c077ccd7606c1076e","""Institution"".""Institution Name""",,,"sqlExpression","""Institution"".""Institution Name""",0,
245,"UCSD User Group Categorization Report","Fulfillment","/shared/University of California System 01UCS_NETWORK/Reports/Local Requests/Annual Statistic Reports/Annual Stats FY 2025-2026/Preparation review reports/Fulfillment preparation review reports/UCSD User Group Categorization Report",2,"saved_reference","savedRegularColumnRef","c4690729bb23bdfab","UCSD User Group",,,,,0,"/shared/University of California System 01UCS_NETWORK/Reports/Local Requests/Annual Statistic Reports/Annual Stats FY 2025-2026/UCSD User Group"
245,"UCSD User Group Categorization Report","Fulfillment","/shared/University of California System 01UCS_NETWORK/Reports/Local Requests/Annual Statistic Reports/Annual Stats FY 2025-2026/Preparation review reports/Fulfillment preparation review reports/UCSD User Group Categorization Report",3,"inline","regularColumn","cd550f215e5ffdcfc","""Borrower Details"".""User Group""",,,"sqlExpression","""Borrower Details"".""User Group""",0,
247,"UCSF Check-Out Type Categorization Report","Fulfillment","/shared/University of California System 01UCS_NETWORK/Reports/Local Requests/Annual Statistic Reports/Annual Stats FY 2025-2026/Preparation review reports/Fulfillment preparation review reports/UCSF Check-Out Type Categorization Report",1,"inline","regularColumn","c0cd8926747a5d51e","""Institution"".""Institution Name""",,,"sqlExpression","""Institution"".""Institution Name""",0,
247,"UCSF Check-Out Type Categorization Report","Fulfillment","/shared/University of California System 01UCS_NETWORK/Reports/Local Requests/Annual Statistic Reports/Annual Stats FY 2025-2026/Preparation review reports/Fulfillment preparation review reports/UCSF Check-Out Type Categorization Report",2,"saved_reference","savedRegularColumnRef","c06bcb56b7fd06ce8","UCSF Check-Out Type",,,,,0,"/shared/University of California System 01UCS_NETWORK/Reports/Local Requests/Annual Statistic Reports/Annual Stats FY 2025-2026/UCSF Check-Out Type"
247,"UCSF Check-Out Type Categorization Report","Fulfillment","/shared/University of California System 01UCS_NETWORK/Reports/Local Requests/Annual Statistic Reports/Annual Stats FY 2025-2026/Preparation review reports/Fulfillment preparation review reports/UCSF Check-Out Type Categorization Report",3,"inline","regularColumn","ce44e7111f713aab3","""Item Location at Time of Loan"".""Library Name""",,,"sqlExpression","""Item Location at Time of Loan"".""Library Name""",0,
247,"UCSF Check-Out Type Categorization Report","Fulfillment","/shared/University of California System 01UCS_NETWORK/Reports/Local Requests/Annual Statistic Reports/Annual Stats FY 2025-2026/Preparation review reports/Fulfillment preparation review reports/UCSF Check-Out Type Categorization Report",4,"inline","regularColumn","c2eb159b2afba343e","""Item Location at Time of Loan"".""Library Code""",,,"sqlExpression","""Item Location at Time of Loan"".""Library Code""",0,
247,"UCSF Check-Out Type Categorization Report","Fulfillment","/shared/University of California System 01UCS_NETWORK/Reports/Local Requests/Annual Statistic Reports/Annual Stats FY 2025-2026/Preparation review reports/Fulfillment preparation review reports/UCSF Check-Out Type Categorization Report",5,"inline","regularColumn","c232961617f29413c","""Item Location at Time of Loan"".""Location Name""",,,"sqlExpression","""Item Location at Time of Loan"".""Location Name""",0,
247,"UCSF Check-Out Type Categorization Report","Fulfillment","/shared/University of California System 01UCS_NETWORK/Reports/Local Requests/Annual Statistic Reports/Annual Stats FY 2025-2026/Preparation review reports/Fulfillment preparation review reports/UCSF Check-Out Type Categorization Report",6,"inline","regularColumn","c4d45b377206574cb","""Item Location at Time of Loan"".""Location Code""",,,"sqlExpression","""Item Location at Time of Loan"".""Location Code""",0,
247,"UCSF Check-Out Type Categorization Report","Fulfillment","/shared/University of California System 01UCS_NETWORK/Reports/Local Requests/Annual Statistic Reports/Annual Stats FY 2025-2026/Preparation review reports/Fulfillment preparation review reports/UCSF Check-Out Type Categorization Report",7,"saved_reference","savedRegularColumnRef","cd121e19a20ecb043","FY 2025-26 Loans (Not In House)",,,,,0,"/shared/University of California System 01UCS_NETWORK/Reports/Local Requests/Annual Statistic Reports/Annual Stats FY 2025-2026/FY 2025-26 Loans (Not In House)"
248,"UCSF User Group Categorization Report","Fulfillment","/shared/University of California System 01UCS_NETWORK/Reports/Local Requests/Annual Statistic Reports/Annual Stats FY 2025-2026/Preparation review reports/Fulfillment preparation review reports/UCSF User Group Categorization Report",1,"inline","regularColumn","c0e92f7b1e3616399","""Institution"".""Institution Name""",,,"sqlExpression","""Institution"".""Institution Name""",0,
248,"UCSF User Group Categorization Report","Fulfillment","/shared/University of California System 01UCS_NETWORK/Reports/Local Requests/Annual Statistic Reports/Annual Stats FY 2025-2026/Preparation review reports/Fulfillment preparation review reports/UCSF User Group Categorization Report",2,"saved_reference","savedRegularColumnRef","cb0259ff4d690a8b3","UCSF User Group",,,,,0,"/shared/University of California System 01UCS_NETWORK/Reports/Local Requests/Annual Statistic Reports/Annual Stats FY 2025-2026/UCSF User Group"
248,"UCSF User Group Categorization Report","Fulfillment","/shared/University of California System 01UCS_NETWORK/Reports/Local Requests/Annual Statistic Reports/Annual Stats FY 2025-2026/Preparation review reports/Fulfillment preparation review reports/UCSF User Group Categorization Report",3,"inline","regularColumn","cc093b1c39c0a0317","""Borrower Details"".""User Group""",,,"sqlExpression","""Borrower Details"".""User Group""",0,
