"report_catalog_index","report_title","report_subject_area","report_path","filter_index","group_path","nesting_level","join_operator","filter_source","expression_type","operator","field","filter_text","saved_filter_name","saved_filter_path","value_count","value_preview"
3,"test2 UCB physical holdings and titles report (no SLF)","Physical Items","/shared/University of California System 01UCS_NETWORK/Reports/Local Requests/Annual Statistic Reports/Annual Stats FY 2025-2026/Final stats reports (for July 1)/test2 UCB physical holdings and titles report (no SLF)",1,"1.1",2,"and","inline","comparison","equal","""Institution"".""Institution Name""","""Institution"".""Institution Name"" = 6532",,,1,"6532"
3,"test2 UCB physical holdings and titles report (no SLF)","Physical Items","/shared/University of California System 01UCS_NETWORK/Reports/Local Requests/Annual Statistic Reports/Annual Stats FY 2025-2026/Final stats reports (for July 1)/test2 UCB physical holdings and titles report (no SLF)",2,"1.2",2,"and","inline","comparison","notEqual","""Location"".""Library Code""","""Location"".""Library Code"" <> 'NRLF'",,,1,"NRLF"
3,"test2 UCB physical holdings and titles report (no SLF)","Physical Items","/shared/University of California System 01UCS_NETWORK/Reports/Local Requests/Annual Statistic Reports/Annual Stats FY 2025-2026/Final stats reports (for July 1)/test2 UCB physical holdings and titles report (no SLF)",3,"1.3",2,"and","saved_reference","savedFilter",,,"Saved filter: Global stats physical filters","Global stats physical filters","/shared/University of California System 01UCS_NETWORK/Reports/Local Requests/Annual Statistic Reports/Annual Stats FY 2025-2026/Global stats physical filters",,
3,"test2 UCB physical holdings and titles report (no SLF)","Physical Items","/shared/University of California System 01UCS_NETWORK/Reports/Local Requests/Annual Statistic Reports/Annual Stats FY 2025-2026/Final stats reports (for July 1)/test2 UCB physical holdings and titles report (no SLF)",4,"1.4",2,"and","saved_reference","savedFilter",,,"Saved filter: UCB Physical Filters - locations and stats note 2 only","UCB Physical Filters - locations and stats note 2 only","/shared/University of California System 01UCS_NETWORK/Reports/Local Requests/Annual Statistic Reports/Annual Stats FY 2025-2026/UCB Physical Filters - locations and stats note 2 only",,
3,"test2 UCB physical holdings and titles report (no SLF)","Physical Items","/shared/University of California System 01UCS_NETWORK/Reports/Local Requests/Annual Statistic Reports/Annual Stats FY 2025-2026/Final stats reports (for July 1)/test2 UCB physical holdings and titles report (no SLF)",5,"1.5",2,"and","saved_reference","savedFilter",,,"Saved filter: UCB SCA exclusions","UCB SCA exclusions","/shared/University of California System 01UCS_NETWORK/Reports/Local Requests/Annual Statistic Reports/Annual Stats FY 2025-2026/UCB SCA exclusions",,
3,"test2 UCB physical holdings and titles report (no SLF)","Physical Items","/shared/University of California System 01UCS_NETWORK/Reports/Local Requests/Annual Statistic Reports/Annual Stats FY 2025-2026/Final stats reports (for July 1)/test2 UCB physical holdings and titles report (no SLF)",6,"1.6",2,"and","inline","list","in","""Item Creation Date"".""Item Creation Date""","""Item Creation Date"".""Item Creation Date"" IN ('Added FY 2025-26', 'Added prior to FY 2025-26')",,,2,"Added FY 2025-26 | Added prior to FY 2025-26"
10,"UCB Physical Collection Usage","Fulfillment","/shared/University of California System 01UCS_NETWORK/Reports/Local Requests/Annual Statistic Reports/Annual Stats FY 2025-2026/Final stats reports (for July 1)/Physical Collection Usage/UCB Physical Collection Usage",1,"1.1",2,"and","inline","comparison","equal","""Institution"".""Institution Name""","""Institution"".""Institution Name"" = 6532",,,1,"6532"
10,"UCB Physical Collection Usage","Fulfillment","/shared/University of California System 01UCS_NETWORK/Reports/Local Requests/Annual Statistic Reports/Annual Stats FY 2025-2026/Final stats reports (for July 1)/Physical Collection Usage/UCB Physical Collection Usage",2,"1.2",2,"and","saved_reference","savedFilter",,,"Saved filter: Fulfillment - FY 2025-26 Loans","Fulfillment - FY 2025-26 Loans","/shared/University of California System 01UCS_NETWORK/Reports/Local Requests/Annual Statistic Reports/Annual Stats FY 2025-2026/Fulfillment - FY 2025-26 Loans",,
10,"UCB Physical Collection Usage","Fulfillment","/shared/University of California System 01UCS_NETWORK/Reports/Local Requests/Annual Statistic Reports/Annual Stats FY 2025-2026/Final stats reports (for July 1)/Physical Collection Usage/UCB Physical Collection Usage",3,"1.3",2,"and","inline","comparison","greater","""Loan"".""Loans (Not In House)""","""Loan"".""Loans (Not In House)"" > 0",,,1,"0"
16,"UCB Risk Management Report","Physical Items","/shared/University of California System 01UCS_NETWORK/Reports/Local Requests/Annual Statistic Reports/Annual Stats FY 2025-2026/Final stats reports (for July 1)/Risk Management/UCB Risk Management Report",1,"1.1",2,"and","inline","list","in","""Institution"".""Institution Name""","""Institution"".""Institution Name"" IN (6532, 6533)",,,2,"6532 | 6533"
16,"UCB Risk Management Report","Physical Items","/shared/University of California System 01UCS_NETWORK/Reports/Local Requests/Annual Statistic Reports/Annual Stats FY 2025-2026/Final stats reports (for July 1)/Risk Management/UCB Risk Management Report",2,"1.2",2,"and","inline","list","in","""Institution"".""Institution Name""","""Institution"".""Institution Name"" IN ('SLF-N', 'SLF-S', 'UCB')",,,3,"SLF-N | SLF-S | UCB"
16,"UCB Risk Management Report","Physical Items","/shared/University of California System 01UCS_NETWORK/Reports/Local Requests/Annual Statistic Reports/Annual Stats FY 2025-2026/Final stats reports (for July 1)/Risk Management/UCB Risk Management Report",3,"1.3",2,"and","saved_reference","savedFilter",,,"Saved filter: Global stats physical filters","Global stats physical filters","/shared/University of California System 01UCS_NETWORK/Reports/Local Requests/Annual Statistic Reports/Annual Stats FY 2025-2026/Global stats physical filters",,
16,"UCB Risk Management Report","Physical Items","/shared/University of California System 01UCS_NETWORK/Reports/Local Requests/Annual Statistic Reports/Annual Stats FY 2025-2026/Final stats reports (for July 1)/Risk Management/UCB Risk Management Report",4,"1.4",2,"and","saved_reference","savedFilter",,,"Saved filter: UCB Physical Filters","UCB Physical Filters","/shared/University of California System 01UCS_NETWORK/Reports/Local Requests/Annual Statistic Reports/Annual Stats FY 2025-2026/UCB Physical Filters",,
16,"UCB Risk Management Report","Physical Items","/shared/University of California System 01UCS_NETWORK/Reports/Local Requests/Annual Statistic Reports/Annual Stats FY 2025-2026/Final stats reports (for July 1)/Risk Management/UCB Risk Management Report",5,"1.5",2,"and","saved_reference","savedFilter",,,"Saved filter: UCB SCA exclusions","UCB SCA exclusions","/shared/University of California System 01UCS_NETWORK/Reports/Local Requests/Annual Statistic Reports/Annual Stats FY 2025-2026/UCB SCA exclusions",,
17,"SLF Physical Holdings and Titles Report","Physical Items","/shared/University of California System 01UCS_NETWORK/Reports/Local Requests/Annual Statistic Reports/Annual Stats FY 2025-2026/Final stats reports (for July 1)/Physical/SLF Physical Holdings and Titles Report",1,"1.1",2,"and","inline","list","in","""Institution"".""Institution Name""","""Institution"".""Institution Name"" IN (6532, 6533)",,,2,"6532 | 6533"
17,"SLF Physical Holdings and Titles Report","Physical Items","/shared/University of California System 01UCS_NETWORK/Reports/Local Requests/Annual Statistic Reports/Annual Stats FY 2025-2026/Final stats reports (for July 1)/Physical/SLF Physical Holdings and Titles Report",2,"1.2",2,"and","inline","list","in","""Location"".""Library Code""","""Location"".""Library Code"" IN ('NRLF', 'SRLF')",,,2,"NRLF | SRLF"
17,"SLF Physical Holdings and Titles Report","Physical Items","/shared/University of California System 01UCS_NETWORK/Reports/Local Requests/Annual Statistic Reports/Annual Stats FY 2025-2026/Final stats reports (for July 1)/Physical/SLF Physical Holdings and Titles Report",3,"1.3",2,"and","saved_reference","savedFilter",,,"Saved filter: Physical - Global stats physical filters","Physical - Global stats physical filters","/shared/University of California System 01UCS_NETWORK/Reports/Local Requests/Annual Statistic Reports/Annual Stats FY 2025-2026/Physical - Global stats physical filters",,
17,"SLF Physical Holdings and Titles Report","Physical Items","/shared/University of California System 01UCS_NETWORK/Reports/Local Requests/Annual Statistic Reports/Annual Stats FY 2025-2026/Final stats reports (for July 1)/Physical/SLF Physical Holdings and Titles Report",4,"1.4",2,"and","saved_reference","savedFilter",,,"Saved filter: Physical - UCB Physical Filters","Physical - UCB Physical Filters","/shared/University of California System 01UCS_NETWORK/Reports/Local Requests/Annual Statistic Reports/Annual Stats FY 2025-2026/Physical - UCB Physical Filters",,
23,"UCB Library categorization report","Physical Items","/shared/University of California System 01UCS_NETWORK/Reports/Local Requests/Annual Statistic Reports/Annual Stats FY 2025-2026/Preparation review reports/Physical preparation review reports/UCB Library categorization report",1,"1.1",2,"and","inline","list","in","""Institution"".""Institution Name""","""Institution"".""Institution Name"" IN (6532, 6533)",,,2,"6532 | 6533"
23,"UCB Library categorization report","Physical Items","/shared/University of California System 01UCS_NETWORK/Reports/Local Requests/Annual Statistic Reports/Annual Stats FY 2025-2026/Preparation review reports/Physical preparation review reports/UCB Library categorization report",2,"1.2",2,"and","inline","list","in","""Institution"".""Institution Name""","""Institution"".""Institution Name"" IN ('SLF-N', 'SLF-S', 'UCB')",,,3,"SLF-N | SLF-S | UCB"
23,"UCB Library categorization report","Physical Items","/shared/University of California System 01UCS_NETWORK/Reports/Local Requests/Annual Statistic Reports/Annual Stats FY 2025-2026/Preparation review reports/Physical preparation review reports/UCB Library categorization report",3,"1.3",2,"and","saved_reference","savedFilter",,,"Saved filter: Global stats physical filters","Global stats physical filters","/shared/University of California System 01UCS_NETWORK/Reports/Local Requests/Annual Statistic Reports/Annual Stats FY 2025-2026/Global stats physical filters",,
23,"UCB Library categorization report","Physical Items","/shared/University of California System 01UCS_NETWORK/Reports/Local Requests/Annual Statistic Reports/Annual Stats FY 2025-2026/Preparation review reports/Physical preparation review reports/UCB Library categorization report",4,"1.4",2,"and","saved_reference","savedFilter",,,"Saved filter: UCB Physical Filters","UCB Physical Filters","/shared/University of California System 01UCS_NETWORK/Reports/Local Requests/Annual Statistic Reports/Annual Stats FY 2025-2026/UCB Physical Filters",,
23,"UCB Library categorization report","Physical Items","/shared/University of California System 01UCS_NETWORK/Reports/Local Requests/Annual Statistic Reports/Annual Stats FY 2025-2026/Preparation review reports/Physical preparation review reports/UCB Library categorization report",5,"1.5",2,"and","saved_reference","savedFilter",,,"Saved filter: UCB SCA exclusions","UCB SCA exclusions","/shared/University of California System 01UCS_NETWORK/Reports/Local Requests/Annual Statistic Reports/Annual Stats FY 2025-2026/UCB SCA exclusions",,
25,"UCB eResources Library Categorization Report","E-Inventory","/shared/University of California System 01UCS_NETWORK/Reports/Local Requests/Annual Statistic Reports/Annual Stats FY 2025-2026/Preparation review reports/Electronic preparation review reports/UCB eResources Library Categorization Report",1,"1",1,,"inline","comparison","equal","""Institution"".""Institution Name""","""Institution"".""Institution Name"" = 6532",,,1,"6532"
27,"UCB Electronic Holdings and Titles Report","E-Inventory","/shared/University of California System 01UCS_NETWORK/Reports/Local Requests/Annual Statistic Reports/Annual Stats FY 2025-2026/Final stats reports (for July 1)/Electronic/UCB Electronic Holdings and Titles Report",1,"1.1",2,"and","inline","list","in","""Institution"".""Institution Name""","""Institution"".""Institution Name"" IN (6532, 6531)",,,2,"6532 | 6531"
27,"UCB Electronic Holdings and Titles Report","E-Inventory","/shared/University of California System 01UCS_NETWORK/Reports/Local Requests/Annual Statistic Reports/Annual Stats FY 2025-2026/Final stats reports (for July 1)/Electronic/UCB Electronic Holdings and Titles Report",2,"1.2",2,"and","inline","list","in","""Institution"".""Institution Name""","""Institution"".""Institution Name"" IN ('Managed by CDL', 'Managed by UCB')",,,2,"Managed by CDL | Managed by UCB"
33,"UCB eResources Comparison Report","E-Inventory","/shared/University of California System 01UCS_NETWORK/Reports/Local Requests/Annual Statistic Reports/Annual Stats FY 2025-2026/Final stats reports (for July 1)/eResources Comparison/UCB eResources Comparison Report",1,"1.1",2,"and","inline","list","in","""Institution"".""Institution Name""","""Institution"".""Institution Name"" IN (6532, 6531)",,,2,"6532 | 6531"
33,"UCB eResources Comparison Report","E-Inventory","/shared/University of California System 01UCS_NETWORK/Reports/Local Requests/Annual Statistic Reports/Annual Stats FY 2025-2026/Final stats reports (for July 1)/eResources Comparison/UCB eResources Comparison Report",2,"1.2",2,"and","inline","list","in","""Institution"".""Institution Name""","""Institution"".""Institution Name"" IN ('Managed by CDL', 'Managed by UCB')",,,2,"Managed by CDL | Managed by UCB"
35,"SLF-N Added Physical Holdings and Titles Report","Physical Items","/shared/University of California System 01UCS_NETWORK/Reports/Local Requests/Annual Statistic Reports/Annual Stats FY 2025-2026/Final stats reports (for July 1)/Physical/SLF-N Added Physical Holdings and Titles Report",1,"1.1",2,"and","inline","comparison","equal","""Institution"".""Institution Name""","""Institution"".""Institution Name"" = 6532",,,1,"6532"
35,"SLF-N Added Physical Holdings and Titles Report","Physical Items","/shared/University of California System 01UCS_NETWORK/Reports/Local Requests/Annual Statistic Reports/Annual Stats FY 2025-2026/Final stats reports (for July 1)/Physical/SLF-N Added Physical Holdings and Titles Report",2,"1.2",2,"and","inline","list","in","""Location"".""Library Code""","""Location"".""Library Code"" IN ('NRLF', 'SRLF')",,,2,"NRLF | SRLF"
35,"SLF-N Added Physical Holdings and Titles Report","Physical Items","/shared/University of California System 01UCS_NETWORK/Reports/Local Requests/Annual Statistic Reports/Annual Stats FY 2025-2026/Final stats reports (for July 1)/Physical/SLF-N Added Physical Holdings and Titles Report",3,"1.3",2,"and","saved_reference","savedFilter",,,"Saved filter: Physical - Global stats physical filters","Physical - Global stats physical filters","/shared/University of California System 01UCS_NETWORK/Reports/Local Requests/Annual Statistic Reports/Annual Stats FY 2025-2026/Physical - Global stats physical filters",,
35,"SLF-N Added Physical Holdings and Titles Report","Physical Items","/shared/University of California System 01UCS_NETWORK/Reports/Local Requests/Annual Statistic Reports/Annual Stats FY 2025-2026/Final stats reports (for July 1)/Physical/SLF-N Added Physical Holdings and Titles Report",4,"1.4",2,"and","saved_reference","savedFilter",,,"Saved filter: Physical - UCB Physical Filters","Physical - UCB Physical Filters","/shared/University of California System 01UCS_NETWORK/Reports/Local Requests/Annual Statistic Reports/Annual Stats FY 2025-2026/Physical - UCB Physical Filters",,
35,"SLF-N Added Physical Holdings and Titles Report","Physical Items","/shared/University of California System 01UCS_NETWORK/Reports/Local Requests/Annual Statistic Reports/Annual Stats FY 2025-2026/Final stats reports (for July 1)/Physical/SLF-N Added Physical Holdings and Titles Report",5,"1.5",2,"and","saved_reference","savedFilter",,,"Saved filter: Physical - SLF-N FY 2026 accessions","Physical - SLF-N FY 2026 accessions","/shared/University of California System 01UCS_NETWORK/Reports/Local Requests/Annual Statistic Reports/Annual Stats FY 2025-2026/Physical - SLF-N FY 2026 accessions",,
37,"UCD Physical Collection Usage","Fulfillment","/shared/University of California System 01UCS_NETWORK/Reports/Local Requests/Annual Statistic Reports/Annual Stats FY 2025-2026/Final stats reports (for July 1)/Physical Collection Usage/UCD Physical Collection Usage",1,"1.1",2,"and","inline","comparison","equal","""Institution"".""Institution Name""","""Institution"".""Institution Name"" = 3126",,,1,"3126"
37,"UCD Physical Collection Usage","Fulfillment","/shared/University of California System 01UCS_NETWORK/Reports/Local Requests/Annual Statistic Reports/Annual Stats FY 2025-2026/Final stats reports (for July 1)/Physical Collection Usage/UCD Physical Collection Usage",2,"1.2",2,"and","saved_reference","savedFilter",,,"Saved filter: Fulfillment - FY 2025-26 Loans","Fulfillment - FY 2025-26 Loans","/shared/University of California System 01UCS_NETWORK/Reports/Local Requests/Annual Statistic Reports/Annual Stats FY 2025-2026/Fulfillment - FY 2025-26 Loans",,
37,"UCD Physical Collection Usage","Fulfillment","/shared/University of California System 01UCS_NETWORK/Reports/Local Requests/Annual Statistic Reports/Annual Stats FY 2025-2026/Final stats reports (for July 1)/Physical Collection Usage/UCD Physical Collection Usage",3,"1.3",2,"and","inline","comparison","greater","""Loan"".""Loans (Not In House)""","""Loan"".""Loans (Not In House)"" > 0",,,1,"0"
47,"UCD Risk Management Report","Physical Items","/shared/University of California System 01UCS_NETWORK/Reports/Local Requests/Annual Statistic Reports/Annual Stats FY 2025-2026/Final stats reports (for July 1)/Risk Management/UCD Risk Management Report",1,"1.1",2,"and","inline","list","in","""Institution"".""Institution Name""","""Institution"".""Institution Name"" IN (6532, 3126, 6533)",,,3,"6532 | 3126 | 6533"
47,"UCD Risk Management Report","Physical Items","/shared/University of California System 01UCS_NETWORK/Reports/Local Requests/Annual Statistic Reports/Annual Stats FY 2025-2026/Final stats reports (for July 1)/Risk Management/UCD Risk Management Report",2,"1.2",2,"and","inline","list","in","""Institution"".""Institution Name""","""Institution"".""Institution Name"" IN ('SLF-N', 'SLF-S', 'UCD')",,,3,"SLF-N | SLF-S | UCD"
47,"UCD Risk Management Report","Physical Items","/shared/University of California System 01UCS_NETWORK/Reports/Local Requests/Annual Statistic Reports/Annual Stats FY 2025-2026/Final stats reports (for July 1)/Risk Management/UCD Risk Management Report",3,"1.3",2,"and","saved_reference","savedFilter",,,"Saved filter: Global stats physical filters","Global stats physical filters","/shared/University of California System 01UCS_NETWORK/Reports/Local Requests/Annual Statistic Reports/Annual Stats FY 2025-2026/Global stats physical filters",,
47,"UCD Risk Management Report","Physical Items","/shared/University of California System 01UCS_NETWORK/Reports/Local Requests/Annual Statistic Reports/Annual Stats FY 2025-2026/Final stats reports (for July 1)/Risk Management/UCD Risk Management Report",4,"1.4",2,"and","saved_reference","savedFilter",,,"Saved filter: UCD Physical Filters","UCD Physical Filters","/shared/University of California System 01UCS_NETWORK/Reports/Local Requests/Annual Statistic Reports/Annual Stats FY 2025-2026/UCD Physical Filters",,
51,"UCB Check-Out Type Categorization Report","Fulfillment","/shared/University of California System 01UCS_NETWORK/Reports/Local Requests/Annual Statistic Reports/Annual Stats FY 2025-2026/Preparation review reports/Fulfillment preparation review reports/UCB Check-Out Type Categorization Report",1,"1.1",2,"and","inline","comparison","equal","""Institution"".""Institution Name""","""Institution"".""Institution Name"" = 6532",,,1,"6532"
51,"UCB Check-Out Type Categorization Report","Fulfillment","/shared/University of California System 01UCS_NETWORK/Reports/Local Requests/Annual Statistic Reports/Annual Stats FY 2025-2026/Preparation review reports/Fulfillment preparation review reports/UCB Check-Out Type Categorization Report",2,"1.2",2,"and","saved_reference","savedFilter",,,"Saved filter: FY 2025-26 Loans","FY 2025-26 Loans","/shared/University of California System 01UCS_NETWORK/Reports/Local Requests/Annual Statistic Reports/Annual Stats FY 2025-2026/FY 2025-26 Loans",,
51,"UCB Check-Out Type Categorization Report","Fulfillment","/shared/University of California System 01UCS_NETWORK/Reports/Local Requests/Annual Statistic Reports/Annual Stats FY 2025-2026/Preparation review reports/Fulfillment preparation review reports/UCB Check-Out Type Categorization Report",3,"1.3",2,"and","inline","comparison","equal","""Loan Details"".""In House Loan Indicator""","""Loan Details"".""In House Loan Indicator"" = 'N'",,,1,"N"
52,"UCD eResources Library Categorization Report","E-Inventory","/shared/University of California System 01UCS_NETWORK/Reports/Local Requests/Annual Statistic Reports/Annual Stats FY 2025-2026/Preparation review reports/Electronic preparation review reports/UCD eResources Library Categorization Report",1,"1",1,,"inline","comparison","equal","""Institution"".""Institution Name""","""Institution"".""Institution Name"" = 3126",,,1,"3126"
55,"UCD Library categorization report","Physical Items","/shared/University of California System 01UCS_NETWORK/Reports/Local Requests/Annual Statistic Reports/Annual Stats FY 2025-2026/Preparation review reports/Physical preparation review reports/UCD Library categorization report",1,"1.1",2,"and","inline","list","in","""Institution"".""Institution Name""","""Institution"".""Institution Name"" IN (6532, 3126, 6533)",,,3,"6532 | 3126 | 6533"
55,"UCD Library categorization report","Physical Items","/shared/University of California System 01UCS_NETWORK/Reports/Local Requests/Annual Statistic Reports/Annual Stats FY 2025-2026/Preparation review reports/Physical preparation review reports/UCD Library categorization report",2,"1.2",2,"and","inline","list","in","""Institution"".""Institution Name""","""Institution"".""Institution Name"" IN ('SLF-N', 'SLF-S', 'UCD')",,,3,"SLF-N | SLF-S | UCD"
55,"UCD Library categorization report","Physical Items","/shared/University of California System 01UCS_NETWORK/Reports/Local Requests/Annual Statistic Reports/Annual Stats FY 2025-2026/Preparation review reports/Physical preparation review reports/UCD Library categorization report",3,"1.3",2,"and","saved_reference","savedFilter",,,"Saved filter: Global stats physical filters","Global stats physical filters","/shared/University of California System 01UCS_NETWORK/Reports/Local Requests/Annual Statistic Reports/Annual Stats FY 2025-2026/Global stats physical filters",,
55,"UCD Library categorization report","Physical Items","/shared/University of California System 01UCS_NETWORK/Reports/Local Requests/Annual Statistic Reports/Annual Stats FY 2025-2026/Preparation review reports/Physical preparation review reports/UCD Library categorization report",4,"1.4",2,"and","saved_reference","savedFilter",,,"Saved filter: UCD Physical Filters","UCD Physical Filters","/shared/University of California System 01UCS_NETWORK/Reports/Local Requests/Annual Statistic Reports/Annual Stats FY 2025-2026/UCD Physical Filters",,
56,"UCD eResources Comparison Report","E-Inventory","/shared/University of California System 01UCS_NETWORK/Reports/Local Requests/Annual Statistic Reports/Annual Stats FY 2025-2026/Final stats reports (for July 1)/eResources Comparison/UCD eResources Comparison Report",1,"1.1",2,"and","inline","list","in","""Institution"".""Institution Name""","""Institution"".""Institution Name"" IN (3126, 6531)",,,2,"3126 | 6531"
56,"UCD eResources Comparison Report","E-Inventory","/shared/University of California System 01UCS_NETWORK/Reports/Local Requests/Annual Statistic Reports/Annual Stats FY 2025-2026/Final stats reports (for July 1)/eResources Comparison/UCD eResources Comparison Report",2,"1.2",2,"and","inline","list","in","""Institution"".""Institution Name""","""Institution"".""Institution Name"" IN ('Managed by CDL', 'Managed by UCD')",,,2,"Managed by CDL | Managed by UCD"
60,"UCB User Group Categorization Report","Fulfillment","/shared/University of California System 01UCS_NETWORK/Reports/Local Requests/Annual Statistic Reports/Annual Stats FY 2025-2026/Preparation review reports/Fulfillment preparation review reports/UCB User Group Categorization Report",1,"1",1,,"inline","comparison","equal","""Institution"".""Institution Name""","""Institution"".""Institution Name"" = 6532",,,1,"6532"
65,"UCD Electronic Holdings and Titles Report","E-Inventory","/shared/University of California System 01UCS_NETWORK/Reports/Local Requests/Annual Statistic Reports/Annual Stats FY 2025-2026/Final stats reports (for July 1)/Electronic/UCD Electronic Holdings and Titles Report",1,"1.1",2,"and","inline","list","in","""Institution"".""Institution Name""","""Institution"".""Institution Name"" IN (3126, 6531)",,,2,"3126 | 6531"
65,"UCD Electronic Holdings and Titles Report","E-Inventory","/shared/University of California System 01UCS_NETWORK/Reports/Local Requests/Annual Statistic Reports/Annual Stats FY 2025-2026/Final stats reports (for July 1)/Electronic/UCD Electronic Holdings and Titles Report",2,"1.2",2,"and","inline","list","in","""Institution"".""Institution Name""","""Institution"".""Institution Name"" IN ('Managed by CDL', 'Managed by UCD')",,,2,"Managed by CDL | Managed by UCD"
66,"UCI Physical Collection Usage","Fulfillment","/shared/University of California System 01UCS_NETWORK/Reports/Local Requests/Annual Statistic Reports/Annual Stats FY 2025-2026/Final stats reports (for July 1)/Physical Collection Usage/UCI Physical Collection Usage",1,"1.1",2,"and","inline","comparison","equal","""Institution"".""Institution Name""","""Institution"".""Institution Name"" = 4701",,,1,"4701"
66,"UCI Physical Collection Usage","Fulfillment","/shared/University of California System 01UCS_NETWORK/Reports/Local Requests/Annual Statistic Reports/Annual Stats FY 2025-2026/Final stats reports (for July 1)/Physical Collection Usage/UCI Physical Collection Usage",2,"1.2",2,"and","saved_reference","savedFilter",,,"Saved filter: Fulfillment - FY 2025-26 Loans","Fulfillment - FY 2025-26 Loans","/shared/University of California System 01UCS_NETWORK/Reports/Local Requests/Annual Statistic Reports/Annual Stats FY 2025-2026/Fulfillment - FY 2025-26 Loans",,
66,"UCI Physical Collection Usage","Fulfillment","/shared/University of California System 01UCS_NETWORK/Reports/Local Requests/Annual Statistic Reports/Annual Stats FY 2025-2026/Final stats reports (for July 1)/Physical Collection Usage/UCI Physical Collection Usage",3,"1.3",2,"and","inline","comparison","greater","""Loan"".""Loans (Not In House)""","""Loan"".""Loans (Not In House)"" > 0",,,1,"0"
67,"UCI Risk Management Report","Physical Items","/shared/University of California System 01UCS_NETWORK/Reports/Local Requests/Annual Statistic Reports/Annual Stats FY 2025-2026/Final stats reports (for July 1)/Risk Management/UCI Risk Management Report",1,"1.1",2,"and","inline","list","in","""Institution"".""Institution Name""","""Institution"".""Institution Name"" IN (6532, 4701, 6533)",,,3,"6532 | 4701 | 6533"
67,"UCI Risk Management Report","Physical Items","/shared/University of California System 01UCS_NETWORK/Reports/Local Requests/Annual Statistic Reports/Annual Stats FY 2025-2026/Final stats reports (for July 1)/Risk Management/UCI Risk Management Report",2,"1.2",2,"and","inline","list","in","""Institution"".""Institution Name""","""Institution"".""Institution Name"" IN ('SLF-N', 'SLF-S', 'UCI')",,,3,"SLF-N | SLF-S | UCI"
67,"UCI Risk Management Report","Physical Items","/shared/University of California System 01UCS_NETWORK/Reports/Local Requests/Annual Statistic Reports/Annual Stats FY 2025-2026/Final stats reports (for July 1)/Risk Management/UCI Risk Management Report",3,"1.3",2,"and","saved_reference","savedFilter",,,"Saved filter: Global stats physical filters","Global stats physical filters","/shared/University of California System 01UCS_NETWORK/Reports/Local Requests/Annual Statistic Reports/Annual Stats FY 2025-2026/Global stats physical filters",,
67,"UCI Risk Management Report","Physical Items","/shared/University of California System 01UCS_NETWORK/Reports/Local Requests/Annual Statistic Reports/Annual Stats FY 2025-2026/Final stats reports (for July 1)/Risk Management/UCI Risk Management Report",4,"1.4",2,"and","saved_reference","savedFilter",,,"Saved filter: UCI Physical Filters","UCI Physical Filters","/shared/University of California System 01UCS_NETWORK/Reports/Local Requests/Annual Statistic Reports/Annual Stats FY 2025-2026/UCI Physical Filters",,
67,"UCI Risk Management Report","Physical Items","/shared/University of California System 01UCS_NETWORK/Reports/Local Requests/Annual Statistic Reports/Annual Stats FY 2025-2026/Final stats reports (for July 1)/Risk Management/UCI Risk Management Report",5,"1.5",2,"and","saved_reference","savedFilter",,,"Saved filter: UCI SCA Exclusions","UCI SCA Exclusions","/shared/University of California System 01UCS_NETWORK/Reports/Local Requests/Annual Statistic Reports/Annual Stats FY 2025-2026/UCI SCA Exclusions",,
74,"SLF-S Added Physical Holdings and Titles Report","Physical Items","/shared/University of California System 01UCS_NETWORK/Reports/Local Requests/Annual Statistic Reports/Annual Stats FY 2025-2026/Final stats reports (for July 1)/Physical/SLF-S Added Physical Holdings and Titles Report",1,"1.1",2,"and","inline","comparison","equal","""Institution"".""Institution Name""","""Institution"".""Institution Name"" = 6533",,,1,"6533"
74,"SLF-S Added Physical Holdings and Titles Report","Physical Items","/shared/University of California System 01UCS_NETWORK/Reports/Local Requests/Annual Statistic Reports/Annual Stats FY 2025-2026/Final stats reports (for July 1)/Physical/SLF-S Added Physical Holdings and Titles Report",2,"1.2",2,"and","inline","list","in","""Location"".""Library Code""","""Location"".""Library Code"" IN ('NRLF', 'SRLF')",,,2,"NRLF | SRLF"
74,"SLF-S Added Physical Holdings and Titles Report","Physical Items","/shared/University of California System 01UCS_NETWORK/Reports/Local Requests/Annual Statistic Reports/Annual Stats FY 2025-2026/Final stats reports (for July 1)/Physical/SLF-S Added Physical Holdings and Titles Report",3,"1.3",2,"and","saved_reference","savedFilter",,,"Saved filter: Physical - Global stats physical filters","Physical - Global stats physical filters","/shared/University of California System 01UCS_NETWORK/Reports/Local Requests/Annual Statistic Reports/Annual Stats FY 2025-2026/Physical - Global stats physical filters",,
74,"SLF-S Added Physical Holdings and Titles Report","Physical Items","/shared/University of California System 01UCS_NETWORK/Reports/Local Requests/Annual Statistic Reports/Annual Stats FY 2025-2026/Final stats reports (for July 1)/Physical/SLF-S Added Physical Holdings and Titles Report",4,"1.4",2,"and","saved_reference","savedFilter",,,"Saved filter: Physical - UCB Physical Filters","Physical - UCB Physical Filters","/shared/University of California System 01UCS_NETWORK/Reports/Local Requests/Annual Statistic Reports/Annual Stats FY 2025-2026/Physical - UCB Physical Filters",,
83,"UCI Library Categorization Report","Physical Items","/shared/University of California System 01UCS_NETWORK/Reports/Local Requests/Annual Statistic Reports/Annual Stats FY 2025-2026/Preparation review reports/Physical preparation review reports/UCI Library Categorization Report",1,"1.1",2,"and","inline","list","in","""Institution"".""Institution Name""","""Institution"".""Institution Name"" IN (6532, 4701, 6533)",,,3,"6532 | 4701 | 6533"
83,"UCI Library Categorization Report","Physical Items","/shared/University of California System 01UCS_NETWORK/Reports/Local Requests/Annual Statistic Reports/Annual Stats FY 2025-2026/Preparation review reports/Physical preparation review reports/UCI Library Categorization Report",2,"1.2",2,"and","inline","list","in","""Institution"".""Institution Name""","""Institution"".""Institution Name"" IN ('SLF-N', 'SLF-S', 'UCI')",,,3,"SLF-N | SLF-S | UCI"
83,"UCI Library Categorization Report","Physical Items","/shared/University of California System 01UCS_NETWORK/Reports/Local Requests/Annual Statistic Reports/Annual Stats FY 2025-2026/Preparation review reports/Physical preparation review reports/UCI Library Categorization Report",3,"1.3",2,"and","saved_reference","savedFilter",,,"Saved filter: Global stats physical filters","Global stats physical filters","/shared/University of California System 01UCS_NETWORK/Reports/Local Requests/Annual Statistic Reports/Annual Stats FY 2025-2026/Global stats physical filters",,
83,"UCI Library Categorization Report","Physical Items","/shared/University of California System 01UCS_NETWORK/Reports/Local Requests/Annual Statistic Reports/Annual Stats FY 2025-2026/Preparation review reports/Physical preparation review reports/UCI Library Categorization Report",4,"1.4",2,"and","saved_reference","savedFilter",,,"Saved filter: UCI Physical Filters","UCI Physical Filters","/shared/University of California System 01UCS_NETWORK/Reports/Local Requests/Annual Statistic Reports/Annual Stats FY 2025-2026/UCI Physical Filters",,
83,"UCI Library Categorization Report","Physical Items","/shared/University of California System 01UCS_NETWORK/Reports/Local Requests/Annual Statistic Reports/Annual Stats FY 2025-2026/Preparation review reports/Physical preparation review reports/UCI Library Categorization Report",5,"1.5",2,"and","saved_reference","savedFilter",,,"Saved filter: UCI SCA Exclusions","UCI SCA Exclusions","/shared/University of California System 01UCS_NETWORK/Reports/Local Requests/Annual Statistic Reports/Annual Stats FY 2025-2026/UCI SCA Exclusions",,
85,"UCI eResources Library Categorization Report","E-Inventory","/shared/University of California System 01UCS_NETWORK/Reports/Local Requests/Annual Statistic Reports/Annual Stats FY 2025-2026/Preparation review reports/Electronic preparation review reports/UCI eResources Library Categorization Report",1,"1",1,,"inline","comparison","equal","""Institution"".""Institution Name""","""Institution"".""Institution Name"" = 4701",,,1,"4701"
89,"UCD Check-Out Type Categorization Report","Fulfillment","/shared/University of California System 01UCS_NETWORK/Reports/Local Requests/Annual Statistic Reports/Annual Stats FY 2025-2026/Preparation review reports/Fulfillment preparation review reports/UCD Check-Out Type Categorization Report",1,"1.1",2,"and","inline","comparison","equal","""Institution"".""Institution Name""","""Institution"".""Institution Name"" = 3126",,,1,"3126"
89,"UCD Check-Out Type Categorization Report","Fulfillment","/shared/University of California System 01UCS_NETWORK/Reports/Local Requests/Annual Statistic Reports/Annual Stats FY 2025-2026/Preparation review reports/Fulfillment preparation review reports/UCD Check-Out Type Categorization Report",2,"1.2",2,"and","saved_reference","savedFilter",,,"Saved filter: FY 2025-26 Loans","FY 2025-26 Loans","/shared/University of California System 01UCS_NETWORK/Reports/Local Requests/Annual Statistic Reports/Annual Stats FY 2025-2026/FY 2025-26 Loans",,
89,"UCD Check-Out Type Categorization Report","Fulfillment","/shared/University of California System 01UCS_NETWORK/Reports/Local Requests/Annual Statistic Reports/Annual Stats FY 2025-2026/Preparation review reports/Fulfillment preparation review reports/UCD Check-Out Type Categorization Report",3,"1.3",2,"and","inline","comparison","equal","""Loan Details"".""In House Loan Indicator""","""Loan Details"".""In House Loan Indicator"" = 'N'",,,1,"N"
92,"UCI Electronic Holdings and Titles Report","E-Inventory","/shared/University of California System 01UCS_NETWORK/Reports/Local Requests/Annual Statistic Reports/Annual Stats FY 2025-2026/Final stats reports (for July 1)/Electronic/UCI Electronic Holdings and Titles Report",1,"1.1",2,"and","inline","list","in","""Institution"".""Institution Name""","""Institution"".""Institution Name"" IN (4701, 6531)",,,2,"4701 | 6531"
92,"UCI Electronic Holdings and Titles Report","E-Inventory","/shared/University of California System 01UCS_NETWORK/Reports/Local Requests/Annual Statistic Reports/Annual Stats FY 2025-2026/Final stats reports (for July 1)/Electronic/UCI Electronic Holdings and Titles Report",2,"1.2",2,"and","inline","list","in","""Institution"".""Institution Name""","""Institution"".""Institution Name"" IN ('Managed by CDL', 'Managed by UCI')",,,2,"Managed by CDL | Managed by UCI"
95,"UCLA Risk Management Report","Physical Items","/shared/University of California System 01UCS_NETWORK/Reports/Local Requests/Annual Statistic Reports/Annual Stats FY 2025-2026/Final stats reports (for July 1)/Risk Management/UCLA Risk Management Report",1,"1.1",2,"and","inline","list","in","""Institution"".""Institution Name""","""Institution"".""Institution Name"" IN (6532, 6533)",,,2,"6532 | 6533"
95,"UCLA Risk Management Report","Physical Items","/shared/University of California System 01UCS_NETWORK/Reports/Local Requests/Annual Statistic Reports/Annual Stats FY 2025-2026/Final stats reports (for July 1)/Risk Management/UCLA Risk Management Report",2,"1.2",2,"and","saved_reference","savedFilter",,,"Saved filter: Global stats physical filters","Global stats physical filters","/shared/University of California System 01UCS_NETWORK/Reports/Local Requests/Annual Statistic Reports/Annual Stats FY 2025-2026/Global stats physical filters",,
95,"UCLA Risk Management Report","Physical Items","/shared/University of California System 01UCS_NETWORK/Reports/Local Requests/Annual Statistic Reports/Annual Stats FY 2025-2026/Final stats reports (for July 1)/Risk Management/UCLA Risk Management Report",3,"1.3",2,"and","saved_reference","savedFilter",,,"Saved filter: UCLA Physical Filters","UCLA Physical Filters","/shared/University of California System 01UCS_NETWORK/Reports/Local Requests/Annual Statistic Reports/Annual Stats FY 2025-2026/UCLA Physical Filters",,
95,"UCLA Risk Management Report","Physical Items","/shared/University of California System 01UCS_NETWORK/Reports/Local Requests/Annual Statistic Reports/Annual Stats FY 2025-2026/Final stats reports (for July 1)/Risk Management/UCLA Risk Management Report",4,"1.4",2,"and","saved_reference","savedFilter",,,"Saved filter: UCLA SCA Exclusions","UCLA SCA Exclusions","/shared/University of California System 01UCS_NETWORK/Reports/Local Requests/Annual Statistic Reports/Annual Stats FY 2025-2026/UCLA SCA Exclusions",,
95,"UCLA Risk Management Report","Physical Items","/shared/University of California System 01UCS_NETWORK/Reports/Local Requests/Annual Statistic Reports/Annual Stats FY 2025-2026/Final stats reports (for July 1)/Risk Management/UCLA Risk Management Report",5,"1.5",2,"and","inline","list","in","""Institution"".""Institution Name""","""Institution"".""Institution Name"" IN ('SLF-N', 'SLF-S', 'UCLA')",,,3,"SLF-N | SLF-S | UCLA"
96,"UCLA Physical Collection Usage","Fulfillment","/shared/University of California System 01UCS_NETWORK/Reports/Local Requests/Annual Statistic Reports/Annual Stats FY 2025-2026/Final stats reports (for July 1)/Physical Collection Usage/UCLA Physical Collection Usage",1,"1.1",2,"and","inline","comparison","equal","""Institution"".""Institution Name""","""Institution"".""Institution Name"" = 6533",,,1,"6533"
96,"UCLA Physical Collection Usage","Fulfillment","/shared/University of California System 01UCS_NETWORK/Reports/Local Requests/Annual Statistic Reports/Annual Stats FY 2025-2026/Final stats reports (for July 1)/Physical Collection Usage/UCLA Physical Collection Usage",2,"1.2",2,"and","saved_reference","savedFilter",,,"Saved filter: Fulfillment - FY 2025-26 Loans","Fulfillment - FY 2025-26 Loans","/shared/University of California System 01UCS_NETWORK/Reports/Local Requests/Annual Statistic Reports/Annual Stats FY 2025-2026/Fulfillment - FY 2025-26 Loans",,
96,"UCLA Physical Collection Usage","Fulfillment","/shared/University of California System 01UCS_NETWORK/Reports/Local Requests/Annual Statistic Reports/Annual Stats FY 2025-2026/Final stats reports (for July 1)/Physical Collection Usage/UCLA Physical Collection Usage",3,"1.3",2,"and","inline","comparison","greater","""Loan"".""Loans (Not In House)""","""Loan"".""Loans (Not In House)"" > 0",,,1,"0"
105,"UCI eResources Comparison Report","E-Inventory","/shared/University of California System 01UCS_NETWORK/Reports/Local Requests/Annual Statistic Reports/Annual Stats FY 2025-2026/Final stats reports (for July 1)/eResources Comparison/UCI eResources Comparison Report",1,"1.1",2,"and","inline","list","in","""Institution"".""Institution Name""","""Institution"".""Institution Name"" IN (4701, 6531)",,,2,"4701 | 6531"
105,"UCI eResources Comparison Report","E-Inventory","/shared/University of California System 01UCS_NETWORK/Reports/Local Requests/Annual Statistic Reports/Annual Stats FY 2025-2026/Final stats reports (for July 1)/eResources Comparison/UCI eResources Comparison Report",2,"1.2",2,"and","inline","list","in","""Institution"".""Institution Name""","""Institution"".""Institution Name"" IN ('Managed by CDL', 'Managed by UCI')",,,2,"Managed by CDL | Managed by UCI"
113,"UCLA Library Categorization Report","Physical Items","/shared/University of California System 01UCS_NETWORK/Reports/Local Requests/Annual Statistic Reports/Annual Stats FY 2025-2026/Preparation review reports/Physical preparation review reports/UCLA Library Categorization Report",1,"1.1",2,"and","inline","list","in","""Institution"".""Institution Name""","""Institution"".""Institution Name"" IN (6532, 6533)",,,2,"6532 | 6533"
113,"UCLA Library Categorization Report","Physical Items","/shared/University of California System 01UCS_NETWORK/Reports/Local Requests/Annual Statistic Reports/Annual Stats FY 2025-2026/Preparation review reports/Physical preparation review reports/UCLA Library Categorization Report",2,"1.2",2,"and","saved_reference","savedFilter",,,"Saved filter: Global stats physical filters","Global stats physical filters","/shared/University of California System 01UCS_NETWORK/Reports/Local Requests/Annual Statistic Reports/Annual Stats FY 2025-2026/Global stats physical filters",,
113,"UCLA Library Categorization Report","Physical Items","/shared/University of California System 01UCS_NETWORK/Reports/Local Requests/Annual Statistic Reports/Annual Stats FY 2025-2026/Preparation review reports/Physical preparation review reports/UCLA Library Categorization Report",3,"1.3",2,"and","saved_reference","savedFilter",,,"Saved filter: UCLA Physical Filters","UCLA Physical Filters","/shared/University of California System 01UCS_NETWORK/Reports/Local Requests/Annual Statistic Reports/Annual Stats FY 2025-2026/UCLA Physical Filters",,
113,"UCLA Library Categorization Report","Physical Items","/shared/University of California System 01UCS_NETWORK/Reports/Local Requests/Annual Statistic Reports/Annual Stats FY 2025-2026/Preparation review reports/Physical preparation review reports/UCLA Library Categorization Report",4,"1.4",2,"and","saved_reference","savedFilter",,,"Saved filter: UCLA SCA Exclusions","UCLA SCA Exclusions","/shared/University of California System 01UCS_NETWORK/Reports/Local Requests/Annual Statistic Reports/Annual Stats FY 2025-2026/UCLA SCA Exclusions",,
113,"UCLA Library Categorization Report","Physical Items","/shared/University of California System 01UCS_NETWORK/Reports/Local Requests/Annual Statistic Reports/Annual Stats FY 2025-2026/Preparation review reports/Physical preparation review reports/UCLA Library Categorization Report",5,"1.5",2,"and","inline","list","in","""Institution"".""Institution Name""","""Institution"".""Institution Name"" IN ('SLF-N', 'SLF-S', 'UCLA')",,,3,"SLF-N | SLF-S | UCLA"
116,"UCD User Group Categorization Report","Fulfillment","/shared/University of California System 01UCS_NETWORK/Reports/Local Requests/Annual Statistic Reports/Annual Stats FY 2025-2026/Preparation review reports/Fulfillment preparation review reports/UCD User Group Categorization Report",1,"1",1,,"inline","comparison","equal","""Institution"".""Institution Name""","""Institution"".""Institution Name"" = 3126",,,1,"3126"
119,"UCLA Electronic Holdings and Titles Report","E-Inventory","/shared/University of California System 01UCS_NETWORK/Reports/Local Requests/Annual Statistic Reports/Annual Stats FY 2025-2026/Final stats reports (for July 1)/Electronic/UCLA Electronic Holdings and Titles Report",1,"1.1",2,"and","inline","list","in","""Institution"".""Institution Name""","""Institution"".""Institution Name"" IN (6533, 6531)",,,2,"6533 | 6531"
119,"UCLA Electronic Holdings and Titles Report","E-Inventory","/shared/University of California System 01UCS_NETWORK/Reports/Local Requests/Annual Statistic Reports/Annual Stats FY 2025-2026/Final stats reports (for July 1)/Electronic/UCLA Electronic Holdings and Titles Report",2,"1.2",2,"and","inline","list","in","""Institution"".""Institution Name""","""Institution"".""Institution Name"" IN ('Managed by CDL', 'Managed by UCLA')",,,2,"Managed by CDL | Managed by UCLA"
123,"UCLA eResources Library Categorization Report","E-Inventory","/shared/University of California System 01UCS_NETWORK/Reports/Local Requests/Annual Statistic Reports/Annual Stats FY 2025-2026/Preparation review reports/Electronic preparation review reports/UCLA eResources Library Categorization Report",1,"1",1,,"inline","comparison","equal","""Institution"".""Institution Name""","""Institution"".""Institution Name"" = 6533",,,1,"6533"
124,"UCLA eResources Comparison Report","E-Inventory","/shared/University of California System 01UCS_NETWORK/Reports/Local Requests/Annual Statistic Reports/Annual Stats FY 2025-2026/Final stats reports (for July 1)/eResources Comparison/UCLA eResources Comparison Report",1,"1.1",2,"and","inline","list","in","""Institution"".""Institution Name""","""Institution"".""Institution Name"" IN (6533, 6531)",,,2,"6533 | 6531"
124,"UCLA eResources Comparison Report","E-Inventory","/shared/University of California System 01UCS_NETWORK/Reports/Local Requests/Annual Statistic Reports/Annual Stats FY 2025-2026/Final stats reports (for July 1)/eResources Comparison/UCLA eResources Comparison Report",2,"1.2",2,"and","inline","list","in","""Institution"".""Institution Name""","""Institution"".""Institution Name"" IN ('Managed by CDL', 'Managed by UCLA')",,,2,"Managed by CDL | Managed by UCLA"
125,"UCM Risk Management Report","Physical Items","/shared/University of California System 01UCS_NETWORK/Reports/Local Requests/Annual Statistic Reports/Annual Stats FY 2025-2026/Final stats reports (for July 1)/Risk Management/UCM Risk Management Report",1,"1.1",2,"and","inline","list","in","""Institution"".""Institution Name""","""Institution"".""Institution Name"" IN (6532, 6533, 6534)",,,3,"6532 | 6533 | 6534"
125,"UCM Risk Management Report","Physical Items","/shared/University of California System 01UCS_NETWORK/Reports/Local Requests/Annual Statistic Reports/Annual Stats FY 2025-2026/Final stats reports (for July 1)/Risk Management/UCM Risk Management Report",2,"1.2",2,"and","inline","list","in","""Institution"".""Institution Name""","""Institution"".""Institution Name"" IN ('SLF-S', 'UCM')",,,2,"SLF-S | UCM"
125,"UCM Risk Management Report","Physical Items","/shared/University of California System 01UCS_NETWORK/Reports/Local Requests/Annual Statistic Reports/Annual Stats FY 2025-2026/Final stats reports (for July 1)/Risk Management/UCM Risk Management Report",3,"1.3",2,"and","saved_reference","savedFilter",,,"Saved filter: Global stats physical filters","Global stats physical filters","/shared/University of California System 01UCS_NETWORK/Reports/Local Requests/Annual Statistic Reports/Annual Stats FY 2025-2026/Global stats physical filters",,
130,"UCM Physical Collection Usage","Fulfillment","/shared/University of California System 01UCS_NETWORK/Reports/Local Requests/Annual Statistic Reports/Annual Stats FY 2025-2026/Final stats reports (for July 1)/Physical Collection Usage/UCM Physical Collection Usage",1,"1.1",2,"and","inline","comparison","equal","""Institution"".""Institution Name""","""Institution"".""Institution Name"" = 6534",,,1,"6534"
130,"UCM Physical Collection Usage","Fulfillment","/shared/University of California System 01UCS_NETWORK/Reports/Local Requests/Annual Statistic Reports/Annual Stats FY 2025-2026/Final stats reports (for July 1)/Physical Collection Usage/UCM Physical Collection Usage",2,"1.2",2,"and","saved_reference","savedFilter",,,"Saved filter: Fulfillment - FY 2025-26 Loans","Fulfillment - FY 2025-26 Loans","/shared/University of California System 01UCS_NETWORK/Reports/Local Requests/Annual Statistic Reports/Annual Stats FY 2025-2026/Fulfillment - FY 2025-26 Loans",,
130,"UCM Physical Collection Usage","Fulfillment","/shared/University of California System 01UCS_NETWORK/Reports/Local Requests/Annual Statistic Reports/Annual Stats FY 2025-2026/Final stats reports (for July 1)/Physical Collection Usage/UCM Physical Collection Usage",3,"1.3",2,"and","inline","comparison","greater","""Loan"".""Loans (Not In House)""","""Loan"".""Loans (Not In House)"" > 0",,,1,"0"
142,"SLF-S Added Physical Holdings and Titles Report part 1","Physical Items","/shared/University of California System 01UCS_NETWORK/Reports/Local Requests/Annual Statistic Reports/Annual Stats FY 2025-2026/Final stats reports (for July 1)/Physical/SLF-S Added Physical Holdings and Titles Report part 1",1,"1.1",2,"and","inline","comparison","equal","""Institution"".""Institution Name""","""Institution"".""Institution Name"" = 6533",,,1,"6533"
142,"SLF-S Added Physical Holdings and Titles Report part 1","Physical Items","/shared/University of California System 01UCS_NETWORK/Reports/Local Requests/Annual Statistic Reports/Annual Stats FY 2025-2026/Final stats reports (for July 1)/Physical/SLF-S Added Physical Holdings and Titles Report part 1",2,"1.2",2,"and","inline","list","in","""Location"".""Library Code""","""Location"".""Library Code"" IN ('NRLF', 'SRLF')",,,2,"NRLF | SRLF"
142,"SLF-S Added Physical Holdings and Titles Report part 1","Physical Items","/shared/University of California System 01UCS_NETWORK/Reports/Local Requests/Annual Statistic Reports/Annual Stats FY 2025-2026/Final stats reports (for July 1)/Physical/SLF-S Added Physical Holdings and Titles Report part 1",3,"1.3",2,"and","saved_reference","savedFilter",,,"Saved filter: Physical - Global stats physical filters","Physical - Global stats physical filters","/shared/University of California System 01UCS_NETWORK/Reports/Local Requests/Annual Statistic Reports/Annual Stats FY 2025-2026/Physical - Global stats physical filters",,
142,"SLF-S Added Physical Holdings and Titles Report part 1","Physical Items","/shared/University of California System 01UCS_NETWORK/Reports/Local Requests/Annual Statistic Reports/Annual Stats FY 2025-2026/Final stats reports (for July 1)/Physical/SLF-S Added Physical Holdings and Titles Report part 1",4,"1.4",2,"and","saved_reference","savedFilter",,,"Saved filter: Physical - UCB Physical Filters","Physical - UCB Physical Filters","/shared/University of California System 01UCS_NETWORK/Reports/Local Requests/Annual Statistic Reports/Annual Stats FY 2025-2026/Physical - UCB Physical Filters",,
142,"SLF-S Added Physical Holdings and Titles Report part 1","Physical Items","/shared/University of California System 01UCS_NETWORK/Reports/Local Requests/Annual Statistic Reports/Annual Stats FY 2025-2026/Final stats reports (for July 1)/Physical/SLF-S Added Physical Holdings and Titles Report part 1",5,"1.5.1",3,"or","inline","list","in","""Physical Item Details"".""Barcode""","""Physical Item Details"".""Barcode"" IN ('A0000020156', 'A0000020164', 'A0000021477', 'A0000031344', 'A0000038950', 'A0000043620', 'A0000045625', 'A0000050088', 'A0000076042', 'A0000094227', … (+9989 more))",,,9999,"A0000020156 | A0000020164 | A0000021477 | A0000031344 | A0000038950 | A0000043620 | A0000045625 | A0000050088 | A0000076042 | A0000094227 | … (+9989 more)"
142,"SLF-S Added Physical Holdings and Titles Report part 1","Physical Items","/shared/University of California System 01UCS_NETWORK/Reports/Local Requests/Annual Statistic Reports/Annual Stats FY 2025-2026/Final stats reports (for July 1)/Physical/SLF-S Added Physical Holdings and Titles Report part 1",6,"1.5.2",3,"or","inline","list","in","""Physical Item Details"".""Barcode""","""Physical Item Details"".""Barcode"" IN ('A0013504139', 'A0013504154', 'A0013510979', 'A0013511241', 'A0013512744', 'A0013513155', 'A0013513163', 'A0013513254', 'A0013514146', 'A0013514542', … (+9989 more))",,,9999,"A0013504139 | A0013504154 | A0013510979 | A0013511241 | A0013512744 | A0013513155 | A0013513163 | A0013513254 | A0013514146 | A0013514542 | … (+9989 more)"
142,"SLF-S Added Physical Holdings and Titles Report part 1","Physical Items","/shared/University of California System 01UCS_NETWORK/Reports/Local Requests/Annual Statistic Reports/Annual Stats FY 2025-2026/Final stats reports (for July 1)/Physical/SLF-S Added Physical Holdings and Titles Report part 1",7,"1.5.3",3,"or","inline","list","in","""Physical Item Details"".""Barcode""","""Physical Item Details"".""Barcode"" IN ('AX0010723435', 'AX0010723443', 'AX0010723450', 'AX0010723468', 'AX0010723476', 'AX0010723484', 'AX0010723492', 'AX0010723500', 'AX0010723518', 'AX0010723526', … (+9989 more))",,,9999,"AX0010723435 | AX0010723443 | AX0010723450 | AX0010723468 | AX0010723476 | AX0010723484 | AX0010723492 | AX0010723500 | AX0010723518 | AX0010723526 | … (+9989 more)"
142,"SLF-S Added Physical Holdings and Titles Report part 1","Physical Items","/shared/University of California System 01UCS_NETWORK/Reports/Local Requests/Annual Statistic Reports/Annual Stats FY 2025-2026/Final stats reports (for July 1)/Physical/SLF-S Added Physical Holdings and Titles Report part 1",8,"1.5.4",3,"or","inline","list","in","""Physical Item Details"".""Barcode""","""Physical Item Details"".""Barcode"" IN ('AX0010823516', 'AX0010823524', 'AX0010823532', 'AX0010823540', 'AX0010823557', 'AX0010823565', 'AX0010823573', 'AX0010823581', 'AX0010823599', 'AX0010823607', … (+9989 more))",,,9999,"AX0010823516 | AX0010823524 | AX0010823532 | AX0010823540 | AX0010823557 | AX0010823565 | AX0010823573 | AX0010823581 | AX0010823599 | AX0010823607 | … (+9989 more)"
142,"SLF-S Added Physical Holdings and Titles Report part 1","Physical Items","/shared/University of California System 01UCS_NETWORK/Reports/Local Requests/Annual Statistic Reports/Annual Stats FY 2025-2026/Final stats reports (for July 1)/Physical/SLF-S Added Physical Holdings and Titles Report part 1",9,"1.5.5",3,"or","inline","list","in","""Physical Item Details"".""Barcode""","""Physical Item Details"".""Barcode"" IN ('DD0004355392', 'DD0004355400', 'DD0004355418', 'DD0004355426', 'DD0004355434', 'DD0004355442', 'DD0004355459', 'DD0004355467', 'DD0004355475', 'DD0004355483', … (+9989 more))",,,9999,"DD0004355392 | DD0004355400 | DD0004355418 | DD0004355426 | DD0004355434 | DD0004355442 | DD0004355459 | DD0004355467 | DD0004355475 | DD0004355483 | … (+9989 more)"
144,"UCR Physical Collection Usage","Fulfillment","/shared/University of California System 01UCS_NETWORK/Reports/Local Requests/Annual Statistic Reports/Annual Stats FY 2025-2026/Final stats reports (for July 1)/Physical Collection Usage/UCR Physical Collection Usage",1,"1.1",2,"and","inline","comparison","equal","""Institution"".""Institution Name""","""Institution"".""Institution Name"" = 4706",,,1,"4706"
144,"UCR Physical Collection Usage","Fulfillment","/shared/University of California System 01UCS_NETWORK/Reports/Local Requests/Annual Statistic Reports/Annual Stats FY 2025-2026/Final stats reports (for July 1)/Physical Collection Usage/UCR Physical Collection Usage",2,"1.2",2,"and","saved_reference","savedFilter",,,"Saved filter: Fulfillment - FY 2025-26 Loans","Fulfillment - FY 2025-26 Loans","/shared/University of California System 01UCS_NETWORK/Reports/Local Requests/Annual Statistic Reports/Annual Stats FY 2025-2026/Fulfillment - FY 2025-26 Loans",,
144,"UCR Physical Collection Usage","Fulfillment","/shared/University of California System 01UCS_NETWORK/Reports/Local Requests/Annual Statistic Reports/Annual Stats FY 2025-2026/Final stats reports (for July 1)/Physical Collection Usage/UCR Physical Collection Usage",3,"1.3",2,"and","inline","comparison","greater","""Loan"".""Loans (Not In House)""","""Loan"".""Loans (Not In House)"" > 0",,,1,"0"
145,"UCM eResources Comparison Report","E-Inventory","/shared/University of California System 01UCS_NETWORK/Reports/Local Requests/Annual Statistic Reports/Annual Stats FY 2025-2026/Final stats reports (for July 1)/eResources Comparison/UCM eResources Comparison Report",1,"1.1",2,"and","inline","list","in","""Institution"".""Institution Name""","""Institution"".""Institution Name"" IN (6531, 6534)",,,2,"6531 | 6534"
145,"UCM eResources Comparison Report","E-Inventory","/shared/University of California System 01UCS_NETWORK/Reports/Local Requests/Annual Statistic Reports/Annual Stats FY 2025-2026/Final stats reports (for July 1)/eResources Comparison/UCM eResources Comparison Report",2,"1.2",2,"and","inline","list","in","""Institution"".""Institution Name""","""Institution"".""Institution Name"" IN ('Managed by CDL', 'Managed by UCM')",,,2,"Managed by CDL | Managed by UCM"
148,"UCM Library Categorization Report","Physical Items","/shared/University of California System 01UCS_NETWORK/Reports/Local Requests/Annual Statistic Reports/Annual Stats FY 2025-2026/Preparation review reports/Physical preparation review reports/UCM Library Categorization Report",1,"1.1",2,"and","inline","list","in","""Institution"".""Institution Name""","""Institution"".""Institution Name"" IN (6532, 6533, 6534)",,,3,"6532 | 6533 | 6534"
148,"UCM Library Categorization Report","Physical Items","/shared/University of California System 01UCS_NETWORK/Reports/Local Requests/Annual Statistic Reports/Annual Stats FY 2025-2026/Preparation review reports/Physical preparation review reports/UCM Library Categorization Report",2,"1.2",2,"and","inline","list","in","""Institution"".""Institution Name""","""Institution"".""Institution Name"" IN ('SLF-S', 'UCM')",,,2,"SLF-S | UCM"
148,"UCM Library Categorization Report","Physical Items","/shared/University of California System 01UCS_NETWORK/Reports/Local Requests/Annual Statistic Reports/Annual Stats FY 2025-2026/Preparation review reports/Physical preparation review reports/UCM Library Categorization Report",3,"1.3",2,"and","saved_reference","savedFilter",,,"Saved filter: Global stats physical filters","Global stats physical filters","/shared/University of California System 01UCS_NETWORK/Reports/Local Requests/Annual Statistic Reports/Annual Stats FY 2025-2026/Global stats physical filters",,
151,"UCR Risk Management Report","Physical Items","/shared/University of California System 01UCS_NETWORK/Reports/Local Requests/Annual Statistic Reports/Annual Stats FY 2025-2026/Final stats reports (for July 1)/Risk Management/UCR Risk Management Report",1,"1.1",2,"and","inline","list","in","""Institution"".""Institution Name""","""Institution"".""Institution Name"" IN (6532, 6533, 4706)",,,3,"6532 | 6533 | 4706"
151,"UCR Risk Management Report","Physical Items","/shared/University of California System 01UCS_NETWORK/Reports/Local Requests/Annual Statistic Reports/Annual Stats FY 2025-2026/Final stats reports (for July 1)/Risk Management/UCR Risk Management Report",2,"1.2",2,"and","inline","list","in","""Institution"".""Institution Name""","""Institution"".""Institution Name"" IN ('SLF-N', 'SLF-S', 'UCR')",,,3,"SLF-N | SLF-S | UCR"
151,"UCR Risk Management Report","Physical Items","/shared/University of California System 01UCS_NETWORK/Reports/Local Requests/Annual Statistic Reports/Annual Stats FY 2025-2026/Final stats reports (for July 1)/Risk Management/UCR Risk Management Report",3,"1.3",2,"and","saved_reference","savedFilter",,,"Saved filter: Global stats physical filters","Global stats physical filters","/shared/University of California System 01UCS_NETWORK/Reports/Local Requests/Annual Statistic Reports/Annual Stats FY 2025-2026/Global stats physical filters",,
151,"UCR Risk Management Report","Physical Items","/shared/University of California System 01UCS_NETWORK/Reports/Local Requests/Annual Statistic Reports/Annual Stats FY 2025-2026/Final stats reports (for July 1)/Risk Management/UCR Risk Management Report",4,"1.4",2,"and","saved_reference","savedFilter",,,"Saved filter: UCR Physical Filters","UCR Physical Filters","/shared/University of California System 01UCS_NETWORK/Reports/Local Requests/Annual Statistic Reports/Annual Stats FY 2025-2026/UCR Physical Filters",,
151,"UCR Risk Management Report","Physical Items","/shared/University of California System 01UCS_NETWORK/Reports/Local Requests/Annual Statistic Reports/Annual Stats FY 2025-2026/Final stats reports (for July 1)/Risk Management/UCR Risk Management Report",5,"1.5",2,"and","saved_reference","savedFilter",,,"Saved filter: UCR SCA exclusions","UCR SCA exclusions","/shared/University of California System 01UCS_NETWORK/Reports/Local Requests/Annual Statistic Reports/Annual Stats FY 2025-2026/UCR SCA exclusions",,
154,"UCM eResources Library Categorization Report","E-Inventory","/shared/University of California System 01UCS_NETWORK/Reports/Local Requests/Annual Statistic Reports/Annual Stats FY 2025-2026/Preparation review reports/Electronic preparation review reports/UCM eResources Library Categorization Report",1,"1",1,,"inline","comparison","equal","""Institution"".""Institution Name""","""Institution"".""Institution Name"" = 6534",,,1,"6534"
162,"UCM Electronic Holdings and Titles Report","E-Inventory","/shared/University of California System 01UCS_NETWORK/Reports/Local Requests/Annual Statistic Reports/Annual Stats FY 2025-2026/Final stats reports (for July 1)/Electronic/UCM Electronic Holdings and Titles Report",1,"1.1",2,"and","inline","list","in","""Institution"".""Institution Name""","""Institution"".""Institution Name"" IN (6531, 6534)",,,2,"6531 | 6534"
162,"UCM Electronic Holdings and Titles Report","E-Inventory","/shared/University of California System 01UCS_NETWORK/Reports/Local Requests/Annual Statistic Reports/Annual Stats FY 2025-2026/Final stats reports (for July 1)/Electronic/UCM Electronic Holdings and Titles Report",2,"1.2",2,"and","inline","list","in","""Institution"".""Institution Name""","""Institution"".""Institution Name"" IN ('Managed by CDL', 'Managed by UCM')",,,2,"Managed by CDL | Managed by UCM"
164,"UCI Check-Out Type Categorization Report","Fulfillment","/shared/University of California System 01UCS_NETWORK/Reports/Local Requests/Annual Statistic Reports/Annual Stats FY 2025-2026/Preparation review reports/Fulfillment preparation review reports/UCI Check-Out Type Categorization Report",1,"1.1",2,"and","inline","comparison","equal","""Institution"".""Institution Name""","""Institution"".""Institution Name"" = 4701",,,1,"4701"
164,"UCI Check-Out Type Categorization Report","Fulfillment","/shared/University of California System 01UCS_NETWORK/Reports/Local Requests/Annual Statistic Reports/Annual Stats FY 2025-2026/Preparation review reports/Fulfillment preparation review reports/UCI Check-Out Type Categorization Report",2,"1.2",2,"and","saved_reference","savedFilter",,,"Saved filter: FY 2025-26 Loans","FY 2025-26 Loans","/shared/University of California System 01UCS_NETWORK/Reports/Local Requests/Annual Statistic Reports/Annual Stats FY 2025-2026/FY 2025-26 Loans",,
164,"UCI Check-Out Type Categorization Report","Fulfillment","/shared/University of California System 01UCS_NETWORK/Reports/Local Requests/Annual Statistic Reports/Annual Stats FY 2025-2026/Preparation review reports/Fulfillment preparation review reports/UCI Check-Out Type Categorization Report",3,"1.3",2,"and","inline","comparison","equal","""Loan Details"".""In House Loan Indicator""","""Loan Details"".""In House Loan Indicator"" = 'N'",,,1,"N"
166,"UCSB Physical Collection Usage","Fulfillment","/shared/University of California System 01UCS_NETWORK/Reports/Local Requests/Annual Statistic Reports/Annual Stats FY 2025-2026/Final stats reports (for July 1)/Physical Collection Usage/UCSB Physical Collection Usage",1,"1.1",2,"and","inline","comparison","equal","""Institution"".""Institution Name""","""Institution"".""Institution Name"" = 3776",,,1,"3776"
166,"UCSB Physical Collection Usage","Fulfillment","/shared/University of California System 01UCS_NETWORK/Reports/Local Requests/Annual Statistic Reports/Annual Stats FY 2025-2026/Final stats reports (for July 1)/Physical Collection Usage/UCSB Physical Collection Usage",2,"1.2",2,"and","saved_reference","savedFilter",,,"Saved filter: Fulfillment - FY 2025-26 Loans","Fulfillment - FY 2025-26 Loans","/shared/University of California System 01UCS_NETWORK/Reports/Local Requests/Annual Statistic Reports/Annual Stats FY 2025-2026/Fulfillment - FY 2025-26 Loans",,
166,"UCSB Physical Collection Usage","Fulfillment","/shared/University of California System 01UCS_NETWORK/Reports/Local Requests/Annual Statistic Reports/Annual Stats FY 2025-2026/Final stats reports (for July 1)/Physical Collection Usage/UCSB Physical Collection Usage",3,"1.3",2,"and","inline","comparison","greater","""Loan"".""Loans (Not In House)""","""Loan"".""Loans (Not In House)"" > 0",,,1,"0"
170,"UCSB Risk Management Report","Physical Items","/shared/University of California System 01UCS_NETWORK/Reports/Local Requests/Annual Statistic Reports/Annual Stats FY 2025-2026/Final stats reports (for July 1)/Risk Management/UCSB Risk Management Report",1,"1.1",2,"and","inline","list","in","""Institution"".""Institution Name""","""Institution"".""Institution Name"" IN (6532, 6533, 3776)",,,3,"6532 | 6533 | 3776"
170,"UCSB Risk Management Report","Physical Items","/shared/University of California System 01UCS_NETWORK/Reports/Local Requests/Annual Statistic Reports/Annual Stats FY 2025-2026/Final stats reports (for July 1)/Risk Management/UCSB Risk Management Report",2,"1.2",2,"and","inline","list","in","""Institution"".""Institution Name""","""Institution"".""Institution Name"" IN ('SLF-N', 'SLF-S', 'UCSB')",,,3,"SLF-N | SLF-S | UCSB"
170,"UCSB Risk Management Report","Physical Items","/shared/University of California System 01UCS_NETWORK/Reports/Local Requests/Annual Statistic Reports/Annual Stats FY 2025-2026/Final stats reports (for July 1)/Risk Management/UCSB Risk Management Report",3,"1.3",2,"and","saved_reference","savedFilter",,,"Saved filter: Global stats physical filters","Global stats physical filters","/shared/University of California System 01UCS_NETWORK/Reports/Local Requests/Annual Statistic Reports/Annual Stats FY 2025-2026/Global stats physical filters",,
170,"UCSB Risk Management Report","Physical Items","/shared/University of California System 01UCS_NETWORK/Reports/Local Requests/Annual Statistic Reports/Annual Stats FY 2025-2026/Final stats reports (for July 1)/Risk Management/UCSB Risk Management Report",4,"1.4",2,"and","saved_reference","savedFilter",,,"Saved filter: UCSB Physical filters","UCSB Physical filters","/shared/University of California System 01UCS_NETWORK/Reports/Local Requests/Annual Statistic Reports/Annual Stats FY 2025-2026/UCSB Physical filters",,
171,"UCI User Group Categorization Report","Fulfillment","/shared/University of California System 01UCS_NETWORK/Reports/Local Requests/Annual Statistic Reports/Annual Stats FY 2025-2026/Preparation review reports/Fulfillment preparation review reports/UCI User Group Categorization Report",1,"1",1,,"inline","comparison","equal","""Institution"".""Institution Name""","""Institution"".""Institution Name"" = 4701",,,1,"4701"
174,"UCR eResources Comparison Report","E-Inventory","/shared/University of California System 01UCS_NETWORK/Reports/Local Requests/Annual Statistic Reports/Annual Stats FY 2025-2026/Final stats reports (for July 1)/eResources Comparison/UCR eResources Comparison Report",1,"1.1",2,"and","inline","list","in","""Institution"".""Institution Name""","""Institution"".""Institution Name"" IN (4706, 6531)",,,2,"4706 | 6531"
174,"UCR eResources Comparison Report","E-Inventory","/shared/University of California System 01UCS_NETWORK/Reports/Local Requests/Annual Statistic Reports/Annual Stats FY 2025-2026/Final stats reports (for July 1)/eResources Comparison/UCR eResources Comparison Report",2,"1.2",2,"and","inline","list","in","""Institution"".""Institution Name""","""Institution"".""Institution Name"" IN ('Managed by CDL', 'Managed by UCR')",,,2,"Managed by CDL | Managed by UCR"
175,"UCR eResources Library Categorization Report","E-Inventory","/shared/University of California System 01UCS_NETWORK/Reports/Local Requests/Annual Statistic Reports/Annual Stats FY 2025-2026/Preparation review reports/Electronic preparation review reports/UCR eResources Library Categorization Report",1,"1",1,,"inline","comparison","equal","""Institution"".""Institution Name""","""Institution"".""Institution Name"" = 4706",,,1,"4706"
177,"UCR Library Categorization Report","Physical Items","/shared/University of California System 01UCS_NETWORK/Reports/Local Requests/Annual Statistic Reports/Annual Stats FY 2025-2026/Preparation review reports/Physical preparation review reports/UCR Library Categorization Report",1,"1.1",2,"and","inline","list","in","""Institution"".""Institution Name""","""Institution"".""Institution Name"" IN (6532, 6533, 4706)",,,3,"6532 | 6533 | 4706"
177,"UCR Library Categorization Report","Physical Items","/shared/University of California System 01UCS_NETWORK/Reports/Local Requests/Annual Statistic Reports/Annual Stats FY 2025-2026/Preparation review reports/Physical preparation review reports/UCR Library Categorization Report",2,"1.2",2,"and","inline","list","in","""Institution"".""Institution Name""","""Institution"".""Institution Name"" IN ('SLF-N', 'SLF-S', 'UCR')",,,3,"SLF-N | SLF-S | UCR"
177,"UCR Library Categorization Report","Physical Items","/shared/University of California System 01UCS_NETWORK/Reports/Local Requests/Annual Statistic Reports/Annual Stats FY 2025-2026/Preparation review reports/Physical preparation review reports/UCR Library Categorization Report",3,"1.3",2,"and","saved_reference","savedFilter",,,"Saved filter: Global stats physical filters","Global stats physical filters","/shared/University of California System 01UCS_NETWORK/Reports/Local Requests/Annual Statistic Reports/Annual Stats FY 2025-2026/Global stats physical filters",,
177,"UCR Library Categorization Report","Physical Items","/shared/University of California System 01UCS_NETWORK/Reports/Local Requests/Annual Statistic Reports/Annual Stats FY 2025-2026/Preparation review reports/Physical preparation review reports/UCR Library Categorization Report",4,"1.4",2,"and","saved_reference","savedFilter",,,"Saved filter: UCR Physical Filters","UCR Physical Filters","/shared/University of California System 01UCS_NETWORK/Reports/Local Requests/Annual Statistic Reports/Annual Stats FY 2025-2026/UCR Physical Filters",,
177,"UCR Library Categorization Report","Physical Items","/shared/University of California System 01UCS_NETWORK/Reports/Local Requests/Annual Statistic Reports/Annual Stats FY 2025-2026/Preparation review reports/Physical preparation review reports/UCR Library Categorization Report",5,"1.5",2,"and","saved_reference","savedFilter",,,"Saved filter: UCR SCA exclusions","UCR SCA exclusions","/shared/University of California System 01UCS_NETWORK/Reports/Local Requests/Annual Statistic Reports/Annual Stats FY 2025-2026/UCR SCA exclusions",,
178,"UCR Electronic Holdings and Titles Report","E-Inventory","/shared/University of California System 01UCS_NETWORK/Reports/Local Requests/Annual Statistic Reports/Annual Stats FY 2025-2026/Final stats reports (for July 1)/Electronic/UCR Electronic Holdings and Titles Report",1,"1.1",2,"and","inline","list","in","""Institution"".""Institution Name""","""Institution"".""Institution Name"" IN (4706, 6531)",,,2,"4706 | 6531"
178,"UCR Electronic Holdings and Titles Report","E-Inventory","/shared/University of California System 01UCS_NETWORK/Reports/Local Requests/Annual Statistic Reports/Annual Stats FY 2025-2026/Final stats reports (for July 1)/Electronic/UCR Electronic Holdings and Titles Report",2,"1.2",2,"and","inline","list","in","""Institution"".""Institution Name""","""Institution"".""Institution Name"" IN ('Managed by CDL', 'Managed by UCR')",,,2,"Managed by CDL | Managed by UCR"
181,"UCLA Check-Out Type Categorization Report","Fulfillment","/shared/University of California System 01UCS_NETWORK/Reports/Local Requests/Annual Statistic Reports/Annual Stats FY 2025-2026/Preparation review reports/Fulfillment preparation review reports/UCLA Check-Out Type Categorization Report",1,"1.1",2,"and","inline","comparison","equal","""Institution"".""Institution Name""","""Institution"".""Institution Name"" = 6533",,,1,"6533"
181,"UCLA Check-Out Type Categorization Report","Fulfillment","/shared/University of California System 01UCS_NETWORK/Reports/Local Requests/Annual Statistic Reports/Annual Stats FY 2025-2026/Preparation review reports/Fulfillment preparation review reports/UCLA Check-Out Type Categorization Report",2,"1.2",2,"and","saved_reference","savedFilter",,,"Saved filter: FY 2025-26 Loans","FY 2025-26 Loans","/shared/University of California System 01UCS_NETWORK/Reports/Local Requests/Annual Statistic Reports/Annual Stats FY 2025-2026/FY 2025-26 Loans",,
181,"UCLA Check-Out Type Categorization Report","Fulfillment","/shared/University of California System 01UCS_NETWORK/Reports/Local Requests/Annual Statistic Reports/Annual Stats FY 2025-2026/Preparation review reports/Fulfillment preparation review reports/UCLA Check-Out Type Categorization Report",3,"1.3",2,"and","inline","comparison","equal","""Loan Details"".""In House Loan Indicator""","""Loan Details"".""In House Loan Indicator"" = 'N'",,,1,"N"
182,"UCSC Physical Collection Usage","Fulfillment","/shared/University of California System 01UCS_NETWORK/Reports/Local Requests/Annual Statistic Reports/Annual Stats FY 2025-2026/Final stats reports (for July 1)/Physical Collection Usage/UCSC Physical Collection Usage",1,"1.1",2,"and","inline","comparison","equal","""Institution"".""Institution Name""","""Institution"".""Institution Name"" = 4876",,,1,"4876"
182,"UCSC Physical Collection Usage","Fulfillment","/shared/University of California System 01UCS_NETWORK/Reports/Local Requests/Annual Statistic Reports/Annual Stats FY 2025-2026/Final stats reports (for July 1)/Physical Collection Usage/UCSC Physical Collection Usage",2,"1.2",2,"and","saved_reference","savedFilter",,,"Saved filter: Fulfillment - FY 2025-26 Loans","Fulfillment - FY 2025-26 Loans","/shared/University of California System 01UCS_NETWORK/Reports/Local Requests/Annual Statistic Reports/Annual Stats FY 2025-2026/Fulfillment - FY 2025-26 Loans",,
182,"UCSC Physical Collection Usage","Fulfillment","/shared/University of California System 01UCS_NETWORK/Reports/Local Requests/Annual Statistic Reports/Annual Stats FY 2025-2026/Final stats reports (for July 1)/Physical Collection Usage/UCSC Physical Collection Usage",3,"1.3",2,"and","inline","comparison","greater","""Loan"".""Loans (Not In House)""","""Loan"".""Loans (Not In House)"" > 0",,,1,"0"
183,"UCSB eResources Comparison Report","E-Inventory","/shared/University of California System 01UCS_NETWORK/Reports/Local Requests/Annual Statistic Reports/Annual Stats FY 2025-2026/Final stats reports (for July 1)/eResources Comparison/UCSB eResources Comparison Report",1,"1.1",2,"and","inline","list","in","""Institution"".""Institution Name""","""Institution"".""Institution Name"" IN (3776, 6531)",,,2,"3776 | 6531"
183,"UCSB eResources Comparison Report","E-Inventory","/shared/University of California System 01UCS_NETWORK/Reports/Local Requests/Annual Statistic Reports/Annual Stats FY 2025-2026/Final stats reports (for July 1)/eResources Comparison/UCSB eResources Comparison Report",2,"1.2",2,"and","inline","list","in","""Institution"".""Institution Name""","""Institution"".""Institution Name"" IN ('Managed by CDL', 'Managed by UCSB')",,,2,"Managed by CDL | Managed by UCSB"
184,"UCSC Risk Management Report","Physical Items","/shared/University of California System 01UCS_NETWORK/Reports/Local Requests/Annual Statistic Reports/Annual Stats FY 2025-2026/Final stats reports (for July 1)/Risk Management/UCSC Risk Management Report",1,"1.1",2,"and","inline","list","in","""Institution"".""Institution Name""","""Institution"".""Institution Name"" IN (6532, 6533, 4876)",,,3,"6532 | 6533 | 4876"
184,"UCSC Risk Management Report","Physical Items","/shared/University of California System 01UCS_NETWORK/Reports/Local Requests/Annual Statistic Reports/Annual Stats FY 2025-2026/Final stats reports (for July 1)/Risk Management/UCSC Risk Management Report",2,"1.2",2,"and","inline","list","in","""Institution"".""Institution Name""","""Institution"".""Institution Name"" IN ('SLF-N', 'SLF-S', 'UCSC')",,,3,"SLF-N | SLF-S | UCSC"
184,"UCSC Risk Management Report","Physical Items","/shared/University of California System 01UCS_NETWORK/Reports/Local Requests/Annual Statistic Reports/Annual Stats FY 2025-2026/Final stats reports (for July 1)/Risk Management/UCSC Risk Management Report",3,"1.3",2,"and","saved_reference","savedFilter",,,"Saved filter: Global stats physical filters","Global stats physical filters","/shared/University of California System 01UCS_NETWORK/Reports/Local Requests/Annual Statistic Reports/Annual Stats FY 2025-2026/Global stats physical filters",,
184,"UCSC Risk Management Report","Physical Items","/shared/University of California System 01UCS_NETWORK/Reports/Local Requests/Annual Statistic Reports/Annual Stats FY 2025-2026/Final stats reports (for July 1)/Risk Management/UCSC Risk Management Report",4,"1.4",2,"and","saved_reference","savedFilter",,,"Saved filter: UCSC Physical Filters","UCSC Physical Filters","/shared/University of California System 01UCS_NETWORK/Reports/Local Requests/Annual Statistic Reports/Annual Stats FY 2025-2026/UCSC Physical Filters",,
184,"UCSC Risk Management Report","Physical Items","/shared/University of California System 01UCS_NETWORK/Reports/Local Requests/Annual Statistic Reports/Annual Stats FY 2025-2026/Final stats reports (for July 1)/Risk Management/UCSC Risk Management Report",5,"1.5",2,"and","saved_reference","savedFilter",,,"Saved filter: UCSC SCA Exclusions","UCSC SCA Exclusions","/shared/University of California System 01UCS_NETWORK/Reports/Local Requests/Annual Statistic Reports/Annual Stats FY 2025-2026/UCSC SCA Exclusions",,
185,"UCSB Electronic Holdings and Titles Report","E-Inventory","/shared/University of California System 01UCS_NETWORK/Reports/Local Requests/Annual Statistic Reports/Annual Stats FY 2025-2026/Final stats reports (for July 1)/Electronic/UCSB Electronic Holdings and Titles Report",1,"1.1",2,"and","inline","list","in","""Institution"".""Institution Name""","""Institution"".""Institution Name"" IN (3776, 6531)",,,2,"3776 | 6531"
185,"UCSB Electronic Holdings and Titles Report","E-Inventory","/shared/University of California System 01UCS_NETWORK/Reports/Local Requests/Annual Statistic Reports/Annual Stats FY 2025-2026/Final stats reports (for July 1)/Electronic/UCSB Electronic Holdings and Titles Report",2,"1.2",2,"and","inline","list","in","""Institution"".""Institution Name""","""Institution"".""Institution Name"" IN ('Managed by CDL', 'Managed by UCSB')",,,2,"Managed by CDL | Managed by UCSB"
186,"UCSB eResources Library Categorization Report","E-Inventory","/shared/University of California System 01UCS_NETWORK/Reports/Local Requests/Annual Statistic Reports/Annual Stats FY 2025-2026/Preparation review reports/Electronic preparation review reports/UCSB eResources Library Categorization Report",1,"1",1,,"inline","comparison","equal","""Institution"".""Institution Name""","""Institution"".""Institution Name"" = 3776",,,1,"3776"
187,"UCSB Library Categorization Report","Physical Items","/shared/University of California System 01UCS_NETWORK/Reports/Local Requests/Annual Statistic Reports/Annual Stats FY 2025-2026/Preparation review reports/Physical preparation review reports/UCSB Library Categorization Report",1,"1.1",2,"and","inline","list","in","""Institution"".""Institution Name""","""Institution"".""Institution Name"" IN (6532, 6533, 3776)",,,3,"6532 | 6533 | 3776"
187,"UCSB Library Categorization Report","Physical Items","/shared/University of California System 01UCS_NETWORK/Reports/Local Requests/Annual Statistic Reports/Annual Stats FY 2025-2026/Preparation review reports/Physical preparation review reports/UCSB Library Categorization Report",2,"1.2",2,"and","inline","list","in","""Institution"".""Institution Name""","""Institution"".""Institution Name"" IN ('SLF-N', 'SLF-S', 'UCSB')",,,3,"SLF-N | SLF-S | UCSB"
187,"UCSB Library Categorization Report","Physical Items","/shared/University of California System 01UCS_NETWORK/Reports/Local Requests/Annual Statistic Reports/Annual Stats FY 2025-2026/Preparation review reports/Physical preparation review reports/UCSB Library Categorization Report",3,"1.3",2,"and","saved_reference","savedFilter",,,"Saved filter: Global stats physical filters","Global stats physical filters","/shared/University of California System 01UCS_NETWORK/Reports/Local Requests/Annual Statistic Reports/Annual Stats FY 2025-2026/Global stats physical filters",,
187,"UCSB Library Categorization Report","Physical Items","/shared/University of California System 01UCS_NETWORK/Reports/Local Requests/Annual Statistic Reports/Annual Stats FY 2025-2026/Preparation review reports/Physical preparation review reports/UCSB Library Categorization Report",4,"1.4",2,"and","saved_reference","savedFilter",,,"Saved filter: UCSB Physical filters","UCSB Physical filters","/shared/University of California System 01UCS_NETWORK/Reports/Local Requests/Annual Statistic Reports/Annual Stats FY 2025-2026/UCSB Physical filters",,
188,"SLF-S Added Physical Holdings and Titles Report part 2","Physical Items","/shared/University of California System 01UCS_NETWORK/Reports/Local Requests/Annual Statistic Reports/Annual Stats FY 2025-2026/Final stats reports (for July 1)/Physical/SLF-S Added Physical Holdings and Titles Report part 2",1,"1.1",2,"and","inline","comparison","equal","""Institution"".""Institution Name""","""Institution"".""Institution Name"" = 6533",,,1,"6533"
188,"SLF-S Added Physical Holdings and Titles Report part 2","Physical Items","/shared/University of California System 01UCS_NETWORK/Reports/Local Requests/Annual Statistic Reports/Annual Stats FY 2025-2026/Final stats reports (for July 1)/Physical/SLF-S Added Physical Holdings and Titles Report part 2",2,"1.2",2,"and","inline","list","in","""Location"".""Library Code""","""Location"".""Library Code"" IN ('NRLF', 'SRLF')",,,2,"NRLF | SRLF"
188,"SLF-S Added Physical Holdings and Titles Report part 2","Physical Items","/shared/University of California System 01UCS_NETWORK/Reports/Local Requests/Annual Statistic Reports/Annual Stats FY 2025-2026/Final stats reports (for July 1)/Physical/SLF-S Added Physical Holdings and Titles Report part 2",3,"1.3",2,"and","saved_reference","savedFilter",,,"Saved filter: Physical - Global stats physical filters","Physical - Global stats physical filters","/shared/University of California System 01UCS_NETWORK/Reports/Local Requests/Annual Statistic Reports/Annual Stats FY 2025-2026/Physical - Global stats physical filters",,
188,"SLF-S Added Physical Holdings and Titles Report part 2","Physical Items","/shared/University of California System 01UCS_NETWORK/Reports/Local Requests/Annual Statistic Reports/Annual Stats FY 2025-2026/Final stats reports (for July 1)/Physical/SLF-S Added Physical Holdings and Titles Report part 2",4,"1.4",2,"and","saved_reference","savedFilter",,,"Saved filter: Physical - UCB Physical Filters","Physical - UCB Physical Filters","/shared/University of California System 01UCS_NETWORK/Reports/Local Requests/Annual Statistic Reports/Annual Stats FY 2025-2026/Physical - UCB Physical Filters",,
188,"SLF-S Added Physical Holdings and Titles Report part 2","Physical Items","/shared/University of California System 01UCS_NETWORK/Reports/Local Requests/Annual Statistic Reports/Annual Stats FY 2025-2026/Final stats reports (for July 1)/Physical/SLF-S Added Physical Holdings and Titles Report part 2",5,"1.5.1",3,"or","inline","list","in","""Physical Item Details"".""Barcode""","""Physical Item Details"".""Barcode"" IN ('DD0004455382', 'DD0004455390', 'DD0004455408', 'DD0004455416', 'DD0004455424', 'DD0004455432', 'DD0004455440', 'DD0004455457', 'DD0004455465', 'DD0004455473', … (+9989 more))",,,9999,"DD0004455382 | DD0004455390 | DD0004455408 | DD0004455416 | DD0004455424 | DD0004455432 | DD0004455440 | DD0004455457 | DD0004455465 | DD0004455473 | … (+9989 more)"
188,"SLF-S Added Physical Holdings and Titles Report part 2","Physical Items","/shared/University of California System 01UCS_NETWORK/Reports/Local Requests/Annual Statistic Reports/Annual Stats FY 2025-2026/Final stats reports (for July 1)/Physical/SLF-S Added Physical Holdings and Titles Report part 2",6,"1.5.2",3,"or","inline","list","in","""Physical Item Details"".""Barcode""","""Physical Item Details"".""Barcode"" IN ('DD0004555389', 'DD0004555397', 'DD0004555405', 'DD0004555413', 'DD0004555421', 'DD0004555439', 'DD0004555447', 'DD0004555454', 'DD0004555462', 'DD0004555470', … (+9989 more))",,,9999,"DD0004555389 | DD0004555397 | DD0004555405 | DD0004555413 | DD0004555421 | DD0004555439 | DD0004555447 | DD0004555454 | DD0004555462 | DD0004555470 | … (+9989 more)"
188,"SLF-S Added Physical Holdings and Titles Report part 2","Physical Items","/shared/University of California System 01UCS_NETWORK/Reports/Local Requests/Annual Statistic Reports/Annual Stats FY 2025-2026/Final stats reports (for July 1)/Physical/SLF-S Added Physical Holdings and Titles Report part 2",7,"1.5.3",3,"or","inline","list","in","""Physical Item Details"".""Barcode""","""Physical Item Details"".""Barcode"" IN ('DD0004655445', 'DD0004655452', 'DD0004655460', 'DD0004655478', 'DD0004655486', 'DD0004655494', 'DD0004655502', 'DD0004655510', 'DD0004655528', 'DD0004655536', … (+5271 more))",,,5281,"DD0004655445 | DD0004655452 | DD0004655460 | DD0004655478 | DD0004655486 | DD0004655494 | DD0004655502 | DD0004655510 | DD0004655528 | DD0004655536 | … (+5271 more)"
189,"UCB physical holdings and titles report","Physical Items","/shared/University of California System 01UCS_NETWORK/Reports/Local Requests/Annual Statistic Reports/Annual Stats FY 2025-2026/Final stats reports (for July 1)/Physical/UCB physical holdings and titles report",1,"1.1",2,"and","inline","list","in","""Institution"".""Institution Name""","""Institution"".""Institution Name"" IN (6532, 6533)",,,2,"6532 | 6533"
189,"UCB physical holdings and titles report","Physical Items","/shared/University of California System 01UCS_NETWORK/Reports/Local Requests/Annual Statistic Reports/Annual Stats FY 2025-2026/Final stats reports (for July 1)/Physical/UCB physical holdings and titles report",2,"1.2",2,"and","inline","list","in","""Institution"".""Institution Name""","""Institution"".""Institution Name"" IN ('SLF-N', 'SLF-S', 'UCB')",,,3,"SLF-N | SLF-S | UCB"
189,"UCB physical holdings and titles report","Physical Items","/shared/University of California System 01UCS_NETWORK/Reports/Local Requests/Annual Statistic Reports/Annual Stats FY 2025-2026/Final stats reports (for July 1)/Physical/UCB physical holdings and titles report",3,"1.3",2,"and","saved_reference","savedFilter",,,"Saved filter: Global stats physical filters","Global stats physical filters","/shared/University of California System 01UCS_NETWORK/Reports/Local Requests/Annual Statistic Reports/Annual Stats FY 2025-2026/Global stats physical filters",,
189,"UCB physical holdings and titles report","Physical Items","/shared/University of California System 01UCS_NETWORK/Reports/Local Requests/Annual Statistic Reports/Annual Stats FY 2025-2026/Final stats reports (for July 1)/Physical/UCB physical holdings and titles report",4,"1.4",2,"and","saved_reference","savedFilter",,,"Saved filter: UCB Physical Filters","UCB Physical Filters","/shared/University of California System 01UCS_NETWORK/Reports/Local Requests/Annual Statistic Reports/Annual Stats FY 2025-2026/UCB Physical Filters",,
189,"UCB physical holdings and titles report","Physical Items","/shared/University of California System 01UCS_NETWORK/Reports/Local Requests/Annual Statistic Reports/Annual Stats FY 2025-2026/Final stats reports (for July 1)/Physical/UCB physical holdings and titles report",5,"1.5",2,"and","saved_reference","savedFilter",,,"Saved filter: UCB SCA exclusions","UCB SCA exclusions","/shared/University of California System 01UCS_NETWORK/Reports/Local Requests/Annual Statistic Reports/Annual Stats FY 2025-2026/UCB SCA exclusions",,
190,"UCLA User Group Categorization Report","Fulfillment","/shared/University of California System 01UCS_NETWORK/Reports/Local Requests/Annual Statistic Reports/Annual Stats FY 2025-2026/Preparation review reports/Fulfillment preparation review reports/UCLA User Group Categorization Report",1,"1",1,,"inline","comparison","equal","""Institution"".""Institution Name""","""Institution"".""Institution Name"" = 6533",,,1,"6533"
191,"UCSD Risk Management Report","Physical Items","/shared/University of California System 01UCS_NETWORK/Reports/Local Requests/Annual Statistic Reports/Annual Stats FY 2025-2026/Final stats reports (for July 1)/Risk Management/UCSD Risk Management Report",1,"1.1",2,"and","inline","list","in","""Institution"".""Institution Name""","""Institution"".""Institution Name"" IN (6535, 6532, 6533)",,,3,"6535 | 6532 | 6533"
191,"UCSD Risk Management Report","Physical Items","/shared/University of California System 01UCS_NETWORK/Reports/Local Requests/Annual Statistic Reports/Annual Stats FY 2025-2026/Final stats reports (for July 1)/Risk Management/UCSD Risk Management Report",2,"1.2",2,"and","inline","list","in","""Institution"".""Institution Name""","""Institution"".""Institution Name"" IN ('SLF-N', 'SLF-S', 'UCSD')",,,3,"SLF-N | SLF-S | UCSD"
191,"UCSD Risk Management Report","Physical Items","/shared/University of California System 01UCS_NETWORK/Reports/Local Requests/Annual Statistic Reports/Annual Stats FY 2025-2026/Final stats reports (for July 1)/Risk Management/UCSD Risk Management Report",3,"1.3",2,"and","saved_reference","savedFilter",,,"Saved filter: Global stats physical filters","Global stats physical filters","/shared/University of California System 01UCS_NETWORK/Reports/Local Requests/Annual Statistic Reports/Annual Stats FY 2025-2026/Global stats physical filters",,
191,"UCSD Risk Management Report","Physical Items","/shared/University of California System 01UCS_NETWORK/Reports/Local Requests/Annual Statistic Reports/Annual Stats FY 2025-2026/Final stats reports (for July 1)/Risk Management/UCSD Risk Management Report",4,"1.4",2,"and","saved_reference","savedFilter",,,"Saved filter: UCSD Physical Filters","UCSD Physical Filters","/shared/University of California System 01UCS_NETWORK/Reports/Local Requests/Annual Statistic Reports/Annual Stats FY 2025-2026/UCSD Physical Filters",,
191,"UCSD Risk Management Report","Physical Items","/shared/University of California System 01UCS_NETWORK/Reports/Local Requests/Annual Statistic Reports/Annual Stats FY 2025-2026/Final stats reports (for July 1)/Risk Management/UCSD Risk Management Report",5,"1.5",2,"and","saved_reference","savedFilter",,,"Saved filter: Physical - UCSD SCA Exclusions","Physical - UCSD SCA Exclusions","/shared/University of California System 01UCS_NETWORK/Reports/Local Requests/Annual Statistic Reports/Annual Stats FY 2025-2026/Physical - UCSD SCA Exclusions",,
193,"UCSC Library Categorization Report","Physical Items","/shared/University of California System 01UCS_NETWORK/Reports/Local Requests/Annual Statistic Reports/Annual Stats FY 2025-2026/Preparation review reports/Physical preparation review reports/UCSC Library Categorization Report",1,"1.1",2,"and","inline","list","in","""Institution"".""Institution Name""","""Institution"".""Institution Name"" IN (6532, 6533, 4876)",,,3,"6532 | 6533 | 4876"
193,"UCSC Library Categorization Report","Physical Items","/shared/University of California System 01UCS_NETWORK/Reports/Local Requests/Annual Statistic Reports/Annual Stats FY 2025-2026/Preparation review reports/Physical preparation review reports/UCSC Library Categorization Report",2,"1.2",2,"and","inline","list","in","""Institution"".""Institution Name""","""Institution"".""Institution Name"" IN ('SLF-N', 'SLF-S', 'UCSC')",,,3,"SLF-N | SLF-S | UCSC"
193,"UCSC Library Categorization Report","Physical Items","/shared/University of California System 01UCS_NETWORK/Reports/Local Requests/Annual Statistic Reports/Annual Stats FY 2025-2026/Preparation review reports/Physical preparation review reports/UCSC Library Categorization Report",3,"1.3",2,"and","saved_reference","savedFilter",,,"Saved filter: Global stats physical filters","Global stats physical filters","/shared/University of California System 01UCS_NETWORK/Reports/Local Requests/Annual Statistic Reports/Annual Stats FY 2025-2026/Global stats physical filters",,
193,"UCSC Library Categorization Report","Physical Items","/shared/University of California System 01UCS_NETWORK/Reports/Local Requests/Annual Statistic Reports/Annual Stats FY 2025-2026/Preparation review reports/Physical preparation review reports/UCSC Library Categorization Report",4,"1.4",2,"and","saved_reference","savedFilter",,,"Saved filter: UCSC Physical Filters","UCSC Physical Filters","/shared/University of California System 01UCS_NETWORK/Reports/Local Requests/Annual Statistic Reports/Annual Stats FY 2025-2026/UCSC Physical Filters",,
193,"UCSC Library Categorization Report","Physical Items","/shared/University of California System 01UCS_NETWORK/Reports/Local Requests/Annual Statistic Reports/Annual Stats FY 2025-2026/Preparation review reports/Physical preparation review reports/UCSC Library Categorization Report",5,"1.5",2,"and","saved_reference","savedFilter",,,"Saved filter: UCSC SCA Exclusions","UCSC SCA Exclusions","/shared/University of California System 01UCS_NETWORK/Reports/Local Requests/Annual Statistic Reports/Annual Stats FY 2025-2026/UCSC SCA Exclusions",,
194,"UCSD Physical Collection Usage","Fulfillment","/shared/University of California System 01UCS_NETWORK/Reports/Local Requests/Annual Statistic Reports/Annual Stats FY 2025-2026/Final stats reports (for July 1)/Physical Collection Usage/UCSD Physical Collection Usage",1,"1.1",2,"and","inline","comparison","equal","""Institution"".""Institution Name""","""Institution"".""Institution Name"" = 6535",,,1,"6535"
194,"UCSD Physical Collection Usage","Fulfillment","/shared/University of California System 01UCS_NETWORK/Reports/Local Requests/Annual Statistic Reports/Annual Stats FY 2025-2026/Final stats reports (for July 1)/Physical Collection Usage/UCSD Physical Collection Usage",2,"1.2",2,"and","saved_reference","savedFilter",,,"Saved filter: Fulfillment - FY 2025-26 Loans","Fulfillment - FY 2025-26 Loans","/shared/University of California System 01UCS_NETWORK/Reports/Local Requests/Annual Statistic Reports/Annual Stats FY 2025-2026/Fulfillment - FY 2025-26 Loans",,
194,"UCSD Physical Collection Usage","Fulfillment","/shared/University of California System 01UCS_NETWORK/Reports/Local Requests/Annual Statistic Reports/Annual Stats FY 2025-2026/Final stats reports (for July 1)/Physical Collection Usage/UCSD Physical Collection Usage",3,"1.3",2,"and","inline","comparison","greater","""Loan"".""Loans (Not In House)""","""Loan"".""Loans (Not In House)"" > 0",,,1,"0"
196,"UCSC eResources Comparison Report","E-Inventory","/shared/University of California System 01UCS_NETWORK/Reports/Local Requests/Annual Statistic Reports/Annual Stats FY 2025-2026/Final stats reports (for July 1)/eResources Comparison/UCSC eResources Comparison Report",1,"1.1",2,"and","inline","list","in","""Institution"".""Institution Name""","""Institution"".""Institution Name"" IN (4876, 6531)",,,2,"4876 | 6531"
196,"UCSC eResources Comparison Report","E-Inventory","/shared/University of California System 01UCS_NETWORK/Reports/Local Requests/Annual Statistic Reports/Annual Stats FY 2025-2026/Final stats reports (for July 1)/eResources Comparison/UCSC eResources Comparison Report",2,"1.2",2,"and","inline","list","in","""Institution"".""Institution Name""","""Institution"".""Institution Name"" IN ('Managed by CDL', 'Managed by UCSC')",,,2,"Managed by CDL | Managed by UCSC"
197,"UCSC Electronic Holdings and Titles Report","E-Inventory","/shared/University of California System 01UCS_NETWORK/Reports/Local Requests/Annual Statistic Reports/Annual Stats FY 2025-2026/Final stats reports (for July 1)/Electronic/UCSC Electronic Holdings and Titles Report",1,"1.1",2,"and","inline","list","in","""Institution"".""Institution Name""","""Institution"".""Institution Name"" IN (4876, 6531)",,,2,"4876 | 6531"
197,"UCSC Electronic Holdings and Titles Report","E-Inventory","/shared/University of California System 01UCS_NETWORK/Reports/Local Requests/Annual Statistic Reports/Annual Stats FY 2025-2026/Final stats reports (for July 1)/Electronic/UCSC Electronic Holdings and Titles Report",2,"1.2",2,"and","inline","list","in","""Institution"".""Institution Name""","""Institution"".""Institution Name"" IN ('Managed by CDL', 'Managed by UCSC')",,,2,"Managed by CDL | Managed by UCSC"
198,"UCSC eResources Library Categorization Report","E-Inventory","/shared/University of California System 01UCS_NETWORK/Reports/Local Requests/Annual Statistic Reports/Annual Stats FY 2025-2026/Preparation review reports/Electronic preparation review reports/UCSC eResources Library Categorization Report",1,"1",1,,"inline","comparison","equal","""Institution"".""Institution Name""","""Institution"".""Institution Name"" = 4876",,,1,"4876"
199,"UCD Physical Holdings and Titles Report","Physical Items","/shared/University of California System 01UCS_NETWORK/Reports/Local Requests/Annual Statistic Reports/Annual Stats FY 2025-2026/Final stats reports (for July 1)/Physical/UCD Physical Holdings and Titles Report",1,"1.1",2,"and","inline","list","in","""Institution"".""Institution Name""","""Institution"".""Institution Name"" IN (6532, 3126, 6533)",,,3,"6532 | 3126 | 6533"
199,"UCD Physical Holdings and Titles Report","Physical Items","/shared/University of California System 01UCS_NETWORK/Reports/Local Requests/Annual Statistic Reports/Annual Stats FY 2025-2026/Final stats reports (for July 1)/Physical/UCD Physical Holdings and Titles Report",2,"1.2",2,"and","inline","list","in","""Institution"".""Institution Name""","""Institution"".""Institution Name"" IN ('SLF-N', 'SLF-S', 'UCD')",,,3,"SLF-N | SLF-S | UCD"
199,"UCD Physical Holdings and Titles Report","Physical Items","/shared/University of California System 01UCS_NETWORK/Reports/Local Requests/Annual Statistic Reports/Annual Stats FY 2025-2026/Final stats reports (for July 1)/Physical/UCD Physical Holdings and Titles Report",3,"1.3",2,"and","saved_reference","savedFilter",,,"Saved filter: Global stats physical filters","Global stats physical filters","/shared/University of California System 01UCS_NETWORK/Reports/Local Requests/Annual Statistic Reports/Annual Stats FY 2025-2026/Global stats physical filters",,
199,"UCD Physical Holdings and Titles Report","Physical Items","/shared/University of California System 01UCS_NETWORK/Reports/Local Requests/Annual Statistic Reports/Annual Stats FY 2025-2026/Final stats reports (for July 1)/Physical/UCD Physical Holdings and Titles Report",4,"1.4",2,"and","saved_reference","savedFilter",,,"Saved filter: UCD Physical Filters","UCD Physical Filters","/shared/University of California System 01UCS_NETWORK/Reports/Local Requests/Annual Statistic Reports/Annual Stats FY 2025-2026/UCD Physical Filters",,
201,"UCSD eResources Comparison Report","E-Inventory","/shared/University of California System 01UCS_NETWORK/Reports/Local Requests/Annual Statistic Reports/Annual Stats FY 2025-2026/Final stats reports (for July 1)/eResources Comparison/UCSD eResources Comparison Report",1,"1.1",2,"and","inline","list","in","""Institution"".""Institution Name""","""Institution"".""Institution Name"" IN (6535, 6531)",,,2,"6535 | 6531"
201,"UCSD eResources Comparison Report","E-Inventory","/shared/University of California System 01UCS_NETWORK/Reports/Local Requests/Annual Statistic Reports/Annual Stats FY 2025-2026/Final stats reports (for July 1)/eResources Comparison/UCSD eResources Comparison Report",2,"1.2",2,"and","inline","list","in","""Institution"".""Institution Name""","""Institution"".""Institution Name"" IN ('Managed by CDL', 'Managed by UCSD')",,,2,"Managed by CDL | Managed by UCSD"
202,"UCM Check-Out Type Categorization Report","Fulfillment","/shared/University of California System 01UCS_NETWORK/Reports/Local Requests/Annual Statistic Reports/Annual Stats FY 2025-2026/Preparation review reports/Fulfillment preparation review reports/UCM Check-Out Type Categorization Report",1,"1.1",2,"and","inline","comparison","equal","""Institution"".""Institution Name""","""Institution"".""Institution Name"" = 6534",,,1,"6534"
202,"UCM Check-Out Type Categorization Report","Fulfillment","/shared/University of California System 01UCS_NETWORK/Reports/Local Requests/Annual Statistic Reports/Annual Stats FY 2025-2026/Preparation review reports/Fulfillment preparation review reports/UCM Check-Out Type Categorization Report",2,"1.2",2,"and","saved_reference","savedFilter",,,"Saved filter: FY 2025-26 Loans","FY 2025-26 Loans","/shared/University of California System 01UCS_NETWORK/Reports/Local Requests/Annual Statistic Reports/Annual Stats FY 2025-2026/FY 2025-26 Loans",,
202,"UCM Check-Out Type Categorization Report","Fulfillment","/shared/University of California System 01UCS_NETWORK/Reports/Local Requests/Annual Statistic Reports/Annual Stats FY 2025-2026/Preparation review reports/Fulfillment preparation review reports/UCM Check-Out Type Categorization Report",3,"1.3",2,"and","inline","comparison","equal","""Loan Details"".""In House Loan Indicator""","""Loan Details"".""In House Loan Indicator"" = 'N'",,,1,"N"
204,"UCSD Library Categorization Report","Physical Items","/shared/University of California System 01UCS_NETWORK/Reports/Local Requests/Annual Statistic Reports/Annual Stats FY 2025-2026/Preparation review reports/Physical preparation review reports/UCSD Library Categorization Report",1,"1.1",2,"and","inline","list","in","""Institution"".""Institution Name""","""Institution"".""Institution Name"" IN (6535, 6532, 6533)",,,3,"6535 | 6532 | 6533"
204,"UCSD Library Categorization Report","Physical Items","/shared/University of California System 01UCS_NETWORK/Reports/Local Requests/Annual Statistic Reports/Annual Stats FY 2025-2026/Preparation review reports/Physical preparation review reports/UCSD Library Categorization Report",2,"1.2",2,"and","inline","list","in","""Institution"".""Institution Name""","""Institution"".""Institution Name"" IN ('SLF-N', 'SLF-S', 'UCSD')",,,3,"SLF-N | SLF-S | UCSD"
204,"UCSD Library Categorization Report","Physical Items","/shared/University of California System 01UCS_NETWORK/Reports/Local Requests/Annual Statistic Reports/Annual Stats FY 2025-2026/Preparation review reports/Physical preparation review reports/UCSD Library Categorization Report",3,"1.3",2,"and","saved_reference","savedFilter",,,"Saved filter: Global stats physical filters","Global stats physical filters","/shared/University of California System 01UCS_NETWORK/Reports/Local Requests/Annual Statistic Reports/Annual Stats FY 2025-2026/Global stats physical filters",,
204,"UCSD Library Categorization Report","Physical Items","/shared/University of California System 01UCS_NETWORK/Reports/Local Requests/Annual Statistic Reports/Annual Stats FY 2025-2026/Preparation review reports/Physical preparation review reports/UCSD Library Categorization Report",4,"1.4",2,"and","saved_reference","savedFilter",,,"Saved filter: UCSD Physical Filters","UCSD Physical Filters","/shared/University of California System 01UCS_NETWORK/Reports/Local Requests/Annual Statistic Reports/Annual Stats FY 2025-2026/UCSD Physical Filters",,
205,"UCSF Risk Management Report","Physical Items","/shared/University of California System 01UCS_NETWORK/Reports/Local Requests/Annual Statistic Reports/Annual Stats FY 2025-2026/Final stats reports (for July 1)/Risk Management/UCSF Risk Management Report",1,"1.1",2,"and","inline","list","in","""Institution"".""Institution Name""","""Institution"".""Institution Name"" IN (6532, 6533, 6536)",,,3,"6532 | 6533 | 6536"
205,"UCSF Risk Management Report","Physical Items","/shared/University of California System 01UCS_NETWORK/Reports/Local Requests/Annual Statistic Reports/Annual Stats FY 2025-2026/Final stats reports (for July 1)/Risk Management/UCSF Risk Management Report",2,"1.2",2,"and","inline","list","in","""Institution"".""Institution Name""","""Institution"".""Institution Name"" IN ('SLF-N', 'SLF-S', 'UCSF')",,,3,"SLF-N | SLF-S | UCSF"
205,"UCSF Risk Management Report","Physical Items","/shared/University of California System 01UCS_NETWORK/Reports/Local Requests/Annual Statistic Reports/Annual Stats FY 2025-2026/Final stats reports (for July 1)/Risk Management/UCSF Risk Management Report",3,"1.3",2,"and","saved_reference","savedFilter",,,"Saved filter: Global stats physical filters","Global stats physical filters","/shared/University of California System 01UCS_NETWORK/Reports/Local Requests/Annual Statistic Reports/Annual Stats FY 2025-2026/Global stats physical filters",,
205,"UCSF Risk Management Report","Physical Items","/shared/University of California System 01UCS_NETWORK/Reports/Local Requests/Annual Statistic Reports/Annual Stats FY 2025-2026/Final stats reports (for July 1)/Risk Management/UCSF Risk Management Report",4,"1.4",2,"and","saved_reference","savedFilter",,,"Saved filter: UCSF Physical Filters","UCSF Physical Filters","/shared/University of California System 01UCS_NETWORK/Reports/Local Requests/Annual Statistic Reports/Annual Stats FY 2025-2026/UCSF Physical Filters",,
206,"UCSD eResources Library Categorization Report","E-Inventory","/shared/University of California System 01UCS_NETWORK/Reports/Local Requests/Annual Statistic Reports/Annual Stats FY 2025-2026/Preparation review reports/Electronic preparation review reports/UCSD eResources Library Categorization Report",1,"1",1,,"inline","comparison","equal","""Institution"".""Institution Name""","""Institution"".""Institution Name"" = 6535",,,1,"6535"
207,"UCSD Electronic Holdings and Titles Report","E-Inventory","/shared/University of California System 01UCS_NETWORK/Reports/Local Requests/Annual Statistic Reports/Annual Stats FY 2025-2026/Final stats reports (for July 1)/Electronic/UCSD Electronic Holdings and Titles Report",1,"1.1",2,"and","inline","list","in","""Institution"".""Institution Name""","""Institution"".""Institution Name"" IN (6535, 6531)",,,2,"6535 | 6531"
207,"UCSD Electronic Holdings and Titles Report","E-Inventory","/shared/University of California System 01UCS_NETWORK/Reports/Local Requests/Annual Statistic Reports/Annual Stats FY 2025-2026/Final stats reports (for July 1)/Electronic/UCSD Electronic Holdings and Titles Report",2,"1.2",2,"and","inline","list","in","""Institution"".""Institution Name""","""Institution"".""Institution Name"" IN ('Managed by CDL', 'Managed by UCSD')",,,2,"Managed by CDL | Managed by UCSD"
208,"UCSF Physical Collection Usage","Fulfillment","/shared/University of California System 01UCS_NETWORK/Reports/Local Requests/Annual Statistic Reports/Annual Stats FY 2025-2026/Final stats reports (for July 1)/Physical Collection Usage/UCSF Physical Collection Usage",1,"1.1",2,"and","inline","comparison","equal","""Institution"".""Institution Name""","""Institution"".""Institution Name"" = 6536",,,1,"6536"
208,"UCSF Physical Collection Usage","Fulfillment","/shared/University of California System 01UCS_NETWORK/Reports/Local Requests/Annual Statistic Reports/Annual Stats FY 2025-2026/Final stats reports (for July 1)/Physical Collection Usage/UCSF Physical Collection Usage",2,"1.2",2,"and","saved_reference","savedFilter",,,"Saved filter: Fulfillment - FY 2025-26 Loans","Fulfillment - FY 2025-26 Loans","/shared/University of California System 01UCS_NETWORK/Reports/Local Requests/Annual Statistic Reports/Annual Stats FY 2025-2026/Fulfillment - FY 2025-26 Loans",,
208,"UCSF Physical Collection Usage","Fulfillment","/shared/University of California System 01UCS_NETWORK/Reports/Local Requests/Annual Statistic Reports/Annual Stats FY 2025-2026/Final stats reports (for July 1)/Physical Collection Usage/UCSF Physical Collection Usage",3,"1.3",2,"and","inline","comparison","greater","""Loan"".""Loans (Not In House)""","""Loan"".""Loans (Not In House)"" > 0",,,1,"0"
211,"UCSF eResources Library Categorization Report","E-Inventory","/shared/University of California System 01UCS_NETWORK/Reports/Local Requests/Annual Statistic Reports/Annual Stats FY 2025-2026/Preparation review reports/Electronic preparation review reports/UCSF eResources Library Categorization Report",1,"1",1,,"inline","comparison","equal","""Institution"".""Institution Name""","""Institution"".""Institution Name"" = 6536",,,1,"6536"
212,"UCM User Group categorization report","Fulfillment","/shared/University of California System 01UCS_NETWORK/Reports/Local Requests/Annual Statistic Reports/Annual Stats FY 2025-2026/Preparation review reports/Fulfillment preparation review reports/UCM User Group categorization report",1,"1",1,,"inline","comparison","equal","""Institution"".""Institution Name""","""Institution"".""Institution Name"" = 6534",,,1,"6534"
213,"UCSF Library Categorization Report","Physical Items","/shared/University of California System 01UCS_NETWORK/Reports/Local Requests/Annual Statistic Reports/Annual Stats FY 2025-2026/Preparation review reports/Physical preparation review reports/UCSF Library Categorization Report",1,"1.1",2,"and","inline","list","in","""Institution"".""Institution Name""","""Institution"".""Institution Name"" IN (6532, 6533, 6536)",,,3,"6532 | 6533 | 6536"
213,"UCSF Library Categorization Report","Physical Items","/shared/University of California System 01UCS_NETWORK/Reports/Local Requests/Annual Statistic Reports/Annual Stats FY 2025-2026/Preparation review reports/Physical preparation review reports/UCSF Library Categorization Report",2,"1.2",2,"and","inline","list","in","""Institution"".""Institution Name""","""Institution"".""Institution Name"" IN ('SLF-N', 'SLF-S', 'UCSF')",,,3,"SLF-N | SLF-S | UCSF"
213,"UCSF Library Categorization Report","Physical Items","/shared/University of California System 01UCS_NETWORK/Reports/Local Requests/Annual Statistic Reports/Annual Stats FY 2025-2026/Preparation review reports/Physical preparation review reports/UCSF Library Categorization Report",3,"1.3",2,"and","saved_reference","savedFilter",,,"Saved filter: Global stats physical filters","Global stats physical filters","/shared/University of California System 01UCS_NETWORK/Reports/Local Requests/Annual Statistic Reports/Annual Stats FY 2025-2026/Global stats physical filters",,
213,"UCSF Library Categorization Report","Physical Items","/shared/University of California System 01UCS_NETWORK/Reports/Local Requests/Annual Statistic Reports/Annual Stats FY 2025-2026/Preparation review reports/Physical preparation review reports/UCSF Library Categorization Report",4,"1.4",2,"and","saved_reference","savedFilter",,,"Saved filter: UCSF Physical Filters","UCSF Physical Filters","/shared/University of California System 01UCS_NETWORK/Reports/Local Requests/Annual Statistic Reports/Annual Stats FY 2025-2026/UCSF Physical Filters",,
214,"UCSF Electronic Holdings and Titles Report","E-Inventory","/shared/University of California System 01UCS_NETWORK/Reports/Local Requests/Annual Statistic Reports/Annual Stats FY 2025-2026/Final stats reports (for July 1)/Electronic/UCSF Electronic Holdings and Titles Report",1,"1.1",2,"and","inline","list","in","""Institution"".""Institution Name""","""Institution"".""Institution Name"" IN (6536, 6531)",,,2,"6536 | 6531"
214,"UCSF Electronic Holdings and Titles Report","E-Inventory","/shared/University of California System 01UCS_NETWORK/Reports/Local Requests/Annual Statistic Reports/Annual Stats FY 2025-2026/Final stats reports (for July 1)/Electronic/UCSF Electronic Holdings and Titles Report",2,"1.2",2,"and","inline","list","in","""Institution"".""Institution Name""","""Institution"".""Institution Name"" IN ('Managed by CDL', 'Managed by UCSF')",,,2,"Managed by CDL | Managed by UCSF"
215,"UCSF eResources Comparison Report","E-Inventory","/shared/University of California System 01UCS_NETWORK/Reports/Local Requests/Annual Statistic Reports/Annual Stats FY 2025-2026/Final stats reports (for July 1)/eResources Comparison/UCSF eResources Comparison Report",1,"1.1",2,"and","inline","list","in","""Institution"".""Institution Name""","""Institution"".""Institution Name"" IN (6536, 6531)",,,2,"6536 | 6531"
215,"UCSF eResources Comparison Report","E-Inventory","/shared/University of California System 01UCS_NETWORK/Reports/Local Requests/Annual Statistic Reports/Annual Stats FY 2025-2026/Final stats reports (for July 1)/eResources Comparison/UCSF eResources Comparison Report",2,"1.2",2,"and","inline","list","in","""Institution"".""Institution Name""","""Institution"".""Institution Name"" IN ('Managed by CDL', 'Managed by UCSF')",,,2,"Managed by CDL | Managed by UCSF"
216,"UCI Physical Holdings and Titles Report","Physical Items","/shared/University of California System 01UCS_NETWORK/Reports/Local Requests/Annual Statistic Reports/Annual Stats FY 2025-2026/Final stats reports (for July 1)/Physical/UCI Physical Holdings and Titles Report",1,"1.1",2,"and","inline","list","in","""Institution"".""Institution Name""","""Institution"".""Institution Name"" IN (6532, 4701, 6533)",,,3,"6532 | 4701 | 6533"
216,"UCI Physical Holdings and Titles Report","Physical Items","/shared/University of California System 01UCS_NETWORK/Reports/Local Requests/Annual Statistic Reports/Annual Stats FY 2025-2026/Final stats reports (for July 1)/Physical/UCI Physical Holdings and Titles Report",2,"1.2",2,"and","inline","list","in","""Institution"".""Institution Name""","""Institution"".""Institution Name"" IN ('SLF-N', 'SLF-S', 'UCI')",,,3,"SLF-N | SLF-S | UCI"
216,"UCI Physical Holdings and Titles Report","Physical Items","/shared/University of California System 01UCS_NETWORK/Reports/Local Requests/Annual Statistic Reports/Annual Stats FY 2025-2026/Final stats reports (for July 1)/Physical/UCI Physical Holdings and Titles Report",3,"1.3",2,"and","saved_reference","savedFilter",,,"Saved filter: Global stats physical filters","Global stats physical filters","/shared/University of California System 01UCS_NETWORK/Reports/Local Requests/Annual Statistic Reports/Annual Stats FY 2025-2026/Global stats physical filters",,
216,"UCI Physical Holdings and Titles Report","Physical Items","/shared/University of California System 01UCS_NETWORK/Reports/Local Requests/Annual Statistic Reports/Annual Stats FY 2025-2026/Final stats reports (for July 1)/Physical/UCI Physical Holdings and Titles Report",4,"1.4",2,"and","saved_reference","savedFilter",,,"Saved filter: UCI Physical Filters","UCI Physical Filters","/shared/University of California System 01UCS_NETWORK/Reports/Local Requests/Annual Statistic Reports/Annual Stats FY 2025-2026/UCI Physical Filters",,
216,"UCI Physical Holdings and Titles Report","Physical Items","/shared/University of California System 01UCS_NETWORK/Reports/Local Requests/Annual Statistic Reports/Annual Stats FY 2025-2026/Final stats reports (for July 1)/Physical/UCI Physical Holdings and Titles Report",5,"1.5",2,"and","saved_reference","savedFilter",,,"Saved filter: UCI SCA Exclusions","UCI SCA Exclusions","/shared/University of California System 01UCS_NETWORK/Reports/Local Requests/Annual Statistic Reports/Annual Stats FY 2025-2026/UCI SCA Exclusions",,
219,"UCI Physical Holdings and Titles Report - all data with all exclusions noted","Physical Items","/shared/University of California System 01UCS_NETWORK/Reports/Local Requests/Annual Statistic Reports/Annual Stats FY 2025-2026/Final stats reports (for July 1)/Physical/UCI Physical Holdings and Titles Report - all data with all exclusions noted",1,"1",1,,"inline","comparison","equal","""Institution"".""Institution Name""","""Institution"".""Institution Name"" = 4701",,,1,"4701"
220,"UCR Check-Out Type Categorization Report","Fulfillment","/shared/University of California System 01UCS_NETWORK/Reports/Local Requests/Annual Statistic Reports/Annual Stats FY 2025-2026/Preparation review reports/Fulfillment preparation review reports/UCR Check-Out Type Categorization Report",1,"1.1",2,"and","inline","comparison","equal","""Institution"".""Institution Name""","""Institution"".""Institution Name"" = 4706",,,1,"4706"
220,"UCR Check-Out Type Categorization Report","Fulfillment","/shared/University of California System 01UCS_NETWORK/Reports/Local Requests/Annual Statistic Reports/Annual Stats FY 2025-2026/Preparation review reports/Fulfillment preparation review reports/UCR Check-Out Type Categorization Report",2,"1.2",2,"and","saved_reference","savedFilter",,,"Saved filter: FY 2025-26 Loans","FY 2025-26 Loans","/shared/University of California System 01UCS_NETWORK/Reports/Local Requests/Annual Statistic Reports/Annual Stats FY 2025-2026/FY 2025-26 Loans",,
220,"UCR Check-Out Type Categorization Report","Fulfillment","/shared/University of California System 01UCS_NETWORK/Reports/Local Requests/Annual Statistic Reports/Annual Stats FY 2025-2026/Preparation review reports/Fulfillment preparation review reports/UCR Check-Out Type Categorization Report",3,"1.3",2,"and","inline","comparison","equal","""Loan Details"".""In House Loan Indicator""","""Loan Details"".""In House Loan Indicator"" = 'N'",,,1,"N"
221,"UCR User Group categorization report","Fulfillment","/shared/University of California System 01UCS_NETWORK/Reports/Local Requests/Annual Statistic Reports/Annual Stats FY 2025-2026/Preparation review reports/Fulfillment preparation review reports/UCR User Group categorization report",1,"1",1,,"inline","comparison","equal","""Institution"".""Institution Name""","""Institution"".""Institution Name"" = 4706",,,1,"4706"
223,"UCLA Physical Holdings and Titles Report","Physical Items","/shared/University of California System 01UCS_NETWORK/Reports/Local Requests/Annual Statistic Reports/Annual Stats FY 2025-2026/Final stats reports (for July 1)/Physical/UCLA Physical Holdings and Titles Report",1,"1.1",2,"and","inline","list","in","""Institution"".""Institution Name""","""Institution"".""Institution Name"" IN (6532, 6533)",,,2,"6532 | 6533"
223,"UCLA Physical Holdings and Titles Report","Physical Items","/shared/University of California System 01UCS_NETWORK/Reports/Local Requests/Annual Statistic Reports/Annual Stats FY 2025-2026/Final stats reports (for July 1)/Physical/UCLA Physical Holdings and Titles Report",2,"1.2",2,"and","saved_reference","savedFilter",,,"Saved filter: Global stats physical filters","Global stats physical filters","/shared/University of California System 01UCS_NETWORK/Reports/Local Requests/Annual Statistic Reports/Annual Stats FY 2025-2026/Global stats physical filters",,
223,"UCLA Physical Holdings and Titles Report","Physical Items","/shared/University of California System 01UCS_NETWORK/Reports/Local Requests/Annual Statistic Reports/Annual Stats FY 2025-2026/Final stats reports (for July 1)/Physical/UCLA Physical Holdings and Titles Report",3,"1.3",2,"and","saved_reference","savedFilter",,,"Saved filter: UCLA Physical Filters","UCLA Physical Filters","/shared/University of California System 01UCS_NETWORK/Reports/Local Requests/Annual Statistic Reports/Annual Stats FY 2025-2026/UCLA Physical Filters",,
223,"UCLA Physical Holdings and Titles Report","Physical Items","/shared/University of California System 01UCS_NETWORK/Reports/Local Requests/Annual Statistic Reports/Annual Stats FY 2025-2026/Final stats reports (for July 1)/Physical/UCLA Physical Holdings and Titles Report",4,"1.4",2,"and","saved_reference","savedFilter",,,"Saved filter: UCLA SCA Exclusions","UCLA SCA Exclusions","/shared/University of California System 01UCS_NETWORK/Reports/Local Requests/Annual Statistic Reports/Annual Stats FY 2025-2026/UCLA SCA Exclusions",,
223,"UCLA Physical Holdings and Titles Report","Physical Items","/shared/University of California System 01UCS_NETWORK/Reports/Local Requests/Annual Statistic Reports/Annual Stats FY 2025-2026/Final stats reports (for July 1)/Physical/UCLA Physical Holdings and Titles Report",5,"1.5",2,"and","inline","list","in","""Institution"".""Institution Name""","""Institution"".""Institution Name"" IN ('SLF-N', 'SLF-S', 'UCLA')",,,3,"SLF-N | SLF-S | UCLA"
225,"UCM Physical Holdings and Titles Report","Physical Items","/shared/University of California System 01UCS_NETWORK/Reports/Local Requests/Annual Statistic Reports/Annual Stats FY 2025-2026/Final stats reports (for July 1)/Physical/UCM Physical Holdings and Titles Report",1,"1.1",2,"and","inline","list","in","""Institution"".""Institution Name""","""Institution"".""Institution Name"" IN (6532, 6533, 6534)",,,3,"6532 | 6533 | 6534"
225,"UCM Physical Holdings and Titles Report","Physical Items","/shared/University of California System 01UCS_NETWORK/Reports/Local Requests/Annual Statistic Reports/Annual Stats FY 2025-2026/Final stats reports (for July 1)/Physical/UCM Physical Holdings and Titles Report",2,"1.2",2,"and","inline","list","in","""Institution"".""Institution Name""","""Institution"".""Institution Name"" IN ('SLF-S', 'UCM')",,,2,"SLF-S | UCM"
225,"UCM Physical Holdings and Titles Report","Physical Items","/shared/University of California System 01UCS_NETWORK/Reports/Local Requests/Annual Statistic Reports/Annual Stats FY 2025-2026/Final stats reports (for July 1)/Physical/UCM Physical Holdings and Titles Report",3,"1.3",2,"and","saved_reference","savedFilter",,,"Saved filter: Global stats physical filters","Global stats physical filters","/shared/University of California System 01UCS_NETWORK/Reports/Local Requests/Annual Statistic Reports/Annual Stats FY 2025-2026/Global stats physical filters",,
227,"UCR Physical Holdings and Titles Report","Physical Items","/shared/University of California System 01UCS_NETWORK/Reports/Local Requests/Annual Statistic Reports/Annual Stats FY 2025-2026/Final stats reports (for July 1)/Physical/UCR Physical Holdings and Titles Report",1,"1.1",2,"and","inline","list","in","""Institution"".""Institution Name""","""Institution"".""Institution Name"" IN (6532, 6533, 4706)",,,3,"6532 | 6533 | 4706"
227,"UCR Physical Holdings and Titles Report","Physical Items","/shared/University of California System 01UCS_NETWORK/Reports/Local Requests/Annual Statistic Reports/Annual Stats FY 2025-2026/Final stats reports (for July 1)/Physical/UCR Physical Holdings and Titles Report",2,"1.2",2,"and","inline","list","in","""Institution"".""Institution Name""","""Institution"".""Institution Name"" IN ('SLF-N', 'SLF-S', 'UCR')",,,3,"SLF-N | SLF-S | UCR"
227,"UCR Physical Holdings and Titles Report","Physical Items","/shared/University of California System 01UCS_NETWORK/Reports/Local Requests/Annual Statistic Reports/Annual Stats FY 2025-2026/Final stats reports (for July 1)/Physical/UCR Physical Holdings and Titles Report",3,"1.3",2,"and","saved_reference","savedFilter",,,"Saved filter: Global stats physical filters","Global stats physical filters","/shared/University of California System 01UCS_NETWORK/Reports/Local Requests/Annual Statistic Reports/Annual Stats FY 2025-2026/Global stats physical filters",,
227,"UCR Physical Holdings and Titles Report","Physical Items","/shared/University of California System 01UCS_NETWORK/Reports/Local Requests/Annual Statistic Reports/Annual Stats FY 2025-2026/Final stats reports (for July 1)/Physical/UCR Physical Holdings and Titles Report",4,"1.4",2,"and","saved_reference","savedFilter",,,"Saved filter: UCR Physical Filters","UCR Physical Filters","/shared/University of California System 01UCS_NETWORK/Reports/Local Requests/Annual Statistic Reports/Annual Stats FY 2025-2026/UCR Physical Filters",,
227,"UCR Physical Holdings and Titles Report","Physical Items","/shared/University of California System 01UCS_NETWORK/Reports/Local Requests/Annual Statistic Reports/Annual Stats FY 2025-2026/Final stats reports (for July 1)/Physical/UCR Physical Holdings and Titles Report",5,"1.5",2,"and","saved_reference","savedFilter",,,"Saved filter: UCR SCA exclusions","UCR SCA exclusions","/shared/University of California System 01UCS_NETWORK/Reports/Local Requests/Annual Statistic Reports/Annual Stats FY 2025-2026/UCR SCA exclusions",,
228,"UCSB Check-Out Type Categorization Report","Fulfillment","/shared/University of California System 01UCS_NETWORK/Reports/Local Requests/Annual Statistic Reports/Annual Stats FY 2025-2026/Preparation review reports/Fulfillment preparation review reports/UCSB Check-Out Type Categorization Report",1,"1.1",2,"and","inline","comparison","equal","""Institution"".""Institution Name""","""Institution"".""Institution Name"" = 3776",,,1,"3776"
228,"UCSB Check-Out Type Categorization Report","Fulfillment","/shared/University of California System 01UCS_NETWORK/Reports/Local Requests/Annual Statistic Reports/Annual Stats FY 2025-2026/Preparation review reports/Fulfillment preparation review reports/UCSB Check-Out Type Categorization Report",2,"1.2",2,"and","saved_reference","savedFilter",,,"Saved filter: FY 2025-26 Loans","FY 2025-26 Loans","/shared/University of California System 01UCS_NETWORK/Reports/Local Requests/Annual Statistic Reports/Annual Stats FY 2025-2026/FY 2025-26 Loans",,
228,"UCSB Check-Out Type Categorization Report","Fulfillment","/shared/University of California System 01UCS_NETWORK/Reports/Local Requests/Annual Statistic Reports/Annual Stats FY 2025-2026/Preparation review reports/Fulfillment preparation review reports/UCSB Check-Out Type Categorization Report",3,"1.3",2,"and","inline","comparison","equal","""Loan Details"".""In House Loan Indicator""","""Loan Details"".""In House Loan Indicator"" = 'N'",,,1,"N"
230,"UCSB Physical Holdings and Titles Report","Physical Items","/shared/University of California System 01UCS_NETWORK/Reports/Local Requests/Annual Statistic Reports/Annual Stats FY 2025-2026/Final stats reports (for July 1)/Physical/UCSB Physical Holdings and Titles Report",1,"1.1",2,"and","inline","list","in","""Institution"".""Institution Name""","""Institution"".""Institution Name"" IN (6532, 6533, 3776)",,,3,"6532 | 6533 | 3776"
230,"UCSB Physical Holdings and Titles Report","Physical Items","/shared/University of California System 01UCS_NETWORK/Reports/Local Requests/Annual Statistic Reports/Annual Stats FY 2025-2026/Final stats reports (for July 1)/Physical/UCSB Physical Holdings and Titles Report",2,"1.2",2,"and","inline","list","in","""Institution"".""Institution Name""","""Institution"".""Institution Name"" IN ('SLF-N', 'SLF-S', 'UCSB')",,,3,"SLF-N | SLF-S | UCSB"
230,"UCSB Physical Holdings and Titles Report","Physical Items","/shared/University of California System 01UCS_NETWORK/Reports/Local Requests/Annual Statistic Reports/Annual Stats FY 2025-2026/Final stats reports (for July 1)/Physical/UCSB Physical Holdings and Titles Report",3,"1.3",2,"and","saved_reference","savedFilter",,,"Saved filter: Global stats physical filters","Global stats physical filters","/shared/University of California System 01UCS_NETWORK/Reports/Local Requests/Annual Statistic Reports/Annual Stats FY 2025-2026/Global stats physical filters",,
230,"UCSB Physical Holdings and Titles Report","Physical Items","/shared/University of California System 01UCS_NETWORK/Reports/Local Requests/Annual Statistic Reports/Annual Stats FY 2025-2026/Final stats reports (for July 1)/Physical/UCSB Physical Holdings and Titles Report",4,"1.4",2,"and","saved_reference","savedFilter",,,"Saved filter: UCSB Physical filters","UCSB Physical filters","/shared/University of California System 01UCS_NETWORK/Reports/Local Requests/Annual Statistic Reports/Annual Stats FY 2025-2026/UCSB Physical filters",,
231,"UCSB User Group Categorization Report","Fulfillment","/shared/University of California System 01UCS_NETWORK/Reports/Local Requests/Annual Statistic Reports/Annual Stats FY 2025-2026/Preparation review reports/Fulfillment preparation review reports/UCSB User Group Categorization Report",1,"1",1,,"inline","comparison","equal","""Institution"".""Institution Name""","""Institution"".""Institution Name"" = 3776",,,1,"3776"
232,"UCSC Physical Holdings and Titles Report","Physical Items","/shared/University of California System 01UCS_NETWORK/Reports/Local Requests/Annual Statistic Reports/Annual Stats FY 2025-2026/Final stats reports (for July 1)/Physical/UCSC Physical Holdings and Titles Report",1,"1.1",2,"and","inline","list","in","""Institution"".""Institution Name""","""Institution"".""Institution Name"" IN (6532, 6533, 4876)",,,3,"6532 | 6533 | 4876"
232,"UCSC Physical Holdings and Titles Report","Physical Items","/shared/University of California System 01UCS_NETWORK/Reports/Local Requests/Annual Statistic Reports/Annual Stats FY 2025-2026/Final stats reports (for July 1)/Physical/UCSC Physical Holdings and Titles Report",2,"1.2",2,"and","inline","list","in","""Institution"".""Institution Name""","""Institution"".""Institution Name"" IN ('SLF-N', 'SLF-S', 'UCSC')",,,3,"SLF-N | SLF-S | UCSC"
232,"UCSC Physical Holdings and Titles Report","Physical Items","/shared/University of California System 01UCS_NETWORK/Reports/Local Requests/Annual Statistic Reports/Annual Stats FY 2025-2026/Final stats reports (for July 1)/Physical/UCSC Physical Holdings and Titles Report",3,"1.3",2,"and","saved_reference","savedFilter",,,"Saved filter: Global stats physical filters","Global stats physical filters","/shared/University of California System 01UCS_NETWORK/Reports/Local Requests/Annual Statistic Reports/Annual Stats FY 2025-2026/Global stats physical filters",,
232,"UCSC Physical Holdings and Titles Report","Physical Items","/shared/University of California System 01UCS_NETWORK/Reports/Local Requests/Annual Statistic Reports/Annual Stats FY 2025-2026/Final stats reports (for July 1)/Physical/UCSC Physical Holdings and Titles Report",4,"1.4",2,"and","saved_reference","savedFilter",,,"Saved filter: UCSC Physical Filters","UCSC Physical Filters","/shared/University of California System 01UCS_NETWORK/Reports/Local Requests/Annual Statistic Reports/Annual Stats FY 2025-2026/UCSC Physical Filters",,
232,"UCSC Physical Holdings and Titles Report","Physical Items","/shared/University of California System 01UCS_NETWORK/Reports/Local Requests/Annual Statistic Reports/Annual Stats FY 2025-2026/Final stats reports (for July 1)/Physical/UCSC Physical Holdings and Titles Report",5,"1.5",2,"and","saved_reference","savedFilter",,,"Saved filter: UCSC SCA Exclusions","UCSC SCA Exclusions","/shared/University of California System 01UCS_NETWORK/Reports/Local Requests/Annual Statistic Reports/Annual Stats FY 2025-2026/UCSC SCA Exclusions",,
234,"UCSD Physical Holdings and Titles Report","Physical Items","/shared/University of California System 01UCS_NETWORK/Reports/Local Requests/Annual Statistic Reports/Annual Stats FY 2025-2026/Final stats reports (for July 1)/Physical/UCSD Physical Holdings and Titles Report",1,"1.1",2,"and","inline","list","in","""Institution"".""Institution Name""","""Institution"".""Institution Name"" IN (6535, 6532, 6533)",,,3,"6535 | 6532 | 6533"
234,"UCSD Physical Holdings and Titles Report","Physical Items","/shared/University of California System 01UCS_NETWORK/Reports/Local Requests/Annual Statistic Reports/Annual Stats FY 2025-2026/Final stats reports (for July 1)/Physical/UCSD Physical Holdings and Titles Report",2,"1.2",2,"and","inline","list","in","""Institution"".""Institution Name""","""Institution"".""Institution Name"" IN ('SLF-N', 'SLF-S', 'UCSD')",,,3,"SLF-N | SLF-S | UCSD"
234,"UCSD Physical Holdings and Titles Report","Physical Items","/shared/University of California System 01UCS_NETWORK/Reports/Local Requests/Annual Statistic Reports/Annual Stats FY 2025-2026/Final stats reports (for July 1)/Physical/UCSD Physical Holdings and Titles Report",3,"1.3",2,"and","saved_reference","savedFilter",,,"Saved filter: Global stats physical filters","Global stats physical filters","/shared/University of California System 01UCS_NETWORK/Reports/Local Requests/Annual Statistic Reports/Annual Stats FY 2025-2026/Global stats physical filters",,
234,"UCSD Physical Holdings and Titles Report","Physical Items","/shared/University of California System 01UCS_NETWORK/Reports/Local Requests/Annual Statistic Reports/Annual Stats FY 2025-2026/Final stats reports (for July 1)/Physical/UCSD Physical Holdings and Titles Report",4,"1.4",2,"and","saved_reference","savedFilter",,,"Saved filter: Physical - UCSD Physical Filters","Physical - UCSD Physical Filters","/shared/University of California System 01UCS_NETWORK/Reports/Local Requests/Annual Statistic Reports/Annual Stats FY 2025-2026/Physical - UCSD Physical Filters",,
234,"UCSD Physical Holdings and Titles Report","Physical Items","/shared/University of California System 01UCS_NETWORK/Reports/Local Requests/Annual Statistic Reports/Annual Stats FY 2025-2026/Final stats reports (for July 1)/Physical/UCSD Physical Holdings and Titles Report",5,"1.5",2,"and","saved_reference","savedFilter",,,"Saved filter: Physical - UCSD SCA Exclusions","Physical - UCSD SCA Exclusions","/shared/University of California System 01UCS_NETWORK/Reports/Local Requests/Annual Statistic Reports/Annual Stats FY 2025-2026/Physical - UCSD SCA Exclusions",,
236,"UCSC Check-Out Type Categorization Report","Fulfillment","/shared/University of California System 01UCS_NETWORK/Reports/Local Requests/Annual Statistic Reports/Annual Stats FY 2025-2026/Preparation review reports/Fulfillment preparation review reports/UCSC Check-Out Type Categorization Report",1,"1.1",2,"and","inline","comparison","equal","""Institution"".""Institution Name""","""Institution"".""Institution Name"" = 4876",,,1,"4876"
236,"UCSC Check-Out Type Categorization Report","Fulfillment","/shared/University of California System 01UCS_NETWORK/Reports/Local Requests/Annual Statistic Reports/Annual Stats FY 2025-2026/Preparation review reports/Fulfillment preparation review reports/UCSC Check-Out Type Categorization Report",2,"1.2",2,"and","saved_reference","savedFilter",,,"Saved filter: FY 2025-26 Loans","FY 2025-26 Loans","/shared/University of California System 01UCS_NETWORK/Reports/Local Requests/Annual Statistic Reports/Annual Stats FY 2025-2026/FY 2025-26 Loans",,
236,"UCSC Check-Out Type Categorization Report","Fulfillment","/shared/University of California System 01UCS_NETWORK/Reports/Local Requests/Annual Statistic Reports/Annual Stats FY 2025-2026/Preparation review reports/Fulfillment preparation review reports/UCSC Check-Out Type Categorization Report",3,"1.3",2,"and","inline","comparison","equal","""Loan Details"".""In House Loan Indicator""","""Loan Details"".""In House Loan Indicator"" = 'N'",,,1,"N"
237,"UCSC User Group Categorization Report","Fulfillment","/shared/University of California System 01UCS_NETWORK/Reports/Local Requests/Annual Statistic Reports/Annual Stats FY 2025-2026/Preparation review reports/Fulfillment preparation review reports/UCSC User Group Categorization Report",1,"1",1,,"inline","comparison","equal","""Institution"".""Institution Name""","""Institution"".""Institution Name"" = 4876",,,1,"4876"
238,"UCSF Physical Holdings and Titles Report","Physical Items","/shared/University of California System 01UCS_NETWORK/Reports/Local Requests/Annual Statistic Reports/Annual Stats FY 2025-2026/Final stats reports (for July 1)/Physical/UCSF Physical Holdings and Titles Report",1,"1.1",2,"and","inline","list","in","""Institution"".""Institution Name""","""Institution"".""Institution Name"" IN (6532, 6533, 6536)",,,3,"6532 | 6533 | 6536"
238,"UCSF Physical Holdings and Titles Report","Physical Items","/shared/University of California System 01UCS_NETWORK/Reports/Local Requests/Annual Statistic Reports/Annual Stats FY 2025-2026/Final stats reports (for July 1)/Physical/UCSF Physical Holdings and Titles Report",2,"1.2",2,"and","inline","list","in","""Institution"".""Institution Name""","""Institution"".""Institution Name"" IN ('SLF-N', 'SLF-S', 'UCSF')",,,3,"SLF-N | SLF-S | UCSF"
238,"UCSF Physical Holdings and Titles Report","Physical Items","/shared/University of California System 01UCS_NETWORK/Reports/Local Requests/Annual Statistic Reports/Annual Stats FY 2025-2026/Final stats reports (for July 1)/Physical/UCSF Physical Holdings and Titles Report",3,"1.3",2,"and","saved_reference","savedFilter",,,"Saved filter: Global stats physical filters","Global stats physical filters","/shared/University of California System 01UCS_NETWORK/Reports/Local Requests/Annual Statistic Reports/Annual Stats FY 2025-2026/Global stats physical filters",,
238,"UCSF Physical Holdings and Titles Report","Physical Items","/shared/University of California System 01UCS_NETWORK/Reports/Local Requests/Annual Statistic Reports/Annual Stats FY 2025-2026/Final stats reports (for July 1)/Physical/UCSF Physical Holdings and Titles Report",4,"1.4",2,"and","saved_reference","savedFilter",,,"Saved filter: UCSF Physical Filters","UCSF Physical Filters","/shared/University of California System 01UCS_NETWORK/Reports/Local Requests/Annual Statistic Reports/Annual Stats FY 2025-2026/UCSF Physical Filters",,
241,"zz_old_UCI testing updated SCA exclusion filter","Physical Items","/shared/University of California System 01UCS_NETWORK/Reports/Local Requests/Annual Statistic Reports/Annual Stats FY 2025-2026/Final stats reports (for July 1)/Physical/zz_old_UCI testing updated SCA exclusion filter",1,"1.1",2,"and","inline","comparison","equal","""Institution"".""Institution Name""","""Institution"".""Institution Name"" = 4701",,,1,"4701"
241,"zz_old_UCI testing updated SCA exclusion filter","Physical Items","/shared/University of California System 01UCS_NETWORK/Reports/Local Requests/Annual Statistic Reports/Annual Stats FY 2025-2026/Final stats reports (for July 1)/Physical/zz_old_UCI testing updated SCA exclusion filter",2,"1.2",2,"and","saved_reference","savedFilter",,,"Saved filter: Physical - Global stats physical filters","Physical - Global stats physical filters","/shared/University of California System 01UCS_NETWORK/Reports/Local Requests/Annual Statistic Reports/Annual Stats FY 2025-2026/Physical - Global stats physical filters",,
241,"zz_old_UCI testing updated SCA exclusion filter","Physical Items","/shared/University of California System 01UCS_NETWORK/Reports/Local Requests/Annual Statistic Reports/Annual Stats FY 2025-2026/Final stats reports (for July 1)/Physical/zz_old_UCI testing updated SCA exclusion filter",3,"1.3",2,"and","saved_reference","savedFilter",,,"Saved filter: Physical - UCI Physical Filters","Physical - UCI Physical Filters","/shared/University of California System 01UCS_NETWORK/Reports/Local Requests/Annual Statistic Reports/Annual Stats FY 2025-2026/Physical - UCI Physical Filters",,
241,"zz_old_UCI testing updated SCA exclusion filter","Physical Items","/shared/University of California System 01UCS_NETWORK/Reports/Local Requests/Annual Statistic Reports/Annual Stats FY 2025-2026/Final stats reports (for July 1)/Physical/zz_old_UCI testing updated SCA exclusion filter",4,"1.4",2,"and","saved_reference","savedFilter",,,"Saved filter: Physical - UCI SCA Exclusions WITH IS NULL","Physical - UCI SCA Exclusions WITH IS NULL","/shared/University of California System 01UCS_NETWORK/Reports/Local Requests/Annual Statistic Reports/Annual Stats FY 2025-2026/Physical - UCI SCA Exclusions WITH IS NULL",,
243,"UCSD Check-Out Type Categorization Report","Fulfillment","/shared/University of California System 01UCS_NETWORK/Reports/Local Requests/Annual Statistic Reports/Annual Stats FY 2025-2026/Preparation review reports/Fulfillment preparation review reports/UCSD Check-Out Type Categorization Report",1,"1.1",2,"and","inline","comparison","equal","""Institution"".""Institution Name""","""Institution"".""Institution Name"" = 6535",,,1,"6535"
243,"UCSD Check-Out Type Categorization Report","Fulfillment","/shared/University of California System 01UCS_NETWORK/Reports/Local Requests/Annual Statistic Reports/Annual Stats FY 2025-2026/Preparation review reports/Fulfillment preparation review reports/UCSD Check-Out Type Categorization Report",2,"1.2",2,"and","saved_reference","savedFilter",,,"Saved filter: FY 2025-26 Loans","FY 2025-26 Loans","/shared/University of California System 01UCS_NETWORK/Reports/Local Requests/Annual Statistic Reports/Annual Stats FY 2025-2026/FY 2025-26 Loans",,
243,"UCSD Check-Out Type Categorization Report","Fulfillment","/shared/University of California System 01UCS_NETWORK/Reports/Local Requests/Annual Statistic Reports/Annual Stats FY 2025-2026/Preparation review reports/Fulfillment preparation review reports/UCSD Check-Out Type Categorization Report",3,"1.3",2,"and","inline","comparison","equal","""Loan Details"".""In House Loan Indicator""","""Loan Details"".""In House Loan Indicator"" = 'N'",,,1,"N"
245,"UCSD User Group Categorization Report","Fulfillment","/shared/University of California System 01UCS_NETWORK/Reports/Local Requests/Annual Statistic Reports/Annual Stats FY 2025-2026/Preparation review reports/Fulfillment preparation review reports/UCSD User Group Categorization Report",1,"1",1,,"inline","comparison","equal","""Institution"".""Institution Name""","""Institution"".""Institution Name"" = 6535",,,1,"6535"
247,"UCSF Check-Out Type Categorization Report","Fulfillment","/shared/University of California System 01UCS_NETWORK/Reports/Local Requests/Annual Statistic Reports/Annual Stats FY 2025-2026/Preparation review reports/Fulfillment preparation review reports/UCSF Check-Out Type Categorization Report",1,"1.1",2,"and","inline","comparison","equal","""Institution"".""Institution Name""","""Institution"".""Institution Name"" = 6536",,,1,"6536"
247,"UCSF Check-Out Type Categorization Report","Fulfillment","/shared/University of California System 01UCS_NETWORK/Reports/Local Requests/Annual Statistic Reports/Annual Stats FY 2025-2026/Preparation review reports/Fulfillment preparation review reports/UCSF Check-Out Type Categorization Report",2,"1.2",2,"and","saved_reference","savedFilter",,,"Saved filter: FY 2025-26 Loans","FY 2025-26 Loans","/shared/University of California System 01UCS_NETWORK/Reports/Local Requests/Annual Statistic Reports/Annual Stats FY 2025-2026/FY 2025-26 Loans",,
247,"UCSF Check-Out Type Categorization Report","Fulfillment","/shared/University of California System 01UCS_NETWORK/Reports/Local Requests/Annual Statistic Reports/Annual Stats FY 2025-2026/Preparation review reports/Fulfillment preparation review reports/UCSF Check-Out Type Categorization Report",3,"1.3",2,"and","inline","comparison","equal","""Loan Details"".""In House Loan Indicator""","""Loan Details"".""In House Loan Indicator"" = 'N'",,,1,"N"
248,"UCSF User Group Categorization Report","Fulfillment","/shared/University of California System 01UCS_NETWORK/Reports/Local Requests/Annual Statistic Reports/Annual Stats FY 2025-2026/Preparation review reports/Fulfillment preparation review reports/UCSF User Group Categorization Report",1,"1",1,,"inline","comparison","equal","""Institution"".""Institution Name""","""Institution"".""Institution Name"" = 6536",,,1,"6536"
