"saved_column_name","rule_id","bin_criterion","bin_label","explanation","base_formula"
"Electronic - Count of Electronic Holdings","SC1-FORMULA","COUNT(DISTINCT ""Portfolio"".""Portfolio Id"")","Holdings","","COUNT(DISTINCT ""Portfolio"".""Portfolio Id"")"
"Electronic - Count of Electronic Titles","SC2-FORMULA","COUNT(DISTINCT ""Bibliographic Details"".""MMS Id"")","Titles","","COUNT(DISTINCT ""Bibliographic Details"".""MMS Id"")"
"Electronic - Global Stats Electronic included/excluded designator","SC3-R1","""Bibliographic Details"".""Title"" IS NULL","Excluded","","""Electronic Collection"".""Electronic Collection Interface Name"""
"Electronic - Global Stats Electronic included/excluded designator","SC3-R2","""Bibliographic Details"".""Title"" = ' '","Excluded","","""Electronic Collection"".""Electronic Collection Interface Name"""
"Electronic - Global Stats Electronic included/excluded designator","SC3-R3","""Bibliographic Details"".""Title"" = ''","Excluded","","""Electronic Collection"".""Electronic Collection Interface Name"""
"Electronic - Global Stats Electronic included/excluded designator","SC3-R4","""Bibliographic Details"".""MMS Id"" <= '0'","Excluded","","""Electronic Collection"".""Electronic Collection Interface Name"""
"Electronic - Global Stats Electronic included/excluded designator","SC3-R5","""Portfolio"".""Portfolio Id"" <= '0'","Excluded","","""Electronic Collection"".""Electronic Collection Interface Name"""
"Electronic - Global Stats Electronic included/excluded designator","SC3-R6","""Bibliographic Details"".""Suppressed From Discovery"" NOT IN ('NULL', 'No')","Excluded","","""Electronic Collection"".""Electronic Collection Interface Name"""
"Electronic - Global Stats Electronic included/excluded designator","SC3-R7","""Portfolio"".""Lifecycle"" <> 'In Repository'","Excluded","","""Electronic Collection"".""Electronic Collection Interface Name"""
"Electronic - Global Stats Electronic included/excluded designator","SC3-R8","""Portfolio"".""Availability"" <> 'Available'","Excluded","","""Electronic Collection"".""Electronic Collection Interface Name"""
"Electronic - Global Stats Electronic included/excluded designator","SC3-R9","""Bibliographic Details"".""Resource Type"" IN ('NULL', 'Unknown')","Excluded","","""Electronic Collection"".""Electronic Collection Interface Name"""
"Electronic - Global Stats Electronic included/excluded designator","SC3-R10","""Electronic Collection"".""Electronic Collection Public Name (override)"" = 'JSTOR Books DDA' AND ""Bibliographic Details"".""Local Param 01"" LIKE '%CDL%' AND DESCRIPTOR_IDOF(""Physical Items"".""Institution"".""Institution Name"") = 6531","Excluded","","""Electronic Collection"".""Electronic Collection Interface Name"""
"Electronic - Global Stats Electronic included/excluded designator","SC3-R11","""Electronic Collection"".""Electronic Collection Interface Name"" LIKE '%Airiti%' AND ""Bibliographic Details"".""Local Param 01"" LIKE '%CDL%' AND DESCRIPTOR_IDOF(""Physical Items"".""Institution"".""Institution Name"") = 6531","Excluded","","""Electronic Collection"".""Electronic Collection Interface Name"""
"Electronic - Global Stats Electronic included/excluded designator","SC3-R12","""Electronic Collection"".""Electronic Collection Interface Name"" LIKE '%CNPeReading%' AND ""Bibliographic Details"".""Local Param 01"" LIKE '%CDL%' AND DESCRIPTOR_IDOF(""Physical Items"".""Institution"".""Institution Name"") = 6531","Excluded","","""Electronic Collection"".""Electronic Collection Interface Name"""
"Electronic - Global Stats Electronic included/excluded designator","SC3-R13","""Electronic Collection"".""Electronic Collection Public Name"" = 'DOAB Directory of Open Access Books' AND DESCRIPTOR_IDOF(""Physical Items"".""Institution"".""Institution Name"") = 6531","Excluded","","""Electronic Collection"".""Electronic Collection Interface Name"""
"Electronic - Global Stats Electronic included/excluded designator","SC3-R14","""Electronic Collection"".""Electronic Collection Public Name"" LIKE '%Kanopy%' AND DESCRIPTOR_IDOF(""Physical Items"".""Institution"".""Institution Name"") = 6531","Excluded","","""Electronic Collection"".""Electronic Collection Interface Name"""
"Electronic - Global Stats Electronic included/excluded designator","SC3-R15","""Electronic Collection"".""Electronic Collection Public Name"" IN ('Swank Motion Pictures Trial', 'Trial Feedback Form') OR ""Electronic Collection"".""Electronic Collection Public Name (override)"" = 'Japan Times Digital Archive, 1897-2018 TRIAL'","Excluded","","""Electronic Collection"".""Electronic Collection Interface Name"""
"Electronic - Global Stats Electronic included/excluded designator","SC3-R16","DESCRIPTOR_IDOF(""E-Inventory"".""Institution"".""Institution Name"") = 6534 AND ""Portfolio"".""Purchase Model"" LIKE ('%DDA%Candidate%')","Excluded","","""Electronic Collection"".""Electronic Collection Interface Name"""
"Electronic - Global Stats Electronic included/excluded designator","SC3-R17","DESCRIPTOR_IDOF(""E-Inventory"".""Institution"".""Institution Name"") = 6535 AND ""Portfolio"".""Purchase Model"" LIKE ('%DDA%Candidate%')","Excluded","","""Electronic Collection"".""Electronic Collection Interface Name"""
"Electronic - Global Stats Electronic included/excluded designator","SC3-R18","DESCRIPTOR_IDOF(""E-Inventory"".""Institution"".""Institution Name"") = 4876 AND ""E-inventory"".""Portfolio"".""Purchase Model"" = 'DDA Candidate' AND ""E-inventory"".""Electronic Collection"".""Electronic Collection Public Name"" = 'Ebook Central Perpetual, DDA and Subscription Titles'","Excluded","","""Electronic Collection"".""Electronic Collection Interface Name"""
"Electronic - Global Stats Electronic included/excluded designator","SC3-R19","""Electronic Collection"".""Electronic Collection Public Name"" = 'Ebook Central Perpetual, DDA and Subscription Titles' AND ""Portfolio"".""Purchase Model"" LIKE ('%DDA%Candidate%')","Excluded","","""Electronic Collection"".""Electronic Collection Interface Name"""
"Electronic - Global Stats Electronic included/excluded designator","SC3-R20","""Portfolio Library Unit"".""Library Name"" LIKE 'X_Do_Not_Use_%'","Excluded","","""Electronic Collection"".""Electronic Collection Interface Name"""
"Electronic - Global Stats Electronic included/excluded designator","SC3-R21","""Electronic Collection"".""Electronic Collection Public Name"" IN ('R2 Digital Library PDA Discoverable Titles')","Excluded","","""Electronic Collection"".""Electronic Collection Interface Name"""
"Electronic - Global Stats Electronic included/excluded designator","SC3-R22","DESCRIPTOR_IDOF(""Physical Items"".""Institution"".""Institution Name"") = 3126 AND ""Electronic Collection"".""Electronic Collection Public Name"" = 'Palace App (read this ebook on your phone or tablet)_LOCAL'","Excluded","","""Electronic Collection"".""Electronic Collection Interface Name"""
"Electronic - Global Stats Electronic included/excluded designator","SC3-R23","DESCRIPTOR_IDOF(""Physical Items"".""Institution"".""Institution Name"") = 6531 AND ""Electronic Collection"".""Electronic Collection Public Name"" = 'Read via the Palace Project ebook pilot!'","Excluded","","""Electronic Collection"".""Electronic Collection Interface Name"""
"Electronic - Global Stats Electronic included/excluded designator","SC3-R24","DESCRIPTOR_IDOF(""Physical Items"".""Institution"".""Institution Name"") = 4706 AND ""Electronic Collection"".""Electronic Collection Public Name"" = 'E-Book Discovery'","Excluded","","""Electronic Collection"".""Electronic Collection Interface Name"""
"Electronic - Global Stats Electronic included/excluded designator","SC3-R25","DESCRIPTOR_IDOF(""E-Inventory"".""Institution"".""Institution Name"") = 6535 AND ""Electronic Collection"".""Electronic Collection Public Name"" IN ('EBSCO (UCSD). eBook Collection DDA online monographs.', 'JSTOR DDA online monographs (UCSD).')","Excluded","","""Electronic Collection"".""Electronic Collection Interface Name"""
"Electronic - Global Stats Electronic included/excluded designator","SC3-R26","DESCRIPTOR_IDOF(""Physical Items"".""Institution"".""Institution Name"") = 4701 AND ""Electronic Collection"".""Electronic Collection Public Name"" IN ('R2 Digital Library DDA', 'EBL online monographs', 'Taylor & Francis online monographs (EBS)')","Excluded","","""Electronic Collection"".""Electronic Collection Interface Name"""
"Electronic - Global Stats Electronic included/excluded designator","SC3-R27","DESCRIPTOR_IDOF(""Physical Items"".""Institution"".""Institution Name"") = 4701 AND (""Electronic Collection"".""Electronic Collection Public Name"" = 'Ebook Central Perpetual, DDA and Subscription Titles' AND ""Portfolio"".""Purchase Model"" = 'DDA Candidate')","Excluded","","""Electronic Collection"".""Electronic Collection Interface Name"""
"Electronic - Global Stats Electronic included/excluded designator","SC3-R28","DESCRIPTOR_IDOF(""E-Inventory"".""Institution"".""Institution Name"") = 4876 AND ""Electronic Collection"".""Electronic Collection Id"" = '61459105900004876'","Excluded","","""Electronic Collection"".""Electronic Collection Interface Name"""
"Electronic - Global Stats Electronic included/excluded designator","SC3-R29","DESCRIPTOR_IDOF(""E-Inventory"".""Institution"".""Institution Name"") = 4876 AND ""Electronic Collection"".""Electronic Collection Public Name"" = 'EBSCO DDA Titles'","Excluded","","""Electronic Collection"".""Electronic Collection Interface Name"""
"Electronic - Global Stats Electronic included/excluded designator","SC3-R30","DESCRIPTOR_IDOF(""E-Inventory"".""Institution"".""Institution Name"") = 6535 AND ""Electronic Collection"".""Electronic Collection Public Name"" = 'Kanopy DDA online videos (UCSD).'","Excluded","","""Electronic Collection"".""Electronic Collection Interface Name"""
"Electronic - Global Stats Electronic included/excluded designator","SC3-R31","DESCRIPTOR_IDOF(""E-Inventory"".""Institution"".""Institution Name"") = 6535 AND ""Electronic Collection"".""Electronic Collection Id"" = '61231639680006535'","Excluded","","""Electronic Collection"".""Electronic Collection Interface Name"""
"Electronic - Global Stats Electronic included/excluded designator","SC3-R32","DESCRIPTOR_IDOF(""E-Inventory"".""Institution"".""Institution Name"") = 6532 AND ""Electronic Collection"".""Electronic Collection Id"" = '611126508330006532'","Excluded","","""Electronic Collection"".""Electronic Collection Interface Name"""
"Electronic - Global Stats Electronic included/excluded designator","SC3-R33","DESCRIPTOR_IDOF(""E-Inventory"".""Institution"".""Institution Name"") = 4706 AND ""Electronic Collection"".""Electronic Collection Id"" = '61440950170004706'","Excluded","","""Electronic Collection"".""Electronic Collection Interface Name"""
"Electronic - Global Stats Electronic included/excluded designator","SC3-OTHER","All other values","Included","","""Electronic Collection"".""Electronic Collection Interface Name"""
"Electronic - Global Stats Electronic Library Categories","SC4-R1","LOWER(""Portfolio Library Unit"".""Library Name"") LIKE '%law%'","Law","","""Portfolio Library Unit"".""Library Name"""
"Electronic - Global Stats Electronic Library Categories","SC4-R2","LOWER(""Portfolio Library Unit"".""Library Name"") LIKE '%med%'","Health Sciences","","""Portfolio Library Unit"".""Library Name"""
"Electronic - Global Stats Electronic Library Categories","SC4-R3","DESCRIPTOR_IDOF(""E-Inventory"".""Institution"".""Institution Name"") = 6536","Health Sciences","","""Portfolio Library Unit"".""Library Name"""
"Electronic - Global Stats Electronic Library Categories","SC4-R4","""Portfolio Library Unit"".""Library Name"" is equal to / is in X_Do_Not_Use_","Exclude","","""Portfolio Library Unit"".""Library Name"""
"Electronic - Global Stats Electronic Library Categories","SC4-OTHER","All other values","General","","""Portfolio Library Unit"".""Library Name"""
"Electronic - UCB eResources Managed By designator","SC5-R1","""Institution"".""Institution Name""6532","Managed by UCB","","""Institution"".""Institution Name"""
"Electronic - UCB eResources Managed By designator","SC5-R2","""Portfolio"".""Available For Group"" LIKE '%UCB%'","Managed by CDL","","""Institution"".""Institution Name"""
"Electronic - UCB eResources Managed By designator","SC5-R3","""Portfolio"".""Available For Group"" IS NULL AND DESCRIPTOR_IDOF(""E-Inventory"".""Institution"".""Institution Name"") = 6531","Managed by CDL","","""Institution"".""Institution Name"""
"Electronic - UCB eResources Managed By designator","SC5-OTHER","All other values","Available at a different campus","","""Institution"".""Institution Name"""
"Electronic - UCD eResources Managed By designator","SC6-R1","""Institution"".""Institution Name""3126","Managed by UCD","","""Institution"".""Institution Name"""
"Electronic - UCD eResources Managed By designator","SC6-R2","""Portfolio"".""Available For Group"" LIKE '%UCD%'","Managed by CDL","","""Institution"".""Institution Name"""
"Electronic - UCD eResources Managed By designator","SC6-R3","""Portfolio"".""Available For Group"" IS NULL AND DESCRIPTOR_IDOF(""E-Inventory"".""Institution"".""Institution Name"") = 6531","Managed by CDL","","""Institution"".""Institution Name"""
"Electronic - UCD eResources Managed By designator","SC6-OTHER","All other values","Available at a different campus","","""Institution"".""Institution Name"""
"Electronic - UCI eResources Managed By designator","SC7-R1","""Institution"".""Institution Name""4701","Managed by UCI","","""Institution"".""Institution Name"""
"Electronic - UCI eResources Managed By designator","SC7-R2","""Portfolio"".""Available For Group"" LIKE '%UCI%'","Managed by CDL","","""Institution"".""Institution Name"""
"Electronic - UCI eResources Managed By designator","SC7-R3","""Portfolio"".""Available For Group"" IS NULL AND DESCRIPTOR_IDOF(""E-Inventory"".""Institution"".""Institution Name"") = 6531","Managed by CDL","","""Institution"".""Institution Name"""
"Electronic - UCI eResources Managed By designator","SC7-OTHER","All other values","Available at a different campus","","""Institution"".""Institution Name"""
"Electronic - UCLA eResources Managed By designator","SC8-R1","""Institution"".""Institution Name""6533","Managed by UCLA","","""Institution"".""Institution Name"""
"Electronic - UCLA eResources Managed By designator","SC8-R2","""Portfolio"".""Available For Group"" LIKE '%UCLA%'","Managed by CDL","","""Institution"".""Institution Name"""
"Electronic - UCLA eResources Managed By designator","SC8-R3","""Portfolio"".""Available For Group"" IS NULL AND DESCRIPTOR_IDOF(""E-Inventory"".""Institution"".""Institution Name"") = 6531","Managed by CDL","","""Institution"".""Institution Name"""
"Electronic - UCLA eResources Managed By designator","SC8-OTHER","All other values","Available at a different campus","","""Institution"".""Institution Name"""
"Electronic - UCM eResources Managed By designator","SC9-R1","""Institution"".""Institution Name""6534","Managed by UCM","","""Institution"".""Institution Name"""
"Electronic - UCM eResources Managed By designator","SC9-R2","""Portfolio"".""Available For Group"" LIKE '%UCM%'","Managed by CDL","","""Institution"".""Institution Name"""
"Electronic - UCM eResources Managed By designator","SC9-R3","""Portfolio"".""Available For Group"" IS NULL AND DESCRIPTOR_IDOF(""E-Inventory"".""Institution"".""Institution Name"") = 6531","Managed by CDL","","""Institution"".""Institution Name"""
"Electronic - UCM eResources Managed By designator","SC9-OTHER","All other values","Available at a different campus","","""Institution"".""Institution Name"""
"Electronic - UCR eResources Managed By designator","SC10-R1","""Institution"".""Institution Name""4706","Managed by UCR","","""Institution"".""Institution Name"""
"Electronic - UCR eResources Managed By designator","SC10-R2","""Portfolio"".""Available For Group"" LIKE '%UCR%'","Managed by CDL","","""Institution"".""Institution Name"""
"Electronic - UCR eResources Managed By designator","SC10-R3","""Portfolio"".""Available For Group"" IS NULL AND DESCRIPTOR_IDOF(""E-Inventory"".""Institution"".""Institution Name"") = 6531","Managed by CDL","","""Institution"".""Institution Name"""
"Electronic - UCR eResources Managed By designator","SC10-OTHER","All other values","Available at a different campus","","""Institution"".""Institution Name"""
"Electronic - UCSB eResources Managed By designator","SC11-R1","""Institution"".""Institution Name""3776","Managed by UCSB","","""Institution"".""Institution Name"""
"Electronic - UCSB eResources Managed By designator","SC11-R2","""Portfolio"".""Available For Group"" LIKE '%UCSB%'","Managed by CDL","","""Institution"".""Institution Name"""
"Electronic - UCSB eResources Managed By designator","SC11-R3","""Portfolio"".""Available For Group"" IS NULL AND DESCRIPTOR_IDOF(""E-Inventory"".""Institution"".""Institution Name"") = 6531","Managed by CDL","","""Institution"".""Institution Name"""
"Electronic - UCSB eResources Managed By designator","SC11-OTHER","All other values","Available at a different campus","","""Institution"".""Institution Name"""
"Electronic - UCSC eResources Managed By designator","SC12-R1","""Institution"".""Institution Name""4876","Managed by UCSC","","""Institution"".""Institution Name"""
"Electronic - UCSC eResources Managed By designator","SC12-R2","""Portfolio"".""Available For Group"" LIKE '%UCSC%'","Managed by CDL","","""Institution"".""Institution Name"""
"Electronic - UCSC eResources Managed By designator","SC12-R3","""Portfolio"".""Available For Group"" IS NULL AND DESCRIPTOR_IDOF(""E-Inventory"".""Institution"".""Institution Name"") = 6531","Managed by CDL","","""Institution"".""Institution Name"""
"Electronic - UCSC eResources Managed By designator","SC12-OTHER","All other values","Available at a different campus","","""Institution"".""Institution Name"""
"Electronic - UCSD eResources Managed By designator","SC13-R1","""Institution"".""Institution Name""6535","Managed by UCSD","","""Institution"".""Institution Name"""
"Electronic - UCSD eResources Managed By designator","SC13-R2","""Portfolio"".""Available For Group"" LIKE '%UCSD%'","Managed by CDL","","""Institution"".""Institution Name"""
"Electronic - UCSD eResources Managed By designator","SC13-R3","""Portfolio"".""Available For Group"" IS NULL AND DESCRIPTOR_IDOF(""E-Inventory"".""Institution"".""Institution Name"") = 6531","Managed by CDL","","""Institution"".""Institution Name"""
"Electronic - UCSD eResources Managed By designator","SC13-OTHER","All other values","Available at a different campus","","""Institution"".""Institution Name"""
"Electronic UCSF eResources Managed By designator","SC14-R1","""Institution"".""Institution Name""6536","Managed by UCSF","","""Institution"".""Institution Name"""
"Electronic UCSF eResources Managed By designator","SC14-R2","Portfolio.""Available For Group"" LIKE '%UCSF%'","Managed by CDL","","""Institution"".""Institution Name"""
"Electronic UCSF eResources Managed By designator","SC14-R3","Portfolio.""Available For Group"" IS NULL AND DESCRIPTOR_IDOF(""E-Inventory"".""Institution"".""Institution Name"") = 6531","Managed by CDL","","""Institution"".""Institution Name"""
"Electronic UCSF eResources Managed By designator","SC14-OTHER","All other values","Available at a different campus","","""Institution"".""Institution Name"""
"Fulfillment - Alma User Group","SC15-FORMULA","""Borrower Details"".""User Group""","Alma User Group","","""Borrower Details"".""User Group"""
"Fulfillment - Fulfillment Institution","SC16-R1","DESCRIPTOR_IDOF(""Fulfillment"".""Institution"".""Institution Name"") = (6532) AND ""Item Location at Time of Loan"".""Library Code"" = 'NRLF'","SLF-N","","""Institution"".""Institution Name"""
"Fulfillment - Fulfillment Institution","SC16-R2","""Institution"".""Institution Name""6532","UCB","","""Institution"".""Institution Name"""
"Fulfillment - Fulfillment Institution","SC16-R3","""Institution"".""Institution Name""3126","UCD","","""Institution"".""Institution Name"""
"Fulfillment - Fulfillment Institution","SC16-R4","""Institution"".""Institution Name""4701","UCI","","""Institution"".""Institution Name"""
"Fulfillment - Fulfillment Institution","SC16-R5","DESCRIPTOR_IDOF(""Fulfillment"".""Institution"".""Institution Name"") = (6533) AND ""Item Location at Time of Loan"".""Library Code"" = 'SRLF'","SLF-S","","""Institution"".""Institution Name"""
"Fulfillment - Fulfillment Institution","SC16-R6","""Institution"".""Institution Name""6533","UCLA","","""Institution"".""Institution Name"""
"Fulfillment - Fulfillment Institution","SC16-R7","""Institution"".""Institution Name""6534","UCM","","""Institution"".""Institution Name"""
"Fulfillment - Fulfillment Institution","SC16-R8","""Institution"".""Institution Name""4706","UCR","","""Institution"".""Institution Name"""
"Fulfillment - Fulfillment Institution","SC16-R9","""Institution"".""Institution Name""3776","UCSB","","""Institution"".""Institution Name"""
"Fulfillment - Fulfillment Institution","SC16-R10","""Institution"".""Institution Name""4876","UCSC","","""Institution"".""Institution Name"""
"Fulfillment - Fulfillment Institution","SC16-R11","""Institution"".""Institution Name""6535","UCSD","","""Institution"".""Institution Name"""
"Fulfillment - Fulfillment Institution","SC16-R12","""Institution"".""Institution Name""6536","UCSF","","""Institution"".""Institution Name"""
"Fulfillment - Fulfillment Institution","SC16-OTHER","All other values","Other - needs investigation","","""Institution"".""Institution Name"""
"Fulfillment - FY 2025-26 Loans (Not In House)","SC17-FORMULA","""Loan"".""Loans (Not In House)""","FY 2025-26 Loans (Not In House)","","""Loan"".""Loans (Not In House)"""
"Fulfillment - UCB Check-Out Type","SC18-R1","""Item Location at Time of Loan"".""Location Code"" is equal to / is in UNASSIGNED; ah92; ah9e; drr; zs; ea9r; qc9m; qn9c; muv; esx","Exclude","","""Item Location at Time of Loan"".""Location Code"""
"Fulfillment - UCB Check-Out Type","SC18-R2","""Item Location at Time of Loan"".""Location Code"" is equal to / is in bu; chs; ma9f; ma9e; ev9t; gs; mts; mf9f; mf9e; mf; mfs; so9f; so9e","Equipment","","""Item Location at Time of Loan"".""Location Code"""
"Fulfillment - UCB Check-Out Type","SC18-R3","""Physical Item Details"".""Item Policy"" LIKE '%quipment%'","Equipment","","""Item Location at Time of Loan"".""Location Code"""
"Fulfillment - UCB Check-Out Type","SC18-R4","""Item Location at Time of Loan"".""Location Code"" is equal to / is in OUT_RS_REQ; IN_RS_REQ","ILL","","""Item Location at Time of Loan"".""Location Code"""
"Fulfillment - UCB Check-Out Type","SC18-R5","""Item Location at Time of Loan"".""Location Code"" is equal to / is in an; ah; ah9t; ahu; ah9a; ah9l; ah9d; ah95; ah9g; ah9j; tb; tb2; tbo; tb9u; tb9o; tb9p; tb95; tb94; tbr; tbw; tbv; tp; tu; tuo; tu94; bi; bic; bi9c; bif; bil; bim; bi9b; binb; bik; bir; bis; bi9d; buc; bus; ch; chc; chnb; chp; chr; dr; ma; mac; ucbears; zw; es; es93; es9c; esi; es9m; es9b; es9d; ess; esw; ea; eao; eat; eau; eav; ear; eas; eax; ea9w; en; en9c; enc; en9i; ens; ensp; ev; evr; evp; ev2; evpo; evo; evu; evs; qa; qc; qcl; qe; qe9f; qn; qn9k; qn9m; ig; igr; igs; it; ite; iti; ith; itp; its; lb; lb9l; mt; mtp; mta; mc; mo; mo9a; mo9f; moga; mo9g; mo9m; mo9n; mo9p; mo9y; mo9s; mo9t; mu; mu9m; mu9x; muc; mu9c; muo; mu9f; dn; nbqar; nbtbr; nbtnr; nntnr; nbqcr; nbqer; nbear; nbevr; nbcer; nbitr; nbmar; nbmnr; nbmcr; nbmur; nbqnr; nncl; npupr; nban; nbah; nbbi; nbbu; nbch; nbes; nbea; nben; nbev; nbig; nbit; nblw; nbma; nbmt; nbmu; nbdn; nbph; nbso; nbss; nddo; ndhe; ndla; ndph; ndsh; nlxx; nrxx; nsxx; ncmh; ncme; ncsc; nfge; nucl; nu03u; nuht; nu01u; nu02u; nu03b; nu01b; nu02b; nbphr; nbtur; ndspr; nlyrr; ncspr; nfspr; php; phs; so; sos; esnb; es97; eanb; eaob; ennb; nbbir; nbchr; nbdnr; ndag","Check-Out","","""Item Location at Time of Loan"".""Location Code"""
"Fulfillment - UCB Check-Out Type","SC18-OTHER","All other values","New check-out location - needs categorization","","""Item Location at Time of Loan"".""Location Code"""
"Fulfillment - UCB User Group","SC19-R1","""Borrower Details"".""User Group"" is equal to / is in Executive/Management; Faculty/Academic Staff; GTU Faculty; GTU Staff/Visiting Scholar; Howard Hughes Institute; LBNL Academic Staff; Mathematical Sciences Research Institute; Proxy - Faculty; Stanford Faculty; UC Extension Faculty; UCB Academic Dept Affiliate No Proxy; UCB Post-doc; UCB Visiting Scholar","Campus academic","","""Borrower Details"".""User Group"""
"Fulfillment - UCB User Group","SC19-R2","""Borrower Details"".""User Group"" is equal to / is in Graduate Student; GTU Graduate Student; Stanford Graduate Student","Campus graduates","","""Borrower Details"".""User Group"""
"Fulfillment - UCB User Group","SC19-R3","""Borrower Details"".""User Group"" is equal to / is in LBNL Guest/Temp/Contractor; LBNL Non-Academic/Post-doc; LBNL Retired Staff; Library Departmental Card; Library Development; Library Retired Staff; Library Staff; LLNL Academic Staff; LLNL Non-Academic Staff/Post-doc; LLNL Retired Staff; Non-Academic Retired Staff; Non-Academic Staff; Other UC Retiree; UC Office of the President","Campus staff","","""Borrower Details"".""User Group"""
"Fulfillment - UCB User Group","SC19-R4","""Borrower Details"".""User Group"" is equal to / is in UC Extension Student; UC Extension Student Non-concurrent; Undergraduate; Undergraduate - UCB SLE","Campus undergraduates","","""Borrower Details"".""User Group"""
"Fulfillment - UCB User Group","SC19-R5","""Borrower Details"".""User Group"" is equal to / is in Alumni; Alumni Lifetime; Botanical Garden Docent; Faculty/Academic Spouse; Faculty/Academic Staff Children; Institute for Historical Study; Non-Academic Staff Spouse; Reference Use Only; UCB Academic Dept Affiliate; UCB Alumni Association Staff","Other - Campus Other","","""Borrower Details"".""User Group"""
"Fulfillment - UCB User Group","SC19-R6","""Borrower Details"".""User Group"" is equal to / is in CA Private Univ/Coll Student; CA Public School Teachers; CA Resident; CA University/Colleges Faculty; CA University/Colleges Student; Library Non-Affiliated Users; Other UC Spouse; CA Private School Teachers; Dept of Health Services (DHS); ICSI_MSRI; Library Volunteer","Other - Non-UCs","","""Borrower Details"".""User Group"""
"Fulfillment - UCB User Group","SC19-R7","""Borrower Details"".""User Group"" is equal to / is in NETWORK; Network","Intercampus Loan (Network)","","""Borrower Details"".""User Group"""
"Fulfillment - UCB User Group","SC19-R8","""Borrower Details"".""User Group"" is equal to / is in ILL Other Libraries; ILL UC","Interlibrary Loan (ILL)","","""Borrower Details"".""User Group"""
"Fulfillment - UCB User Group","SC19-R9","""Borrower Details"".""User Group""","Exclude","","""Borrower Details"".""User Group"""
"Fulfillment - UCB User Group","SC19-R10","""Borrower Details"".""User Group"" is equal to / is in SLF-N Departmental Card; SLF-N/UCB Google Cart; Test Patron Graduate; Test Patron Undergraduate; NRLF Departmental Card; NRLF/UCB Google Cart","Exclude","","""Borrower Details"".""User Group"""
"Fulfillment - UCB User Group","SC19-R11","""Borrower Details"".""User Group""UC Visiting Scholar/Post-doc","Other - Other UCs","","""Borrower Details"".""User Group"""
"Fulfillment - UCB User Group","SC19-OTHER","All other values","New user group - needs categorization","","""Borrower Details"".""User Group"""
"Fulfillment - UCD Check-Out Type","SC20-R1","""Item Location at Time of Loan"".""Library Code"" LIKE 'ILL%'","ILL","","""Item Location at Time of Loan"".""Location Code"""
"Fulfillment - UCD Check-Out Type","SC20-R2","""Item Location at Time of Loan"".""Location Code"" is equal to / is in ILL; OUT_RS_REQ","ILL","","""Item Location at Time of Loan"".""Location Code"""
"Fulfillment - UCD Check-Out Type","SC20-R3","""Physical Item Details"".""Item Policy"" LIKE '%quipment%'","Equipment","","""Item Location at Time of Loan"".""Location Code"""
"Fulfillment - UCD Check-Out Type","SC20-R4","""Item Location at Time of Loan"".""Location Code"" is equal to / is in RLIST; RESV; TPREP; CRES; RFRES; RES; SERES","Course Reserves","","""Item Location at Time of Loan"".""Location Code"""
"Fulfillment - UCD Check-Out Type","SC20-R5","""Item Location at Time of Loan"".""Location Code"" is equal to / is in BIOET; BMLEX; GAMES; GEN; GRESV; NEW; REF; ARCHV; MRR; MLK; MEDIA; POP; STX; SARES; SHLDS; BIOV; CAMPUS; EAL; EALRF; GVMED; GVSTX; MANNSHREM; MICRO; OVER; ASC; UCDGROWN; PSEL; RARE; SPCOL; SUPSD; EALOV; GENSP","Check-Out","","""Item Location at Time of Loan"".""Location Code"""
"Fulfillment - UCD Check-Out Type","SC20-OTHER","All other values","New check-out location - needs categorization","","""Item Location at Time of Loan"".""Location Code"""
"Fulfillment - UCD User Group","SC21-R1","""Borrower Details"".""User Group"" is equal to / is in Faculty and Staff; Law Faculty; UC Ac.Sen., Ac.Fed. & Clin.Fac.(active & retired); UC Research (active & retired); UCD Ac.Sen., Ac.Fed. & Clin.Fac.(active & retired); UCD Research (active & retired)","Campus academic","","""Borrower Details"".""User Group"""
"Fulfillment - UCD User Group","SC21-R2","""Borrower Details"".""User Group"" is equal to / is in Graduate Students; Health Sciences Graduate Students; Health Sciences Residents; Law Students and Staff; UC Graduate; UCD Graduate; UCD Health Sciences Graduate; UCD Health Sciences Resident","Campus graduates","","""Borrower Details"".""User Group"""
"Fulfillment - UCD User Group","SC21-R3","""Borrower Details"".""User Group"" is equal to / is in Library Internal; Library Internal - Long Loan; Internal Library Staff; Internal Library Staff -- In-house use; UC Staff (active & retired); UCD Staff (active & retired)","Campus staff","","""Borrower Details"".""User Group"""
"Fulfillment - UCD User Group","SC21-R4","""Borrower Details"".""User Group"" is equal to / is in Undergraduate students; Special UNEX Student; UC Undergraduate; UCD Honors Undergraduate (UCD only)","Campus undergraduates","","""Borrower Details"".""User Group"""
"Fulfillment - UCD User Group","SC21-R5","""Borrower Details"".""User Group"" is equal to / is in Miscellaneous; CA college students; Courtesy -- Alumni; Courtesy 10 limit; Courtesy 50 limit; Fee 5 limit; Problem patrons; Stanford; Suspended Account; Temporary Affiliates; UCD Spouse or Adult Child","Other - Campus Other","","""Borrower Details"".""User Group"""
"Fulfillment - UCD User Group","SC21-R6","""Borrower Details"".""User Group"" is equal to / is in Alumni and CA Community; Law Visiting Scholars; Law Public","Other - Non-UCs","","""Borrower Details"".""User Group"""
"Fulfillment - UCD User Group","SC21-R7","""Borrower Details"".""User Group""Network","Intercampus Loan (Network)","","""Borrower Details"".""User Group"""
"Fulfillment - UCD User Group","SC21-R8","""Borrower Details"".""User Group"" is equal to / is in UCD Undergraduate; Test; zPurge Health Sciences Residents (only assign for Purge Job); zPurge Miscellaneous (only assign for Purge Job)","Exclude","","""Borrower Details"".""User Group"""
"Fulfillment - UCD User Group","SC21-R9","""Borrower Details"".""User Group""","Exclude","","""Borrower Details"".""User Group"""
"Fulfillment - UCD User Group","SC21-R10","""Borrower Details"".""User Group"" is equal to / is in Interlibrary Loan; Interlibrary Loan -- UC Fac/Grad","Interlibrary Loan (ILL)","","""Borrower Details"".""User Group"""
"Fulfillment - UCD User Group","SC21-OTHER","All other values","New user group - needs categorization","","""Borrower Details"".""User Group"""
"Fulfillment - UCI Check-Out Type","SC22-R1","DESCRIPTOR_IDOF(""Fulfillment"".""Institution"".""Institution Name"") =4701 AND ""Item Location at Time of Loan"".""Location Code"" = 'lawcr' AND ""Physical Item Details"".""Item Policy"" = '12 Hours Loan'","Equipment","","""Item Location at Time of Loan"".""Location Code"""
"Fulfillment - UCI Check-Out Type","SC22-R2","""Physical Item Details"".""Item Policy"" LIKE '%quipment%'","Equipment","","""Item Location at Time of Loan"".""Location Code"""
"Fulfillment - UCI Check-Out Type","SC22-R3","""Item Location at Time of Loan"".""Location Code"" is equal to / is in UNASSIGNED; srlf","Exclude","","""Item Location at Time of Loan"".""Location Code"""
"Fulfillment - UCI Check-Out Type","SC22-R4","""Item Location at Time of Loan"".""Location Code"" is equal to / is in gmlml; xlle; xllck; xllhk; xeqsa; xslkb; xsle; xslkd","Equipment","","""Item Location at Time of Loan"".""Location Code"""
"Fulfillment - UCI Check-Out Type","SC22-R5","""Item Location at Time of Loan"".""Location Code"" is equal to / is in gmlill; lawill; llill_rsl; lawill_rsl; slill","ILL","","""Item Location at Time of Loan"".""Location Code"""
"Fulfillment - UCI Check-Out Type","SC22-R6","""Item Location at Time of Loan"".""Location Code"" is equal to / is in gmlres; llres; lawcr; slresperm; slres; slresmedia","Course Reserves","","""Item Location at Time of Loan"".""Location Code"""
"Fulfillment - UCI Check-Out Type","SC22-R7","""Item Location at Time of Loan"".""Location Code"" is equal to / is in gml; gsead; gocrh; gseaa; ll; llx; llcom; lldos; eacol; eaos; eanb; gpca; gploc; eakor; llld; llcpp; llmic; lllob; lllobi; llos; llbpr; llpu; llref; lltos; lawcs; lawfd; lawrr; lawref; lawres; lawstacks; lawsup; sl; slbg; sldos; gpus; slmedia; slrefmedia; slvault; slos; llcpr; earef; llled; spcol; lawcd","Check-Out","","""Item Location at Time of Loan"".""Location Code"""
"Fulfillment - UCI Check-Out Type","SC22-OTHER","All other values","New check-out location - needs categorization","","""Item Location at Time of Loan"".""Location Code"""
"Fulfillment - UCI User Group","SC23-R1","""Borrower Details"".""User Group"" is equal to / is in UCI Arts Faculty; UCI Faculty; UCI Faculty DDS; UCI Law Faculty; UCI Librarian; UCI Arts Faculty DDS; UCI Division of Continuing Education Faculty; Visiting Scholar","Campus academic","","""Borrower Details"".""User Group"""
"Fulfillment - UCI User Group","SC23-R2","""Borrower Details"".""User Group"" is equal to / is in UCI Graduate Student; UCI Law Graduate Student; UCI Law Journal; UCI Graduate Student DDS","Campus graduates","","""Borrower Details"".""User Group"""
"Fulfillment - UCI User Group","SC23-R3","""Borrower Details"".""User Group"" is equal to / is in UCI Law Staff; UCI Law Staff DDS; UCI Library Staff; UCI Retired Staff; UCI Staff; UCI Staff DDS","Campus staff","","""Borrower Details"".""User Group"""
"Fulfillment - UCI User Group","SC23-R4","""Borrower Details"".""User Group"" is equal to / is in UCI Division of Continuing Education Student; UCI Honors Student; UCI Regents Scholar/UROP; UCI Undergraduate Student","Campus undergraduates","","""Borrower Details"".""User Group"""
"Fulfillment - UCI User Group","SC23-R5","""Borrower Details"".""User Group"" is equal to / is in Community; Community College Honors Student; High School Student","Other - Campus Other","","""Borrower Details"".""User Group"""
"Fulfillment - UCI User Group","SC23-R6","""Borrower Details"".""User Group"" is equal to / is in Other Faculty; Other Graduate Student; Other Undergraduate Student; UCI Law Alumni","Other - Non-UCs","","""Borrower Details"".""User Group"""
"Fulfillment - UCI User Group","SC23-R7","""Borrower Details"".""User Group"" is equal to / is in Network; UC Faculty; ILL Lending UC","Intercampus Loan (Network)","","""Borrower Details"".""User Group"""
"Fulfillment - UCI User Group","SC23-R8","""Borrower Details"".""User Group""ILL Lending Non-UC","Interlibrary Loan (ILL)","","""Borrower Details"".""User Group"""
"Fulfillment - UCI User Group","SC23-R9","""Borrower Details"".""User Group"" is equal to / is in UCI Library Department Card; PURGE","Exclude","","""Borrower Details"".""User Group"""
"Fulfillment - UCI User Group","SC23-R10","""Borrower Details"".""User Group""","Exclude","","""Borrower Details"".""User Group"""
"Fulfillment - UCI User Group","SC23-OTHER","All other values","New user group - needs categorization","","""Borrower Details"".""User Group"""
"Fulfillment - UCLA Check-Out Type","SC24-R1","""Item Location at Time of Loan"".""Location Code"" is equal to / is in 5542561600006533; arcgabx; uechlt; uerf; yrcleanup; yrcatsup; yrgic","Exclude","","""Item Location at Time of Loan"".""Location Code"""
"Fulfillment - UCLA Check-Out Type","SC24-R2","""Item Location at Time of Loan"".""Location Code"" is equal to / is in archrome; arpubcirc; artclicc; bichrome; bioclicc; bipubcirc; boechrome; boeclicc; boepubcirc; cccollege; classclicc; clchrome; clicclocke; cliccpnloc; cliccpsloc; cliccynloc; cliccysloc; mgpubcirc; muchrome; musicclicc; sgclicc; UNASSIGNED; yrchrome; cliccpksk; cliccyksk; mgchrome; clpubcirc; yrpubcirc","Equipment","","""Item Location at Time of Loan"".""Location Code"""
"Fulfillment - UCLA Check-Out Type","SC24-R3","""Physical Item Details"".""Item Policy"" LIKE '%quipment%'","Equipment","","""Item Location at Time of Loan"".""Location Code"""
"Fulfillment - UCLA Check-Out Type","SC24-R4","""Item Location at Time of Loan"".""Location Code"" is equal to / is in lwill; OUT_RS_REQ","ILL","","""Item Location at Time of Loan"".""Location Code"""
"Fulfillment - UCLA Check-Out Type","SC24-R5","""Item Location at Time of Loan"".""Location Code"" is equal to / is in arcr; birs; birsprscp; clrs; ears; lwrs; lwrsper; mgcirs; mgrs; mgrsstrg; murs; smcrs; yrcipr; yrrs","Course Reserves","","""Item Location at Time of Loan"".""Location Code"""
"Fulfillment - UCLA Check-Out Type","SC24-R6","""Item Location at Time of Loan"".""Location Code"" is equal to / is in ar; arcg; arcgab; arcgabxx; arcgx; arcotf; armedia; arper; arperx; arplay; arrf; arrs; arscript; artsTS; arx; arxx-xxx; bi; bicidperm; bicotf; biper; birf; birsclas; cl; clcareer; clcook; cldisp; clenig; clgrfn; clnrfc; clof; clperm; clsustain; cltrav; clvidgames; clzine; ea; eadiujnl; eaover; eax; eaxx; herb; lsbihi; lsbirfhist; lsyrstax; lw; lwcivideo; lwcix; lwcleanup; lwofrf; lwphil; lwrf; lwsuper; lwtrr; lwwilliams; mgcleanup; mgnbks; mgrf; mgsccohi; mu; muclsd; muclsdmm; muclsdsdr; mumini; munbks; mux; muxx; muxxx; sg; sgan; sgcotf; sgdisp; sgmi; sgper; sgput; sm; smav; smcotf; smper; smrsperm; smsctallm; sr; srar; srar2; srbi2; srbuo; srca; srck; srcr; sret; sril; srmnm; srnoncirc; srub; srucl; srucl2; srucl3; srucl4; srud0; srud2; srui2; srur; sryr2; sryr7; sryr8; ue123e; ueabce; ueaubks; uebiog; ueefolk; ueestax; uefic; ueficer; uefolk; uefor; uenfic; uepap; uepoe; uesmalle; uesx; yr; yralmi; yran; yranx; yrci; yrlcotf; yrllost; yrmiclsd; yrpe; yrper; yrrisatl; yrrisrr; yrx; yrxx; yrxxx; arts; bix; ca; earf; clgame; sryr9","Check-Out","","""Item Location at Time of Loan"".""Location Code"""
"Fulfillment - UCLA Check-Out Type","SC24-OTHER","All other values","New check-out location - needs categorization","","""Item Location at Time of Loan"".""Location Code"""
"Fulfillment - UCLA User Group","SC25-R1","""Borrower Details"".""User Group"" is equal to / is in UCLA Acad - NoLimit; UCLA Acad Proxy; UCLA Academic; UCLA Law Academic; UCLA Law Proxy; UCLA Retired Academic","Campus academic","","""Borrower Details"".""User Group"""
"Fulfillment - UCLA User Group","SC25-R2","""Borrower Details"".""User Group"" is equal to / is in UCLA Graduate; UCLA Law Grad; UCLA Mgmt PhD; UCLA Music Grad; UCLA Grad NoLimit","Campus graduates","","""Borrower Details"".""User Group"""
"Fulfillment - UCLA User Group","SC25-R3","""Borrower Details"".""User Group"" is equal to / is in Internal Use Only; UCLA Law Staff; UCLA Lib Staff Recall; UCLA Staff","Campus staff","","""Borrower Details"".""User Group"""
"Fulfillment - UCLA User Group","SC25-R4","""Borrower Details"".""User Group"" is equal to / is in UCLA Music Undergrad; UCLA Undergrad","Campus undergraduates","","""Borrower Details"".""User Group"""
"Fulfillment - UCLA User Group","SC25-R5","""Borrower Details"".""User Group"" is equal to / is in Early Childhood; Extension; External 10 - Associates; External 10 - UCLA Alumni; Geffen Academy Student; Lab School Parent; Lab School Student; SPR; UCLA Retired Staff; VGR","Other - Campus Other","","""Borrower Details"".""User Group"""
"Fulfillment - UCLA User Group","SC25-R6","""Borrower Details"".""User Group"" is equal to / is in Access Only; AP/TAP Student; External 10; External 20; External 200 - Faculty; External 200 - Other; External 5 - Other; External 50 - Corporation","Other - Non-UCs","","""Borrower Details"".""User Group"""
"Fulfillment - UCLA User Group","SC25-R7","""Borrower Details"".""User Group"" is equal to / is in NETWORK; Network","Intercampus Loan (Network)","","""Borrower Details"".""User Group"""
"Fulfillment - UCLA User Group","SC25-R8","""Borrower Details"".""User Group"" is equal to / is in ILL Department - Non UC; ILL Department - UC","Interlibrary Loan (ILL)","","""Borrower Details"".""User Group"""
"Fulfillment - UCLA User Group","SC25-R9","""Borrower Details"".""User Group""","Campus patrons - no breakdown","","""Borrower Details"".""User Group"""
"Fulfillment - UCLA User Group","SC25-R10","""Borrower Details"".""User Group"" is equal to / is in EHS; UCLA Library Staff Department; Users to Purge","Exclude","","""Borrower Details"".""User Group"""
"Fulfillment - UCLA User Group","SC25-OTHER","All other values","New user group - needs categorization","","""Borrower Details"".""User Group"""
"Fulfillment - UCM Check-Out Type","SC26-R1","""Physical Item Details"".""Item Policy"" LIKE '%quipment%'","Equipment","","""Item Location at Time of Loan"".""Location Code"""
"Fulfillment - UCM Check-Out Type","SC26-R2","""Item Location at Time of Loan"".""Location Code""OUT_RS_REQ","ILL","","""Item Location at Time of Loan"".""Location Code"""
"Fulfillment - UCM Check-Out Type","SC26-R3","""Item Location at Time of Loan"".""Location Code""coures","Course Reserves","","""Item Location at Time of Loan"".""Location Code"""
"Fulfillment - UCM Check-Out Type","SC26-R4","""Item Location at Time of Loan"".""Location Code"" is equal to / is in dis; gen; Svcs Desk; spc; UNASSIGNED; Hold","Check-Out","","""Item Location at Time of Loan"".""Location Code"""
"Fulfillment - UCM Check-Out Type","SC26-OTHER","All other values","New check-out location - needs categorization","","""Item Location at Time of Loan"".""Location Code"""
"Fulfillment - UCM User Group","SC27-R1","""Borrower Details"".""User Group""UCM Faculty","Campus academic","","""Borrower Details"".""User Group"""
"Fulfillment - UCM User Group","SC27-R2","""Borrower Details"".""User Group""UCM Graduate","Campus graduates","","""Borrower Details"".""User Group"""
"Fulfillment - UCM User Group","SC27-R3","""Borrower Details"".""User Group"" is equal to / is in Library Staff; UCM Staff","Campus staff","","""Borrower Details"".""User Group"""
"Fulfillment - UCM User Group","SC27-R4","""Borrower Details"".""User Group""UCM Undergraduate","Campus undergraduates","","""Borrower Details"".""User Group"""
"Fulfillment - UCM User Group","SC27-R5","""Borrower Details"".""User Group""UCM Affiliate","Other - Campus Other","","""Borrower Details"".""User Group"""
"Fulfillment - UCM User Group","SC27-R6","""Borrower Details"".""User Group"" is equal to / is in CA Community College Student; Fee Account; UC Alumni Association Member; CA Public School Employee","Other - Non-UCs","","""Borrower Details"".""User Group"""
"Fulfillment - UCM User Group","SC27-R7","""Borrower Details"".""User Group"" is equal to / is in Network; NETWORK","Intercampus Loan (Network)","","""Borrower Details"".""User Group"""
"Fulfillment - UCM User Group","SC27-R8","""Borrower Details"".""User Group""UCM Interlibrary Loan","Interlibrary Loan (ILL)","","""Borrower Details"".""User Group"""
"Fulfillment - UCM User Group","SC27-OTHER","All other values","New user group - needs categorization","","""Borrower Details"".""User Group"""
"Fulfillment - UCR Check-Out Type","SC28-R1","""Physical Item Details"".""Item Policy"" LIKE '%quipment%'","Equipment","","""Item Location at Time of Loan"".""Location Code"""
"Fulfillment - UCR Check-Out Type","SC28-R2","DESCRIPTOR_IDOF(""Fulfillment"".""Institution"".""Institution Name"") = 4706 AND ""Physical Item Details"".""Item Policy"" LIKE '%eserve%'","Course Reserves","","""Item Location at Time of Loan"".""Location Code"""
"Fulfillment - UCR Check-Out Type","SC28-R3","DESCRIPTOR_IDOF(""Fulfillment"".""Institution"".""Institution Name"") = 4706 AND ""Item Location at Time of Loan"".""Location Name"" LIKE '%eserve%'","Course Reserves","","""Item Location at Time of Loan"".""Location Code"""
"Fulfillment - UCR Check-Out Type","SC28-R4","""Item Location at Time of Loan"".""Location Code"" is equal to / is in srlf; SRLF","Exclude","","""Item Location at Time of Loan"".""Location Code"""
"Fulfillment - UCR Check-Out Type","SC28-R5","""Item Location at Time of Loan"".""Location Code""OUT_RS_REQ","ILL","","""Item Location at Time of Loan"".""Location Code"""
"Fulfillment - UCR Check-Out Type","SC28-R6","""Item Location at Time of Loan"".""Location Code"" is equal to / is in orbcirc; orbcm; orbnew; orbpopsci; orbref; orbstacks; orbover; wrcaorb; shelfnoorb; wrcacirccd; wrcastacks; edcurric; edhanging; edjuvenile; edjuvtiny; edmisc; edoversize; edtextbook; govca; govpamus; govus; rivleisure; rivmoby; rivcirc; rivcm; rivinfodsk; rivmedblry; rivmediacd; rivmedcmfl; rivmeddvd; rivmedrecd; rivmedvhs; rivmedvdgm; rivmfilm; rivnew; rivref; rivstacks; rivflat; rivover; rivstysc; wrcariv; shelfclose; srlfpenriv; orbflat; wrcacirc; edjuvbig; exhibit1; govsmfiche; srlfpend; wrcamcase","Check-Out","","""Item Location at Time of Loan"".""Location Code"""
"Fulfillment - UCR Check-Out Type","SC28-OTHER","All other values","New check-out location - needs categorization","","""Item Location at Time of Loan"".""Location Code"""
"Fulfillment - UCR User Group","SC29-R1","""Borrower Details"".""User Group"" is equal to / is in Emeritus Faculty; UCR Academic; UCR Library Staff; Proxy","Campus academic","","""Borrower Details"".""User Group"""
"Fulfillment - UCR User Group","SC29-R2","""Borrower Details"".""User Group""UCR Graduate","Campus graduates","","""Borrower Details"".""User Group"""
"Fulfillment - UCR User Group","SC29-R3","""Borrower Details"".""User Group"" is equal to / is in Retired Staff; UCR Staff; Internal Use - Reserves Instructor","Campus staff","","""Borrower Details"".""User Group"""
"Fulfillment - UCR User Group","SC29-R4","""Borrower Details"".""User Group"" is equal to / is in Concurrent Enrollment; UCR Undergraduate","Campus undergraduates","","""Borrower Details"".""User Group"""
"Fulfillment - UCR User Group","SC29-R5","""Borrower Details"".""User Group"" is equal to / is in UCR Alumni; UCR Extension; Courtesy - UCR Extension Instructor; Volunteer Clinical Faculty","Other - Campus Other","","""Borrower Details"".""User Group"""
"Fulfillment - UCR User Group","SC29-R6","""Borrower Details"".""User Group"" is equal to / is in Certificated Teachers; Community Borrowing Card; Contractual Agreement - RCC Honors; Courtesy - IB Program; Courtesy - Spouse/Partner/Child; Non-UC Academic - CSU; Non-UC Academic - Private; Non-UC Academic – Community College; Professional Agreement - CARB; Professional Agreement – Mentor Program; Professional Agreement – Unpaid; Contractual Agreement - Loma Linda; Contractual Agreement - Redlands; Contractual Agreement - Stanford; Courtesy - Capstone Program; Courtesy - PE Reporter; Professional Agreement – USDA Fire Lab; Professional Agreement – USDA Salinity Lab; Professional Agreement – USDI/GS; Special – Friends of the Campus; Special – Independent Scholar","Other - Non-UCs","","""Borrower Details"".""User Group"""
"Fulfillment - UCR User Group","SC29-R7","""Borrower Details"".""User Group"" is equal to / is in UC Affiliates; UC Alumni","Other - Other UCs","","""Borrower Details"".""User Group"""
"Fulfillment - UCR User Group","SC29-R8","""Borrower Details"".""User Group""Network","Intercampus Loan (Network)","","""Borrower Details"".""User Group"""
"Fulfillment - UCR User Group","SC29-R9","""Borrower Details"".""User Group"" is equal to / is in Non-UC ILL; UC ILL; Non-UC Academic - OCLC","Interlibrary Loan (ILL)","","""Borrower Details"".""User Group"""
"Fulfillment - UCR User Group","SC29-R10","""Borrower Details"".""User Group""Internal Staff Use","Exclude","","""Borrower Details"".""User Group"""
"Fulfillment - UCR User Group","SC29-OTHER","All other values","New user group - needs categorization","","""Borrower Details"".""User Group"""
"Fulfillment - UCSB Check-Out Type","SC30-R1","""Item Location at Time of Loan"".""Location Code"" is equal to / is in NRLF; SRLF","Exclude","","""Item Location at Time of Loan"".""Location Code"""
"Fulfillment - UCSB Check-Out Type","SC30-R2","""Item Location at Time of Loan"".""Library Code"" = 'EQUIP'","Equipment","","""Item Location at Time of Loan"".""Location Code"""
"Fulfillment - UCSB Check-Out Type","SC30-R3","""Item Location at Time of Loan"".""Location Code""MAKERSPACE","Equipment","","""Item Location at Time of Loan"".""Location Code"""
"Fulfillment - UCSB Check-Out Type","SC30-R4","""Physical Item Details"".""Item Policy"" LIKE '%quipment%'","Equipment","","""Item Location at Time of Loan"".""Location Code"""
"Fulfillment - UCSB Check-Out Type","SC30-R5","""Item Location at Time of Loan"".""Location Code""OUT_RS_REQ","ILL","","""Item Location at Time of Loan"".""Location Code"""
"Fulfillment - UCSB Check-Out Type","SC30-R6","""Item Location at Time of Loan"".""Location Code"" is equal to / is in RBSFC; RBS","Course Reserves","","""Item Location at Time of Loan"".""Location Code"""
"Fulfillment - UCSB Check-Out Type","SC30-R7","""Item Location at Time of Loan"".""Location Code"" is equal to / is in EGAN; ARAEC; ARTS; AROV; EGAS; EGBL; BROWSING; EGCTN; MACS; CUR; CURJM; ASIAN; ASNOV; EGWM; MILRF; GPCA; GPLO; GPMED; GPUS; GPUSO; MAIN; MEDIA; MAMFC; MAMFM; MUS; MUDSK; MUCD; MULP; MUVID; MUFOL; MUMNI; MUOV; EGNA; ART_TEMP; MAOV; MARF; SEL; SELOV; ARSJC; SHPR-SEL; ARGNC; ARGCO; EGCTO; ASNBR; GPCEN; CIRC_UNCAT; SPEC","Check-Out","","""Item Location at Time of Loan"".""Location Code"""
"Fulfillment - UCSB Check-Out Type","SC30-OTHER","All other values","New check-out location - needs categorization","","""Item Location at Time of Loan"".""Location Code"""
"Fulfillment - UCSB User Group","SC31-R1","""Borrower Details"".""User Group"" is equal to / is in Faculty, Annual; Faculty, Quarter","Campus academic","","""Borrower Details"".""User Group"""
"Fulfillment - UCSB User Group","SC31-R2","""Borrower Details"".""User Group"" is equal to / is in Student, Annual; Student, Quarter","Campus graduates","","""Borrower Details"".""User Group"""
"Fulfillment - UCSB User Group","SC31-R3","""Borrower Details"".""User Group""Staff, Quarter","Campus staff","","""Borrower Details"".""User Group"""
"Fulfillment - UCSB User Group","SC31-R4","""Borrower Details"".""User Group""Student, 3 week","Campus undergraduates","","""Borrower Details"".""User Group"""
"Fulfillment - UCSB User Group","SC31-R5","""Borrower Details"".""User Group"" is equal to / is in Community, Limited; Courtesy with Journal Privileges","Other - Non-UCs","","""Borrower Details"".""User Group"""
"Fulfillment - UCSB User Group","SC31-R6","""Borrower Details"".""User Group"" is equal to / is in NETWORK; Network","Intercampus Loan (Network)","","""Borrower Details"".""User Group"""
"Fulfillment - UCSB User Group","SC31-R7","""Borrower Details"".""User Group"" is equal to / is in Department; Proxy, Annual; Corporate; Premium Community - DO NOT USE","Exclude","","""Borrower Details"".""User Group"""
"Fulfillment - UCSB User Group","SC31-R8","""Borrower Details"".""User Group""","Exclude","","""Borrower Details"".""User Group"""
"Fulfillment - UCSB User Group","SC31-R9","""Borrower Details"".""User Group""Courtesy, 3 week with ILL","Interlibrary Loan (ILL)","","""Borrower Details"".""User Group"""
"Fulfillment - UCSB User Group","SC31-R10","""Borrower Details"".""User Group""Courtesy, Quarter","Other - Campus Other","","""Borrower Details"".""User Group"""
"Fulfillment - UCSB User Group","SC31-OTHER","All other values","New user group - needs categorization","","""Borrower Details"".""User Group"""
"Fulfillment - UCSC Check-Out Type","SC32-R1","""Item Location at Time of Loan"".""Location Code"" is equal to / is in nrlf; NRLF","Exclude","","""Item Location at Time of Loan"".""Location Code"""
"Fulfillment - UCSC Check-Out Type","SC32-R2","""Item Location at Time of Loan"".""Location Code"" is equal to / is in mheqp; medequip; dsi; sequp","Equipment","","""Item Location at Time of Loan"".""Location Code"""
"Fulfillment - UCSC Check-Out Type","SC32-R3","""Physical Item Details"".""Item Policy"" LIKE '%quipment%'","Equipment","","""Item Location at Time of Loan"".""Location Code"""
"Fulfillment - UCSC Check-Out Type","SC32-R4","""Item Location at Time of Loan"".""Location Code""OUT_RS_REQ","ILL","","""Item Location at Time of Loan"".""Location Code"""
"Fulfillment - UCSC Check-Out Type","SC32-R5","""Item Location at Time of Loan"".""Location Code"" is equal to / is in mhres; medre; scres","Course Reserves","","""Item Location at Time of Loan"".""Location Code"""
"Fulfillment - UCSC Check-Out Type","SC32-R6","""Item Location at Time of Loan"".""Location Code"" is equal to / is in mycur; mycov; mgcal; mgus; mprot; mref; mrdsk; mrovr; mstax; mstov; mform; mfgde; spc; medcc; med; meddo; east; sgame; scpro; sread; sstax; sstov; mhmedcc; mhmed","Check-Out","","""Item Location at Time of Loan"".""Location Code"""
"Fulfillment - UCSC Check-Out Type","SC32-OTHER","All other values","New check-out location - needs categorization","","""Item Location at Time of Loan"".""Location Code"""
"Fulfillment - UCSC User Group","SC33-R1","""Borrower Details"".""User Group""FACULTY","Campus academic","","""Borrower Details"".""User Group"""
"Fulfillment - UCSC User Group","SC33-R2","""Borrower Details"".""User Group""GRADUATE","Campus graduates","","""Borrower Details"".""User Group"""
"Fulfillment - UCSC User Group","SC33-R3","""Borrower Details"".""User Group""STAFF","Campus staff","","""Borrower Details"".""User Group"""
"Fulfillment - UCSC User Group","SC33-R4","""Borrower Details"".""User Group""UNDERGRADUATE","Campus undergraduates","","""Borrower Details"".""User Group"""
"Fulfillment - UCSC User Group","SC33-R5","""Borrower Details"".""User Group""COURTESY","Other - Campus Other","","""Borrower Details"".""User Group"""
"Fulfillment - UCSC User Group","SC33-R6","""Borrower Details"".""User Group"" is equal to / is in NETWORK; Network","Intercampus Loan (Network)","","""Borrower Details"".""User Group"""
"Fulfillment - UCSC User Group","SC33-R7","""Borrower Details"".""User Group""ILL LONG-TERM 3","Interlibrary Loan (ILL)","","""Borrower Details"".""User Group"""
"Fulfillment - UCSC User Group","SC33-R8","""Borrower Details"".""User Group""","Exclude","","""Borrower Details"".""User Group"""
"Fulfillment - UCSC User Group","SC33-R9","""Borrower Details"".""User Group"" is equal to / is in Default; EXHIBITS; ILL LONG-TERM 1; ILL LONG-TERM 2; ILL SHORT-TERM 1; ILL SHORT-TERM 2; LIBRARY 1 YEAR; MEDIA IN HOUSE","Exclude","","""Borrower Details"".""User Group"""
"Fulfillment - UCSC User Group","SC33-OTHER","All other values","New user group - needs categorization","","""Borrower Details"".""User Group"""
"Fulfillment - UCSD Check-Out Type","SC34-R1","""Item Location at Time of Loan"".""Location Code"" is equal to / is in cc_borbot; cc_flr2; cc_stor; desk","Equipment","","""Item Location at Time of Loan"".""Location Code"""
"Fulfillment - UCSD Check-Out Type","SC34-R2","""Physical Item Details"".""Item Policy"" LIKE '%quipment%'","Equipment","","""Item Location at Time of Loan"".""Location Code"""
"Fulfillment - UCSD Check-Out Type","SC34-R3","""Item Location at Time of Loan"".""Location Code"" is equal to / is in OUT_CT_REQ; OUT_RS_REQ; IN_CT_REQ","ILL","","""Item Location at Time of Loan"".""Location Code"""
"Fulfillment - UCSD Check-Out Type","SC34-R4","""Item Location at Time of Loan"".""Location Code"" is equal to / is in res_borbot; res; res_stor","Course Reserves","","""Item Location at Time of Loan"".""Location Code"""
"Fulfillment - UCSD Check-Out Type","SC34-R5","""Item Location at Time of Loan"".""Location Code"" is equal to / is in vid_borbot; cc_rad; bks_fl1; bks_fl5; bks_fl6; bks_fl7; bks_fl8; calm_cave; cc_fl1; cc_fl1_ov; doc_ca; doc_sd; doc_us; doc_us2; ea_ov; ea; ovx_fl1; ovx_fl6; gsl; gis_ref; graph_nov; index; jrnl_fl1; bks_pop; maps_cabin; meet_spot; micro; new_books; ov_fl1; ov_fl6; pop_sci; ref; video; audio; bks; cc; diss; film; jrnl; ov","Check-Out","","""Item Location at Time of Loan"".""Location Code"""
"Fulfillment - UCSD Check-Out Type","SC34-OTHER","All other values","New check-out location - needs categorization","","""Item Location at Time of Loan"".""Location Code"""
"Fulfillment - UCSD User Group","SC35-R1","""Borrower Details"".""User Group"" is equal to / is in Post Doc; UC Academic; Visiting Scholar","Campus academic","","""Borrower Details"".""User Group"""
"Fulfillment - UCSD User Group","SC35-R2","""Borrower Details"".""User Group"" is equal to / is in UC Graduate Student; Visiting Graduate Student","Campus graduates","","""Borrower Details"".""User Group"""
"Fulfillment - UCSD User Group","SC35-R3","""Borrower Details"".""User Group"" is equal to / is in UC Staff; UCSD Library Staff","Campus staff","","""Borrower Details"".""User Group"""
"Fulfillment - UCSD User Group","SC35-R4","""Borrower Details"".""User Group""UC Undergraduate","Campus undergraduates","","""Borrower Details"".""User Group"""
"Fulfillment - UCSD User Group","SC35-R5","""Borrower Details"".""User Group""UCSD Special Affiliate","Other - Campus Other","","""Borrower Details"".""User Group"""
"Fulfillment - UCSD User Group","SC35-R6","""Borrower Details"".""User Group""Public","Other - Non-UCs","","""Borrower Details"".""User Group"""
"Fulfillment - UCSD User Group","SC35-R7","""Borrower Details"".""User Group"" is equal to / is in NETWORK; Network","Intercampus Loan (Network)","","""Borrower Details"".""User Group"""
"Fulfillment - UCSD User Group","SC35-R8","""Borrower Details"".""User Group"" is equal to / is in Interlibrary Loan; Interlibrary Loan - UC","Interlibrary Loan (ILL)","","""Borrower Details"".""User Group"""
"Fulfillment - UCSD User Group","SC35-R9","""Borrower Details"".""User Group""Internal Use","Exclude","","""Borrower Details"".""User Group"""
"Fulfillment - UCSD User Group","SC35-R10","""Borrower Details"".""User Group""","Exclude","","""Borrower Details"".""User Group"""
"Fulfillment - UCSD User Group","SC35-OTHER","All other values","New user group - needs categorization","","""Borrower Details"".""User Group"""
"Fulfillment - UCSF Check-Out Type","SC36-R1","""Physical Item Details"".""Item Policy"" LIKE '%quipment%'","Equipment","","""Item Location at Time of Loan"".""Location Code"""
"Fulfillment - UCSF Check-Out Type","SC36-R2","""Item Location at Time of Loan"".""Location Code""OUT_RS_REQ","ILL","","""Item Location at Time of Loan"".""Location Code"""
"Fulfillment - UCSF Check-Out Type","SC36-R3","""Item Location at Time of Loan"".""Location Code"" is equal to / is in rbr; mbr","Course Reserves","","""Item Location at Time of Loan"".""Location Code"""
"Fulfillment - UCSF Check-Out Type","SC36-R4","""Item Location at Time of Loan"".""Location Code"" is equal to / is in mbccb; 4thfl; ovrsz; pspop; btpop; ref","Check-Out","","""Item Location at Time of Loan"".""Location Code"""
"Fulfillment - UCSF Check-Out Type","SC36-R5","""Item Location at Time of Loan"".""Location Code""nrlfx","Exclude","","""Item Location at Time of Loan"".""Location Code"""
"Fulfillment - UCSF Check-Out Type","SC36-OTHER","All other values","New check-out location - needs categorization","","""Item Location at Time of Loan"".""Location Code"""
"Fulfillment - UCSF User Group","SC37-R1","""Borrower Details"".""User Group""on-campus users","Campus Subtotal","","""Borrower Details"".""User Group"""
"Fulfillment - UCSF User Group","SC37-R2","""Borrower Details"".""User Group""off-campus users--no reserve","Other - Non-UCs","","""Borrower Details"".""User Group"""
"Fulfillment - UCSF User Group","SC37-R3","""Borrower Details"".""User Group"" is equal to / is in Network; NETWORK","Intercampus Loan (Network)","","""Borrower Details"".""User Group"""
"Fulfillment - UCSF User Group","SC37-R4","""Borrower Details"".""User Group""ILL","Interlibrary Loan (ILL)","","""Borrower Details"".""User Group"""
"Fulfillment - UCSF User Group","SC37-R5","""Borrower Details"".""User Group""Library Units","Campus staff","","""Borrower Details"".""User Group"""
"Fulfillment - UCSF User Group","SC37-OTHER","All other values","New user group - needs categorization","","""Borrower Details"".""User Group"""
"Physical - Count of Physical Holdings","SC38-FORMULA","COUNT(DISTINCT ""Physical Item Details"".""Physical Item Id"")","Holdings","","COUNT(DISTINCT ""Physical Item Details"".""Physical Item Id"")"
"Physical - Count of Physical Titles","SC39-FORMULA","COUNT(DISTINCT ""Bibliographic Details"".""MMS ID"")","Titles","","COUNT(DISTINCT ""Bibliographic Details"".""MMS ID"")"
"Physical - Holdings Added Year","SC40-R1","""Item Creation Date"".""Item Creation Date"" BETWEEN date '2025-07-01' AND date '2026-06-30'","Holdings Added 2025-26","","""Item Creation Date"".""Item Creation Date"""
"Physical - Holdings Added Year","SC40-OTHER","All other values","Holdings added previous years","","""Item Creation Date"".""Item Creation Date"""
"Physical - SLF Depositor","SC41-R1","DESCRIPTOR_IDOF(""Physical Items"".""Institution"".""Institution Name"") = (6533) AND ""Location"".""Library Code"" = 'SRLF' AND ""Physical Item Details"".""Statistics Note 1"" IN ('*UCB Library')","UCB","","""Institution"".""Institution Name"""
"Physical - SLF Depositor","SC41-R2","DESCRIPTOR_IDOF(""Physical Items"".""Institution"".""Institution Name"") = (6532) AND ""Location"".""Library Code"" = 'NRLF' AND ""Location"".""Location Code"" LIKE ('nb%')","UCB","","""Institution"".""Institution Name"""
"Physical - SLF Depositor","SC41-R3","DESCRIPTOR_IDOF(""Physical Items"".""Institution"".""Institution Name"") = (6532) AND ""Location"".""Library Code"" = 'NRLF' AND ""Physical Item Details"".""Retention Note"" LIKE '%CUY%'","UCB","","""Institution"".""Institution Name"""
"Physical - SLF Depositor","SC41-R4","DESCRIPTOR_IDOF(""Physical Items"".""Institution"".""Institution Name"") = (6532) AND ""Location"".""Library Code"" = 'NRLF' AND ""Physical Item Details"".""Retention Note"" LIKE '%CBG%'","UCB","","""Institution"".""Institution Name"""
"Physical - SLF Depositor","SC41-R5","DESCRIPTOR_IDOF(""Physical Items"".""Institution"".""Institution Name"") = (6532) AND ""Location"".""Library Code"" = 'NRLF' AND ""Physical Item Details"".""Retention Note"" LIKE '%BOL%'","UCB","","""Institution"".""Institution Name"""
"Physical - SLF Depositor","SC41-R6","DESCRIPTOR_IDOF(""Physical Items"".""Institution"".""Institution Name"") = (6533) AND ""Location"".""Library Code"" = 'SRLF' AND ""Physical Item Details"".""Statistics Note 1"" IN ('*UCD Library')","UCD","","""Institution"".""Institution Name"""
"Physical - SLF Depositor","SC41-R7","DESCRIPTOR_IDOF(""Physical Items"".""Institution"".""Institution Name"") = (6532) AND ""Location"".""Library Code"" = 'NRLF' AND ""Location"".""Location Code"" LIKE ('nd%')","UCD","","""Institution"".""Institution Name"""
"Physical - SLF Depositor","SC41-R8","DESCRIPTOR_IDOF(""Physical Items"".""Institution"".""Institution Name"") = (6532) AND ""Location"".""Library Code"" = 'NRLF' AND ""Physical Item Details"".""Retention Note"" LIKE '%CUV%'","UCD","","""Institution"".""Institution Name"""
"Physical - SLF Depositor","SC41-R9","DESCRIPTOR_IDOF(""Physical Items"".""Institution"".""Institution Name"") = (6532) AND ""Location"".""Library Code"" = 'NRLF' AND ""Physical Item Details"".""Retention Note"" LIKE '%CUX%'","UCD","","""Institution"".""Institution Name"""
"Physical - SLF Depositor","SC41-R10","DESCRIPTOR_IDOF(""Physical Items"".""Institution"".""Institution Name"") = (6532) AND ""Location"".""Library Code"" = 'NRLF' AND ""Physical Item Details"".""Retention Note"" LIKE '%UCDLL%'","UCD","","""Institution"".""Institution Name"""
"Physical - SLF Depositor","SC41-R11","DESCRIPTOR_IDOF(""Physical Items"".""Institution"".""Institution Name"") = (6533) AND ""Location"".""Library Code"" = 'SRLF' AND ""Physical Item Details"".""Statistics Note 1"" IN ('*UCI Library','*UCI Spec Coll')","UCI","","""Institution"".""Institution Name"""
"Physical - SLF Depositor","SC41-R12","DESCRIPTOR_IDOF(""Physical Items"".""Institution"".""Institution Name"") = (6532) AND ""Location"".""Library Code"" = 'NRLF' AND ""Location"".""Location Code"" LIKE ('ni%')","UCI","","""Institution"".""Institution Name"""
"Physical - SLF Depositor","SC41-R13","DESCRIPTOR_IDOF(""Physical Items"".""Institution"".""Institution Name"") = (6532) AND ""Location"".""Library Code"" = 'NRLF' AND ""Physical Item Details"".""Retention Note"" LIKE '%CUI%'","UCI","","""Institution"".""Institution Name"""
"Physical - SLF Depositor","SC41-R14","DESCRIPTOR_IDOF(""Physical Items"".""Institution"".""Institution Name"") = (6533) AND ""Location"".""Library Code"" = 'SRLF' AND ""Physical Item Details"".""Statistics Note 1"" IN ('*AAS Center', '*AIS Center','*Art Belt Library','*Arts Library','*Arts Library Cage','*Arts Spec Coll','*Biomed Library','*Biomed Spec Coll','*Chemistry Library','*Clark Library','*College Library','*CSRC Library','*DLIS Lab','*East Asian Library','*EMS Library','*EMS Spec Coll','*ERR Library','*ERR Spec Coll','*Ethnomusicology Archive','*Geology Library','*Geology Spec Coll','*Law Library','*Law Spec Coll','*Media Laboratory','*Media Library','*MGI Closed Stacks','*Mgmt Library','*Mgmt Spec Coll','*Music Library','*Music Spec Coll','*Powell Library','*UES Reading Room','*University Archives','*YRL Map Closed Stacks','*YRL Microforms','*YRL NonCirc','*YRL Reference','*YRL Spec Coll','*YRL Stacks','*CAS Spec Coll')","UCLA","","""Institution"".""Institution Name"""
"Physical - SLF Depositor","SC41-R15","DESCRIPTOR_IDOF(""Physical Items"".""Institution"".""Institution Name"") = (6532) AND ""Location"".""Library Code"" = 'NRLF' AND ""Location"".""Location Code"" LIKE ('nl%')","UCLA","","""Institution"".""Institution Name"""
"Physical - SLF Depositor","SC41-R16","DESCRIPTOR_IDOF(""Physical Items"".""Institution"".""Institution Name"") = (6532) AND ""Location"".""Library Code"" = 'NRLF' AND ""Physical Item Details"".""Retention Note"" LIKE '%CLU%'","UCLA","","""Institution"".""Institution Name"""
"Physical - SLF Depositor","SC41-R17","DESCRIPTOR_IDOF(""Physical Items"".""Institution"".""Institution Name"") = (6533) AND ""Location"".""Library Code"" = 'SRLF' AND ""Physical Item Details"".""Statistics Note 1"" IN ('*UCM Spec Coll')","UCM","","""Institution"".""Institution Name"""
"Physical - SLF Depositor","SC41-R18","DESCRIPTOR_IDOF(""Physical Items"".""Institution"".""Institution Name"") = (6533) AND ""Location"".""Library Code"" = 'SRLF' AND ""Physical Item Details"".""Statistics Note 1"" IN ('*UCR Library', '*UCR Spec Coll')","UCR","","""Institution"".""Institution Name"""
"Physical - SLF Depositor","SC41-R19","DESCRIPTOR_IDOF(""Physical Items"".""Institution"".""Institution Name"") = (6532) AND ""Location"".""Library Code"" = 'NRLF' AND ""Location"".""Location Code"" LIKE ('nr%')","UCR","","""Institution"".""Institution Name"""
"Physical - SLF Depositor","SC41-R20","DESCRIPTOR_IDOF(""Physical Items"".""Institution"".""Institution Name"") = (6532) AND ""Location"".""Library Code"" = 'NRLF' AND ""Physical Item Details"".""Retention Note"" LIKE '%CRU%'","UCR","","""Institution"".""Institution Name"""
"Physical - SLF Depositor","SC41-R21","DESCRIPTOR_IDOF(""Physical Items"".""Institution"".""Institution Name"") = (6533) AND ""Location"".""Library Code"" = 'SRLF' AND ""Physical Item Details"".""Statistics Note 1"" IN ('*UCSB Library', '*UCSB Spec Coll')","UCSB","","""Institution"".""Institution Name"""
"Physical - SLF Depositor","SC41-R22","DESCRIPTOR_IDOF(""Physical Items"".""Institution"".""Institution Name"") = (6532) AND ""Location"".""Library Code"" = 'NRLF' AND ""Location"".""Location Code"" LIKE ('ns%')","UCSB","","""Institution"".""Institution Name"""
"Physical - SLF Depositor","SC41-R23","DESCRIPTOR_IDOF(""Physical Items"".""Institution"".""Institution Name"") = (6532) AND ""Location"".""Library Code"" = 'NRLF' AND ""Physical Item Details"".""Retention Note"" LIKE '%CUT%'","UCSB","","""Institution"".""Institution Name"""
"Physical - SLF Depositor","SC41-R24","DESCRIPTOR_IDOF(""Physical Items"".""Institution"".""Institution Name"") = (6533) AND ""Location"".""Library Code"" = 'SRLF' AND ""Physical Item Details"".""Statistics Note 1"" IN ('*UCSC Library')","UCSC","","""Institution"".""Institution Name"""
"Physical - SLF Depositor","SC41-R25","DESCRIPTOR_IDOF(""Physical Items"".""Institution"".""Institution Name"") = (6532) AND ""Location"".""Library Code"" = 'NRLF' AND ""Location"".""Location Code"" LIKE ('nc%')","UCSC","","""Institution"".""Institution Name"""
"Physical - SLF Depositor","SC41-R26","DESCRIPTOR_IDOF(""Physical Items"".""Institution"".""Institution Name"") = (6532) AND ""Location"".""Library Code"" = 'NRLF' AND ""Physical Item Details"".""Retention Note"" LIKE '%CUZ%'","UCSC","","""Institution"".""Institution Name"""
"Physical - SLF Depositor","SC41-R27","DESCRIPTOR_IDOF(""Physical Items"".""Institution"".""Institution Name"") = (6533) AND ""Location"".""Library Code"" = 'SRLF' AND ""Physical Item Details"".""Statistics Note 1"" IN ('*UCSD Scripps','*UCSD Library','*UCSD Spec Coll')","UCSD","","""Institution"".""Institution Name"""
"Physical - SLF Depositor","SC41-R28","DESCRIPTOR_IDOF(""Physical Items"".""Institution"".""Institution Name"") = (6532) AND ""Location"".""Library Code"" = 'NRLF' AND ""Location"".""Location Code"" LIKE ('ng%')","UCSD","","""Institution"".""Institution Name"""
"Physical - SLF Depositor","SC41-R29","DESCRIPTOR_IDOF(""Physical Items"".""Institution"".""Institution Name"") = (6532) AND ""Location"".""Library Code"" = 'NRLF' AND ""Physical Item Details"".""Retention Note"" LIKE '%CUS%'","UCSD","","""Institution"".""Institution Name"""
"Physical - SLF Depositor","SC41-R30","DESCRIPTOR_IDOF(""Physical Items"".""Institution"".""Institution Name"") = (6533) AND ""Location"".""Library Code"" = 'SRLF' AND ""Physical Item Details"".""Statistics Note 1"" IN ('*UCSF Library')","UCSF","","""Institution"".""Institution Name"""
"Physical - SLF Depositor","SC41-R31","DESCRIPTOR_IDOF(""Physical Items"".""Institution"".""Institution Name"") = (6532) AND ""Location"".""Library Code"" = 'NRLF' AND ""Location"".""Location Code"" LIKE ('nf%')","UCSF","","""Institution"".""Institution Name"""
"Physical - SLF Depositor","SC41-R32","DESCRIPTOR_IDOF(""Physical Items"".""Institution"".""Institution Name"") = (6532) AND ""Location"".""Library Code"" = 'NRLF' AND ""Physical Item Details"".""Retention Note"" LIKE '%CUN%'","UCSF","","""Institution"".""Institution Name"""
"Physical - SLF Depositor","SC41-OTHER","All other values","w/o campus designator","","""Institution"".""Institution Name"""
"Physical - Systemwide Library Facility","SC42-R1","""Institution"".""Institution Name""6532","SLF-N","","""Institution"".""Institution Name"""
"Physical - Systemwide Library Facility","SC42-R2","""Institution"".""Institution Name""6533","SLF-S","","""Institution"".""Institution Name"""
"Physical - Systemwide Library Facility","SC42-OTHER","All other values","Not SLF","","""Institution"".""Institution Name"""
"Physical - UCB Library Stats Category","SC43-R1","DESCRIPTOR_IDOF(""Physical Items"".""Institution"".""Institution Name"") = (6532) AND ""Location"".""Library Code"" IN ('ANTH', 'ILL')","Exclude","","""Location"".""Library Code"""
"Physical - UCB Library Stats Category","SC43-R2","DESCRIPTOR_IDOF(""Physical Items"".""Institution"".""Institution Name"") = (6532) AND ""Location"".""Library Code"" = 'BANC'","Special (ARL only)","","""Location"".""Library Code"""
"Physical - UCB Library Stats Category","SC43-R3","DESCRIPTOR_IDOF(""Physical Items"".""Institution"".""Institution Name"") = (6532) AND ""Location"".""Library Code"" = 'NRLF' AND ""Location"".""Location Code"" LIKE ('nbt%r')","Special (ARL only)","","""Location"".""Library Code"""
"Physical - UCB Library Stats Category","SC43-R4","DESCRIPTOR_IDOF(""Physical Items"".""Institution"".""Institution Name"") = (6532) AND ""Location"".""Library Code"" = 'NRLF' AND ""Location"".""Location Code"" LIKE ('nbl%')","Law","","""Location"".""Library Code"""
"Physical - UCB Library Stats Category","SC43-R5","DESCRIPTOR_IDOF(""Physical Items"".""Institution"".""Institution Name"") = (6532) AND ""Location"".""Library Code"" IN ('BAMPFA', 'EDA', 'ESL', 'IGSL', 'ITSL')","Affiliates","","""Location"".""Library Code"""
"Physical - UCB Library Stats Category","SC43-R6","DESCRIPTOR_IDOF(""Physical Items"".""Institution"".""Institution Name"") = (6532) AND ""Location"".""Library Code"" = 'NRLF' AND ""Location"".""Location Code"" IN ('nbavr','nbcer','nbig','nbigr','nbit','nbitr','nbqar','nbqcr','nbqer','nbqnr')","Affiliates","","""Location"".""Library Code"""
"Physical - UCB Library Stats Category","SC43-R7","DESCRIPTOR_IDOF(""Physical Items"".""Institution"".""Institution Name"") = (6532) AND ""Location"".""Library Code"" = 'NRLF' AND ""Location"".""Location Code"" LIKE ('nb%')","General","","""Location"".""Library Code"""
"Physical - UCB Library Stats Category","SC43-R8","DESCRIPTOR_IDOF(""Physical Items"".""Institution"".""Institution Name"") = (6532) AND ""Location"".""Library Code"" = 'NRLF' AND ""Location"".""Location Code"" LIKE ('nu%')","General","","""Location"".""Library Code"""
"Physical - UCB Library Stats Category","SC43-R9","DESCRIPTOR_IDOF(""Physical Items"".""Institution"".""Institution Name"") = (6533) AND ""Location"".""Library Code"" = 'SRLF' AND ""Physical Item Details"".""Statistics Note 1"" = '*UCB Library'","General","","""Location"".""Library Code"""
"Physical - UCB Library Stats Category","SC43-R10","DESCRIPTOR_IDOF(""Physical Items"".""Institution"".""Institution Name"") = (6532) AND ""Location"".""Library Code"" IN ('AHC', 'BIOS', 'BUSI', 'CHEM', 'EAL', 'EART', 'ENGI', 'ENVI', 'GRAD', 'LBNL', 'MAIN', 'MATH', 'MOFF', 'MORR', 'MRC', 'MUSI', 'NEWS', 'PHYS', 'SOCR', 'SSEA')","General","","""Location"".""Library Code"""
"Physical - UCB Library Stats Category","SC43-R11","DESCRIPTOR_IDOF(""Physical Items"".""Institution"".""Institution Name"") = (6532) AND ""Location"".""Library Code"" = 'NRLF'","General","","""Location"".""Library Code"""
"Physical - UCB Library Stats Category","SC43-R12","DESCRIPTOR_IDOF(""Physical Items"".""Institution"".""Institution Name"") = (6532) AND ""Location"".""Library Code"" IN ('RES_SHARE')","General","","""Location"".""Library Code"""
"Physical - UCB Library Stats Category","SC43-OTHER","All other values","New library - needs categorization","","""Location"".""Library Code"""
"Physical - UCB SLF/Campus designator","SC44-R1","DESCRIPTOR_IDOF(""Physical Items"".""Institution"".""Institution Name"") = (6533) AND ""Location"".""Library Code"" = 'SRLF' AND ""Physical Item Details"".""Statistics Note 1"" IN ('*UCB Library')","SLF-S","","""Institution"".""Institution Name"""
"Physical - UCB SLF/Campus designator","SC44-R2","DESCRIPTOR_IDOF(""Physical Items"".""Institution"".""Institution Name"") = (6532) AND ""Location"".""Library Code"" = 'NRLF' AND ""Location"".""Location Code"" LIKE ('nb%')","SLF-N","","""Institution"".""Institution Name"""
"Physical - UCB SLF/Campus designator","SC44-R3","DESCRIPTOR_IDOF(""Physical Items"".""Institution"".""Institution Name"") = (6532) AND ""Location"".""Library Code"" = 'NRLF' AND ""Physical Item Details"".""Retention Note"" LIKE '%CUY%'","SLF-N","","""Institution"".""Institution Name"""
"Physical - UCB SLF/Campus designator","SC44-R4","DESCRIPTOR_IDOF(""Physical Items"".""Institution"".""Institution Name"") = (6532) AND ""Location"".""Library Code"" = 'NRLF' AND ""Physical Item Details"".""Retention Note"" LIKE '%CBG%'","SLF-N","","""Institution"".""Institution Name"""
"Physical - UCB SLF/Campus designator","SC44-R5","DESCRIPTOR_IDOF(""Physical Items"".""Institution"".""Institution Name"") = (6532) AND ""Location"".""Library Code"" = 'NRLF' AND ""Physical Item Details"".""Retention Note"" LIKE '%BOL%'","SLF-N","","""Institution"".""Institution Name"""
"Physical - UCB SLF/Campus designator","SC44-R6","DESCRIPTOR_IDOF(""Physical Items"".""Institution"".""Institution Name"") = (6532) AND ""Location"".""Library Code"" = 'NRLF'","Other SLF-N depositors","","""Institution"".""Institution Name"""
"Physical - UCB SLF/Campus designator","SC44-R7","DESCRIPTOR_IDOF(""Physical Items"".""Institution"".""Institution Name"") = 6532","UCB","","""Institution"".""Institution Name"""
"Physical - UCB SLF/Campus designator","SC44-OTHER","All other values","Other campuses","","""Institution"".""Institution Name"""
"Physical - UCD Library Stats Category","SC45-R1","DESCRIPTOR_IDOF(""Physical Items"".""Institution"".""Institution Name"") = (3126) AND ""Location"".""Library Code"" IN ('NRLF', 'SRLF')","Exclude","","""Location"".""Library Code"""
"Physical - UCD Library Stats Category","SC45-R2","DESCRIPTOR_IDOF(""Physical Items"".""Institution"".""Institution Name"") = (6532) AND ""Location"".""Library Code"" = 'NRLF' AND ""Location"".""Location Code"" IN ('ndhe', 'ndme')","Health Science","","""Location"".""Library Code"""
"Physical - UCD Library Stats Category","SC45-R3","DESCRIPTOR_IDOF(""Physical Items"".""Institution"".""Institution Name"") = (3126) AND ""Location"".""Library Code"" IN ('MCL')","Health Science","","""Location"".""Library Code"""
"Physical - UCD Library Stats Category","SC45-R4","DESCRIPTOR_IDOF(""Physical Items"".""Institution"".""Institution Name"") = (6532) AND ""Location"".""Library Code"" = 'NRLF' AND ""Location"".""Location Code"" IN ('ndla')","Law","","""Location"".""Library Code"""
"Physical - UCD Library Stats Category","SC45-R5","DESCRIPTOR_IDOF(""Physical Items"".""Institution"".""Institution Name"") = (3126) AND ""Location"".""Library Code"" IN ('LAW')","Law","","""Location"".""Library Code"""
"Physical - UCD Library Stats Category","SC45-R6","DESCRIPTOR_IDOF(""Physical Items"".""Institution"".""Institution Name"") = (6532) AND ""Location"".""Library Code"" = 'NRLF' AND ""Location"".""Location Code"" IN ('ndag','nddo','ndph','ndsh','ndphr','ndcor','ndspr')","General","","""Location"".""Library Code"""
"Physical - UCD Library Stats Category","SC45-R7","DESCRIPTOR_IDOF(""Physical Items"".""Institution"".""Institution Name"") = (6532) AND ""Location"".""Library Code"" = 'NRLF' AND ""Location"".""Location Code"" LIKE ('nu%')","General","","""Location"".""Library Code"""
"Physical - UCD Library Stats Category","SC45-R8","DESCRIPTOR_IDOF(""Physical Items"".""Institution"".""Institution Name"") = (6533) AND ""Location"".""Library Code"" = 'SRLF' AND ""Physical Item Details"".""Statistics Note 1"" = ('*UCD Library')","General","","""Location"".""Library Code"""
"Physical - UCD Library Stats Category","SC45-R9","DESCRIPTOR_IDOF(""Physical Items"".""Institution"".""Institution Name"") = (3126) AND ""Location"".""Library Code"" IN ('SHLDS','SSPEC','HSL','ELECT')","General","","""Location"".""Library Code"""
"Physical - UCD Library Stats Category","SC45-R10","DESCRIPTOR_IDOF(""Physical Items"".""Institution"".""Institution Name"") = (3126) AND ""Location"".""Library Code"" IN ('RES_SHARE', 'ILLS')","General","","""Location"".""Library Code"""
"Physical - UCD Library Stats Category","SC45-OTHER","All other values","New library - needs categorization","","""Location"".""Library Code"""
"Physical - UCD SLF/campus designator","SC46-R1","DESCRIPTOR_IDOF(""Physical Items"".""Institution"".""Institution Name"") = (6533) AND ""Location"".""Library Code"" = 'SRLF' AND ""Physical Item Details"".""Statistics Note 1"" IN ('*UCD Library')","SLF-S","","""Institution"".""Institution Name"""
"Physical - UCD SLF/campus designator","SC46-R2","DESCRIPTOR_IDOF(""Physical Items"".""Institution"".""Institution Name"") = (6532) AND ""Location"".""Library Code"" = 'NRLF' AND ""Location"".""Location Code"" LIKE ('nd%')","SLF-N","","""Institution"".""Institution Name"""
"Physical - UCD SLF/campus designator","SC46-R3","DESCRIPTOR_IDOF(""Physical Items"".""Institution"".""Institution Name"") = (6532) AND ""Location"".""Library Code"" = 'NRLF' AND ""Physical Item Details"".""Retention Note"" LIKE '%CUV%'","SLF-N","","""Institution"".""Institution Name"""
"Physical - UCD SLF/campus designator","SC46-R4","DESCRIPTOR_IDOF(""Physical Items"".""Institution"".""Institution Name"") = (6532) AND ""Location"".""Library Code"" = 'NRLF' AND ""Physical Item Details"".""Retention Note"" LIKE '%CUX%'","SLF-N","","""Institution"".""Institution Name"""
"Physical - UCD SLF/campus designator","SC46-R5","DESCRIPTOR_IDOF(""Physical Items"".""Institution"".""Institution Name"") = (6532) AND ""Location"".""Library Code"" = 'NRLF' AND ""Physical Item Details"".""Retention Note"" LIKE '%UCDLL%'","SLF-N","","""Institution"".""Institution Name"""
"Physical - UCD SLF/campus designator","SC46-R6","DESCRIPTOR_IDOF(""Physical Items"".""Institution"".""Institution Name"") = 3126","UCD","","""Institution"".""Institution Name"""
"Physical - UCD SLF/campus designator","SC46-OTHER","All other values","Other campuses","","""Institution"".""Institution Name"""
"Physical - UCI Library Stats Category","SC47-R1","DESCRIPTOR_IDOF(""Physical Items"".""Institution"".""Institution Name"") = (4701) AND ""Location"".""Library Code"" IN ('GRUNIGEN')","Health Science","","""Location"".""Library Code"""
"Physical - UCI Library Stats Category","SC47-R2","DESCRIPTOR_IDOF(""Physical Items"".""Institution"".""Institution Name"") = (4701) AND ""Location"".""Library Code"" IN ('LAW')","Law","","""Location"".""Library Code"""
"Physical - UCI Library Stats Category","SC47-R3","DESCRIPTOR_IDOF(""Physical Items"".""Institution"".""Institution Name"") = (6532) AND ""Location"".""Library Code"" = 'NRLF' AND ""Location"".""Location Code"" LIKE ('ni%')","General","","""Location"".""Library Code"""
"Physical - UCI Library Stats Category","SC47-R4","DESCRIPTOR_IDOF(""Physical Items"".""Institution"".""Institution Name"") = (6532) AND ""Location"".""Library Code"" = 'NRLF' AND ""Location"".""Location Code"" LIKE ('nu%')","General","","""Location"".""Library Code"""
"Physical - UCI Library Stats Category","SC47-R5","DESCRIPTOR_IDOF(""Physical Items"".""Institution"".""Institution Name"") = (6533) AND ""Location"".""Library Code"" = 'SRLF' AND ""Physical Item Details"".""Statistics Note 1"" IN ('*UCI Library','*UCI Spec Coll')","General","","""Location"".""Library Code"""
"Physical - UCI Library Stats Category","SC47-R6","DESCRIPTOR_IDOF(""Physical Items"".""Institution"".""Institution Name"") = (4701) AND ""Location"".""Library Code"" IN ('CTSOTAMC','LANGSON','MRC','SCIENCE')","General","","""Location"".""Library Code"""
"Physical - UCI Library Stats Category","SC47-R7","DESCRIPTOR_IDOF(""Physical Items"".""Institution"".""Institution Name"") = (4701) AND ""Location"".""Library Code"" IN ('RES_SHARE')","General","","""Location"".""Library Code"""
"Physical - UCI Library Stats Category","SC47-OTHER","All other values","New library - needs categorization","","""Location"".""Library Code"""
"Physical - UCI SLF/campus designator","SC48-R1","DESCRIPTOR_IDOF(""Physical Items"".""Institution"".""Institution Name"") = (6533) AND ""Location"".""Library Code"" = 'SRLF' AND ""Physical Item Details"".""Statistics Note 1"" IN ('*UCI Library','*UCI Spec Coll')","SLF-S","","""Institution"".""Institution Name"""
"Physical - UCI SLF/campus designator","SC48-R2","DESCRIPTOR_IDOF(""Physical Items"".""Institution"".""Institution Name"") = (6532) AND ""Location"".""Library Code"" = 'NRLF' AND ""Location"".""Location Code"" LIKE ('ni%')","SLF-N","","""Institution"".""Institution Name"""
"Physical - UCI SLF/campus designator","SC48-R3","DESCRIPTOR_IDOF(""Physical Items"".""Institution"".""Institution Name"") = (6532) AND ""Location"".""Library Code"" = 'NRLF' AND ""Physical Item Details"".""Retention Note"" LIKE '%CUI%'","SLF-N","","""Institution"".""Institution Name"""
"Physical - UCI SLF/campus designator","SC48-R4","DESCRIPTOR_IDOF(""Physical Items"".""Institution"".""Institution Name"") = 4701","UCI","","""Institution"".""Institution Name"""
"Physical - UCI SLF/campus designator","SC48-OTHER","All other values","Other campuses","","""Institution"".""Institution Name"""
"Physical - UCLA Library Stats Category","SC49-R1","DESCRIPTOR_IDOF(""Physical Items"".""Institution"".""Institution Name"") = (6533) AND ""Location"".""Library Code"" = 'SRLF' AND ""Physical Item Details"".""Statistics Note 1"" = ('*Biomed Library')","Health Science","","""Location"".""Library Code"""
"Physical - UCLA Library Stats Category","SC49-R2","DESCRIPTOR_IDOF(""Physical Items"".""Institution"".""Institution Name"") = (6533) AND ""Location"".""Library Code"" IN ('BIOMED')","Health Science","","""Location"".""Library Code"""
"Physical - UCLA Library Stats Category","SC49-R3","DESCRIPTOR_IDOF(""Physical Items"".""Institution"".""Institution Name"") = (6533) AND ""Location"".""Library Code"" = 'SRLF' AND ""Physical Item Details"".""Statistics Note 1"" IN ('*Law Library','*Law Spec Coll')","Law","","""Location"".""Library Code"""
"Physical - UCLA Library Stats Category","SC49-R4","DESCRIPTOR_IDOF(""Physical Items"".""Institution"".""Institution Name"") = (6533) AND ""Location"".""Library Code"" IN ('LAW')","Law","","""Location"".""Library Code"""
"Physical - UCLA Library Stats Category","SC49-R5","DESCRIPTOR_IDOF(""Physical Items"".""Institution"".""Institution Name"") = (6533) AND ""Location"".""Library Code"" = 'SRLF' AND ""Physical Item Details"".""Statistics Note 1"" IN ('*AAS Center', '*AIS Center','*Clark Library','*CSRC Library','*DLIS Lab','*ERR Library','*ERR Spec Coll','*Ethnomusicology Archive','*Media Laboratory','*Media Library','*UES Reading Room')","Affiliates","","""Location"".""Library Code"""
"Physical - UCLA Library Stats Category","SC49-R6","DESCRIPTOR_IDOF(""Physical Items"".""Institution"".""Institution Name"") = (6533) AND ""Location"".""Library Code"" IN ('AISC', 'AASC', 'BUNCHE', 'CSRC', 'CLARK','ERR','ETHNOMUS','HERB','ISLAB','IML','LABS')","Affiliates","","""Location"".""Library Code"""
"Physical - UCLA Library Stats Category","SC49-R7","DESCRIPTOR_IDOF(""Physical Items"".""Institution"".""Institution Name"") = (6532) AND ""Location"".""Library Code"" = 'NRLF' AND ""Location"".""Location Code"" LIKE ('nl%')","General","","""Location"".""Library Code"""
"Physical - UCLA Library Stats Category","SC49-R8","DESCRIPTOR_IDOF(""Physical Items"".""Institution"".""Institution Name"") = (6532) AND ""Location"".""Library Code"" = 'NRLF' AND ""Location"".""Location Code"" LIKE ('nu%')","General","","""Location"".""Library Code"""
"Physical - UCLA Library Stats Category","SC49-R9","DESCRIPTOR_IDOF(""Physical Items"".""Institution"".""Institution Name"") = (6533) AND ""Location"".""Library Code"" = 'SRLF' AND ""Physical Item Details"".""Statistics Note 1"" IN ('*Art Belt Library','*Arts Library','*Arts Library Cage','*Arts Spec Coll','*Biomed Spec Coll','*Chemistry Library','*College Library','*East Asian Library','*EMS Library','*EMS Spec Coll','*Geology Library','*Geology Spec Coll','*MGI Closed Stacks','*Mgmt Library','*Mgmt Spec Coll','*Music Library','*Music Spec Coll','*Powell Library','*University Archives','*YRL Map Closed Stacks','*YRL Microforms','*YRL NonCirc','*YRL Reference','*YRL Spec Coll','*YRL Stacks')","General","","""Location"".""Library Code"""
"Physical - UCLA Library Stats Category","SC49-R10","DESCRIPTOR_IDOF(""Physical Items"".""Institution"".""Institution Name"") = (6533) AND ""Location"".""Library Code"" IN ('ARTS','EAL','LSC','MANAGEMENT','MUSIC','POWELL','SEL_EMS','SEL_GEO','FTVA','YRL')","General","","""Location"".""Library Code"""
"Physical - UCLA Library Stats Category","SC49-R11","DESCRIPTOR_IDOF(""Physical Items"".""Institution"".""Institution Name"") = (6533) AND ""Location"".""Library Code"" IN ('CLICC_LOCKER','CLICC_LOCKER_YRL','CLICC','RES_SHARE')","General","","""Location"".""Library Code"""
"Physical - UCLA Library Stats Category","SC49-R12","DESCRIPTOR_IDOF(""Physical Items"".""Institution"".""Institution Name"") = (6533) AND ""Location"".""Library Code"" = 'SRLF'","General","","""Location"".""Library Code"""
"Physical - UCLA Library Stats Category","SC49-OTHER","All other values","New library - needs categorization","","""Location"".""Library Code"""
"Physical - UCLA SLF/campus designator","SC50-R1","DESCRIPTOR_IDOF(""Physical Items"".""Institution"".""Institution Name"") = (6533) AND ""Location"".""Library Code"" = 'SRLF' AND ""Physical Item Details"".""Statistics Note 1"" IN ('*AAS Center', '*AIS Center','*Art Belt Library','*Arts Library','*Arts Library Cage','*Arts Spec Coll','*Biomed Library','*Biomed Spec Coll','*Chemistry Library','*Clark Library','*College Library','*CSRC Library','*DLIS Lab','*East Asian Library','*EMS Library','*EMS Spec Coll','*ERR Library','*ERR Spec Coll','*Ethnomusicology Archive','*Geology Library','*Geology Spec Coll','*Law Library','*Law Spec Coll','*Media Laboratory','*Media Library','*MGI Closed Stacks','*Mgmt Library','*Mgmt Spec Coll','*Music Library','*Music Spec Coll','*Powell Library','*UES Reading Room','*University Archives','*YRL Map Closed Stacks','*YRL Microforms','*YRL NonCirc','*YRL Reference','*YRL Spec Coll','*YRL Stacks','*CAS Spec Coll')","SLF-S","","""Institution"".""Institution Name"""
"Physical - UCLA SLF/campus designator","SC50-R2","DESCRIPTOR_IDOF(""Physical Items"".""Institution"".""Institution Name"") = (6532) AND ""Location"".""Library Code"" = 'NRLF' AND ""Location"".""Location Code"" LIKE ('nl%')","SLF-N","","""Institution"".""Institution Name"""
"Physical - UCLA SLF/campus designator","SC50-R3","DESCRIPTOR_IDOF(""Physical Items"".""Institution"".""Institution Name"") = (6532) AND ""Location"".""Library Code"" = 'NRLF' AND ""Physical Item Details"".""Retention Note"" LIKE '%CLU%'","SLF-N","","""Institution"".""Institution Name"""
"Physical - UCLA SLF/campus designator","SC50-R4","DESCRIPTOR_IDOF(""Physical Items"".""Institution"".""Institution Name"") = (6533) AND ""Location"".""Library Code"" = 'SRLF'","Other SLF-S Depositors","","""Institution"".""Institution Name"""
"Physical - UCLA SLF/campus designator","SC50-R5","DESCRIPTOR_IDOF(""Physical Items"".""Institution"".""Institution Name"") = 6533","UCLA","","""Institution"".""Institution Name"""
"Physical - UCLA SLF/campus designator","SC50-OTHER","All other values","Other campuses","","""Institution"".""Institution Name"""
"Physical - UCM Library Stats Category","SC51-R1","DESCRIPTOR_IDOF(""Physical Items"".""Institution"".""Institution Name"") = (6532) AND ""Location"".""Library Code"" = 'NRLF' AND ""Location"".""Location Code"" LIKE ('nu%')","General","","""Location"".""Location Code"""
"Physical - UCM Library Stats Category","SC51-R2","DESCRIPTOR_IDOF(""Physical Items"".""Institution"".""Institution Name"") = (6533) AND ""Location"".""Library Code"" = 'SRLF' AND ""Physical Item Details"".""Statistics Note 1"" = ('*UCM Spec Coll')","General","","""Location"".""Location Code"""
"Physical - UCM Library Stats Category","SC51-R3","DESCRIPTOR_IDOF(""Physical Items"".""Institution"".""Institution Name"") = (6534) AND ""Location"".""Library Code"" IN ('KOLL')","General","","""Location"".""Location Code"""
"Physical - UCM Library Stats Category","SC51-R4","DESCRIPTOR_IDOF(""Physical Items"".""Institution"".""Institution Name"") = (6534) AND ""Location"".""Library Code"" IN ('RES_SHARE')","General","","""Location"".""Location Code"""
"Physical - UCM Library Stats Category","SC51-OTHER","All other values","New library - needs categorization","","""Location"".""Location Code"""
"Physical - UCM SLF/campus designator","SC52-R1","DESCRIPTOR_IDOF(""Physical Items"".""Institution"".""Institution Name"") = (6533) AND ""Location"".""Library Code"" = 'SRLF' AND ""Physical Item Details"".""Statistics Note 1"" IN ('*UCM Spec Coll')","SLF-S","","""Institution"".""Institution Name"""
"Physical - UCM SLF/campus designator","SC52-R2","DESCRIPTOR_IDOF(""Physical Items"".""Institution"".""Institution Name"") = 6534","UCM","","""Institution"".""Institution Name"""
"Physical - UCM SLF/campus designator","SC52-OTHER","All other values","Other campuses","","""Institution"".""Institution Name"""
"Physical - UCR Library Stats Category","SC53-R1","DESCRIPTOR_IDOF(""Physical Items"".""Institution"".""Institution Name"") = (6533) AND ""Location"".""Library Code"" = 'SRLF' AND ""Physical Item Details"".""Statistics Note 1"" = ('*UCR Spec Coll')","Special (ARL only)","","""Location"".""Library Code"""
"Physical - UCR Library Stats Category","SC53-R2","DESCRIPTOR_IDOF(""Physical Items"".""Institution"".""Institution Name"") = (4706) AND ""Location"".""Library Code"" = ('SPECIALCOL')","Special (ARL only)","","""Location"".""Library Code"""
"Physical - UCR Library Stats Category","SC53-R3","DESCRIPTOR_IDOF(""Physical Items"".""Institution"".""Institution Name"") = (6532) AND ""Location"".""Library Code"" = 'NRLF' AND ""Location"".""Location Code"" LIKE ('nr%')","General","","""Location"".""Library Code"""
"Physical - UCR Library Stats Category","SC53-R4","DESCRIPTOR_IDOF(""Physical Items"".""Institution"".""Institution Name"") = (6532) AND ""Location"".""Library Code"" = 'NRLF' AND ""Location"".""Location Code"" LIKE ('nu%')","General","","""Location"".""Library Code"""
"Physical - UCR Library Stats Category","SC53-R5","DESCRIPTOR_IDOF(""Physical Items"".""Institution"".""Institution Name"") = (6533) AND ""Location"".""Library Code"" = 'SRLF' AND ""Physical Item Details"".""Statistics Note 1"" = ('*UCR Library')","General","","""Location"".""Library Code"""
"Physical - UCR Library Stats Category","SC53-R6","DESCRIPTOR_IDOF(""Physical Items"".""Institution"".""Institution Name"") = (4706) AND ""Location"".""Library Code"" IN ('ORBACH', 'RIVERA')","General","","""Location"".""Library Code"""
"Physical - UCR Library Stats Category","SC53-R7","DESCRIPTOR_IDOF(""Physical Items"".""Institution"".""Institution Name"") = (4706) AND ""Location"".""Library Code"" IN ('RES_SHARE')","General","","""Location"".""Library Code"""
"Physical - UCR Library Stats Category","SC53-OTHER","All other values","New library - needs categorization","","""Location"".""Library Code"""
"Physical - UCR SLF/campus designator","SC54-R1","DESCRIPTOR_IDOF(""Physical Items"".""Institution"".""Institution Name"") = (6533) AND ""Location"".""Library Code"" = 'SRLF' AND ""Physical Item Details"".""Statistics Note 1"" IN ('*UCR Library', '*UCR Spec Coll')","SLF-S","","""Institution"".""Institution Name"""
"Physical - UCR SLF/campus designator","SC54-R2","DESCRIPTOR_IDOF(""Physical Items"".""Institution"".""Institution Name"") = (6532) AND ""Location"".""Library Code"" = 'NRLF' AND ""Location"".""Location Code"" LIKE ('nr%')","SLF-N","","""Institution"".""Institution Name"""
"Physical - UCR SLF/campus designator","SC54-R3","DESCRIPTOR_IDOF(""Physical Items"".""Institution"".""Institution Name"") = (6532) AND ""Location"".""Library Code"" = 'NRLF' AND ""Physical Item Details"".""Retention Note"" LIKE '%CRU%'","SLF-N","","""Institution"".""Institution Name"""
"Physical - UCR SLF/campus designator","SC54-R4","DESCRIPTOR_IDOF(""Physical Items"".""Institution"".""Institution Name"") = 4706","UCR","","""Institution"".""Institution Name"""
"Physical - UCR SLF/campus designator","SC54-OTHER","All other values","Other campuses","","""Institution"".""Institution Name"""
"Physical - UCSB Library Stats Category","SC55-R1","DESCRIPTOR_IDOF(""Physical Items"".""Institution"".""Institution Name"") = (6532) AND ""Location"".""Library Code"" = 'NRLF' AND ""Location"".""Location Code"" LIKE ('ns%')","General","","""Location"".""Library Code"""
"Physical - UCSB Library Stats Category","SC55-R2","DESCRIPTOR_IDOF(""Physical Items"".""Institution"".""Institution Name"") = (6532) AND ""Location"".""Library Code"" = 'NRLF' AND ""Location"".""Location Code"" LIKE ('nu%')","General","","""Location"".""Library Code"""
"Physical - UCSB Library Stats Category","SC55-R3","DESCRIPTOR_IDOF(""Physical Items"".""Institution"".""Institution Name"") = (6533) AND ""Location"".""Library Code"" = 'SRLF' AND ""Physical Item Details"".""Statistics Note 1"" IN ('*UCSB Library', '*UCSB Spec Coll')","General","","""Location"".""Library Code"""
"Physical - UCSB Library Stats Category","SC55-R4","DESCRIPTOR_IDOF(""Physical Items"".""Institution"".""Institution Name"") = (3776) AND ""Location"".""Library Code"" IN ('RBS','MAIN')","General","","""Location"".""Library Code"""
"Physical - UCSB Library Stats Category","SC55-R5","DESCRIPTOR_IDOF(""Physical Items"".""Institution"".""Institution Name"") = (3776) AND ""Location"".""Library Code"" IN ('MAKERSPACE','RES_SHARE')","General","","""Location"".""Library Code"""
"Physical - UCSB Library Stats Category","SC55-R6","DESCRIPTOR_IDOF(""Physical Items"".""Institution"".""Institution Name"") = (3776) AND ""Location"".""Library Code"" IN ('EQUIP')","Exclude","","""Location"".""Library Code"""
"Physical - UCSB Library Stats Category","SC55-OTHER","All other values","New library - needs categorization","","""Location"".""Library Code"""
"Physical - UCSB SLF/campus designator","SC56-R1","DESCRIPTOR_IDOF(""Physical Items"".""Institution"".""Institution Name"") = (6533) AND ""Location"".""Library Code"" = 'SRLF' AND ""Physical Item Details"".""Statistics Note 1"" IN ('*UCSB Library', '*UCSB Spec Coll')","SLF-S","","""Institution"".""Institution Name"""
"Physical - UCSB SLF/campus designator","SC56-R2","DESCRIPTOR_IDOF(""Physical Items"".""Institution"".""Institution Name"") = (6532) AND ""Location"".""Library Code"" = 'NRLF' AND ""Location"".""Location Code"" LIKE ('ns%')","SLF-N","","""Institution"".""Institution Name"""
"Physical - UCSB SLF/campus designator","SC56-R3","DESCRIPTOR_IDOF(""Physical Items"".""Institution"".""Institution Name"") = (6532) AND ""Location"".""Library Code"" = 'NRLF' AND ""Physical Item Details"".""Retention Note"" LIKE '%CUT%'","SLF-N","","""Institution"".""Institution Name"""
"Physical - UCSB SLF/campus designator","SC56-R4","DESCRIPTOR_IDOF(""Physical Items"".""Institution"".""Institution Name"") = 3776","UCSB","","""Institution"".""Institution Name"""
"Physical - UCSB SLF/campus designator","SC56-OTHER","All other values","Other campuses","","""Institution"".""Institution Name"""
"Physical - UCSC Library Stats Category","SC57-R1","DESCRIPTOR_IDOF(""Physical Items"".""Institution"".""Institution Name"") = (6532) AND ""Location"".""Library Code"" = 'NRLF' AND ""Location"".""Location Code"" LIKE ('nc%')","General","","""Location"".""Library Code"""
"Physical - UCSC Library Stats Category","SC57-R2","DESCRIPTOR_IDOF(""Physical Items"".""Institution"".""Institution Name"") = (6532) AND ""Location"".""Library Code"" = 'NRLF' AND ""Location"".""Location Code"" LIKE ('nu%')","General","","""Location"".""Library Code"""
"Physical - UCSC Library Stats Category","SC57-R3","DESCRIPTOR_IDOF(""Physical Items"".""Institution"".""Institution Name"") = (6533) AND ""Location"".""Library Code"" = 'SRLF' AND ""Physical Item Details"".""Statistics Note 1"" = ('*UCSC Library')","General","","""Location"".""Library Code"""
"Physical - UCSC Library Stats Category","SC57-R4","DESCRIPTOR_IDOF(""Physical Items"".""Institution"".""Institution Name"") = (4876) AND ""Location"".""Library Code"" IN ('MCH','DSC','SE')","General","","""Location"".""Library Code"""
"Physical - UCSC Library Stats Category","SC57-R5","DESCRIPTOR_IDOF(""Physical Items"".""Institution"".""Institution Name"") = (4876) AND ""Location"".""Library Code"" IN ('RES_SHARE')","General","","""Location"".""Library Code"""
"Physical - UCSC Library Stats Category","SC57-OTHER","All other values","New library - needs categorization","","""Location"".""Library Code"""
"Physical - UCSC SLF/campus designator","SC58-R1","DESCRIPTOR_IDOF(""Physical Items"".""Institution"".""Institution Name"") = (6533) AND ""Location"".""Library Code"" = 'SRLF' AND ""Physical Item Details"".""Statistics Note 1"" IN ('*UCSC Library')","SLF-S","","""Institution"".""Institution Name"""
"Physical - UCSC SLF/campus designator","SC58-R2","DESCRIPTOR_IDOF(""Physical Items"".""Institution"".""Institution Name"") = (6532) AND ""Location"".""Library Code"" = 'NRLF' AND ""Location"".""Location Code"" LIKE ('nc%')","SLF-N","","""Institution"".""Institution Name"""
"Physical - UCSC SLF/campus designator","SC58-R3","DESCRIPTOR_IDOF(""Physical Items"".""Institution"".""Institution Name"") = (6532) AND ""Location"".""Library Code"" = 'NRLF' AND ""Physical Item Details"".""Retention Note"" LIKE '%CUZ%'","SLF-N","","""Institution"".""Institution Name"""
"Physical - UCSC SLF/campus designator","SC58-R4","DESCRIPTOR_IDOF(""Physical Items"".""Institution"".""Institution Name"") = 4876","UCSC","","""Institution"".""Institution Name"""
"Physical - UCSC SLF/campus designator","SC58-OTHER","All other values","Other campuses","","""Institution"".""Institution Name"""
"Physical - UCSD Library Stats Category","SC59-R1","DESCRIPTOR_IDOF(""Physical Items"".""Institution"".""Institution Name"") = (6532) AND ""Location"".""Library Code"" = 'NRLF' AND ""Location"".""Location Code"" LIKE ('ng%')","General","","""Location"".""Library Code"""
"Physical - UCSD Library Stats Category","SC59-R2","DESCRIPTOR_IDOF(""Physical Items"".""Institution"".""Institution Name"") = (6532) AND ""Location"".""Library Code"" = 'NRLF' AND ""Location"".""Location Code"" LIKE ('nu%')","General","","""Location"".""Library Code"""
"Physical - UCSD Library Stats Category","SC59-R3","DESCRIPTOR_IDOF(""Physical Items"".""Institution"".""Institution Name"") = (6533) AND ""Location"".""Library Code"" = 'SRLF' AND ""Physical Item Details"".""Statistics Note 1"" IN ('*UCSD Scripps','*UCSD Library','*UCSD Spec Coll')","General","","""Location"".""Library Code"""
"Physical - UCSD Library Stats Category","SC59-R4","DESCRIPTOR_IDOF(""Physical Items"".""Institution"".""Institution Name"") = (6535) AND ""Location"".""Library Code"" IN ('GEISEL','ANNEX','SCA','WongAvery')","General","","""Location"".""Library Code"""
"Physical - UCSD Library Stats Category","SC59-R5","DESCRIPTOR_IDOF(""Physical Items"".""Institution"".""Institution Name"") = (6535) AND ""Location"".""Library Code"" IN ('BorrowBot', 'RES_SHARE')","General","","""Location"".""Library Code"""
"Physical - UCSD Library Stats Category","SC59-OTHER","All other values","New library - needs categorization","","""Location"".""Library Code"""
"Physical - UCSD SLF/campus designator","SC60-R1","DESCRIPTOR_IDOF(""Physical Items"".""Institution"".""Institution Name"") = (6533) AND ""Location"".""Library Code"" = 'SRLF' AND ""Physical Item Details"".""Statistics Note 1"" IN ('*UCSD Scripps','*UCSD Library','*UCSD Spec Coll')","SLF-S","","""Institution"".""Institution Name"""
"Physical - UCSD SLF/campus designator","SC60-R2","DESCRIPTOR_IDOF(""Physical Items"".""Institution"".""Institution Name"") = (6532) AND ""Location"".""Library Code"" = 'NRLF' AND ""Location"".""Location Code"" LIKE ('ng%')","SLF-N","","""Institution"".""Institution Name"""
"Physical - UCSD SLF/campus designator","SC60-R3","DESCRIPTOR_IDOF(""Physical Items"".""Institution"".""Institution Name"") = (6532) AND ""Location"".""Library Code"" = 'NRLF' AND ""Physical Item Details"".""Retention Note"" LIKE '%CUS%'","SLF-N","","""Institution"".""Institution Name"""
"Physical - UCSD SLF/campus designator","SC60-R4","DESCRIPTOR_IDOF(""Physical Items"".""Institution"".""Institution Name"") = 6535","UCSD","","""Institution"".""Institution Name"""
"Physical - UCSD SLF/campus designator","SC60-OTHER","All other values","Other campuses","","""Institution"".""Institution Name"""
"Physical - UCSF Library Stats Category","SC61-R1","DESCRIPTOR_IDOF(""Physical Items"".""Institution"".""Institution Name"") = (6532) AND ""Location"".""Library Code"" = 'NRLF' AND ""Location"".""Location Code"" IN ('nfge', 'nfger','nfspr')","Health Science","","""Location"".""Library Code"""
"Physical - UCSF Library Stats Category","SC61-R2","DESCRIPTOR_IDOF(""Physical Items"".""Institution"".""Institution Name"") = (6533) AND ""Location"".""Library Code"" = 'SRLF' AND ""Physical Item Details"".""Statistics Note 1"" = ('*UCSF Library')","Health Science","","""Location"".""Library Code"""
"Physical - UCSF Library Stats Category","SC61-R3","DESCRIPTOR_IDOF(""Physical Items"".""Institution"".""Institution Name"") = (6536) AND ""Location"".""Library Code"" IN ('asc','mb','pa','sf')","Health Science","","""Location"".""Library Code"""
"Physical - UCSF Library Stats Category","SC61-R4","DESCRIPTOR_IDOF(""Physical Items"".""Institution"".""Institution Name"") = (6532) AND ""Location"".""Library Code"" = 'NRLF' AND ""Location"".""Location Code"" LIKE ('nu%')","Health Science","","""Location"".""Library Code"""
"Physical - UCSF Library Stats Category","SC61-R5","DESCRIPTOR_IDOF(""Physical Items"".""Institution"".""Institution Name"") = (6536) AND ""Location"".""Library Code"" IN ('RES_SHARE')","Health Science","","""Location"".""Library Code"""
"Physical - UCSF Library Stats Category","SC61-OTHER","All other values","New library - needs categorization","","""Location"".""Library Code"""
"Physical - UCSF SLF/campus designator","SC62-R1","DESCRIPTOR_IDOF(""Physical Items"".""Institution"".""Institution Name"") = (6533) AND ""Location"".""Library Code"" = 'SRLF' AND ""Physical Item Details"".""Statistics Note 1"" IN ('*UCSF Library')","SLF-S","","""Institution"".""Institution Name"""
"Physical - UCSF SLF/campus designator","SC62-R2","DESCRIPTOR_IDOF(""Physical Items"".""Institution"".""Institution Name"") = (6532) AND ""Location"".""Library Code"" = 'NRLF' AND ""Location"".""Location Code"" LIKE ('nf%')","SLF-N","","""Institution"".""Institution Name"""
"Physical - UCSF SLF/campus designator","SC62-R3","DESCRIPTOR_IDOF(""Physical Items"".""Institution"".""Institution Name"") = (6532) AND ""Location"".""Library Code"" = 'NRLF' AND ""Physical Item Details"".""Retention Note"" LIKE '%CUN%'","SLF-N","","""Institution"".""Institution Name"""
"Physical - UCSF SLF/campus designator","SC62-R4","DESCRIPTOR_IDOF(""Physical Items"".""Institution"".""Institution Name"") = 6536","UCSF","","""Institution"".""Institution Name"""
"Physical - UCSF SLF/campus designator","SC62-OTHER","All other values","Other campuses","","""Institution"".""Institution Name"""
"RM Building - UCB","SC63-R1","""Location"".""Location Code"" is equal to / is in zw","Withdrawn","","""Location"".""Location Code"""
"RM Building - UCB","SC63-R2","""Location"".""Location Code"" = 'tby'","2121 Alston","","""Location"".""Location Code"""
"RM Building - UCB","SC63-R3","""Location"".""Location Code"" LIKE 'ir%'","2521 Channing Way","","""Location"".""Location Code"""
"RM Building - UCB","SC63-R4","""Location"".""Location Code"" LIKE 'pf%'","BAMPFA","","""Location"".""Location Code"""
"RM Building - UCB","SC63-R5","""Location"".""Location Code"" LIKE 'en%'","BECHTEL","","""Location"".""Location Code"""
"RM Building - UCB","SC63-R6","""Location"".""Location Code"" = 'law'","Boalt","","""Location"".""Location Code"""
"RM Building - UCB","SC63-R7","""Location"".""Location Code"" LIKE 'ea%'","C.V. Starr East Asian Library","","""Location"".""Location Code"""
"RM Building - UCB","SC63-R8","""Location"".""Location Code"" is equal to / is in ah; ah9t; dl; dn; dr; gs; ma9x; mf; mo; ss","DOE","","""Location"".""Location Code"""
"RM Building - UCB","SC63-R9","""Location"".""Location Code"" is equal to / is in tb; tj","Doe Annex","","""Location"".""Location Code"""
"RM Building - UCB","SC63-R10","""Location"".""Library Code"" = 'BANC'","Doe Annex","","""Location"".""Location Code"""
"RM Building - UCB","SC63-R11","""Location"".""Location Code"" is equal to / is in mt","EVANS","","""Location"".""Location Code"""
"RM Building - UCB","SC63-R12","""Location"".""Location Code"" is equal to / is in ma","GARDNER","","""Location"".""Location Code"""
"RM Building - UCB","SC63-R13","""Location"".""Location Code"" is equal to / is in bu","HAAS","","""Location"".""Location Code"""
"RM Building - UCB","SC63-R14","""Location"".""Location Code"" is equal to / is in mu","HANGROVE","","""Location"".""Location Code"""
"RM Building - UCB","SC63-R15","""Location"".""Location Code"" is equal to / is in so","HAVILAND","","""Location"".""Location Code"""
"RM Building - UCB","SC63-R16","""Location"".""Location Code"" is equal to / is in ch","HILDEBRAND","","""Location"".""Location Code"""
"RM Building - UCB","SC63-R17","""Location"".""Location Code"" is equal to / is in an","KROEBER","","""Location"".""Location Code"""
"RM Building - UCB","SC63-R18","""Location"".""Location Code"" is equal to / is in es","MCCONE","","""Location"".""Location Code"""
"RM Building - UCB","SC63-R19","""Location"".""Location Code"" is equal to / is in it","MCLAUGHLIN","","""Location"".""Location Code"""
"RM Building - UCB","SC63-R20","""Location"".""Location Code""ite","MCLAUGHLIN Annex","","""Location"".""Location Code"""
"RM Building - UCB","SC63-R21","""Location"".""Location Code"" is equal to / is in oh","MINOR","","""Location"".""Location Code"""
"RM Building - UCB","SC63-R22","""Location"".""Location Code"" is equal to / is in mc","MOFFITT","","""Location"".""Location Code"""
"RM Building - UCB","SC63-R23","""Location"".""Location Code"" is equal to / is in ig","MOSES","","""Location"".""Location Code"""
"RM Building - UCB","SC63-R24","""Location"".""Location Code"" is equal to / is in qax; qcx; qnx","Old Art Gallery","","""Location"".""Location Code"""
"RM Building - UCB","SC63-R25","""Location"".""Location Code"" is equal to / is in lawb; wb","Online","","""Location"".""Location Code"""
"RM Building - UCB","SC63-R26","""Location"".""Location Code"" is equal to / is in ph","Physics North","","""Location"".""Location Code"""
"RM Building - UCB","SC63-R27","""Location"".""Location Code"" is equal to / is in n","SLF-N","","""Location"".""Location Code"""
"RM Building - UCB","SC63-R28","""Location"".""Location Code"" is equal to / is in bi","VLSB","","""Location"".""Location Code"""
"RM Building - UCB","SC63-R29","""Location"".""Location Code"" is equal to / is in ev; ce","WURSTER","","""Location"".""Location Code"""
"RM Building - UCB","SC63-R30","""Location"".""Location Code"" is equal to / is in qa; qc; qe; qn","STEPHENS","","""Location"".""Location Code"""
"RM Building - UCB","SC63-R31","""Location"".""Library Code"" = 'LBNL'","Lawrence Berkeley National Laboratory Library, LBNL","","""Location"".""Location Code"""
"RM Building - UCB","SC63-R32","""Location"".""Library Code"" = 'SRLF'","SLF-S","","""Location"".""Location Code"""
"RM Building - UCB","SC63-OTHER","All other values","(review needed)","","""Location"".""Location Code"""
"zzBACKUP Electronic - Global Stats Electronic included/excluded designator","SC64-R1","""Bibliographic Details"".""Title"" IS NULL","Excluded","","""Electronic Collection"".""Electronic Collection Public Name"""
"zzBACKUP Electronic - Global Stats Electronic included/excluded designator","SC64-R2","""Bibliographic Details"".""Title"" = ' '","Excluded","","""Electronic Collection"".""Electronic Collection Public Name"""
"zzBACKUP Electronic - Global Stats Electronic included/excluded designator","SC64-R3","""Bibliographic Details"".""Title"" = ''","Excluded","","""Electronic Collection"".""Electronic Collection Public Name"""
"zzBACKUP Electronic - Global Stats Electronic included/excluded designator","SC64-R4","""Bibliographic Details"".""MMS Id"" <= '0'","Excluded","","""Electronic Collection"".""Electronic Collection Public Name"""
"zzBACKUP Electronic - Global Stats Electronic included/excluded designator","SC64-R5","""Portfolio"".""Portfolio Id"" <= '0'","Excluded","","""Electronic Collection"".""Electronic Collection Public Name"""
"zzBACKUP Electronic - Global Stats Electronic included/excluded designator","SC64-R6","""Bibliographic Details"".""Suppressed From Discovery"" NOT IN ('NULL', 'No')","Excluded","","""Electronic Collection"".""Electronic Collection Public Name"""
"zzBACKUP Electronic - Global Stats Electronic included/excluded designator","SC64-R7","""Portfolio"".""Lifecycle"" <> 'In Repository'","Excluded","","""Electronic Collection"".""Electronic Collection Public Name"""
"zzBACKUP Electronic - Global Stats Electronic included/excluded designator","SC64-R8","""Electronic Collection"".""Electronic Collection Public Name (override)"" = 'JSTOR Books DDA' AND ""Bibliographic Details"".""Local Param 01"" LIKE '%CDL%' AND DESCRIPTOR_IDOF(""Physical Items"".""Institution"".""Institution Name"") = 6531","Excluded","","""Electronic Collection"".""Electronic Collection Public Name"""
"zzBACKUP Electronic - Global Stats Electronic included/excluded designator","SC64-R9","""Electronic Collection"".""Electronic Collection Interface Name"" LIKE '%Airiti%' AND ""Bibliographic Details"".""Local Param 01"" LIKE '%CDL%' AND DESCRIPTOR_IDOF(""Physical Items"".""Institution"".""Institution Name"") = 6531","Excluded","","""Electronic Collection"".""Electronic Collection Public Name"""
"zzBACKUP Electronic - Global Stats Electronic included/excluded designator","SC64-R10","""Electronic Collection"".""Electronic Collection Interface Name"" LIKE '%CNPeReading%' AND ""Bibliographic Details"".""Local Param 01"" LIKE '%CDL%' AND DESCRIPTOR_IDOF(""Physical Items"".""Institution"".""Institution Name"") = 6531","Excluded","","""Electronic Collection"".""Electronic Collection Public Name"""
"zzBACKUP Electronic - Global Stats Electronic included/excluded designator","SC64-R11","""Electronic Collection"".""Electronic Collection Public Name"" = 'DOAB Directory of Open Access Books' AND DESCRIPTOR_IDOF(""Physical Items"".""Institution"".""Institution Name"") = 6531","Excluded","","""Electronic Collection"".""Electronic Collection Public Name"""
"zzBACKUP Electronic - Global Stats Electronic included/excluded designator","SC64-R12","""Electronic Collection"".""Electronic Collection Public Name"" LIKE '%Kanopy%' AND DESCRIPTOR_IDOF(""Physical Items"".""Institution"".""Institution Name"") = 6531","Excluded","","""Electronic Collection"".""Electronic Collection Public Name"""
"zzBACKUP Electronic - Global Stats Electronic included/excluded designator","SC64-R13","DESCRIPTOR_IDOF(""Physical Items"".""Institution"".""Institution Name"") = 4701 AND ""Electronic Collection"".""Electronic Collection Public Name"" IN ('R2 Digital Library DDA', 'EBL online monographs', 'Sage online monographs EBS (Sage EBS) purchased', 'Taylor & Francis online monographs (EBS)', 'Bloomsbury EBA')","Excluded","","""Electronic Collection"".""Electronic Collection Public Name"""
"zzBACKUP Electronic - Global Stats Electronic included/excluded designator","SC64-R14","""Bibliographic Details"".""Resource Type"" IN ('NULL', 'Unknown')","Excluded","","""Electronic Collection"".""Electronic Collection Public Name"""
"zzBACKUP Electronic - Global Stats Electronic included/excluded designator","SC64-R15","""Electronic Collection"".""Electronic Collection Public Name"" IN ('Swank Motion Pictures Trial', 'Trial Feedback Form') OR ""Electronic Collection"".""Electronic Collection Public Name (override)"" = 'Japan Times Digital Archive, 1897-2018 TRIAL'","Excluded","","""Electronic Collection"".""Electronic Collection Public Name"""
"zzBACKUP Electronic - Global Stats Electronic included/excluded designator","SC64-R16","DESCRIPTOR_IDOF(""E-Inventory"".""Institution"".""Institution Name"") = 4876 AND ""Portfolio"".""Purchase Model"" LIKE ('%Owned%')","Included","","""Electronic Collection"".""Electronic Collection Public Name"""
"zzBACKUP Electronic - Global Stats Electronic included/excluded designator","SC64-R17","DESCRIPTOR_IDOF(""E-Inventory"".""Institution"".""Institution Name"") = 6535 AND ""Portfolio"".""Purchase Model"" LIKE ('%Owned%')","Included","","""Electronic Collection"".""Electronic Collection Public Name"""
"zzBACKUP Electronic - Global Stats Electronic included/excluded designator","SC64-R18","DESCRIPTOR_IDOF(""E-Inventory"".""Institution"".""Institution Name"") = 6534 AND ""Portfolio"".""Purchase Model"" LIKE ('%Owned%')","Included","","""Electronic Collection"".""Electronic Collection Public Name"""
"zzBACKUP Electronic - Global Stats Electronic included/excluded designator","SC64-R19","DESCRIPTOR_IDOF(""E-Inventory"".""Institution"".""Institution Name"") = 6534 AND ""Portfolio"".""Purchase Model"" LIKE ('%Subscription%')","Included","","""Electronic Collection"".""Electronic Collection Public Name"""
"zzBACKUP Electronic - Global Stats Electronic included/excluded designator","SC64-R20","DESCRIPTOR_IDOF(""E-Inventory"".""Institution"".""Institution Name"") = 6534 AND ""Portfolio"".""Purchase Model"" LIKE ('%DDA%Candidate%')","Excluded","","""Electronic Collection"".""Electronic Collection Public Name"""
"zzBACKUP Electronic - Global Stats Electronic included/excluded designator","SC64-R21","DESCRIPTOR_IDOF(""E-Inventory"".""Institution"".""Institution Name"") = 6535 AND ""Portfolio"".""Purchase Model"" LIKE ('%DDA%Candidate%')","Excluded","","""Electronic Collection"".""Electronic Collection Public Name"""
"zzBACKUP Electronic - Global Stats Electronic included/excluded designator","SC64-R22","DESCRIPTOR_IDOF(""E-Inventory"".""Institution"".""Institution Name"") = 4876 AND ""E-inventory"".""Portfolio"".""Purchase Model"" = 'DDA Candidate' AND ""E-inventory"".""Electronic Collection"".""Electronic Collection Public Name"" = 'Ebook Central Perpetual, DDA and Subscription Titles'","Excluded","","""Electronic Collection"".""Electronic Collection Public Name"""
"zzBACKUP Electronic - Global Stats Electronic included/excluded designator","SC64-R23","""Electronic Collection"".""Electronic Collection Public Name"" = 'Ebook Central Perpetual, DDA and Subscription Titles' AND ""Portfolio"".""Purchase Model"" LIKE ('%DDA%Candidate%')","Excluded","","""Electronic Collection"".""Electronic Collection Public Name"""
"zzBACKUP Electronic - Global Stats Electronic included/excluded designator","SC64-R24","""Portfolio Library Unit"".""Library Name"" LIKE 'X_Do_Not_Use_%'","Excluded","","""Electronic Collection"".""Electronic Collection Public Name"""
"zzBACKUP Electronic - Global Stats Electronic included/excluded designator","SC64-R25","""Electronic Collection"".""Electronic Collection Public Name"" IN ('R2 Digital Library PDA Discoverable Titles')","Excluded","","""Electronic Collection"".""Electronic Collection Public Name"""
"zzBACKUP Electronic - Global Stats Electronic included/excluded designator","SC64-R26","""Electronic Collection"".""Electronic Collection Public Name (override)"" IN ('EBL online monographs purchased', 'EBSCO Japanese DDA Purchased', 'ENGnetBASE DDA Purchased 2013', 'ENGnetBASE DDA Purchased 2015', 'ENGnetBASE DDA Purchased 2016', 'ENGnetBase DDA Purchased 2014', 'YBP/eBrary DDA Purchased')","Included","","""Electronic Collection"".""Electronic Collection Public Name"""
"zzBACKUP Electronic - Global Stats Electronic included/excluded designator","SC64-R27","DESCRIPTOR_IDOF(""E-Inventory"".""Institution"".""Institution Name"") = 6535 AND ""Electronic Collection"".""Electronic Collection Public Name"" = 'Ebook Central Perpetual, DDA and Subscription Titles' AND ""Portfolio"".""Purchase Model"" IN ('DDA Candidate Owned', 'Owned', 'Owned, Subscription', 'Subscription')","Included","","""Electronic Collection"".""Electronic Collection Public Name"""
"zzBACKUP Electronic - Global Stats Electronic included/excluded designator","SC64-R28","""Electronic Collection"".""Electronic Collection Public Name"" IN ('Ebook Central Perpetual, DDA and Subscription Titles', 'EBSCO (UCSD). eBook Collection DDA online monographs.', 'R2 Digital Library DDA') AND ""Portfolio"".""Purchase Model"" NOT IN ('DDA Candidate Owned', 'Owned', 'Owned, Subscription', 'Subscription')","Included","","""Electronic Collection"".""Electronic Collection Public Name"""
"zzBACKUP Electronic - Global Stats Electronic included/excluded designator","SC64-R29","""Electronic Collection"".""Electronic Collection Public Name"" is equal to / is in Ebook Central Perpetual, DDA and Subscription Titles; EBSCO (UCSD). eBook Collection DDA online monographs.; R2 Digital Library DDA","Included","","""Electronic Collection"".""Electronic Collection Public Name"""
"zzBACKUP Electronic - Global Stats Electronic included/excluded designator","SC64-R30","""Electronic Collection"".""Electronic Collection Public Name"" is equal to / is in British and Irish Women's Letters and Diaries: First Edition (Pre-January 2009 Purchasers Only); Books@Ovid - LWW JBIB Book Collection 2017-2018 Purchase; Books@Ovid Purchase; Books@Ovid Purchase Complete; North American Indian Drama: First Edition (Pre-October 2012 Purchasers Only); Twentieth Century North American Drama: First Edition (Pre-October 2012 Purchasers Only); Institute of Physics Historic Archive Purchase; Maruzen eBook Library; Berkeley LDC purchases; IGI Global Evidence Based PURCHASED; Oxford University Press Anthropology Local Purchased Collection; Sage EBS; Sage online monographs EBS (Sage EBS) purchased; UC Davis locally purchased monographs_LOCAL; UCSC owned streaming video; African Writers Series (pre-September 2011 purchase); SAGE Complete Deep Backfile Purchase 2008; SAGE Deep Backfile Upgrade Purchase 2009; SAGE Deep Backfile Upgrade Purchase 2010; SAGE Deep Backfile Upgrade Purchase 2011; SAGE Deep Backfile Upgrade Purchase 2012; SAGE Deep Backfile Upgrade Purchase 2013; SAGE Deep Backfile Upgrade Purchase 2014; SAGE Deep Backfile Upgrade Purchase 2015; SAGE Deep Backfile Upgrade Purchase 2016; SAGE Deep Backfile Upgrade Purchase 2017; SAGE Psychology Subject Collection Backfile Purchase; Taylor & Francis online monographs (EBS) purchased","Included","","""Electronic Collection"".""Electronic Collection Public Name"""
"zzBACKUP Electronic - Global Stats Electronic included/excluded designator","SC64-R31","""Electronic Collection"".""Electronic Collection Public Name""","Included","","""Electronic Collection"".""Electronic Collection Public Name"""
"zzBACKUP Electronic - Global Stats Electronic included/excluded designator","SC64-R32","DESCRIPTOR_IDOF(""Physical Items"".""Institution"".""Institution Name"") = 3126 AND ""Electronic Collection"".""Electronic Collection Public Name"" = 'Palace App (read this ebook on your phone or tablet)_LOCAL'","Excluded","","""Electronic Collection"".""Electronic Collection Public Name"""
"zzBACKUP Electronic - Global Stats Electronic included/excluded designator","SC64-R33","DESCRIPTOR_IDOF(""Physical Items"".""Institution"".""Institution Name"") = 6531 AND ""Electronic Collection"".""Electronic Collection Public Name"" = 'Read via the Palace Project ebook pilot!'","Excluded","","""Electronic Collection"".""Electronic Collection Public Name"""
"zzBACKUP Electronic - Global Stats Electronic included/excluded designator","SC64-R34","DESCRIPTOR_IDOF(""Physical Items"".""Institution"".""Institution Name"") = 4706 AND ""Electronic Collection"".""Electronic Collection Public Name"" = 'E-Book Discovery'","Excluded","","""Electronic Collection"".""Electronic Collection Public Name"""
"zzBACKUP Electronic - Global Stats Electronic included/excluded designator","SC64-R35","DESCRIPTOR_IDOF(""E-Inventory"".""Institution"".""Institution Name"") = 6535 AND ""Electronic Collection"".""Electronic Collection Public Name"" IN ('EBSCO (UCSD). eBook Collection DDA online monographs.', 'JSTOR DDA online monographs (UCSD).')","Excluded","","""Electronic Collection"".""Electronic Collection Public Name"""
"zzBACKUP Electronic - Global Stats Electronic included/excluded designator","SC64-OTHER","All other values","Included","","""Electronic Collection"".""Electronic Collection Public Name"""
